pathway,distance_corr,reduction_score_probability,eval_split,fully_connected_neuron_fraction,n_fully_connected_neurons_selected,n_pathway_nodes,overlap_threshold,run_dir
REACTOME_GLYCOGEN_BREAKDOWN_GLYCOGENOLYSIS,0.0381236150860786,0.2592666488150557,test,0.4,270,674,0.5,/Users/charlottejob/Code/Evaluation_neuron_interpretability/vega_fcn_sweep/fcn_040
REACTOME_TRANSLATION,0.7390530109405518,0.999998220760874,test,0.4,270,674,0.5,/Users/charlottejob/Code/Evaluation_neuron_interpretability/vega_fcn_sweep/fcn_040
REACTOME_PYRIMIDINE_CATABOLISM,0.0274542849510908,0.2833950222464551,test,0.4,270,674,0.5,/Users/charlottejob/Code/Evaluation_neuron_interpretability/vega_fcn_sweep/fcn_040
REACTOME_RNA_POL_III_TRANSCRIPTION_INITIATION_FROM_TYPE_2_PROMOTER,,0.8650333725952101,test,0.4,270,674,0.5,/Users/charlottejob/Code/Evaluation_neuron_interpretability/vega_fcn_sweep/fcn_040
REACTOME_INHIBITION_OF_THE_PROTEOLYTIC_ACTIVITY_OF_APC_C_REQUIRED_FOR_THE_ONSET_OF_ANAPHASE_BY_MITOTIC_SPINDLE_CHECKPOINT_COMPONENTS,0.496161937713623,0.8114649410362297,test,0.4,270,674,0.5,/Users/charlottejob/Code/Evaluation_neuron_interpretability/vega_fcn_sweep/fcn_040
REACTOME_PYRUVATE_METABOLISM_AND_CITRIC_ACID_TCA_CYCLE,0.6746870875358582,0.6892748172914236,test,0.4,270,674,0.5,/Users/charlottejob/Code/Evaluation_neuron_interpretability/vega_fcn_sweep/fcn_040
REACTOME_EXTRINSIC_PATHWAY_FOR_APOPTOSIS,-0.0204686149954795,0.2719065544033301,test,0.4,270,674,0.5,/Users/charlottejob/Code/Evaluation_neuron_interpretability/vega_fcn_sweep/fcn_040
REACTOME_PTM_GAMMA_CARBOXYLATION_HYPUSINE_FORMATION_AND_ARYLSULFATASE_ACTIVATION,-0.0044040353968739,0.20715525760998732,test,0.4,270,674,0.5,/Users/charlottejob/Code/Evaluation_neuron_interpretability/vega_fcn_sweep/fcn_040
REACTOME_APOPTOTIC_CLEAVAGE_OF_CELLULAR_PROTEINS,0.7121077179908752,0.9236883325121892,test,0.4,270,674,0.5,/Users/charlottejob/Code/Evaluation_neuron_interpretability/vega_fcn_sweep/fcn_040
REACTOME_RNA_POL_I_TRANSCRIPTION_TERMINATION,-0.0102578783407807,0.2494208576644284,test,0.4,270,674,0.5,/Users/charlottejob/Code/Evaluation_neuron_interpretability/vega_fcn_sweep/fcn_040
REACTOME_FORMATION_OF_THE_TERNARY_COMPLEX_AND_SUBSEQUENTLY_THE_43S_COMPLEX,0.0809425041079521,0.4985705027344985,test,0.4,270,674,0.5,/Users/charlottejob/Code/Evaluation_neuron_interpretability/vega_fcn_sweep/fcn_040
REACTOME_ACTIVATION_OF_THE_PRE_REPLICATIVE_COMPLEX,-0.0020414665341377,0.2521452561093639,test,0.4,270,674,0.5,/Users/charlottejob/Code/Evaluation_neuron_interpretability/vega_fcn_sweep/fcn_040
REACTOME_PROCESSING_OF_INTRONLESS_PRE_MRNAS,,0.863445447803516,test,0.4,270,674,0.5,/Users/charlottejob/Code/Evaluation_neuron_interpretability/vega_fcn_sweep/fcn_040
REACTOME_GAP_JUNCTION_DEGRADATION,0.3872586488723755,0.6401430229078174,test,0.4,270,674,0.5,/Users/charlottejob/Code/Evaluation_neuron_interpretability/vega_fcn_sweep/fcn_040
REACTOME_BASE_EXCISION_REPAIR,,0.8571234131658159,test,0.4,270,674,0.5,/Users/charlottejob/Code/Evaluation_neuron_interpretability/vega_fcn_sweep/fcn_040
REACTOME_BILE_ACID_AND_BILE_SALT_METABOLISM,0.0037935748696327,0.2193263649379686,test,0.4,270,674,0.5,/Users/charlottejob/Code/Evaluation_neuron_interpretability/vega_fcn_sweep/fcn_040
REACTOME_SYNTHESIS_OF_BILE_ACIDS_AND_BILE_SALTS_VIA_7ALPHA_HYDROXYCHOLESTEROL,0.0412753820419311,0.632072199598226,test,0.4,270,674,0.5,/Users/charlottejob/Code/Evaluation_neuron_interpretability/vega_fcn_sweep/fcn_040
REACTOME_RECYCLING_OF_BILE_ACIDS_AND_SALTS,0.250183492898941,0.6287970137672878,test,0.4,270,674,0.5,/Users/charlottejob/Code/Evaluation_neuron_interpretability/vega_fcn_sweep/fcn_040
REACTOME_SIGNALING_BY_RHO_GTPASES,0.0207803733646869,0.2908416787028302,test,0.4,270,674,0.5,/Users/charlottejob/Code/Evaluation_neuron_interpretability/vega_fcn_sweep/fcn_040
REACTOME_SIGNALING_BY_WNT,,0.856233477293548,test,0.4,270,674,0.5,/Users/charlottejob/Code/Evaluation_neuron_interpretability/vega_fcn_sweep/fcn_040
REACTOME_METABOLISM_OF_NON_CODING_RNA,0.8180353045463562,0.7640762684095397,test,0.4,270,674,0.5,/Users/charlottejob/Code/Evaluation_neuron_interpretability/vega_fcn_sweep/fcn_040
REACTOME_SYNTHESIS_OF_BILE_ACIDS_AND_BILE_SALTS_VIA_24_HYDROXYCHOLESTEROL,0.026183670386672,0.854100753370271,test,0.4,270,674,0.5,/Users/charlottejob/Code/Evaluation_neuron_interpretability/vega_fcn_sweep/fcn_040
REACTOME_SYNTHESIS_OF_BILE_ACIDS_AND_BILE_SALTS,-0.0101994210854172,0.2584188555603092,test,0.4,270,674,0.5,/Users/charlottejob/Code/Evaluation_neuron_interpretability/vega_fcn_sweep/fcn_040
REACTOME_METABOLISM_OF_STEROID_HORMONES_AND_VITAMINS_A_AND_D,,0.25111372856955894,test,0.4,270,674,0.5,/Users/charlottejob/Code/Evaluation_neuron_interpretability/vega_fcn_sweep/fcn_040
REACTOME_ANDROGEN_BIOSYNTHESIS,,0.317413951053527,test,0.4,270,674,0.5,/Users/charlottejob/Code/Evaluation_neuron_interpretability/vega_fcn_sweep/fcn_040
REACTOME_SIGNALLING_BY_NGF,0.4287773966789245,0.5909120080939869,test,0.4,270,674,0.5,/Users/charlottejob/Code/Evaluation_neuron_interpretability/vega_fcn_sweep/fcn_040
REACTOME_CTNNB1_PHOSPHORYLATION_CASCADE,,0.8548060899533221,test,0.4,270,674,0.5,/Users/charlottejob/Code/Evaluation_neuron_interpretability/vega_fcn_sweep/fcn_040
REACTOME_INSULIN_RECEPTOR_RECYCLING,,0.8648117611132922,test,0.4,270,674,0.5,/Users/charlottejob/Code/Evaluation_neuron_interpretability/vega_fcn_sweep/fcn_040
REACTOME_COPI_MEDIATED_TRANSPORT,,0.21670985473105608,test,0.4,270,674,0.5,/Users/charlottejob/Code/Evaluation_neuron_interpretability/vega_fcn_sweep/fcn_040
REACTOME_NEF_MEDIATED_DOWNREGULATION_OF_MHC_CLASS_I_COMPLEX_CELL_SURFACE_EXPRESSION,0.062032114714384,0.37298666204624964,test,0.4,270,674,0.5,/Users/charlottejob/Code/Evaluation_neuron_interpretability/vega_fcn_sweep/fcn_040
REACTOME_SIGNALING_BY_SCF_KIT,0.0168316978961229,0.2846074689519619,test,0.4,270,674,0.5,/Users/charlottejob/Code/Evaluation_neuron_interpretability/vega_fcn_sweep/fcn_040
REACTOME_DEVELOPMENTAL_BIOLOGY,0.1968953013420105,0.3215454073903461,test,0.4,270,674,0.5,/Users/charlottejob/Code/Evaluation_neuron_interpretability/vega_fcn_sweep/fcn_040
REACTOME_CROSS_PRESENTATION_OF_SOLUBLE_EXOGENOUS_ANTIGENS_ENDOSOMES,0.6804145574569702,0.5784008416255115,test,0.4,270,674,0.5,/Users/charlottejob/Code/Evaluation_neuron_interpretability/vega_fcn_sweep/fcn_040
REACTOME_SIGNALING_BY_NODAL,,0.22950050167953584,test,0.4,270,674,0.5,/Users/charlottejob/Code/Evaluation_neuron_interpretability/vega_fcn_sweep/fcn_040
REACTOME_DAG_AND_IP3_SIGNALING,0.0279865115880966,0.7229312799957808,test,0.4,270,674,0.5,/Users/charlottejob/Code/Evaluation_neuron_interpretability/vega_fcn_sweep/fcn_040
REACTOME_SPRY_REGULATION_OF_FGF_SIGNALING,0.0105395261198282,0.756196088388594,test,0.4,270,674,0.5,/Users/charlottejob/Code/Evaluation_neuron_interpretability/vega_fcn_sweep/fcn_040
REACTOME_TCA_CYCLE_AND_RESPIRATORY_ELECTRON_TRANSPORT,0.0323338247835636,0.8499837780269849,test,0.4,270,674,0.5,/Users/charlottejob/Code/Evaluation_neuron_interpretability/vega_fcn_sweep/fcn_040
REACTOME_BMAL1_CLOCK_NPAS2_ACTIVATES_CIRCADIAN_EXPRESSION,0.6260210871696472,0.6540894082456963,test,0.4,270,674,0.5,/Users/charlottejob/Code/Evaluation_neuron_interpretability/vega_fcn_sweep/fcn_040
REACTOME_ANTIGEN_PROCESSING_CROSS_PRESENTATION,0.2224880456924438,0.9983693941291116,test,0.4,270,674,0.5,/Users/charlottejob/Code/Evaluation_neuron_interpretability/vega_fcn_sweep/fcn_040
REACTOME_GROWTH_HORMONE_RECEPTOR_SIGNALING,0.0293552502989768,0.2982169448600544,test,0.4,270,674,0.5,/Users/charlottejob/Code/Evaluation_neuron_interpretability/vega_fcn_sweep/fcn_040
REACTOME_TRIF_MEDIATED_TLR3_SIGNALING,0.5368626713752747,0.975194563073121,test,0.4,270,674,0.5,/Users/charlottejob/Code/Evaluation_neuron_interpretability/vega_fcn_sweep/fcn_040
REACTOME_CELL_CELL_COMMUNICATION,0.0435108467936515,0.3256638215251894,test,0.4,270,674,0.5,/Users/charlottejob/Code/Evaluation_neuron_interpretability/vega_fcn_sweep/fcn_040
REACTOME_ABCA_TRANSPORTERS_IN_LIPID_HOMEOSTASIS,0.0283834654837846,0.2195443758235382,test,0.4,270,674,0.5,/Users/charlottejob/Code/Evaluation_neuron_interpretability/vega_fcn_sweep/fcn_040
REACTOME_ENDOSOMAL_VACUOLAR_PATHWAY,0.0794172137975692,0.4529472777455478,test,0.4,270,674,0.5,/Users/charlottejob/Code/Evaluation_neuron_interpretability/vega_fcn_sweep/fcn_040
REACTOME_TETRAHYDROBIOPTERIN_BH4_SYNTHESIS_RECYCLING_SALVAGE_AND_REGULATION,,0.2929319897046634,test,0.4,270,674,0.5,/Users/charlottejob/Code/Evaluation_neuron_interpretability/vega_fcn_sweep/fcn_040
REACTOME_ER_PHAGOSOME_PATHWAY,0.6876774430274963,0.999947338764462,test,0.4,270,674,0.5,/Users/charlottejob/Code/Evaluation_neuron_interpretability/vega_fcn_sweep/fcn_040
REACTOME_MEIOSIS,0.4718659520149231,0.9919186958888899,test,0.4,270,674,0.5,/Users/charlottejob/Code/Evaluation_neuron_interpretability/vega_fcn_sweep/fcn_040
REACTOME_NEGATIVE_REGULATION_OF_FGFR_SIGNALING,0.1207551285624504,0.6365296070243067,test,0.4,270,674,0.5,/Users/charlottejob/Code/Evaluation_neuron_interpretability/vega_fcn_sweep/fcn_040
REACTOME_G0_AND_EARLY_G1,0.2442507743835449,0.7942001936297896,test,0.4,270,674,0.5,/Users/charlottejob/Code/Evaluation_neuron_interpretability/vega_fcn_sweep/fcn_040
REACTOME_REGULATION_OF_KIT_SIGNALING,0.0416440367698669,0.2847873158277085,test,0.4,270,674,0.5,/Users/charlottejob/Code/Evaluation_neuron_interpretability/vega_fcn_sweep/fcn_040
REACTOME_MEMBRANE_TRAFFICKING,0.2377598881721496,0.7364225291787129,test,0.4,270,674,0.5,/Users/charlottejob/Code/Evaluation_neuron_interpretability/vega_fcn_sweep/fcn_040
REACTOME_NEF_MEDIATES_DOWN_MODULATION_OF_CELL_SURFACE_RECEPTORS_BY_RECRUITING_THEM_TO_CLATHRIN_ADAPTERS,0.0352752916514873,0.4682437245650043,test,0.4,270,674,0.5,/Users/charlottejob/Code/Evaluation_neuron_interpretability/vega_fcn_sweep/fcn_040
REACTOME_IMMUNOREGULATORY_INTERACTIONS_BETWEEN_A_LYMPHOID_AND_A_NON_LYMPHOID_CELL,0.1936726868152618,0.8833692349593409,test,0.4,270,674,0.5,/Users/charlottejob/Code/Evaluation_neuron_interpretability/vega_fcn_sweep/fcn_040
REACTOME_ACTIVATED_AMPK_STIMULATES_FATTY_ACID_OXIDATION_IN_MUSCLE,0.7025531530380249,0.5931919554696593,test,0.4,270,674,0.5,/Users/charlottejob/Code/Evaluation_neuron_interpretability/vega_fcn_sweep/fcn_040
REACTOME_VITAMIN_B5_PANTOTHENATE_METABOLISM,,0.22878506303712431,test,0.4,270,674,0.5,/Users/charlottejob/Code/Evaluation_neuron_interpretability/vega_fcn_sweep/fcn_040
REACTOME_BOTULINUM_NEUROTOXICITY,0.0001178538659587,0.26971848173261603,test,0.4,270,674,0.5,/Users/charlottejob/Code/Evaluation_neuron_interpretability/vega_fcn_sweep/fcn_040
REACTOME_METABOLISM_OF_VITAMINS_AND_COFACTORS,-0.0042633945122361,0.25145744403432413,test,0.4,270,674,0.5,/Users/charlottejob/Code/Evaluation_neuron_interpretability/vega_fcn_sweep/fcn_040
REACTOME_TRANS_GOLGI_NETWORK_VESICLE_BUDDING,0.2523817718029022,0.9363268895587542,test,0.4,270,674,0.5,/Users/charlottejob/Code/Evaluation_neuron_interpretability/vega_fcn_sweep/fcn_040
REACTOME_PROTEOLYTIC_CLEAVAGE_OF_SNARE_COMPLEX_PROTEINS,0.6891797780990601,0.5799916524298151,test,0.4,270,674,0.5,/Users/charlottejob/Code/Evaluation_neuron_interpretability/vega_fcn_sweep/fcn_040
REACTOME_RESOLUTION_OF_AP_SITES_VIA_THE_MULTIPLE_NUCLEOTIDE_PATCH_REPLACEMENT_PATHWAY,,0.8613654408236269,test,0.4,270,674,0.5,/Users/charlottejob/Code/Evaluation_neuron_interpretability/vega_fcn_sweep/fcn_040
REACTOME_GAMMA_CARBOXYLATION_TRANSPORT_AND_AMINO_TERMINAL_CLEAVAGE_OF_PROTEINS,-0.0256859026849269,0.24100307083964323,test,0.4,270,674,0.5,/Users/charlottejob/Code/Evaluation_neuron_interpretability/vega_fcn_sweep/fcn_040
REACTOME_IL_7_SIGNALING,0.0140792950987815,0.2659146642231853,test,0.4,270,674,0.5,/Users/charlottejob/Code/Evaluation_neuron_interpretability/vega_fcn_sweep/fcn_040
REACTOME_CELL_CYCLE,0.2456143349409103,0.6716358075951686,test,0.4,270,674,0.5,/Users/charlottejob/Code/Evaluation_neuron_interpretability/vega_fcn_sweep/fcn_040
REACTOME_SIGNALING_BY_ERBB4,0.0431554988026618,0.2741210693507513,test,0.4,270,674,0.5,/Users/charlottejob/Code/Evaluation_neuron_interpretability/vega_fcn_sweep/fcn_040
REACTOME_ORC1_REMOVAL_FROM_CHROMATIN,0.8229529857635498,0.6163379953873173,test,0.4,270,674,0.5,/Users/charlottejob/Code/Evaluation_neuron_interpretability/vega_fcn_sweep/fcn_040
REACTOME_O_LINKED_GLYCOSYLATION_OF_MUCINS,-0.0053890533745288,0.3356034154337622,test,0.4,270,674,0.5,/Users/charlottejob/Code/Evaluation_neuron_interpretability/vega_fcn_sweep/fcn_040
REACTOME_SULFUR_AMINO_ACID_METABOLISM,-0.025130933150649,0.27086326032022323,test,0.4,270,674,0.5,/Users/charlottejob/Code/Evaluation_neuron_interpretability/vega_fcn_sweep/fcn_040
REACTOME_DOWNREGULATION_OF_ERBB2_ERBB3_SIGNALING,0.6259211301803589,0.5863775915910538,test,0.4,270,674,0.5,/Users/charlottejob/Code/Evaluation_neuron_interpretability/vega_fcn_sweep/fcn_040
REACTOME_ANTIVIRAL_MECHANISM_BY_IFN_STIMULATED_GENES,0.1708787083625793,0.354022557732805,test,0.4,270,674,0.5,/Users/charlottejob/Code/Evaluation_neuron_interpretability/vega_fcn_sweep/fcn_040
REACTOME_PROLACTIN_RECEPTOR_SIGNALING,,0.2724512498364088,test,0.4,270,674,0.5,/Users/charlottejob/Code/Evaluation_neuron_interpretability/vega_fcn_sweep/fcn_040
REACTOME_SIGNALING_BY_ERBB2,0.1390186697244644,0.24321541947621106,test,0.4,270,674,0.5,/Users/charlottejob/Code/Evaluation_neuron_interpretability/vega_fcn_sweep/fcn_040
REACTOME_SPHINGOLIPID_DE_NOVO_BIOSYNTHESIS,0.428062230348587,0.5820395290674983,test,0.4,270,674,0.5,/Users/charlottejob/Code/Evaluation_neuron_interpretability/vega_fcn_sweep/fcn_040
REACTOME_TERMINATION_OF_O_GLYCAN_BIOSYNTHESIS,,0.2691043929677617,test,0.4,270,674,0.5,/Users/charlottejob/Code/Evaluation_neuron_interpretability/vega_fcn_sweep/fcn_040
REACTOME_DEFENSINS,0.1728527843952179,0.29318265198471427,test,0.4,270,674,0.5,/Users/charlottejob/Code/Evaluation_neuron_interpretability/vega_fcn_sweep/fcn_040
REACTOME_SIGNALING_BY_CONSTITUTIVELY_ACTIVE_EGFR,0.023825317621231,0.7174770108313848,test,0.4,270,674,0.5,/Users/charlottejob/Code/Evaluation_neuron_interpretability/vega_fcn_sweep/fcn_040
REACTOME_GRB2_EVENTS_IN_ERBB2_SIGNALING,-0.0257526934146881,0.2978952220003072,test,0.4,270,674,0.5,/Users/charlottejob/Code/Evaluation_neuron_interpretability/vega_fcn_sweep/fcn_040
REACTOME_SIGNALING_BY_EGFR_IN_CANCER,0.0002473359927535,0.3106564234910645,test,0.4,270,674,0.5,/Users/charlottejob/Code/Evaluation_neuron_interpretability/vega_fcn_sweep/fcn_040
REACTOME_MEMBRANE_BINDING_AND_TARGETTING_OF_GAG_PROTEINS,-0.0061152270063757,0.2924998165060658,test,0.4,270,674,0.5,/Users/charlottejob/Code/Evaluation_neuron_interpretability/vega_fcn_sweep/fcn_040
REACTOME_BETA_DEFENSINS,0.0200706906616687,0.2968250384597211,test,0.4,270,674,0.5,/Users/charlottejob/Code/Evaluation_neuron_interpretability/vega_fcn_sweep/fcn_040
REACTOME_SRP_DEPENDENT_COTRANSLATIONAL_PROTEIN_TARGETING_TO_MEMBRANE,0.1672402918338775,0.4403444165353996,test,0.4,270,674,0.5,/Users/charlottejob/Code/Evaluation_neuron_interpretability/vega_fcn_sweep/fcn_040
REACTOME_PI3K_EVENTS_IN_ERBB4_SIGNALING,0.5355136394500732,0.541865652996395,test,0.4,270,674,0.5,/Users/charlottejob/Code/Evaluation_neuron_interpretability/vega_fcn_sweep/fcn_040
REACTOME_SHC1_EVENTS_IN_ERBB4_SIGNALING,-0.038633856922388,0.290133513890946,test,0.4,270,674,0.5,/Users/charlottejob/Code/Evaluation_neuron_interpretability/vega_fcn_sweep/fcn_040
REACTOME_PI3K_EVENTS_IN_ERBB2_SIGNALING,0.0127030368894338,0.31708214829498127,test,0.4,270,674,0.5,/Users/charlottejob/Code/Evaluation_neuron_interpretability/vega_fcn_sweep/fcn_040
REACTOME_NUCLEAR_SIGNALING_BY_ERBB4,-0.0302344858646392,0.2665658083127032,test,0.4,270,674,0.5,/Users/charlottejob/Code/Evaluation_neuron_interpretability/vega_fcn_sweep/fcn_040
REACTOME_GLYCOSPHINGOLIPID_METABOLISM,0.0614945143461227,0.3165010470808999,test,0.4,270,674,0.5,/Users/charlottejob/Code/Evaluation_neuron_interpretability/vega_fcn_sweep/fcn_040
REACTOME_PPARA_ACTIVATES_GENE_EXPRESSION,0.445410281419754,0.5062005468365892,test,0.4,270,674,0.5,/Users/charlottejob/Code/Evaluation_neuron_interpretability/vega_fcn_sweep/fcn_040
REACTOME_ASSOCIATION_OF_LICENSING_FACTORS_WITH_THE_PRE_REPLICATIVE_COMPLEX,,0.3277511669502246,test,0.4,270,674,0.5,/Users/charlottejob/Code/Evaluation_neuron_interpretability/vega_fcn_sweep/fcn_040
REACTOME_RIP_MEDIATED_NFKB_ACTIVATION_VIA_DAI,0.6697095036506653,0.6942147300907849,test,0.4,270,674,0.5,/Users/charlottejob/Code/Evaluation_neuron_interpretability/vega_fcn_sweep/fcn_040
REACTOME_PRE_NOTCH_TRANSCRIPTION_AND_TRANSLATION,,0.2638502813767831,test,0.4,270,674,0.5,/Users/charlottejob/Code/Evaluation_neuron_interpretability/vega_fcn_sweep/fcn_040
REACTOME_DEGRADATION_OF_THE_EXTRACELLULAR_MATRIX,0.0082864519208669,0.4019447755159903,test,0.4,270,674,0.5,/Users/charlottejob/Code/Evaluation_neuron_interpretability/vega_fcn_sweep/fcn_040
REACTOME_MITOCHONDRIAL_PROTEIN_IMPORT,,0.257243816254417,test,0.4,270,674,0.5,/Users/charlottejob/Code/Evaluation_neuron_interpretability/vega_fcn_sweep/fcn_040
REACTOME_SIGNALING_BY_HIPPO,0.7719923257827759,0.672724464128044,test,0.4,270,674,0.5,/Users/charlottejob/Code/Evaluation_neuron_interpretability/vega_fcn_sweep/fcn_040
REACTOME_ACTIVATED_NOTCH1_TRANSMITS_SIGNAL_TO_THE_NUCLEUS,0.0062161157839,0.38239961134237177,test,0.4,270,674,0.5,/Users/charlottejob/Code/Evaluation_neuron_interpretability/vega_fcn_sweep/fcn_040
REACTOME_TRAFFICKING_AND_PROCESSING_OF_ENDOSOMAL_TLR,0.1630156636238098,0.2999042336419526,test,0.4,270,674,0.5,/Users/charlottejob/Code/Evaluation_neuron_interpretability/vega_fcn_sweep/fcn_040
REACTOME_SIGNALING_BY_NOTCH4,,0.8548113248702177,test,0.4,270,674,0.5,/Users/charlottejob/Code/Evaluation_neuron_interpretability/vega_fcn_sweep/fcn_040
REACTOME_DOWNSTREAM_SIGNALING_EVENTS_OF_B_CELL_RECEPTOR_BCR,0.414800077676773,0.592538226952626,test,0.4,270,674,0.5,/Users/charlottejob/Code/Evaluation_neuron_interpretability/vega_fcn_sweep/fcn_040
REACTOME_ACTIVATION_OF_NF_KAPPAB_IN_B_CELLS,0.6046854853630066,0.770177800213136,test,0.4,270,674,0.5,/Users/charlottejob/Code/Evaluation_neuron_interpretability/vega_fcn_sweep/fcn_040
REACTOME_RORA_ACTIVATES_CIRCADIAN_EXPRESSION,0.8359605669975281,0.7068277104717036,test,0.4,270,674,0.5,/Users/charlottejob/Code/Evaluation_neuron_interpretability/vega_fcn_sweep/fcn_040
REACTOME_ANTIGEN_ACTIVATES_B_CELL_RECEPTOR_LEADING_TO_GENERATION_OF_SECOND_MESSENGERS,0.6269065737724304,0.6149305134997077,test,0.4,270,674,0.5,/Users/charlottejob/Code/Evaluation_neuron_interpretability/vega_fcn_sweep/fcn_040
REACTOME_REGULATION_OF_COMPLEMENT_CASCADE,-0.0088821081444621,0.8345041785854507,test,0.4,270,674,0.5,/Users/charlottejob/Code/Evaluation_neuron_interpretability/vega_fcn_sweep/fcn_040
REACTOME_YAP1_AND_WWTR1_TAZ_STIMULATED_GENE_EXPRESSION,,0.8519146708546002,test,0.4,270,674,0.5,/Users/charlottejob/Code/Evaluation_neuron_interpretability/vega_fcn_sweep/fcn_040
REACTOME_SIGNALING_BY_NOTCH2,,0.262768398551673,test,0.4,270,674,0.5,/Users/charlottejob/Code/Evaluation_neuron_interpretability/vega_fcn_sweep/fcn_040
REACTOME_PRE_NOTCH_EXPRESSION_AND_PROCESSING,,0.8553400514766828,test,0.4,270,674,0.5,/Users/charlottejob/Code/Evaluation_neuron_interpretability/vega_fcn_sweep/fcn_040
REACTOME_SIGNALING_BY_THE_B_CELL_RECEPTOR_BCR,0.4205623865127563,0.6452790875014768,test,0.4,270,674,0.5,/Users/charlottejob/Code/Evaluation_neuron_interpretability/vega_fcn_sweep/fcn_040
REACTOME_EXTRACELLULAR_MATRIX_ORGANIZATION,0.1133226379752159,0.2994423175156536,test,0.4,270,674,0.5,/Users/charlottejob/Code/Evaluation_neuron_interpretability/vega_fcn_sweep/fcn_040
REACTOME_NOTCH1_INTRACELLULAR_DOMAIN_REGULATES_TRANSCRIPTION,0.5974939465522766,0.5730051485134611,test,0.4,270,674,0.5,/Users/charlottejob/Code/Evaluation_neuron_interpretability/vega_fcn_sweep/fcn_040
REACTOME_CIRCADIAN_REPRESSION_OF_EXPRESSION_BY_REV_ERBA,0.8273957967758179,0.6998149082954738,test,0.4,270,674,0.5,/Users/charlottejob/Code/Evaluation_neuron_interpretability/vega_fcn_sweep/fcn_040
REACTOME_PRE_NOTCH_PROCESSING_IN_GOLGI,,0.8623286655324347,test,0.4,270,674,0.5,/Users/charlottejob/Code/Evaluation_neuron_interpretability/vega_fcn_sweep/fcn_040
REACTOME_SIGNALING_BY_NOTCH1,0.0548362284898757,0.3105444508904242,test,0.4,270,674,0.5,/Users/charlottejob/Code/Evaluation_neuron_interpretability/vega_fcn_sweep/fcn_040
REACTOME_SIGNALING_BY_NOTCH3,,0.2986345591763731,test,0.4,270,674,0.5,/Users/charlottejob/Code/Evaluation_neuron_interpretability/vega_fcn_sweep/fcn_040
REACTOME_TRIGLYCERIDE_BIOSYNTHESIS,-0.0037791198119521,0.23482716545707172,test,0.4,270,674,0.5,/Users/charlottejob/Code/Evaluation_neuron_interpretability/vega_fcn_sweep/fcn_040
REACTOME_INSULIN_RECEPTOR_SIGNALLING_CASCADE,0.5619838833808899,0.7044722297725832,test,0.4,270,674,0.5,/Users/charlottejob/Code/Evaluation_neuron_interpretability/vega_fcn_sweep/fcn_040
REACTOME_ARMS_MEDIATED_ACTIVATION,,0.8530209832918902,test,0.4,270,674,0.5,/Users/charlottejob/Code/Evaluation_neuron_interpretability/vega_fcn_sweep/fcn_040
REACTOME_PROLONGED_ERK_ACTIVATION_EVENTS,,0.8546926667539153,test,0.4,270,674,0.5,/Users/charlottejob/Code/Evaluation_neuron_interpretability/vega_fcn_sweep/fcn_040
REACTOME_SIGNALLING_TO_RAS,0.0041854437440633,0.2700248775927363,test,0.4,270,674,0.5,/Users/charlottejob/Code/Evaluation_neuron_interpretability/vega_fcn_sweep/fcn_040
REACTOME_SIGNALING_BY_BMP,-0.0016413059784099,0.7901493465868381,test,0.4,270,674,0.5,/Users/charlottejob/Code/Evaluation_neuron_interpretability/vega_fcn_sweep/fcn_040
REACTOME_CELL_SURFACE_INTERACTIONS_AT_THE_VASCULAR_WALL,0.0759512856602668,0.305568014819839,test,0.4,270,674,0.5,/Users/charlottejob/Code/Evaluation_neuron_interpretability/vega_fcn_sweep/fcn_040
REACTOME_NGF_SIGNALLING_VIA_TRKA_FROM_THE_PLASMA_MEMBRANE,0.0297192763537168,0.3069977218265265,test,0.4,270,674,0.5,/Users/charlottejob/Code/Evaluation_neuron_interpretability/vega_fcn_sweep/fcn_040
REACTOME_SIGNALLING_TO_ERKS,-0.0007267287001013,0.291535303950403,test,0.4,270,674,0.5,/Users/charlottejob/Code/Evaluation_neuron_interpretability/vega_fcn_sweep/fcn_040
REACTOME_P38MAPK_EVENTS,0.6618516445159912,0.5922750937091206,test,0.4,270,674,0.5,/Users/charlottejob/Code/Evaluation_neuron_interpretability/vega_fcn_sweep/fcn_040
REACTOME_ACYL_CHAIN_REMODELLING_OF_PI,0.056214366108179,0.257246281125601,test,0.4,270,674,0.5,/Users/charlottejob/Code/Evaluation_neuron_interpretability/vega_fcn_sweep/fcn_040
REACTOME_TGF_BETA_RECEPTOR_SIGNALING_IN_EMT_EPITHELIAL_TO_MESENCHYMAL_TRANSITION,,0.8595925489682852,test,0.4,270,674,0.5,/Users/charlottejob/Code/Evaluation_neuron_interpretability/vega_fcn_sweep/fcn_040
REACTOME_DOWNREGULATION_OF_TGF_BETA_RECEPTOR_SIGNALING,,0.8563032761854905,test,0.4,270,674,0.5,/Users/charlottejob/Code/Evaluation_neuron_interpretability/vega_fcn_sweep/fcn_040
REACTOME_COLLAGEN_FORMATION,0.6947534084320068,0.609046216421032,test,0.4,270,674,0.5,/Users/charlottejob/Code/Evaluation_neuron_interpretability/vega_fcn_sweep/fcn_040
REACTOME_SMAD2_SMAD3_SMAD4_HETEROTRIMER_REGULATES_TRANSCRIPTION,0.7646605968475342,0.9827826154018734,test,0.4,270,674,0.5,/Users/charlottejob/Code/Evaluation_neuron_interpretability/vega_fcn_sweep/fcn_040
REACTOME_SIGNALING_BY_FGFR_IN_DISEASE,0.029648108407855,0.8619567160850194,test,0.4,270,674,0.5,/Users/charlottejob/Code/Evaluation_neuron_interpretability/vega_fcn_sweep/fcn_040
REACTOME_HS_GAG_DEGRADATION,0.6448976397514343,0.6060420183633739,test,0.4,270,674,0.5,/Users/charlottejob/Code/Evaluation_neuron_interpretability/vega_fcn_sweep/fcn_040
REACTOME_SYNTHESIS_OF_PIPS_AT_THE_EARLY_ENDOSOME_MEMBRANE,,0.8627963181084501,test,0.4,270,674,0.5,/Users/charlottejob/Code/Evaluation_neuron_interpretability/vega_fcn_sweep/fcn_040
REACTOME_SIGNALLING_TO_P38_VIA_RIT_AND_RIN,0.8275730609893799,0.5739847542754087,test,0.4,270,674,0.5,/Users/charlottejob/Code/Evaluation_neuron_interpretability/vega_fcn_sweep/fcn_040
REACTOME_P53_INDEPENDENT_G1_S_DNA_DAMAGE_CHECKPOINT,,0.8651590106007067,test,0.4,270,674,0.5,/Users/charlottejob/Code/Evaluation_neuron_interpretability/vega_fcn_sweep/fcn_040
REACTOME_REGULATION_OF_HYPOXIA_INDUCIBLE_FACTOR_HIF_BY_OXYGEN,,0.8522497055359246,test,0.4,270,674,0.5,/Users/charlottejob/Code/Evaluation_neuron_interpretability/vega_fcn_sweep/fcn_040
REACTOME_ACYL_CHAIN_REMODELLING_OF_PC,0.0572418868541717,0.2557341148092507,test,0.4,270,674,0.5,/Users/charlottejob/Code/Evaluation_neuron_interpretability/vega_fcn_sweep/fcn_040
REACTOME_SYNTHESIS_OF_PIPS_AT_THE_GOLGI_MEMBRANE,,0.21424769881778116,test,0.4,270,674,0.5,/Users/charlottejob/Code/Evaluation_neuron_interpretability/vega_fcn_sweep/fcn_040
REACTOME_TGF_BETA_RECEPTOR_SIGNALING_ACTIVATES_SMADS,,0.37267722374907297,test,0.4,270,674,0.5,/Users/charlottejob/Code/Evaluation_neuron_interpretability/vega_fcn_sweep/fcn_040
REACTOME_ACTIVATED_POINT_MUTANTS_OF_FGFR2,,0.8613514810452384,test,0.4,270,674,0.5,/Users/charlottejob/Code/Evaluation_neuron_interpretability/vega_fcn_sweep/fcn_040
REACTOME_PHOSPHOLIPID_METABOLISM,0.0779570266604423,0.3239915280794458,test,0.4,270,674,0.5,/Users/charlottejob/Code/Evaluation_neuron_interpretability/vega_fcn_sweep/fcn_040
REACTOME_CS_DS_DEGRADATION,0.1587889939546585,0.4138850328117113,test,0.4,270,674,0.5,/Users/charlottejob/Code/Evaluation_neuron_interpretability/vega_fcn_sweep/fcn_040
REACTOME_SYNTHESIS_OF_PA,-0.0055125160142779,0.2832427966176186,test,0.4,270,674,0.5,/Users/charlottejob/Code/Evaluation_neuron_interpretability/vega_fcn_sweep/fcn_040
REACTOME_OXYGEN_DEPENDENT_PROLINE_HYDROXYLATION_OF_HYPOXIA_INDUCIBLE_FACTOR_ALPHA,,0.8590969768354927,test,0.4,270,674,0.5,/Users/charlottejob/Code/Evaluation_neuron_interpretability/vega_fcn_sweep/fcn_040
REACTOME_SYNTHESIS_OF_PIPS_AT_THE_LATE_ENDOSOME_MEMBRANE,,0.8470723727260829,test,0.4,270,674,0.5,/Users/charlottejob/Code/Evaluation_neuron_interpretability/vega_fcn_sweep/fcn_040
REACTOME_SYNTHESIS_OF_PE,,0.22361122017187973,test,0.4,270,674,0.5,/Users/charlottejob/Code/Evaluation_neuron_interpretability/vega_fcn_sweep/fcn_040
REACTOME_GASTRIN_CREB_SIGNALLING_PATHWAY_VIA_PKC_AND_MAPK,0.4182481169700622,0.748016779807753,test,0.4,270,674,0.5,/Users/charlottejob/Code/Evaluation_neuron_interpretability/vega_fcn_sweep/fcn_040
REACTOME_CHONDROITIN_SULFATE_BIOSYNTHESIS,0.3856896460056305,0.7010175906080442,test,0.4,270,674,0.5,/Users/charlottejob/Code/Evaluation_neuron_interpretability/vega_fcn_sweep/fcn_040
REACTOME_HYALURONAN_UPTAKE_AND_DEGRADATION,,0.8533298433887362,test,0.4,270,674,0.5,/Users/charlottejob/Code/Evaluation_neuron_interpretability/vega_fcn_sweep/fcn_040
REACTOME_SIGNALING_BY_FGFR1_MUTANTS,0.7980251312255859,0.6861889706598653,test,0.4,270,674,0.5,/Users/charlottejob/Code/Evaluation_neuron_interpretability/vega_fcn_sweep/fcn_040
REACTOME_SYNTHESIS_OF_PIPS_AT_THE_PLASMA_MEMBRANE,-0.0178214889019727,0.23218184694900046,test,0.4,270,674,0.5,/Users/charlottejob/Code/Evaluation_neuron_interpretability/vega_fcn_sweep/fcn_040
REACTOME_THE_ACTIVATION_OF_ARYLSULFATASES,0.268365740776062,0.6567117682370834,test,0.4,270,674,0.5,/Users/charlottejob/Code/Evaluation_neuron_interpretability/vega_fcn_sweep/fcn_040
REACTOME_TRANSCRIPTIONAL_ACTIVITY_OF_SMAD2_SMAD3_SMAD4_HETEROTRIMER,0.7024143934249878,0.9809920794453494,test,0.4,270,674,0.5,/Users/charlottejob/Code/Evaluation_neuron_interpretability/vega_fcn_sweep/fcn_040
REACTOME_HYALURONAN_METABOLISM,,0.2667259957248178,test,0.4,270,674,0.5,/Users/charlottejob/Code/Evaluation_neuron_interpretability/vega_fcn_sweep/fcn_040
REACTOME_DOWNREGULATION_OF_SMAD2_3_SMAD4_TRANSCRIPTIONAL_ACTIVITY,0.5734047293663025,0.5946296071998441,test,0.4,270,674,0.5,/Users/charlottejob/Code/Evaluation_neuron_interpretability/vega_fcn_sweep/fcn_040
REACTOME_KERATAN_SULFATE_BIOSYNTHESIS,0.8245091438293457,0.5133860830939992,test,0.4,270,674,0.5,/Users/charlottejob/Code/Evaluation_neuron_interpretability/vega_fcn_sweep/fcn_040
REACTOME_REVERSIBLE_HYDRATION_OF_CARBON_DIOXIDE,0.3747507929801941,0.6522038495279837,test,0.4,270,674,0.5,/Users/charlottejob/Code/Evaluation_neuron_interpretability/vega_fcn_sweep/fcn_040
REACTOME_SIGNALING_BY_FGFR1_FUSION_MUTANTS,0.8385478258132935,0.6782489202983903,test,0.4,270,674,0.5,/Users/charlottejob/Code/Evaluation_neuron_interpretability/vega_fcn_sweep/fcn_040
REACTOME_ALPHA_LINOLENIC_ACID_ALA_METABOLISM,0.0137223629280924,0.3047839221737154,test,0.4,270,674,0.5,/Users/charlottejob/Code/Evaluation_neuron_interpretability/vega_fcn_sweep/fcn_040
REACTOME_SIGNALING_BY_ACTIVATED_POINT_MUTANTS_OF_FGFR1,-0.001465720590204,0.8492961074317796,test,0.4,270,674,0.5,/Users/charlottejob/Code/Evaluation_neuron_interpretability/vega_fcn_sweep/fcn_040
REACTOME_PI_METABOLISM,-0.0347278639674186,0.3520278466325616,test,0.4,270,674,0.5,/Users/charlottejob/Code/Evaluation_neuron_interpretability/vega_fcn_sweep/fcn_040
REACTOME_ABACAVIR_TRANSPORT_AND_METABOLISM,,0.8556297168782445,test,0.4,270,674,0.5,/Users/charlottejob/Code/Evaluation_neuron_interpretability/vega_fcn_sweep/fcn_040
REACTOME_CHONDROITIN_SULFATE_DERMATAN_SULFATE_METABOLISM,0.6812758445739746,0.6698456499186384,test,0.4,270,674,0.5,/Users/charlottejob/Code/Evaluation_neuron_interpretability/vega_fcn_sweep/fcn_040
REACTOME_LATENT_INFECTION_OF_HOMO_SAPIENS_WITH_MYCOBACTERIUM_TUBERCULOSIS,0.3644549548625946,0.3009799134371876,test,0.4,270,674,0.5,/Users/charlottejob/Code/Evaluation_neuron_interpretability/vega_fcn_sweep/fcn_040
REACTOME_SYNTHESIS_OF_PC,,0.8536701129869563,test,0.4,270,674,0.5,/Users/charlottejob/Code/Evaluation_neuron_interpretability/vega_fcn_sweep/fcn_040
REACTOME_HS_GAG_BIOSYNTHESIS,0.0368650332093238,0.7311009985565143,test,0.4,270,674,0.5,/Users/charlottejob/Code/Evaluation_neuron_interpretability/vega_fcn_sweep/fcn_040
REACTOME_SIGNALING_BY_FGFR3_MUTANTS,,0.8562736116564149,test,0.4,270,674,0.5,/Users/charlottejob/Code/Evaluation_neuron_interpretability/vega_fcn_sweep/fcn_040
REACTOME_KERATAN_SULFATE_KERATIN_METABOLISM,0.588576078414917,0.5771969123338382,test,0.4,270,674,0.5,/Users/charlottejob/Code/Evaluation_neuron_interpretability/vega_fcn_sweep/fcn_040
REACTOME_APOPTOSIS_INDUCED_DNA_FRAGMENTATION,-0.0006031203083693,0.2829918606432257,test,0.4,270,674,0.5,/Users/charlottejob/Code/Evaluation_neuron_interpretability/vega_fcn_sweep/fcn_040
REACTOME_KERATAN_SULFATE_DEGRADATION,-0.0439761243760585,0.2956996868967424,test,0.4,270,674,0.5,/Users/charlottejob/Code/Evaluation_neuron_interpretability/vega_fcn_sweep/fcn_040
REACTOME_HEPARAN_SULFATE_HEPARIN_HS_GAG_METABOLISM,0.0178060233592987,0.2886189414126859,test,0.4,270,674,0.5,/Users/charlottejob/Code/Evaluation_neuron_interpretability/vega_fcn_sweep/fcn_040
REACTOME_GLYCOSAMINOGLYCAN_METABOLISM,0.3157383799552917,0.7092418194060264,test,0.4,270,674,0.5,/Users/charlottejob/Code/Evaluation_neuron_interpretability/vega_fcn_sweep/fcn_040
REACTOME_ACYL_CHAIN_REMODELLING_OF_PG,0.0464118793606758,0.306815744598562,test,0.4,270,674,0.5,/Users/charlottejob/Code/Evaluation_neuron_interpretability/vega_fcn_sweep/fcn_040
REACTOME_ACYL_CHAIN_REMODELLING_OF_PE,0.6547401547431946,0.5057870125473435,test,0.4,270,674,0.5,/Users/charlottejob/Code/Evaluation_neuron_interpretability/vega_fcn_sweep/fcn_040
REACTOME_ACYL_CHAIN_REMODELLING_OF_PS,0.7965851426124573,0.5565976628943667,test,0.4,270,674,0.5,/Users/charlottejob/Code/Evaluation_neuron_interpretability/vega_fcn_sweep/fcn_040
REACTOME_SIGNALING_BY_FGFR_MUTANTS,0.7902688384056091,0.6809059173934859,test,0.4,270,674,0.5,/Users/charlottejob/Code/Evaluation_neuron_interpretability/vega_fcn_sweep/fcn_040
REACTOME_MHC_CLASS_II_ANTIGEN_PRESENTATION,0.5749444365501404,0.9664046465373142,test,0.4,270,674,0.5,/Users/charlottejob/Code/Evaluation_neuron_interpretability/vega_fcn_sweep/fcn_040
REACTOME_GLYCEROPHOSPHOLIPID_BIOSYNTHESIS,0.369204044342041,0.5600644907228365,test,0.4,270,674,0.5,/Users/charlottejob/Code/Evaluation_neuron_interpretability/vega_fcn_sweep/fcn_040
REACTOME_A_TETRASACCHARIDE_LINKER_SEQUENCE_IS_REQUIRED_FOR_GAG_SYNTHESIS,0.7976000308990479,0.6277517689786704,test,0.4,270,674,0.5,/Users/charlottejob/Code/Evaluation_neuron_interpretability/vega_fcn_sweep/fcn_040
REACTOME_CDK_MEDIATED_PHOSPHORYLATION_AND_REMOVAL_OF_CDC6,,0.3193369105265454,test,0.4,270,674,0.5,/Users/charlottejob/Code/Evaluation_neuron_interpretability/vega_fcn_sweep/fcn_040
REACTOME_PLATELET_ADHESION_TO_EXPOSED_COLLAGEN,0.4379420876502991,0.7243130636569801,test,0.4,270,674,0.5,/Users/charlottejob/Code/Evaluation_neuron_interpretability/vega_fcn_sweep/fcn_040
REACTOME_VEGF_LIGAND_RECEPTOR_INTERACTIONS,0.0629772320389747,0.26973258817320434,test,0.4,270,674,0.5,/Users/charlottejob/Code/Evaluation_neuron_interpretability/vega_fcn_sweep/fcn_040
REACTOME_ENOS_ACTIVATION_AND_REGULATION,-0.0031309949699789,0.2719447930175698,test,0.4,270,674,0.5,/Users/charlottejob/Code/Evaluation_neuron_interpretability/vega_fcn_sweep/fcn_040
REACTOME_MICRORNA_MIRNA_BIOGENESIS,,0.2008340967587139,test,0.4,270,674,0.5,/Users/charlottejob/Code/Evaluation_neuron_interpretability/vega_fcn_sweep/fcn_040
REACTOME_NUCLEAR_EVENTS_KINASE_AND_TRANSCRIPTION_FACTOR_ACTIVATION,0.6018311977386475,0.5934335831656341,test,0.4,270,674,0.5,/Users/charlottejob/Code/Evaluation_neuron_interpretability/vega_fcn_sweep/fcn_040
REACTOME_RETROGRADE_NEUROTROPHIN_SIGNALLING,,0.8519705099681544,test,0.4,270,674,0.5,/Users/charlottejob/Code/Evaluation_neuron_interpretability/vega_fcn_sweep/fcn_040
REACTOME_ERKS_ARE_INACTIVATED,0.0017843574751168,0.32027846632561574,test,0.4,270,674,0.5,/Users/charlottejob/Code/Evaluation_neuron_interpretability/vega_fcn_sweep/fcn_040
REACTOME_NEGATIVE_REGULATION_OF_THE_PI3K_AKT_NETWORK,,0.22515028573921392,test,0.4,270,674,0.5,/Users/charlottejob/Code/Evaluation_neuron_interpretability/vega_fcn_sweep/fcn_040
REACTOME_PI3K_AKT_ACTIVATION,0.0013316869735717,0.8450371683053459,test,0.4,270,674,0.5,/Users/charlottejob/Code/Evaluation_neuron_interpretability/vega_fcn_sweep/fcn_040
REACTOME_REGULATORY_RNA_PATHWAYS,,0.3023775247567946,test,0.4,270,674,0.5,/Users/charlottejob/Code/Evaluation_neuron_interpretability/vega_fcn_sweep/fcn_040
REACTOME_EGFR_DOWNREGULATION,0.1078550815582275,0.6660646123312629,test,0.4,270,674,0.5,/Users/charlottejob/Code/Evaluation_neuron_interpretability/vega_fcn_sweep/fcn_040
REACTOME_PROCESSING_OF_CAPPED_INTRON_CONTAINING_PRE_MRNA,0.812734842300415,0.7730828838881656,test,0.4,270,674,0.5,/Users/charlottejob/Code/Evaluation_neuron_interpretability/vega_fcn_sweep/fcn_040
REACTOME_PECAM1_INTERACTIONS,0.5476277470588684,0.5927530934179552,test,0.4,270,674,0.5,/Users/charlottejob/Code/Evaluation_neuron_interpretability/vega_fcn_sweep/fcn_040
REACTOME_TCR_SIGNALING,0.0456088110804557,0.3965783185073576,test,0.4,270,674,0.5,/Users/charlottejob/Code/Evaluation_neuron_interpretability/vega_fcn_sweep/fcn_040
REACTOME_REGULATION_OF_PYRUVATE_DEHYDROGENASE_PDH_COMPLEX,-0.0225469730794429,0.8018751192295105,test,0.4,270,674,0.5,/Users/charlottejob/Code/Evaluation_neuron_interpretability/vega_fcn_sweep/fcn_040
REACTOME_DOWNSTREAM_TCR_SIGNALING,0.3777493834495544,0.8408821589623426,test,0.4,270,674,0.5,/Users/charlottejob/Code/Evaluation_neuron_interpretability/vega_fcn_sweep/fcn_040
REACTOME_BASIGIN_INTERACTIONS,0.6507008671760559,0.6718136165830882,test,0.4,270,674,0.5,/Users/charlottejob/Code/Evaluation_neuron_interpretability/vega_fcn_sweep/fcn_040
REACTOME_AKT_PHOSPHORYLATES_TARGETS_IN_THE_CYTOSOL,0.0146060418337583,0.3062585077195432,test,0.4,270,674,0.5,/Users/charlottejob/Code/Evaluation_neuron_interpretability/vega_fcn_sweep/fcn_040
REACTOME_GAB1_SIGNALOSOME,0.0307635143399238,0.8520089789167302,test,0.4,270,674,0.5,/Users/charlottejob/Code/Evaluation_neuron_interpretability/vega_fcn_sweep/fcn_040
REACTOME_SHC1_EVENTS_IN_EGFR_SIGNALING,,0.8679178118047376,test,0.4,270,674,0.5,/Users/charlottejob/Code/Evaluation_neuron_interpretability/vega_fcn_sweep/fcn_040
REACTOME_ACTIVATION_OF_THE_MRNA_UPON_BINDING_OF_THE_CAP_BINDING_COMPLEX_AND_EIFS_AND_SUBSEQUENT_BINDING_TO_43S,0.4793105125427246,0.9999059843614744,test,0.4,270,674,0.5,/Users/charlottejob/Code/Evaluation_neuron_interpretability/vega_fcn_sweep/fcn_040
REACTOME_PHOSPHORYLATION_OF_CD3_AND_TCR_ZETA_CHAINS,0.0195414703339338,0.3747475390584931,test,0.4,270,674,0.5,/Users/charlottejob/Code/Evaluation_neuron_interpretability/vega_fcn_sweep/fcn_040
REACTOME_GLUTAMATE_NEUROTRANSMITTER_RELEASE_CYCLE,0.0287016276270151,0.8545858812410515,test,0.4,270,674,0.5,/Users/charlottejob/Code/Evaluation_neuron_interpretability/vega_fcn_sweep/fcn_040
REACTOME_TRANSLOCATION_OF_ZAP_70_TO_IMMUNOLOGICAL_SYNAPSE,0.2288768887519836,0.9269941319411282,test,0.4,270,674,0.5,/Users/charlottejob/Code/Evaluation_neuron_interpretability/vega_fcn_sweep/fcn_040
REACTOME_ERK_MAPK_TARGETS,0.1546729058027267,0.3137587348872586,test,0.4,270,674,0.5,/Users/charlottejob/Code/Evaluation_neuron_interpretability/vega_fcn_sweep/fcn_040
REACTOME_TIE2_SIGNALING,0.1160415038466453,0.7287828117112569,test,0.4,270,674,0.5,/Users/charlottejob/Code/Evaluation_neuron_interpretability/vega_fcn_sweep/fcn_040
REACTOME_GENERATION_OF_SECOND_MESSENGER_MOLECULES,0.1415956020355224,0.762402472612627,test,0.4,270,674,0.5,/Users/charlottejob/Code/Evaluation_neuron_interpretability/vega_fcn_sweep/fcn_040
REACTOME_GENERIC_TRANSCRIPTION_PATHWAY,0.6162421107292175,0.9815309289431092,test,0.4,270,674,0.5,/Users/charlottejob/Code/Evaluation_neuron_interpretability/vega_fcn_sweep/fcn_040
REACTOME_RESPONSE_TO_ELEVATED_PLATELET_CYTOSOLIC_CA2_,0.0297621823847293,0.3314139952034285,test,0.4,270,674,0.5,/Users/charlottejob/Code/Evaluation_neuron_interpretability/vega_fcn_sweep/fcn_040
REACTOME_TRANSPORT_OF_MATURE_TRANSCRIPT_TO_CYTOPLASM,0.0522187016904354,0.2781547508346839,test,0.4,270,674,0.5,/Users/charlottejob/Code/Evaluation_neuron_interpretability/vega_fcn_sweep/fcn_040
REACTOME_METABOLISM_OF_AMINO_ACIDS_AND_DERIVATIVES,0.5941721796989441,0.8639981521056826,test,0.4,270,674,0.5,/Users/charlottejob/Code/Evaluation_neuron_interpretability/vega_fcn_sweep/fcn_040
REACTOME_RNA_POL_I_TRANSCRIPTION,0.5498390793800354,0.9923729274259308,test,0.4,270,674,0.5,/Users/charlottejob/Code/Evaluation_neuron_interpretability/vega_fcn_sweep/fcn_040
REACTOME_FATTY_ACYL_COA_BIOSYNTHESIS,0.1327860951423645,0.8350369243029847,test,0.4,270,674,0.5,/Users/charlottejob/Code/Evaluation_neuron_interpretability/vega_fcn_sweep/fcn_040
REACTOME_E2F_ENABLED_INHIBITION_OF_PRE_REPLICATION_COMPLEX_FORMATION,,0.3171993194608036,test,0.4,270,674,0.5,/Users/charlottejob/Code/Evaluation_neuron_interpretability/vega_fcn_sweep/fcn_040
REACTOME_P75NTR_RECRUITS_SIGNALLING_COMPLEXES,,0.1929538018583955,test,0.4,270,674,0.5,/Users/charlottejob/Code/Evaluation_neuron_interpretability/vega_fcn_sweep/fcn_040
REACTOME_BIOLOGICAL_OXIDATIONS,0.1265198439359665,0.2927870069836397,test,0.4,270,674,0.5,/Users/charlottejob/Code/Evaluation_neuron_interpretability/vega_fcn_sweep/fcn_040
REACTOME_REGULATED_PROTEOLYSIS_OF_P75NTR,,0.2938481001614099,test,0.4,270,674,0.5,/Users/charlottejob/Code/Evaluation_neuron_interpretability/vega_fcn_sweep/fcn_040
REACTOME_TRANSMISSION_ACROSS_CHEMICAL_SYNAPSES,0.0546727180480957,0.2589040327556229,test,0.4,270,674,0.5,/Users/charlottejob/Code/Evaluation_neuron_interpretability/vega_fcn_sweep/fcn_040
REACTOME_P75NTR_SIGNALS_VIA_NFKB,0.0009943117620423,0.3064336894946435,test,0.4,270,674,0.5,/Users/charlottejob/Code/Evaluation_neuron_interpretability/vega_fcn_sweep/fcn_040
REACTOME_CASPASE_MEDIATED_CLEAVAGE_OF_CYTOSKELETAL_PROTEINS,0.7297466397285461,0.9179127470813284,test,0.4,270,674,0.5,/Users/charlottejob/Code/Evaluation_neuron_interpretability/vega_fcn_sweep/fcn_040
REACTOME_XENOBIOTICS,0.0631694197654724,0.2512276617979609,test,0.4,270,674,0.5,/Users/charlottejob/Code/Evaluation_neuron_interpretability/vega_fcn_sweep/fcn_040
REACTOME_INTEGRIN_CELL_SURFACE_INTERACTIONS,0.2922117412090301,0.5401368898847999,test,0.4,270,674,0.5,/Users/charlottejob/Code/Evaluation_neuron_interpretability/vega_fcn_sweep/fcn_040
REACTOME_REGULATION_OF_ORNITHINE_DECARBOXYLASE_ODC,0.8656702041625977,0.5866423406136736,test,0.4,270,674,0.5,/Users/charlottejob/Code/Evaluation_neuron_interpretability/vega_fcn_sweep/fcn_040
REACTOME_CYTOCHROME_P450_ARRANGED_BY_SUBSTRATE_TYPE,0.0293689500540494,0.3033217660449909,test,0.4,270,674,0.5,/Users/charlottejob/Code/Evaluation_neuron_interpretability/vega_fcn_sweep/fcn_040
REACTOME_BASE_FREE_SUGAR_PHOSPHATE_REMOVAL_VIA_THE_SINGLE_NUCLEOTIDE_REPLACEMENT_PATHWAY,,0.8526301094970118,test,0.4,270,674,0.5,/Users/charlottejob/Code/Evaluation_neuron_interpretability/vega_fcn_sweep/fcn_040
REACTOME_APOPTOTIC_CLEAVAGE_OF_CELL_ADHESION_PROTEINS,0.0202032160013914,0.2718057011053593,test,0.4,270,674,0.5,/Users/charlottejob/Code/Evaluation_neuron_interpretability/vega_fcn_sweep/fcn_040
REACTOME_HDL_MEDIATED_LIPID_TRANSPORT,-0.003429926931858,0.3013997560154803,test,0.4,270,674,0.5,/Users/charlottejob/Code/Evaluation_neuron_interpretability/vega_fcn_sweep/fcn_040
REACTOME_NRAGE_SIGNALS_DEATH_THROUGH_JNK,0.5452274084091187,0.5756851783485399,test,0.4,270,674,0.5,/Users/charlottejob/Code/Evaluation_neuron_interpretability/vega_fcn_sweep/fcn_040
REACTOME_SLBP_DEPENDENT_PROCESSING_OF_REPLICATION_DEPENDENT_HISTONE_PRE_MRNAS,,0.8547013916154079,test,0.4,270,674,0.5,/Users/charlottejob/Code/Evaluation_neuron_interpretability/vega_fcn_sweep/fcn_040
REACTOME_NRIF_SIGNALS_CELL_DEATH_FROM_THE_NUCLEUS,,0.8567307943986389,test,0.4,270,674,0.5,/Users/charlottejob/Code/Evaluation_neuron_interpretability/vega_fcn_sweep/fcn_040
REACTOME_REGULATION_OF_APOPTOSIS,0.740057647228241,0.6576879260074534,test,0.4,270,674,0.5,/Users/charlottejob/Code/Evaluation_neuron_interpretability/vega_fcn_sweep/fcn_040
REACTOME_RNA_POL_II_TRANSCRIPTION,0.8135918974876404,0.656524610058179,test,0.4,270,674,0.5,/Users/charlottejob/Code/Evaluation_neuron_interpretability/vega_fcn_sweep/fcn_040
REACTOME_NEURONAL_SYSTEM,-0.0128188142552971,0.2938855123674911,test,0.4,270,674,0.5,/Users/charlottejob/Code/Evaluation_neuron_interpretability/vega_fcn_sweep/fcn_040
REACTOME_NFKB_IS_ACTIVATED_AND_SIGNALS_SURVIVAL,0.6772381067276001,0.7707246620674182,test,0.4,270,674,0.5,/Users/charlottejob/Code/Evaluation_neuron_interpretability/vega_fcn_sweep/fcn_040
REACTOME_REGULATION_OF_BETA_CELL_DEVELOPMENT,0.7826419472694397,0.5787399570635392,test,0.4,270,674,0.5,/Users/charlottejob/Code/Evaluation_neuron_interpretability/vega_fcn_sweep/fcn_040
REACTOME_PHASE1_FUNCTIONALIZATION_OF_COMPOUNDS,0.5835453271865845,0.5756445491427823,test,0.4,270,674,0.5,/Users/charlottejob/Code/Evaluation_neuron_interpretability/vega_fcn_sweep/fcn_040
REACTOME_RNA_POL_III_TRANSCRIPTION,,0.26433538367578413,test,0.4,270,674,0.5,/Users/charlottejob/Code/Evaluation_neuron_interpretability/vega_fcn_sweep/fcn_040
REACTOME_CELL_DEATH_SIGNALLING_VIA_NRAGE_NRIF_AND_NADE,0.4182395935058594,0.5521917677394709,test,0.4,270,674,0.5,/Users/charlottejob/Code/Evaluation_neuron_interpretability/vega_fcn_sweep/fcn_040
REACTOME_NEUROTRANSMITTER_RELEASE_CYCLE,-0.0091605745255947,0.8642299543359613,test,0.4,270,674,0.5,/Users/charlottejob/Code/Evaluation_neuron_interpretability/vega_fcn_sweep/fcn_040
REACTOME_P75_NTR_RECEPTOR_MEDIATED_SIGNALLING,0.0137808574363589,0.3068529174183952,test,0.4,270,674,0.5,/Users/charlottejob/Code/Evaluation_neuron_interpretability/vega_fcn_sweep/fcn_040
REACTOME_AMINO_ACID_TRANSPORT_ACROSS_THE_PLASMA_MEMBRANE,0.0078249890357255,0.2516158110922724,test,0.4,270,674,0.5,/Users/charlottejob/Code/Evaluation_neuron_interpretability/vega_fcn_sweep/fcn_040
REACTOME_ENDOGENOUS_STEROLS,0.0331474170088768,0.2869293110419633,test,0.4,270,674,0.5,/Users/charlottejob/Code/Evaluation_neuron_interpretability/vega_fcn_sweep/fcn_040
REACTOME_REGULATION_OF_GENE_EXPRESSION_IN_BETA_CELLS,,0.8404434778182099,test,0.4,270,674,0.5,/Users/charlottejob/Code/Evaluation_neuron_interpretability/vega_fcn_sweep/fcn_040
REACTOME_GLYCOLYSIS,-0.0081690959632396,0.2896283889621038,test,0.4,270,674,0.5,/Users/charlottejob/Code/Evaluation_neuron_interpretability/vega_fcn_sweep/fcn_040
REACTOME_PROCESSIVE_SYNTHESIS_ON_THE_LAGGING_STRAND,,0.8624822230947083,test,0.4,270,674,0.5,/Users/charlottejob/Code/Evaluation_neuron_interpretability/vega_fcn_sweep/fcn_040
REACTOME_PEPTIDE_CHAIN_ELONGATION,0.7759160995483398,1.0,test,0.4,270,674,0.5,/Users/charlottejob/Code/Evaluation_neuron_interpretability/vega_fcn_sweep/fcn_040
REACTOME_COMMON_PATHWAY,0.3845509886741638,0.5696482253045725,test,0.4,270,674,0.5,/Users/charlottejob/Code/Evaluation_neuron_interpretability/vega_fcn_sweep/fcn_040
REACTOME_MRNA_CAPPING,0.8162176012992859,0.6417157440125638,test,0.4,270,674,0.5,/Users/charlottejob/Code/Evaluation_neuron_interpretability/vega_fcn_sweep/fcn_040
REACTOME_MITOCHONDRIAL_FATTY_ACID_BETA_OXIDATION,,0.8508223181956984,test,0.4,270,674,0.5,/Users/charlottejob/Code/Evaluation_neuron_interpretability/vega_fcn_sweep/fcn_040
REACTOME_SIGNALING_BY_GPCR,0.0468982905149459,0.3160490221845827,test,0.4,270,674,0.5,/Users/charlottejob/Code/Evaluation_neuron_interpretability/vega_fcn_sweep/fcn_040
REACTOME_PEPTIDE_LIGAND_BINDING_RECEPTORS,0.4285473823547363,0.5875052016109125,test,0.4,270,674,0.5,/Users/charlottejob/Code/Evaluation_neuron_interpretability/vega_fcn_sweep/fcn_040
REACTOME_METABOLISM_OF_POLYAMINES,0.633459210395813,0.8570278467631703,test,0.4,270,674,0.5,/Users/charlottejob/Code/Evaluation_neuron_interpretability/vega_fcn_sweep/fcn_040
REACTOME_CLASS_A1_RHODOPSIN_LIKE_RECEPTORS,0.0459137633442878,0.32551600263013003,test,0.4,270,674,0.5,/Users/charlottejob/Code/Evaluation_neuron_interpretability/vega_fcn_sweep/fcn_040
REACTOME_NOTCH_HLH_TRANSCRIPTION_PATHWAY,,0.29968852244470623,test,0.4,270,674,0.5,/Users/charlottejob/Code/Evaluation_neuron_interpretability/vega_fcn_sweep/fcn_040
REACTOME_INTEGRATION_OF_ENERGY_METABOLISM,0.1567302048206329,0.3383826222329243,test,0.4,270,674,0.5,/Users/charlottejob/Code/Evaluation_neuron_interpretability/vega_fcn_sweep/fcn_040
REACTOME_CELL_CYCLE_MITOTIC,-0.0002371435984969,0.3855927608577785,test,0.4,270,674,0.5,/Users/charlottejob/Code/Evaluation_neuron_interpretability/vega_fcn_sweep/fcn_040
REACTOME_GLUCONEOGENESIS,0.6279629468917847,0.9489408919154956,test,0.4,270,674,0.5,/Users/charlottejob/Code/Evaluation_neuron_interpretability/vega_fcn_sweep/fcn_040
REACTOME_DOPAMINE_NEUROTRANSMITTER_RELEASE_CYCLE,-0.0160856936126947,0.8509535698920181,test,0.4,270,674,0.5,/Users/charlottejob/Code/Evaluation_neuron_interpretability/vega_fcn_sweep/fcn_040
REACTOME_OPIOID_SIGNALLING,-0.0207182336598634,0.7490522942472468,test,0.4,270,674,0.5,/Users/charlottejob/Code/Evaluation_neuron_interpretability/vega_fcn_sweep/fcn_040
REACTOME_RECRUITMENT_OF_MITOTIC_CENTROSOME_PROTEINS_AND_COMPLEXES,0.824260413646698,0.6755067695834062,test,0.4,270,674,0.5,/Users/charlottejob/Code/Evaluation_neuron_interpretability/vega_fcn_sweep/fcn_040
REACTOME_MITOCHONDRIAL_TRNA_AMINOACYLATION,0.8314180970191956,0.5681240231930932,test,0.4,270,674,0.5,/Users/charlottejob/Code/Evaluation_neuron_interpretability/vega_fcn_sweep/fcn_040
REACTOME_CYTOSOLIC_TRNA_AMINOACYLATION,0.1546655148267746,0.2208681833535477,test,0.4,270,674,0.5,/Users/charlottejob/Code/Evaluation_neuron_interpretability/vega_fcn_sweep/fcn_040
REACTOME_CA_DEPENDENT_EVENTS,-0.0233335625380277,0.3182005168503771,test,0.4,270,674,0.5,/Users/charlottejob/Code/Evaluation_neuron_interpretability/vega_fcn_sweep/fcn_040
REACTOME_ACETYLCHOLINE_NEUROTRANSMITTER_RELEASE_CYCLE,-0.028542011976242,0.8516412404872233,test,0.4,270,674,0.5,/Users/charlottejob/Code/Evaluation_neuron_interpretability/vega_fcn_sweep/fcn_040
REACTOME_ADENYLATE_CYCLASE_ACTIVATING_PATHWAY,,0.23148802512760114,test,0.4,270,674,0.5,/Users/charlottejob/Code/Evaluation_neuron_interpretability/vega_fcn_sweep/fcn_040
REACTOME_ADENYLATE_CYCLASE_INHIBITORY_PATHWAY,,0.2982890546612572,test,0.4,270,674,0.5,/Users/charlottejob/Code/Evaluation_neuron_interpretability/vega_fcn_sweep/fcn_040
REACTOME_DARPP_32_EVENTS,-0.0157986152917146,0.8648418683965331,test,0.4,270,674,0.5,/Users/charlottejob/Code/Evaluation_neuron_interpretability/vega_fcn_sweep/fcn_040
REACTOME_CHEMOKINE_RECEPTORS_BIND_CHEMOKINES,0.5030031800270081,0.6366111441706646,test,0.4,270,674,0.5,/Users/charlottejob/Code/Evaluation_neuron_interpretability/vega_fcn_sweep/fcn_040
REACTOME_LOSS_OF_NLP_FROM_MITOTIC_CENTROSOMES,0.8298743963241577,0.6994312031263521,test,0.4,270,674,0.5,/Users/charlottejob/Code/Evaluation_neuron_interpretability/vega_fcn_sweep/fcn_040
REACTOME_NEUROTRANSMITTER_RECEPTOR_BINDING_AND_DOWNSTREAM_TRANSMISSION_IN_THE_POSTSYNAPTIC_CELL,0.0356359258294105,0.24715748286796102,test,0.4,270,674,0.5,/Users/charlottejob/Code/Evaluation_neuron_interpretability/vega_fcn_sweep/fcn_040
REACTOME_CELL_CYCLE_CHECKPOINTS,0.0425392724573612,0.2896195793884139,test,0.4,270,674,0.5,/Users/charlottejob/Code/Evaluation_neuron_interpretability/vega_fcn_sweep/fcn_040
REACTOME_DIABETES_PATHWAYS,0.4966913163661957,0.653530272332494,test,0.4,270,674,0.5,/Users/charlottejob/Code/Evaluation_neuron_interpretability/vega_fcn_sweep/fcn_040
REACTOME_P130CAS_LINKAGE_TO_MAPK_SIGNALING_FOR_INTEGRINS,0.0176134500652551,0.6824111536942342,test,0.4,270,674,0.5,/Users/charlottejob/Code/Evaluation_neuron_interpretability/vega_fcn_sweep/fcn_040
REACTOME_GLYCOPROTEIN_HORMONES,,0.8514539981677791,test,0.4,270,674,0.5,/Users/charlottejob/Code/Evaluation_neuron_interpretability/vega_fcn_sweep/fcn_040
REACTOME_NOREPINEPHRINE_NEUROTRANSMITTER_RELEASE_CYCLE,-0.0172241255640983,0.7792595021970194,test,0.4,270,674,0.5,/Users/charlottejob/Code/Evaluation_neuron_interpretability/vega_fcn_sweep/fcn_040
REACTOME_PLC_BETA_MEDIATED_EVENTS,0.3608481287956238,0.6132247381514522,test,0.4,270,674,0.5,/Users/charlottejob/Code/Evaluation_neuron_interpretability/vega_fcn_sweep/fcn_040
REACTOME_REGULATION_OF_INSULIN_LIKE_GROWTH_FACTOR_IGF_ACTIVITY_BY_INSULIN_LIKE_GROWTH_FACTOR_BINDING_PROTEINS_IGFBPS,-0.0017281577456742,0.2673646426411942,test,0.4,270,674,0.5,/Users/charlottejob/Code/Evaluation_neuron_interpretability/vega_fcn_sweep/fcn_040
REACTOME_GRB2_SOS_PROVIDES_LINKAGE_TO_MAPK_SIGNALING_FOR_INTERGRINS_,0.7511239647865295,0.773969019888335,test,0.4,270,674,0.5,/Users/charlottejob/Code/Evaluation_neuron_interpretability/vega_fcn_sweep/fcn_040
REACTOME_PEPTIDE_HORMONE_BIOSYNTHESIS,,0.8581442219604763,test,0.4,270,674,0.5,/Users/charlottejob/Code/Evaluation_neuron_interpretability/vega_fcn_sweep/fcn_040
REACTOME_G_PROTEIN_ACTIVATION,-0.0450456924736499,0.23478541781230877,test,0.4,270,674,0.5,/Users/charlottejob/Code/Evaluation_neuron_interpretability/vega_fcn_sweep/fcn_040
REACTOME_ACETYLCHOLINE_BINDING_AND_DOWNSTREAM_EVENTS,0.0843150466680526,0.319876368842288,test,0.4,270,674,0.5,/Users/charlottejob/Code/Evaluation_neuron_interpretability/vega_fcn_sweep/fcn_040
REACTOME_ABC_FAMILY_PROTEINS_MEDIATED_TRANSPORT,0.3101440966129303,0.6344158393628359,test,0.4,270,674,0.5,/Users/charlottejob/Code/Evaluation_neuron_interpretability/vega_fcn_sweep/fcn_040
REACTOME_TRNA_AMINOACYLATION,-0.0173060055822134,0.22369103707442928,test,0.4,270,674,0.5,/Users/charlottejob/Code/Evaluation_neuron_interpretability/vega_fcn_sweep/fcn_040
REACTOME_OLFACTORY_SIGNALING_PATHWAY,,0.2438424290014396,test,0.4,270,674,0.5,/Users/charlottejob/Code/Evaluation_neuron_interpretability/vega_fcn_sweep/fcn_040
REACTOME_STEROID_HORMONES,,0.8561671683462024,test,0.4,270,674,0.5,/Users/charlottejob/Code/Evaluation_neuron_interpretability/vega_fcn_sweep/fcn_040
REACTOME_PKA_MEDIATED_PHOSPHORYLATION_OF_CREB,0.0178172569721937,0.8697220610727283,test,0.4,270,674,0.5,/Users/charlottejob/Code/Evaluation_neuron_interpretability/vega_fcn_sweep/fcn_040
REACTOME_RECRUITMENT_OF_NUMA_TO_MITOTIC_CENTROSOMES,,0.2601090607686603,test,0.4,270,674,0.5,/Users/charlottejob/Code/Evaluation_neuron_interpretability/vega_fcn_sweep/fcn_040
REACTOME_AMINE_DERIVED_HORMONES,0.0069814966991543,0.8608609185881102,test,0.4,270,674,0.5,/Users/charlottejob/Code/Evaluation_neuron_interpretability/vega_fcn_sweep/fcn_040
REACTOME_TRANSMEMBRANE_TRANSPORT_OF_SMALL_MOLECULES,0.2655843794345855,0.9958027954197496,test,0.4,270,674,0.5,/Users/charlottejob/Code/Evaluation_neuron_interpretability/vega_fcn_sweep/fcn_040
REACTOME_INTEGRIN_ALPHAIIB_BETA3_SIGNALING,-0.0020269553642719,0.2632874129749514,test,0.4,270,674,0.5,/Users/charlottejob/Code/Evaluation_neuron_interpretability/vega_fcn_sweep/fcn_040
REACTOME_NUCLEAR_RECEPTOR_TRANSCRIPTION_PATHWAY,0.8272949457168579,0.6529846037354872,test,0.4,270,674,0.5,/Users/charlottejob/Code/Evaluation_neuron_interpretability/vega_fcn_sweep/fcn_040
REACTOME_INSULIN_SYNTHESIS_AND_PROCESSING,-0.0067929136566817,0.2570318726504588,test,0.4,270,674,0.5,/Users/charlottejob/Code/Evaluation_neuron_interpretability/vega_fcn_sweep/fcn_040
REACTOME_CYCLIN_E_ASSOCIATED_EVENTS_DURING_G1_S_TRANSITION_,0.5320707559585571,0.6518008802926043,test,0.4,270,674,0.5,/Users/charlottejob/Code/Evaluation_neuron_interpretability/vega_fcn_sweep/fcn_040
REACTOME_HOMOLOGOUS_RECOMBINATION_REPAIR_OF_REPLICATION_INDEPENDENT_DOUBLE_STRAND_BREAKS,,0.8468786808009423,test,0.4,270,674,0.5,/Users/charlottejob/Code/Evaluation_neuron_interpretability/vega_fcn_sweep/fcn_040
REACTOME_G1_PHASE,0.0111054396256804,0.2262118871797042,test,0.4,270,674,0.5,/Users/charlottejob/Code/Evaluation_neuron_interpretability/vega_fcn_sweep/fcn_040
REACTOME_ELEVATION_OF_CYTOSOLIC_CA2_LEVELS,0.0225097276270389,0.2042606450299203,test,0.4,270,674,0.5,/Users/charlottejob/Code/Evaluation_neuron_interpretability/vega_fcn_sweep/fcn_040
REACTOME_P53_DEPENDENT_G1_DNA_DAMAGE_RESPONSE,0.0799684971570968,0.2723969023084573,test,0.4,270,674,0.5,/Users/charlottejob/Code/Evaluation_neuron_interpretability/vega_fcn_sweep/fcn_040
REACTOME_TRANSCRIPTION_COUPLED_NER_TC_NER,-0.0211147796362638,0.2787462769421284,test,0.4,270,674,0.5,/Users/charlottejob/Code/Evaluation_neuron_interpretability/vega_fcn_sweep/fcn_040
REACTOME_RNA_POL_II_TRANSCRIPTION_PRE_INITIATION_AND_PROMOTER_OPENING,-0.0216530319303274,0.864413082389447,test,0.4,270,674,0.5,/Users/charlottejob/Code/Evaluation_neuron_interpretability/vega_fcn_sweep/fcn_040
REACTOME_GLUCAGON_SIGNALING_IN_METABOLIC_REGULATION,-0.0213434025645256,0.2558267364249779,test,0.4,270,674,0.5,/Users/charlottejob/Code/Evaluation_neuron_interpretability/vega_fcn_sweep/fcn_040
REACTOME_MRNA_PROCESSING,0.1920340061187744,0.48935845851459436,test,0.4,270,674,0.5,/Users/charlottejob/Code/Evaluation_neuron_interpretability/vega_fcn_sweep/fcn_040
REACTOME_SIGNALING_BY_PDGF,-0.004010456148535,0.2552370573406867,test,0.4,270,674,0.5,/Users/charlottejob/Code/Evaluation_neuron_interpretability/vega_fcn_sweep/fcn_040
REACTOME_ASSOCIATION_OF_TRIC_CCT_WITH_TARGET_PROTEINS_DURING_BIOSYNTHESIS,-0.0062381927855312,0.6953657567595476,test,0.4,270,674,0.5,/Users/charlottejob/Code/Evaluation_neuron_interpretability/vega_fcn_sweep/fcn_040
REACTOME_PREFOLDIN_MEDIATED_TRANSFER_OF_SUBSTRATE_TO_CCT_TRIC,0.371018648147583,0.999998244625482,test,0.4,270,674,0.5,/Users/charlottejob/Code/Evaluation_neuron_interpretability/vega_fcn_sweep/fcn_040
REACTOME_HORMONE_LIGAND_BINDING_RECEPTORS,,0.2281498931204467,test,0.4,270,674,0.5,/Users/charlottejob/Code/Evaluation_neuron_interpretability/vega_fcn_sweep/fcn_040
REACTOME_GPVI_MEDIATED_ACTIVATION_CASCADE,0.0076405596919357,0.3087004670930893,test,0.4,270,674,0.5,/Users/charlottejob/Code/Evaluation_neuron_interpretability/vega_fcn_sweep/fcn_040
REACTOME_PROTEIN_FOLDING,0.5633316040039062,0.8814696266248342,test,0.4,270,674,0.5,/Users/charlottejob/Code/Evaluation_neuron_interpretability/vega_fcn_sweep/fcn_040
REACTOME_FORMATION_OF_TUBULIN_FOLDING_INTERMEDIATES_BY_CCT_TRIC,-0.0178645588457584,0.28958940034651093,test,0.4,270,674,0.5,/Users/charlottejob/Code/Evaluation_neuron_interpretability/vega_fcn_sweep/fcn_040
REACTOME_PEROXISOMAL_LIPID_METABOLISM,0.7132830619812012,0.5843360910267009,test,0.4,270,674,0.5,/Users/charlottejob/Code/Evaluation_neuron_interpretability/vega_fcn_sweep/fcn_040
REACTOME_POST_CHAPERONIN_TUBULIN_FOLDING_PATHWAY,-0.0119916722178459,0.3674806338306309,test,0.4,270,674,0.5,/Users/charlottejob/Code/Evaluation_neuron_interpretability/vega_fcn_sweep/fcn_040
REACTOME_STRIATED_MUSCLE_CONTRACTION,0.666628360748291,0.9249427260810288,test,0.4,270,674,0.5,/Users/charlottejob/Code/Evaluation_neuron_interpretability/vega_fcn_sweep/fcn_040
REACTOME_METABOLISM_OF_NUCLEOTIDES,0.215553417801857,0.3624525585656328,test,0.4,270,674,0.5,/Users/charlottejob/Code/Evaluation_neuron_interpretability/vega_fcn_sweep/fcn_040
REACTOME_AMINE_LIGAND_BINDING_RECEPTORS,0.8256852626800537,0.48118750283978706,test,0.4,270,674,0.5,/Users/charlottejob/Code/Evaluation_neuron_interpretability/vega_fcn_sweep/fcn_040
REACTOME_METABOLISM_OF_PROTEINS,0.5251855254173279,0.9999963533860634,test,0.4,270,674,0.5,/Users/charlottejob/Code/Evaluation_neuron_interpretability/vega_fcn_sweep/fcn_040
REACTOME_DOWNSTREAM_SIGNAL_TRANSDUCTION,0.0112269474193453,0.7226459334694086,test,0.4,270,674,0.5,/Users/charlottejob/Code/Evaluation_neuron_interpretability/vega_fcn_sweep/fcn_040
REACTOME_MUSCLE_CONTRACTION,0.0464557446539402,0.2821491670873296,test,0.4,270,674,0.5,/Users/charlottejob/Code/Evaluation_neuron_interpretability/vega_fcn_sweep/fcn_040
REACTOME_SEROTONIN_RECEPTORS,,0.2886620424900755,test,0.4,270,674,0.5,/Users/charlottejob/Code/Evaluation_neuron_interpretability/vega_fcn_sweep/fcn_040
REACTOME_CDC6_ASSOCIATION_WITH_THE_ORC_ORIGIN_COMPLEX,,0.203423635649784,test,0.4,270,674,0.5,/Users/charlottejob/Code/Evaluation_neuron_interpretability/vega_fcn_sweep/fcn_040
REACTOME_M_G1_TRANSITION,0.0482135899364948,0.7439658929218362,test,0.4,270,674,0.5,/Users/charlottejob/Code/Evaluation_neuron_interpretability/vega_fcn_sweep/fcn_040
REACTOME_MRNA_SPLICING,,0.2545059547179689,test,0.4,270,674,0.5,/Users/charlottejob/Code/Evaluation_neuron_interpretability/vega_fcn_sweep/fcn_040
REACTOME_MRNA_SPLICING_MINOR_PATHWAY,,0.8628224926929285,test,0.4,270,674,0.5,/Users/charlottejob/Code/Evaluation_neuron_interpretability/vega_fcn_sweep/fcn_040
REACTOME_3_UTR_MEDIATED_TRANSLATIONAL_REGULATION,0.783849835395813,0.999998226120028,test,0.4,270,674,0.5,/Users/charlottejob/Code/Evaluation_neuron_interpretability/vega_fcn_sweep/fcn_040
REACTOME_PROCESSING_OF_CAPPED_INTRONLESS_PRE_MRNA,,0.8495938576975092,test,0.4,270,674,0.5,/Users/charlottejob/Code/Evaluation_neuron_interpretability/vega_fcn_sweep/fcn_040
REACTOME_PURINE_RIBONUCLEOSIDE_MONOPHOSPHATE_BIOSYNTHESIS,,0.2169140164899882,test,0.4,270,674,0.5,/Users/charlottejob/Code/Evaluation_neuron_interpretability/vega_fcn_sweep/fcn_040
REACTOME_G1_S_TRANSITION,0.0337054245173931,0.2674967068281706,test,0.4,270,674,0.5,/Users/charlottejob/Code/Evaluation_neuron_interpretability/vega_fcn_sweep/fcn_040
REACTOME_CITRIC_ACID_CYCLE_TCA_CYCLE,,0.2133141386380491,test,0.4,270,674,0.5,/Users/charlottejob/Code/Evaluation_neuron_interpretability/vega_fcn_sweep/fcn_040
REACTOME_TRANSCRIPTION,-0.0037373425439,0.2947003737149006,test,0.4,270,674,0.5,/Users/charlottejob/Code/Evaluation_neuron_interpretability/vega_fcn_sweep/fcn_040
REACTOME_POL_SWITCHING,,0.8603795314749378,test,0.4,270,674,0.5,/Users/charlottejob/Code/Evaluation_neuron_interpretability/vega_fcn_sweep/fcn_040
REACTOME_NUCLEOTIDE_EXCISION_REPAIR,0.0035330115351825,0.8561325034962048,test,0.4,270,674,0.5,/Users/charlottejob/Code/Evaluation_neuron_interpretability/vega_fcn_sweep/fcn_040
REACTOME_REGULATION_OF_THE_FANCONI_ANEMIA_PATHWAY,,0.8606534921258123,test,0.4,270,674,0.5,/Users/charlottejob/Code/Evaluation_neuron_interpretability/vega_fcn_sweep/fcn_040
REACTOME_AXON_GUIDANCE,0.6161856651306152,0.7658843922928196,test,0.4,270,674,0.5,/Users/charlottejob/Code/Evaluation_neuron_interpretability/vega_fcn_sweep/fcn_040
REACTOME_ACTIVATION_OF_CHAPERONE_GENES_BY_XBP1S,0.7089484930038452,0.6994611263666547,test,0.4,270,674,0.5,/Users/charlottejob/Code/Evaluation_neuron_interpretability/vega_fcn_sweep/fcn_040
REACTOME_REGULATION_OF_INSULIN_SECRETION_BY_GLUCAGON_LIKE_PEPTIDE1,0.0067333690822124,0.3121521327284187,test,0.4,270,674,0.5,/Users/charlottejob/Code/Evaluation_neuron_interpretability/vega_fcn_sweep/fcn_040
REACTOME_PERK_REGULATED_GENE_EXPRESSION,0.0301129035651683,0.2940767149026866,test,0.4,270,674,0.5,/Users/charlottejob/Code/Evaluation_neuron_interpretability/vega_fcn_sweep/fcn_040
REACTOME_G_ALPHA_Q_SIGNALLING_EVENTS,0.0486871935427188,0.3345706397951942,test,0.4,270,674,0.5,/Users/charlottejob/Code/Evaluation_neuron_interpretability/vega_fcn_sweep/fcn_040
REACTOME_P2Y_RECEPTORS,0.4261758327484131,0.5463485579573557,test,0.4,270,674,0.5,/Users/charlottejob/Code/Evaluation_neuron_interpretability/vega_fcn_sweep/fcn_040
REACTOME_TRAFFICKING_OF_AMPA_RECEPTORS,0.6852124929428101,0.6643442070646877,test,0.4,270,674,0.5,/Users/charlottejob/Code/Evaluation_neuron_interpretability/vega_fcn_sweep/fcn_040
REACTOME_NCAM1_INTERACTIONS,0.7291392683982849,0.6353101746512743,test,0.4,270,674,0.5,/Users/charlottejob/Code/Evaluation_neuron_interpretability/vega_fcn_sweep/fcn_040
REACTOME_CLASS_C_3_METABOTROPIC_GLUTAMATE_PHEROMONE_RECEPTORS,,0.3084221087990229,test,0.4,270,674,0.5,/Users/charlottejob/Code/Evaluation_neuron_interpretability/vega_fcn_sweep/fcn_040
REACTOME_REGULATION_OF_INSULIN_SECRETION,-0.0031337342225015,0.26415340878333604,test,0.4,270,674,0.5,/Users/charlottejob/Code/Evaluation_neuron_interpretability/vega_fcn_sweep/fcn_040
REACTOME_NCAM_SIGNALING_FOR_NEURITE_OUT_GROWTH,0.0403503403067588,0.2894340203565074,test,0.4,270,674,0.5,/Users/charlottejob/Code/Evaluation_neuron_interpretability/vega_fcn_sweep/fcn_040
REACTOME_INHIBITION_OF_INSULIN_SECRETION_BY_ADRENALINE_NORADRENALINE,0.0393997356295585,0.2573389159003342,test,0.4,270,674,0.5,/Users/charlottejob/Code/Evaluation_neuron_interpretability/vega_fcn_sweep/fcn_040
REACTOME_NUCLEOTIDE_LIKE_PURINERGIC_RECEPTORS,0.6790674328804016,0.5726884351312705,test,0.4,270,674,0.5,/Users/charlottejob/Code/Evaluation_neuron_interpretability/vega_fcn_sweep/fcn_040
REACTOME_ACTIVATION_OF_CHAPERONES_BY_ATF6_ALPHA,,0.259280198926842,test,0.4,270,674,0.5,/Users/charlottejob/Code/Evaluation_neuron_interpretability/vega_fcn_sweep/fcn_040
REACTOME_TRANSPORT_OF_MATURE_MRNA_DERIVED_FROM_AN_INTRONLESS_TRANSCRIPT,0.8075813055038452,0.746105546551892,test,0.4,270,674,0.5,/Users/charlottejob/Code/Evaluation_neuron_interpretability/vega_fcn_sweep/fcn_040
REACTOME_EICOSANOID_LIGAND_BINDING_RECEPTORS,0.0226140618324279,0.3335661043409167,test,0.4,270,674,0.5,/Users/charlottejob/Code/Evaluation_neuron_interpretability/vega_fcn_sweep/fcn_040
REACTOME_ACTIVATION_OF_GENES_BY_ATF4,0.0283529311418533,0.26094074261035394,test,0.4,270,674,0.5,/Users/charlottejob/Code/Evaluation_neuron_interpretability/vega_fcn_sweep/fcn_040
REACTOME_UNFOLDED_PROTEIN_RESPONSE,0.6579403281211853,0.6182832788289545,test,0.4,270,674,0.5,/Users/charlottejob/Code/Evaluation_neuron_interpretability/vega_fcn_sweep/fcn_040
REACTOME_CLASS_B_2_SECRETIN_FAMILY_RECEPTORS,0.3900023698806762,0.5547703180212014,test,0.4,270,674,0.5,/Users/charlottejob/Code/Evaluation_neuron_interpretability/vega_fcn_sweep/fcn_040
REACTOME_GLUCAGON_TYPE_LIGAND_RECEPTORS,-0.0327933244407177,0.23150593193115798,test,0.4,270,674,0.5,/Users/charlottejob/Code/Evaluation_neuron_interpretability/vega_fcn_sweep/fcn_040
REACTOME_REGULATION_OF_INSULIN_SECRETION_BY_ACETYLCHOLINE,0.6243674755096436,0.5503507355485421,test,0.4,270,674,0.5,/Users/charlottejob/Code/Evaluation_neuron_interpretability/vega_fcn_sweep/fcn_040
REACTOME_G_ALPHA1213_SIGNALLING_EVENTS,0.0515286922454834,0.2835989519482704,test,0.4,270,674,0.5,/Users/charlottejob/Code/Evaluation_neuron_interpretability/vega_fcn_sweep/fcn_040
REACTOME_FANCONI_ANEMIA_PATHWAY,0.0057463669218122,0.7779670969162534,test,0.4,270,674,0.5,/Users/charlottejob/Code/Evaluation_neuron_interpretability/vega_fcn_sweep/fcn_040
REACTOME_TRAFFICKING_OF_GLUR2_CONTAINING_AMPA_RECEPTORS,0.6834368109703064,0.6619237386174102,test,0.4,270,674,0.5,/Users/charlottejob/Code/Evaluation_neuron_interpretability/vega_fcn_sweep/fcn_040
REACTOME_ACTIVATION_OF_CHAPERONE_GENES_BY_ATF6_ALPHA,,0.24211141648126333,test,0.4,270,674,0.5,/Users/charlottejob/Code/Evaluation_neuron_interpretability/vega_fcn_sweep/fcn_040
REACTOME_PROSTANOID_LIGAND_RECEPTORS,0.0004403076600283,0.2417423172441312,test,0.4,270,674,0.5,/Users/charlottejob/Code/Evaluation_neuron_interpretability/vega_fcn_sweep/fcn_040
REACTOME_OPSINS,,0.8672878768049557,test,0.4,270,674,0.5,/Users/charlottejob/Code/Evaluation_neuron_interpretability/vega_fcn_sweep/fcn_040
REACTOME_FORMATION_OF_RNA_POL_II_ELONGATION_COMPLEX_,0.0045254551805555,0.2543226614570544,test,0.4,270,674,0.5,/Users/charlottejob/Code/Evaluation_neuron_interpretability/vega_fcn_sweep/fcn_040
REACTOME_MRNA_3_END_PROCESSING,,0.2645726999083889,test,0.4,270,674,0.5,/Users/charlottejob/Code/Evaluation_neuron_interpretability/vega_fcn_sweep/fcn_040
REACTOME_POST_TRANSLATIONAL_MODIFICATION_SYNTHESIS_OF_GPI_ANCHORED_PROTEINS,0.7999163866043091,0.5056201570708077,test,0.4,270,674,0.5,/Users/charlottejob/Code/Evaluation_neuron_interpretability/vega_fcn_sweep/fcn_040
REACTOME_CYCLIN_A_B1_ASSOCIATED_EVENTS_DURING_G2_M_TRANSITION,-0.016398474574089,0.2651541801647599,test,0.4,270,674,0.5,/Users/charlottejob/Code/Evaluation_neuron_interpretability/vega_fcn_sweep/fcn_040
REACTOME_ELONGATION_ARREST_AND_RECOVERY,,0.2644889412380578,test,0.4,270,674,0.5,/Users/charlottejob/Code/Evaluation_neuron_interpretability/vega_fcn_sweep/fcn_040
REACTOME_SLC_MEDIATED_TRANSMEMBRANE_TRANSPORT,0.0267778187990188,0.2689256787215169,test,0.4,270,674,0.5,/Users/charlottejob/Code/Evaluation_neuron_interpretability/vega_fcn_sweep/fcn_040
REACTOME_ADP_SIGNALLING_THROUGH_P2RY1,0.4485700726509094,0.6623161087877606,test,0.4,270,674,0.5,/Users/charlottejob/Code/Evaluation_neuron_interpretability/vega_fcn_sweep/fcn_040
REACTOME_G_BETA_GAMMA_SIGNALLING_THROUGH_PLC_BETA,0.0069275330752134,0.8416473992642033,test,0.4,270,674,0.5,/Users/charlottejob/Code/Evaluation_neuron_interpretability/vega_fcn_sweep/fcn_040
REACTOME_CD28_CO_STIMULATION,0.0483095422387123,0.2808439998718947,test,0.4,270,674,0.5,/Users/charlottejob/Code/Evaluation_neuron_interpretability/vega_fcn_sweep/fcn_040
REACTOME_GPCR_DOWNSTREAM_SIGNALING,0.0225290711969137,0.3103689846570744,test,0.4,270,674,0.5,/Users/charlottejob/Code/Evaluation_neuron_interpretability/vega_fcn_sweep/fcn_040
REACTOME_SYNTHESIS_SECRETION_AND_DEACYLATION_OF_GHRELIN,0.684298038482666,0.641161009810809,test,0.4,270,674,0.5,/Users/charlottejob/Code/Evaluation_neuron_interpretability/vega_fcn_sweep/fcn_040
REACTOME_ADHERENS_JUNCTIONS_INTERACTIONS,,0.21244992360560544,test,0.4,270,674,0.5,/Users/charlottejob/Code/Evaluation_neuron_interpretability/vega_fcn_sweep/fcn_040
REACTOME_CRMPS_IN_SEMA3A_SIGNALING,0.8084073066711426,0.6530941917508055,test,0.4,270,674,0.5,/Users/charlottejob/Code/Evaluation_neuron_interpretability/vega_fcn_sweep/fcn_040
REACTOME_OTHER_SEMAPHORIN_INTERACTIONS,0.6285959482192993,0.7799823934110053,test,0.4,270,674,0.5,/Users/charlottejob/Code/Evaluation_neuron_interpretability/vega_fcn_sweep/fcn_040
REACTOME_ACTIVATION_OF_RAC,0.7689348459243774,0.6559767018973464,test,0.4,270,674,0.5,/Users/charlottejob/Code/Evaluation_neuron_interpretability/vega_fcn_sweep/fcn_040
REACTOME_PURINE_SALVAGE,-0.0274668391793966,0.2417633191395523,test,0.4,270,674,0.5,/Users/charlottejob/Code/Evaluation_neuron_interpretability/vega_fcn_sweep/fcn_040
REACTOME_G_ALPHA_I_SIGNALLING_EVENTS,0.050204899162054,0.6207928445229681,test,0.4,270,674,0.5,/Users/charlottejob/Code/Evaluation_neuron_interpretability/vega_fcn_sweep/fcn_040
REACTOME_SEMA3A_PAK_DEPENDENT_AXON_REPULSION,,0.3592304672163329,test,0.4,270,674,0.5,/Users/charlottejob/Code/Evaluation_neuron_interpretability/vega_fcn_sweep/fcn_040
REACTOME_CD28_DEPENDENT_VAV1_PATHWAY,,0.8646424988003316,test,0.4,270,674,0.5,/Users/charlottejob/Code/Evaluation_neuron_interpretability/vega_fcn_sweep/fcn_040
REACTOME_SEMA4D_IN_SEMAPHORIN_SIGNALING,0.5071092247962952,0.5822185764765271,test,0.4,270,674,0.5,/Users/charlottejob/Code/Evaluation_neuron_interpretability/vega_fcn_sweep/fcn_040
REACTOME_SEMAPHORIN_INTERACTIONS,0.5978535413742065,0.7957459639025836,test,0.4,270,674,0.5,/Users/charlottejob/Code/Evaluation_neuron_interpretability/vega_fcn_sweep/fcn_040
REACTOME_SEMA4D_INDUCED_CELL_MIGRATION_AND_GROWTH_CONE_COLLAPSE,0.5405668020248413,0.5856715183128611,test,0.4,270,674,0.5,/Users/charlottejob/Code/Evaluation_neuron_interpretability/vega_fcn_sweep/fcn_040
REACTOME_SEMA3A_PLEXIN_REPULSION_SIGNALING_BY_INHIBITING_INTEGRIN_ADHESION,,0.8637926972909304,test,0.4,270,674,0.5,/Users/charlottejob/Code/Evaluation_neuron_interpretability/vega_fcn_sweep/fcn_040
REACTOME_LYSOSOME_VESICLE_BIOGENESIS,0.0158480331301689,0.27635563185583467,test,0.4,270,674,0.5,/Users/charlottejob/Code/Evaluation_neuron_interpretability/vega_fcn_sweep/fcn_040
REACTOME_G_BETA_GAMMA_SIGNALLING_THROUGH_PI3KGAMMA,0.5224006772041321,0.6397919423013751,test,0.4,270,674,0.5,/Users/charlottejob/Code/Evaluation_neuron_interpretability/vega_fcn_sweep/fcn_040
REACTOME_TRANSPORT_OF_GLUCOSE_AND_OTHER_SUGARS_BILE_SALTS_AND_ORGANIC_ACIDS_METAL_IONS_AND_AMINE_COMPOUNDS,0.5841127634048462,0.6214695260631656,test,0.4,270,674,0.5,/Users/charlottejob/Code/Evaluation_neuron_interpretability/vega_fcn_sweep/fcn_040
REACTOME_SPHINGOLIPID_METABOLISM,0.3899769783020019,0.7816529074035927,test,0.4,270,674,0.5,/Users/charlottejob/Code/Evaluation_neuron_interpretability/vega_fcn_sweep/fcn_040
REACTOME_PD1_SIGNALING,0.338074654340744,0.8195116767182974,test,0.4,270,674,0.5,/Users/charlottejob/Code/Evaluation_neuron_interpretability/vega_fcn_sweep/fcn_040
REACTOME_G_ALPHA_S_SIGNALLING_EVENTS,0.4303737282752991,0.5369362953223582,test,0.4,270,674,0.5,/Users/charlottejob/Code/Evaluation_neuron_interpretability/vega_fcn_sweep/fcn_040
REACTOME_CELL_CELL_JUNCTION_ORGANIZATION,-0.0363998189568519,0.2777458884740353,test,0.4,270,674,0.5,/Users/charlottejob/Code/Evaluation_neuron_interpretability/vega_fcn_sweep/fcn_040
REACTOME_G_ALPHA_Z_SIGNALLING_EVENTS,0.506052553653717,0.6286667356320588,test,0.4,270,674,0.5,/Users/charlottejob/Code/Evaluation_neuron_interpretability/vega_fcn_sweep/fcn_040
REACTOME_FACILITATIVE_NA_INDEPENDENT_GLUCOSE_TRANSPORTERS,,0.8637909523186319,test,0.4,270,674,0.5,/Users/charlottejob/Code/Evaluation_neuron_interpretability/vega_fcn_sweep/fcn_040
REACTOME_COSTIMULATION_BY_THE_CD28_FAMILY,0.2957465350627899,0.8758210670077392,test,0.4,270,674,0.5,/Users/charlottejob/Code/Evaluation_neuron_interpretability/vega_fcn_sweep/fcn_040
REACTOME_SIGNALING_BY_ROBO_RECEPTOR,0.7570449113845825,0.6622352667328226,test,0.4,270,674,0.5,/Users/charlottejob/Code/Evaluation_neuron_interpretability/vega_fcn_sweep/fcn_040
REACTOME_CD28_DEPENDENT_PI3K_AKT_SIGNALING,0.8020120859146118,0.5475874978966851,test,0.4,270,674,0.5,/Users/charlottejob/Code/Evaluation_neuron_interpretability/vega_fcn_sweep/fcn_040
REACTOME_TIGHT_JUNCTION_INTERACTIONS,0.2420828342437744,0.7342192632885117,test,0.4,270,674,0.5,/Users/charlottejob/Code/Evaluation_neuron_interpretability/vega_fcn_sweep/fcn_040
REACTOME_G_PROTEIN_BETA_GAMMA_SIGNALLING,0.5367748737335205,0.6012792828163852,test,0.4,270,674,0.5,/Users/charlottejob/Code/Evaluation_neuron_interpretability/vega_fcn_sweep/fcn_040
REACTOME_TRANSPORT_OF_INORGANIC_CATIONS_ANIONS_AND_AMINO_ACIDS_OLIGOPEPTIDES,0.5433120727539062,0.4831859688530293,test,0.4,270,674,0.5,/Users/charlottejob/Code/Evaluation_neuron_interpretability/vega_fcn_sweep/fcn_040
REACTOME_GOLGI_ASSOCIATED_VESICLE_BIOGENESIS,0.0622415319085121,0.3389413357242058,test,0.4,270,674,0.5,/Users/charlottejob/Code/Evaluation_neuron_interpretability/vega_fcn_sweep/fcn_040
REACTOME_CTLA4_INHIBITORY_SIGNALING,0.6862494945526123,0.5933980096344414,test,0.4,270,674,0.5,/Users/charlottejob/Code/Evaluation_neuron_interpretability/vega_fcn_sweep/fcn_040
REACTOME_FORMATION_OF_TRANSCRIPTION_COUPLED_NER_TC_NER_REPAIR_COMPLEX,-0.0248920395970344,0.8694945893338174,test,0.4,270,674,0.5,/Users/charlottejob/Code/Evaluation_neuron_interpretability/vega_fcn_sweep/fcn_040
REACTOME_AMINO_ACID_AND_OLIGOPEPTIDE_SLC_TRANSPORTERS,0.0204568244516849,0.2912955008710494,test,0.4,270,674,0.5,/Users/charlottejob/Code/Evaluation_neuron_interpretability/vega_fcn_sweep/fcn_040
REACTOME_CDT1_ASSOCIATION_WITH_THE_CDC6_ORC_ORIGIN_COMPLEX,,0.8573921388997949,test,0.4,270,674,0.5,/Users/charlottejob/Code/Evaluation_neuron_interpretability/vega_fcn_sweep/fcn_040
REACTOME_BRANCHED_CHAIN_AMINO_ACID_CATABOLISM,,0.2702909741307856,test,0.4,270,674,0.5,/Users/charlottejob/Code/Evaluation_neuron_interpretability/vega_fcn_sweep/fcn_040
REACTOME_REPAIR_SYNTHESIS_FOR_GAP_FILLING_BY_DNA_POL_IN_TC_NER,,0.2367020023557126,test,0.4,270,674,0.5,/Users/charlottejob/Code/Evaluation_neuron_interpretability/vega_fcn_sweep/fcn_040
REACTOME_RECEPTOR_LIGAND_BINDING_INITIATES_THE_SECOND_PROTEOLYTIC_CLEAVAGE_OF_NOTCH_RECEPTOR,,0.8486655324346726,test,0.4,270,674,0.5,/Users/charlottejob/Code/Evaluation_neuron_interpretability/vega_fcn_sweep/fcn_040
REACTOME_SYNTHESIS_OF_DNA,0.8144435882568359,0.6470645281874414,test,0.4,270,674,0.5,/Users/charlottejob/Code/Evaluation_neuron_interpretability/vega_fcn_sweep/fcn_040
REACTOME_NA_CL_DEPENDENT_NEUROTRANSMITTER_TRANSPORTERS,,0.2933792539307224,test,0.4,270,674,0.5,/Users/charlottejob/Code/Evaluation_neuron_interpretability/vega_fcn_sweep/fcn_040
REACTOME_FORMATION_OF_FIBRIN_CLOT_CLOTTING_CASCADE,0.286955177783966,0.568068809377711,test,0.4,270,674,0.5,/Users/charlottejob/Code/Evaluation_neuron_interpretability/vega_fcn_sweep/fcn_040
REACTOME_DEADENYLATION_OF_MRNA,,0.8575840858526371,test,0.4,270,674,0.5,/Users/charlottejob/Code/Evaluation_neuron_interpretability/vega_fcn_sweep/fcn_040
REACTOME_MRNA_DECAY_BY_5_TO_3_EXORIBONUCLEASE,,0.8598316101731884,test,0.4,270,674,0.5,/Users/charlottejob/Code/Evaluation_neuron_interpretability/vega_fcn_sweep/fcn_040
REACTOME_SIGNAL_AMPLIFICATION,0.3967142403125763,0.6155517331706682,test,0.4,270,674,0.5,/Users/charlottejob/Code/Evaluation_neuron_interpretability/vega_fcn_sweep/fcn_040
REACTOME_ZINC_TRANSPORTERS,,0.8484334511189634,test,0.4,270,674,0.5,/Users/charlottejob/Code/Evaluation_neuron_interpretability/vega_fcn_sweep/fcn_040
REACTOME_DOUBLE_STRAND_BREAK_REPAIR,0.0090953474864363,0.306125203320433,test,0.4,270,674,0.5,/Users/charlottejob/Code/Evaluation_neuron_interpretability/vega_fcn_sweep/fcn_040
REACTOME_RAS_ACTIVATION_UOPN_CA2_INFUX_THROUGH_NMDA_RECEPTOR,,0.8600916110456746,test,0.4,270,674,0.5,/Users/charlottejob/Code/Evaluation_neuron_interpretability/vega_fcn_sweep/fcn_040
REACTOME_METAL_ION_SLC_TRANSPORTERS,0.6722241640090942,0.6552428585908364,test,0.4,270,674,0.5,/Users/charlottejob/Code/Evaluation_neuron_interpretability/vega_fcn_sweep/fcn_040
REACTOME_AUTODEGRADATION_OF_THE_E3_UBIQUITIN_LIGASE_COP1,,0.4095711730576276,test,0.4,270,674,0.5,/Users/charlottejob/Code/Evaluation_neuron_interpretability/vega_fcn_sweep/fcn_040
REACTOME_SMOOTH_MUSCLE_CONTRACTION,0.6159560084342957,0.620718019801287,test,0.4,270,674,0.5,/Users/charlottejob/Code/Evaluation_neuron_interpretability/vega_fcn_sweep/fcn_040
REACTOME_ACTIVATION_OF_NMDA_RECEPTOR_UPON_GLUTAMATE_BINDING_AND_POSTSYNAPTIC_EVENTS,,0.8564603236923614,test,0.4,270,674,0.5,/Users/charlottejob/Code/Evaluation_neuron_interpretability/vega_fcn_sweep/fcn_040
REACTOME_CREB_PHOSPHORYLATION_THROUGH_THE_ACTIVATION_OF_RAS,,0.2873428434323605,test,0.4,270,674,0.5,/Users/charlottejob/Code/Evaluation_neuron_interpretability/vega_fcn_sweep/fcn_040
REACTOME_POST_NMDA_RECEPTOR_ACTIVATION_EVENTS,,0.8551062251886751,test,0.4,270,674,0.5,/Users/charlottejob/Code/Evaluation_neuron_interpretability/vega_fcn_sweep/fcn_040
REACTOME_UNBLOCKING_OF_NMDA_RECEPTOR_GLUTAMATE_BINDING_AND_ACTIVATION,,0.8553644810888628,test,0.4,270,674,0.5,/Users/charlottejob/Code/Evaluation_neuron_interpretability/vega_fcn_sweep/fcn_040
REACTOME_METABOLISM_OF_MRNA,0.6829348802566528,0.9999909811921782,test,0.4,270,674,0.5,/Users/charlottejob/Code/Evaluation_neuron_interpretability/vega_fcn_sweep/fcn_040
REACTOME_MRNA_DECAY_BY_3_TO_5_EXORIBONUCLEASE,,0.8531134668237141,test,0.4,270,674,0.5,/Users/charlottejob/Code/Evaluation_neuron_interpretability/vega_fcn_sweep/fcn_040
REACTOME_BILE_SALT_AND_ORGANIC_ANION_SLC_TRANSPORTERS,0.7975164651870728,0.6674209847438731,test,0.4,270,674,0.5,/Users/charlottejob/Code/Evaluation_neuron_interpretability/vega_fcn_sweep/fcn_040
REACTOME_DEADENYLATION_DEPENDENT_MRNA_DECAY,,0.33717052741787734,test,0.4,270,674,0.5,/Users/charlottejob/Code/Evaluation_neuron_interpretability/vega_fcn_sweep/fcn_040
REACTOME_CREB_PHOSPHORYLATION_THROUGH_THE_ACTIVATION_OF_CAMKII,,0.8484875452602191,test,0.4,270,674,0.5,/Users/charlottejob/Code/Evaluation_neuron_interpretability/vega_fcn_sweep/fcn_040
REACTOME_THROMBOXANE_SIGNALLING_THROUGH_TP_RECEPTOR,0.4353137910366058,0.6516453634631884,test,0.4,270,674,0.5,/Users/charlottejob/Code/Evaluation_neuron_interpretability/vega_fcn_sweep/fcn_040
REACTOME_CELL_EXTRACELLULAR_MATRIX_INTERACTIONS,0.48305743932724,0.6322441668068877,test,0.4,270,674,0.5,/Users/charlottejob/Code/Evaluation_neuron_interpretability/vega_fcn_sweep/fcn_040
REACTOME_ADP_SIGNALLING_THROUGH_P2RY12,0.1235208809375763,0.5652240195571333,test,0.4,270,674,0.5,/Users/charlottejob/Code/Evaluation_neuron_interpretability/vega_fcn_sweep/fcn_040
REACTOME_CELL_JUNCTION_ORGANIZATION,0.7176708579063416,0.6953207941814955,test,0.4,270,674,0.5,/Users/charlottejob/Code/Evaluation_neuron_interpretability/vega_fcn_sweep/fcn_040
REACTOME_AMINE_COMPOUND_SLC_TRANSPORTERS,,0.8505790102847393,test,0.4,270,674,0.5,/Users/charlottejob/Code/Evaluation_neuron_interpretability/vega_fcn_sweep/fcn_040
REACTOME_PYRUVATE_METABOLISM,0.7753406763076782,0.6785682892955717,test,0.4,270,674,0.5,/Users/charlottejob/Code/Evaluation_neuron_interpretability/vega_fcn_sweep/fcn_040
REACTOME_PURINE_CATABOLISM,0.0792851448059082,0.2929396878068245,test,0.4,270,674,0.5,/Users/charlottejob/Code/Evaluation_neuron_interpretability/vega_fcn_sweep/fcn_040
REACTOME_GLUCOSE_TRANSPORT,0.0600641332566738,0.3130788239913162,test,0.4,270,674,0.5,/Users/charlottejob/Code/Evaluation_neuron_interpretability/vega_fcn_sweep/fcn_040
REACTOME_FRS2_MEDIATED_CASCADE,-0.0170347541570663,0.866907527700782,test,0.4,270,674,0.5,/Users/charlottejob/Code/Evaluation_neuron_interpretability/vega_fcn_sweep/fcn_040
REACTOME_METABOLISM_OF_RNA,0.0799804776906967,0.3903231799594874,test,0.4,270,674,0.5,/Users/charlottejob/Code/Evaluation_neuron_interpretability/vega_fcn_sweep/fcn_040
REACTOME_MITOTIC_G1_G1_S_PHASES,0.5519896149635315,0.6041973213614443,test,0.4,270,674,0.5,/Users/charlottejob/Code/Evaluation_neuron_interpretability/vega_fcn_sweep/fcn_040
REACTOME_PI_3K_CASCADE,-0.0206612925976514,0.8456540698981287,test,0.4,270,674,0.5,/Users/charlottejob/Code/Evaluation_neuron_interpretability/vega_fcn_sweep/fcn_040
REACTOME_DOWNSTREAM_SIGNALING_OF_ACTIVATED_FGFR,0.009713408537209,0.8579432816888647,test,0.4,270,674,0.5,/Users/charlottejob/Code/Evaluation_neuron_interpretability/vega_fcn_sweep/fcn_040
REACTOME_REGULATION_OF_MITOTIC_CELL_CYCLE,-0.0365621671080589,0.2679268309989073,test,0.4,270,674,0.5,/Users/charlottejob/Code/Evaluation_neuron_interpretability/vega_fcn_sweep/fcn_040
REACTOME_TAK1_ACTIVATES_NFKB_BY_PHOSPHORYLATION_AND_ACTIVATION_OF_IKKS_COMPLEX,0.2127940505743026,0.6096068573487108,test,0.4,270,674,0.5,/Users/charlottejob/Code/Evaluation_neuron_interpretability/vega_fcn_sweep/fcn_040
REACTOME_REGULATION_OF_AMPK_ACTIVITY_VIA_LKB1,0.8563247323036194,0.6422107888828621,test,0.4,270,674,0.5,/Users/charlottejob/Code/Evaluation_neuron_interpretability/vega_fcn_sweep/fcn_040
REACTOME_MITOTIC_M_M_G1_PHASES,0.1546838134527206,0.9576202335845148,test,0.4,270,674,0.5,/Users/charlottejob/Code/Evaluation_neuron_interpretability/vega_fcn_sweep/fcn_040
REACTOME_MYOGENESIS,-0.0068777617998421,0.24060598434884117,test,0.4,270,674,0.5,/Users/charlottejob/Code/Evaluation_neuron_interpretability/vega_fcn_sweep/fcn_040
REACTOME_MAP_KINASE_ACTIVATION_IN_TLR_CASCADE,0.614938497543335,0.9757566754033185,test,0.4,270,674,0.5,/Users/charlottejob/Code/Evaluation_neuron_interpretability/vega_fcn_sweep/fcn_040
REACTOME_PHOSPHOLIPASE_C_MEDIATED_CASCADE,-0.0217843167483806,0.84778650066532,test,0.4,270,674,0.5,/Users/charlottejob/Code/Evaluation_neuron_interpretability/vega_fcn_sweep/fcn_040
REACTOME_ACTIVATION_OF_KAINATE_RECEPTORS_UPON_GLUTAMATE_BINDING,0.0129483575001358,0.30503933458389687,test,0.4,270,674,0.5,/Users/charlottejob/Code/Evaluation_neuron_interpretability/vega_fcn_sweep/fcn_040
REACTOME_IONOTROPIC_ACTIVITY_OF_KAINATE_RECEPTORS,,0.8608593988570431,test,0.4,270,674,0.5,/Users/charlottejob/Code/Evaluation_neuron_interpretability/vega_fcn_sweep/fcn_040
REACTOME_ACTIVATION_OF_THE_AP1_FAMILY_OF_TRANSCRIPTION_FACTORS,0.8333675861358643,0.9734947380929913,test,0.4,270,674,0.5,/Users/charlottejob/Code/Evaluation_neuron_interpretability/vega_fcn_sweep/fcn_040
REACTOME_MAPK_TARGETS_NUCLEAR_EVENTS_MEDIATED_BY_MAP_KINASES,0.6705610752105713,0.9722938486189368,test,0.4,270,674,0.5,/Users/charlottejob/Code/Evaluation_neuron_interpretability/vega_fcn_sweep/fcn_040
REACTOME_SYNTHESIS_AND_INTERCONVERSION_OF_NUCLEOTIDE_DI_AND_TRIPHOSPHATES,0.7786770462989807,0.6829691093162825,test,0.4,270,674,0.5,/Users/charlottejob/Code/Evaluation_neuron_interpretability/vega_fcn_sweep/fcn_040
REACTOME_GPCR_LIGAND_BINDING,0.0340940207242965,0.3393400277318066,test,0.4,270,674,0.5,/Users/charlottejob/Code/Evaluation_neuron_interpretability/vega_fcn_sweep/fcn_040
REACTOME_RNA_POL_I_RNA_POL_III_AND_MITOCHONDRIAL_TRANSCRIPTION,0.556202232837677,0.9917078916372202,test,0.4,270,674,0.5,/Users/charlottejob/Code/Evaluation_neuron_interpretability/vega_fcn_sweep/fcn_040
REACTOME_JNK_C_JUN_KINASES_PHOSPHORYLATION_AND_ACTIVATION_MEDIATED_BY_ACTIVATED_HUMAN_TAK1,,0.265085721764167,test,0.4,270,674,0.5,/Users/charlottejob/Code/Evaluation_neuron_interpretability/vega_fcn_sweep/fcn_040
REACTOME_SHC_MEDIATED_CASCADE,-0.0022465866059064,0.2759586833400337,test,0.4,270,674,0.5,/Users/charlottejob/Code/Evaluation_neuron_interpretability/vega_fcn_sweep/fcn_040
REACTOME_THROMBIN_SIGNALLING_THROUGH_PROTEINASE_ACTIVATED_RECEPTORS_PARS,0.0112239737063646,0.3418091359883644,test,0.4,270,674,0.5,/Users/charlottejob/Code/Evaluation_neuron_interpretability/vega_fcn_sweep/fcn_040
REACTOME_ENERGY_DEPENDENT_REGULATION_OF_MTOR_BY_LKB1_AMPK,0.8509446382522583,0.6194137400185016,test,0.4,270,674,0.5,/Users/charlottejob/Code/Evaluation_neuron_interpretability/vega_fcn_sweep/fcn_040
REACTOME_MITOTIC_G2_G2_M_PHASES,0.8175269365310669,0.6521799197640745,test,0.4,270,674,0.5,/Users/charlottejob/Code/Evaluation_neuron_interpretability/vega_fcn_sweep/fcn_040
REACTOME_REGULATION_OF_RHEB_GTPASE_ACTIVITY_BY_AMPK,,0.8546490424464511,test,0.4,270,674,0.5,/Users/charlottejob/Code/Evaluation_neuron_interpretability/vega_fcn_sweep/fcn_040
REACTOME_ACTIVATED_TAK1_MEDIATES_P38_MAPK_ACTIVATION,,0.858245430353793,test,0.4,270,674,0.5,/Users/charlottejob/Code/Evaluation_neuron_interpretability/vega_fcn_sweep/fcn_040
REACTOME_DNA_REPAIR,0.0765289366245269,0.8564754308497955,test,0.4,270,674,0.5,/Users/charlottejob/Code/Evaluation_neuron_interpretability/vega_fcn_sweep/fcn_040
REACTOME_EFFECTS_OF_PIP2_HYDROLYSIS,0.8521708250045776,0.5519751067981646,test,0.4,270,674,0.5,/Users/charlottejob/Code/Evaluation_neuron_interpretability/vega_fcn_sweep/fcn_040
REACTOME_RNA_POL_II_PRE_TRANSCRIPTION_EVENTS,-0.0069430363364517,0.8627619484803519,test,0.4,270,674,0.5,/Users/charlottejob/Code/Evaluation_neuron_interpretability/vega_fcn_sweep/fcn_040
REACTOME_ROLE_OF_DCC_IN_REGULATING_APOPTOSIS,-0.0005573107628151,0.773551421063441,test,0.4,270,674,0.5,/Users/charlottejob/Code/Evaluation_neuron_interpretability/vega_fcn_sweep/fcn_040
REACTOME_POST_TRANSLATIONAL_PROTEIN_MODIFICATION,0.1442301869392395,0.33741161656356,test,0.4,270,674,0.5,/Users/charlottejob/Code/Evaluation_neuron_interpretability/vega_fcn_sweep/fcn_040
REACTOME_CHROMOSOME_MAINTENANCE,0.491413950920105,0.5764183204694344,test,0.4,270,674,0.5,/Users/charlottejob/Code/Evaluation_neuron_interpretability/vega_fcn_sweep/fcn_040
REACTOME_DEPOSITION_OF_NEW_CENPA_CONTAINING_NUCLEOSOMES_AT_THE_CENTROMERE,0.4465574026107788,0.5596984829992521,test,0.4,270,674,0.5,/Users/charlottejob/Code/Evaluation_neuron_interpretability/vega_fcn_sweep/fcn_040
REACTOME_L1CAM_INTERACTIONS,0.6495950222015381,0.6433212290957646,test,0.4,270,674,0.5,/Users/charlottejob/Code/Evaluation_neuron_interpretability/vega_fcn_sweep/fcn_040
REACTOME_ROLE_OF_SECOND_MESSENGERS_IN_NETRIN1_SIGNALING,0.0224447455257177,0.8481232413341548,test,0.4,270,674,0.5,/Users/charlottejob/Code/Evaluation_neuron_interpretability/vega_fcn_sweep/fcn_040
REACTOME_SIGNALING_BY_ILS,0.2567282319068908,0.2839872590422017,test,0.4,270,674,0.5,/Users/charlottejob/Code/Evaluation_neuron_interpretability/vega_fcn_sweep/fcn_040
REACTOME_NETRIN1_SIGNALING,0.181623101234436,0.6848099110221806,test,0.4,270,674,0.5,/Users/charlottejob/Code/Evaluation_neuron_interpretability/vega_fcn_sweep/fcn_040
REACTOME_METABOLISM_OF_LIPIDS_AND_LIPOPROTEINS,0.2712847292423248,0.5928810514231188,test,0.4,270,674,0.5,/Users/charlottejob/Code/Evaluation_neuron_interpretability/vega_fcn_sweep/fcn_040
REACTOME_INTERACTION_BETWEEN_L1_AND_ANKYRINS,0.0502682365477085,0.7795783484147871,test,0.4,270,674,0.5,/Users/charlottejob/Code/Evaluation_neuron_interpretability/vega_fcn_sweep/fcn_040
REACTOME_SIGNAL_TRANSDUCTION_BY_L1,0.0099437488242983,0.7052445695139522,test,0.4,270,674,0.5,/Users/charlottejob/Code/Evaluation_neuron_interpretability/vega_fcn_sweep/fcn_040
REACTOME_FATTY_ACID_TRIACYLGLYCEROL_AND_KETONE_BODY_METABOLISM,0.4431798756122589,0.5360614119707863,test,0.4,270,674,0.5,/Users/charlottejob/Code/Evaluation_neuron_interpretability/vega_fcn_sweep/fcn_040
REACTOME_TRANSPORT_OF_VITAMINS_NUCLEOSIDES_AND_RELATED_MOLECULES,,0.8610671308189422,test,0.4,270,674,0.5,/Users/charlottejob/Code/Evaluation_neuron_interpretability/vega_fcn_sweep/fcn_040
REACTOME_HIGHLY_CALCIUM_PERMEABLE_POSTSYNAPTIC_NICOTINIC_ACETYLCHOLINE_RECEPTORS,,0.8609553723334641,test,0.4,270,674,0.5,/Users/charlottejob/Code/Evaluation_neuron_interpretability/vega_fcn_sweep/fcn_040
REACTOME_RNA_POL_I_PROMOTER_OPENING,-0.0176439005881547,0.3103091739549856,test,0.4,270,674,0.5,/Users/charlottejob/Code/Evaluation_neuron_interpretability/vega_fcn_sweep/fcn_040
REACTOME_PRESYNAPTIC_NICOTINIC_ACETYLCHOLINE_RECEPTORS,0.140568807721138,0.6699639642477734,test,0.4,270,674,0.5,/Users/charlottejob/Code/Evaluation_neuron_interpretability/vega_fcn_sweep/fcn_040
REACTOME_ORGANIC_CATION_ANION_ZWITTERION_TRANSPORT,-0.0183961223810911,0.7793162142230518,test,0.4,270,674,0.5,/Users/charlottejob/Code/Evaluation_neuron_interpretability/vega_fcn_sweep/fcn_040
REACTOME_DCC_MEDIATED_ATTRACTIVE_SIGNALING,-0.0137111190706491,0.8441720798685315,test,0.4,270,674,0.5,/Users/charlottejob/Code/Evaluation_neuron_interpretability/vega_fcn_sweep/fcn_040
REACTOME_RECYCLING_PATHWAY_OF_L1,0.7881515026092529,0.6460973166355918,test,0.4,270,674,0.5,/Users/charlottejob/Code/Evaluation_neuron_interpretability/vega_fcn_sweep/fcn_040
REACTOME_SYNTHESIS_OF_SUBSTRATES_IN_N_GLYCAN_BIOSYTHESIS,,0.8629603455045152,test,0.4,270,674,0.5,/Users/charlottejob/Code/Evaluation_neuron_interpretability/vega_fcn_sweep/fcn_040
REACTOME_RESPIRATORY_ELECTRON_TRANSPORT,,0.8630702787593246,test,0.4,270,674,0.5,/Users/charlottejob/Code/Evaluation_neuron_interpretability/vega_fcn_sweep/fcn_040
REACTOME_ASPARAGINE_N_LINKED_GLYCOSYLATION,0.0330197252333164,0.2631502493100002,test,0.4,270,674,0.5,/Users/charlottejob/Code/Evaluation_neuron_interpretability/vega_fcn_sweep/fcn_040
REACTOME_ASSEMBLY_OF_THE_PRE_REPLICATIVE_COMPLEX,,0.2533856825022903,test,0.4,270,674,0.5,/Users/charlottejob/Code/Evaluation_neuron_interpretability/vega_fcn_sweep/fcn_040
REACTOME_BIOSYNTHESIS_OF_THE_N_GLYCAN_PRECURSOR_DOLICHOL_LIPID_LINKED_OLIGOSACCHARIDE_LLO_AND_TRANSFER_TO_A_NASCENT_PROTEIN,0.0163215305656194,0.2071031910629934,test,0.4,270,674,0.5,/Users/charlottejob/Code/Evaluation_neuron_interpretability/vega_fcn_sweep/fcn_040
REACTOME_IL1_SIGNALING,0.0074603212997317,0.2618376308461839,test,0.4,270,674,0.5,/Users/charlottejob/Code/Evaluation_neuron_interpretability/vega_fcn_sweep/fcn_040
REACTOME_GLOBAL_GENOMIC_NER_GG_NER,-0.0156642161309719,0.3298246737765061,test,0.4,270,674,0.5,/Users/charlottejob/Code/Evaluation_neuron_interpretability/vega_fcn_sweep/fcn_040
REACTOME_CGMP_EFFECTS,0.0154109634459018,0.7648085239692882,test,0.4,270,674,0.5,/Users/charlottejob/Code/Evaluation_neuron_interpretability/vega_fcn_sweep/fcn_040
REACTOME_REGULATION_OF_SIGNALING_BY_CBL,0.20561183989048,0.2455267830459012,test,0.4,270,674,0.5,/Users/charlottejob/Code/Evaluation_neuron_interpretability/vega_fcn_sweep/fcn_040
REACTOME_AMINO_ACID_SYNTHESIS_AND_INTERCONVERSION_TRANSAMINATION,0.7796047925949097,0.5446484430976573,test,0.4,270,674,0.5,/Users/charlottejob/Code/Evaluation_neuron_interpretability/vega_fcn_sweep/fcn_040
REACTOME_CALNEXIN_CALRETICULIN_CYCLE,,0.8573694542599135,test,0.4,270,674,0.5,/Users/charlottejob/Code/Evaluation_neuron_interpretability/vega_fcn_sweep/fcn_040
REACTOME_SYNTHESIS_SECRETION_AND_INACTIVATION_OF_GIP,,0.2392653666623042,test,0.4,270,674,0.5,/Users/charlottejob/Code/Evaluation_neuron_interpretability/vega_fcn_sweep/fcn_040
REACTOME_PASSIVE_TRANSPORT_BY_AQUAPORINS,-0.0229937322437763,0.272586355740564,test,0.4,270,674,0.5,/Users/charlottejob/Code/Evaluation_neuron_interpretability/vega_fcn_sweep/fcn_040
REACTOME_NEPHRIN_INTERACTIONS,0.0232294350862503,0.3528135341297885,test,0.4,270,674,0.5,/Users/charlottejob/Code/Evaluation_neuron_interpretability/vega_fcn_sweep/fcn_040
REACTOME_IL_3_5_AND_GM_CSF_SIGNALING,0.4566990733146667,0.5850956964031169,test,0.4,270,674,0.5,/Users/charlottejob/Code/Evaluation_neuron_interpretability/vega_fcn_sweep/fcn_040
REACTOME_NITRIC_OXIDE_STIMULATES_GUANYLATE_CYCLASE,0.0096405427902936,0.3090463914368272,test,0.4,270,674,0.5,/Users/charlottejob/Code/Evaluation_neuron_interpretability/vega_fcn_sweep/fcn_040
REACTOME_PLATELET_HOMEOSTASIS,0.5408812761306763,0.7115850711766987,test,0.4,270,674,0.5,/Users/charlottejob/Code/Evaluation_neuron_interpretability/vega_fcn_sweep/fcn_040
REACTOME_N_GLYCAN_TRIMMING_IN_THE_ER_AND_CALNEXIN_CALRETICULIN_CYCLE,,0.853771321380273,test,0.4,270,674,0.5,/Users/charlottejob/Code/Evaluation_neuron_interpretability/vega_fcn_sweep/fcn_040
REACTOME_PLATELET_SENSITIZATION_BY_LDL,0.6808281540870667,0.7213705773592951,test,0.4,270,674,0.5,/Users/charlottejob/Code/Evaluation_neuron_interpretability/vega_fcn_sweep/fcn_040
REACTOME_AQUAPORIN_MEDIATED_TRANSPORT,0.5662418007850647,0.642929743256681,test,0.4,270,674,0.5,/Users/charlottejob/Code/Evaluation_neuron_interpretability/vega_fcn_sweep/fcn_040
REACTOME_IL_RECEPTOR_SHC_SIGNALING,0.0263088569045066,0.23478250152733982,test,0.4,270,674,0.5,/Users/charlottejob/Code/Evaluation_neuron_interpretability/vega_fcn_sweep/fcn_040
REACTOME_RAP1_SIGNALLING,0.678194522857666,0.7559089707846134,test,0.4,270,674,0.5,/Users/charlottejob/Code/Evaluation_neuron_interpretability/vega_fcn_sweep/fcn_040
REACTOME_PLATELET_CALCIUM_HOMEOSTASIS,-0.0011461655376479,0.8571335787346909,test,0.4,270,674,0.5,/Users/charlottejob/Code/Evaluation_neuron_interpretability/vega_fcn_sweep/fcn_040
REACTOME_SIGNAL_REGULATORY_PROTEIN_SIRP_FAMILY_INTERACTIONS,0.343305379152298,0.5997785984395618,test,0.4,270,674,0.5,/Users/charlottejob/Code/Evaluation_neuron_interpretability/vega_fcn_sweep/fcn_040
REACTOME_PROSTACYCLIN_SIGNALLING_THROUGH_PROSTACYCLIN_RECEPTOR,-0.030920822173357,0.2734005927393961,test,0.4,270,674,0.5,/Users/charlottejob/Code/Evaluation_neuron_interpretability/vega_fcn_sweep/fcn_040
REACTOME_GABA_SYNTHESIS_RELEASE_REUPTAKE_AND_DEGRADATION,0.0145663153380155,0.8629300678770644,test,0.4,270,674,0.5,/Users/charlottejob/Code/Evaluation_neuron_interpretability/vega_fcn_sweep/fcn_040
REACTOME_INCRETIN_SYNTHESIS_SECRETION_AND_INACTIVATION,,0.8589503991624133,test,0.4,270,674,0.5,/Users/charlottejob/Code/Evaluation_neuron_interpretability/vega_fcn_sweep/fcn_040
REACTOME_TRANSPORT_OF_ORGANIC_ANIONS,,0.8531047419622212,test,0.4,270,674,0.5,/Users/charlottejob/Code/Evaluation_neuron_interpretability/vega_fcn_sweep/fcn_040
REACTOME_SYNTHESIS_SECRETION_AND_INACTIVATION_OF_GLP1,,0.30018234960520007,test,0.4,270,674,0.5,/Users/charlottejob/Code/Evaluation_neuron_interpretability/vega_fcn_sweep/fcn_040
REACTOME_REGULATION_OF_WATER_BALANCE_BY_RENAL_AQUAPORINS,0.5601791739463806,0.6679819090064791,test,0.4,270,674,0.5,/Users/charlottejob/Code/Evaluation_neuron_interpretability/vega_fcn_sweep/fcn_040
REACTOME_DESTABILIZATION_OF_MRNA_BY_BRF1,0.759122908115387,0.7653230704071042,test,0.4,270,674,0.5,/Users/charlottejob/Code/Evaluation_neuron_interpretability/vega_fcn_sweep/fcn_040
REACTOME_IRAK1_RECRUITS_IKK_COMPLEX,,0.864452296819788,test,0.4,270,674,0.5,/Users/charlottejob/Code/Evaluation_neuron_interpretability/vega_fcn_sweep/fcn_040
REACTOME_TRAF6_MEDIATED_IRF7_ACTIVATION,0.8657591342926025,0.5617515704750686,test,0.4,270,674,0.5,/Users/charlottejob/Code/Evaluation_neuron_interpretability/vega_fcn_sweep/fcn_040
REACTOME_CIRCADIAN_CLOCK,0.5027276873588562,0.6666965525728249,test,0.4,270,674,0.5,/Users/charlottejob/Code/Evaluation_neuron_interpretability/vega_fcn_sweep/fcn_040
REACTOME_TRAF6_MEDIATED_NFKB_ACTIVATION,0.6439252495765686,0.8248790798946816,test,0.4,270,674,0.5,/Users/charlottejob/Code/Evaluation_neuron_interpretability/vega_fcn_sweep/fcn_040
REACTOME_FACTORS_INVOLVED_IN_MEGAKARYOCYTE_DEVELOPMENT_AND_PLATELET_PRODUCTION,0.3013047873973846,0.5885349415942683,test,0.4,270,674,0.5,/Users/charlottejob/Code/Evaluation_neuron_interpretability/vega_fcn_sweep/fcn_040
REACTOME_REGULATION_OF_IFNG_SIGNALING,0.6129621863365173,0.6808361021746393,test,0.4,270,674,0.5,/Users/charlottejob/Code/Evaluation_neuron_interpretability/vega_fcn_sweep/fcn_040
REACTOME_GABA_A_RECEPTOR_ACTIVATION,,0.31720804432229643,test,0.4,270,674,0.5,/Users/charlottejob/Code/Evaluation_neuron_interpretability/vega_fcn_sweep/fcn_040
REACTOME_REGULATION_OF_MRNA_STABILITY_BY_PROTEINS_THAT_BIND_AU_RICH_ELEMENTS,0.6245865821838379,0.7318070870052649,test,0.4,270,674,0.5,/Users/charlottejob/Code/Evaluation_neuron_interpretability/vega_fcn_sweep/fcn_040
REACTOME_INHIBITION_OF_VOLTAGE_GATED_CA2_CHANNELS_VIA_GBETA_GAMMA_SUBUNITS,-0.0181818827986717,0.23457543634222078,test,0.4,270,674,0.5,/Users/charlottejob/Code/Evaluation_neuron_interpretability/vega_fcn_sweep/fcn_040
REACTOME_IRAK2_MEDIATED_ACTIVATION_OF_TAK1_COMPLEX_UPON_TLR7_8_OR_9_STIMULATION,,0.2795724817868517,test,0.4,270,674,0.5,/Users/charlottejob/Code/Evaluation_neuron_interpretability/vega_fcn_sweep/fcn_040
REACTOME_TRAF6_MEDIATED_INDUCTION_OF_NFKB_AND_MAP_KINASES_UPON_TLR7_8_OR_9_ACTIVATION,0.3579670190811157,0.9727150936440716,test,0.4,270,674,0.5,/Users/charlottejob/Code/Evaluation_neuron_interpretability/vega_fcn_sweep/fcn_040
REACTOME_TRAF3_DEPENDENT_IRF_ACTIVATION_PATHWAY,-0.005627566948533,0.22809923439340396,test,0.4,270,674,0.5,/Users/charlottejob/Code/Evaluation_neuron_interpretability/vega_fcn_sweep/fcn_040
REACTOME_GABA_B_RECEPTOR_ACTIVATION,0.0182666257023811,0.3000017846307599,test,0.4,270,674,0.5,/Users/charlottejob/Code/Evaluation_neuron_interpretability/vega_fcn_sweep/fcn_040
REACTOME_NFKB_ACTIVATION_THROUGH_FADD_RIP1_PATHWAY_MEDIATED_BY_CASPASE_8_AND10,,0.8609012781922087,test,0.4,270,674,0.5,/Users/charlottejob/Code/Evaluation_neuron_interpretability/vega_fcn_sweep/fcn_040
REACTOME_DESTABILIZATION_OF_MRNA_BY_KSRP,,0.8583850281376784,test,0.4,270,674,0.5,/Users/charlottejob/Code/Evaluation_neuron_interpretability/vega_fcn_sweep/fcn_040
REACTOME_TRANSPORT_TO_THE_GOLGI_AND_SUBSEQUENT_MODIFICATION,,0.8569367011298695,test,0.4,270,674,0.5,/Users/charlottejob/Code/Evaluation_neuron_interpretability/vega_fcn_sweep/fcn_040
REACTOME_IRON_UPTAKE_AND_TRANSPORT,0.2995714843273163,0.9979545263335017,test,0.4,270,674,0.5,/Users/charlottejob/Code/Evaluation_neuron_interpretability/vega_fcn_sweep/fcn_040
REACTOME_DESTABILIZATION_OF_MRNA_BY_TRISTETRAPROLIN_TTP,,0.860831479300266,test,0.4,270,674,0.5,/Users/charlottejob/Code/Evaluation_neuron_interpretability/vega_fcn_sweep/fcn_040
REACTOME_INTERFERON_GAMMA_SIGNALING,0.3348444104194641,0.9801470165761725,test,0.4,270,674,0.5,/Users/charlottejob/Code/Evaluation_neuron_interpretability/vega_fcn_sweep/fcn_040
REACTOME_N_GLYCAN_ANTENNAE_ELONGATION,,0.860386511364132,test,0.4,270,674,0.5,/Users/charlottejob/Code/Evaluation_neuron_interpretability/vega_fcn_sweep/fcn_040
REACTOME_TRAF6_MEDIATED_IRF7_ACTIVATION_IN_TLR7_8_OR_9_SIGNALING,0.0225175470113754,0.3137900330921532,test,0.4,270,674,0.5,/Users/charlottejob/Code/Evaluation_neuron_interpretability/vega_fcn_sweep/fcn_040
REACTOME_ACTIVATION_OF_IRF3_IRF7_MEDIATED_BY_TBK1_IKK_EPSILON,0.0054120663553476,0.3463091194951944,test,0.4,270,674,0.5,/Users/charlottejob/Code/Evaluation_neuron_interpretability/vega_fcn_sweep/fcn_040
REACTOME_ION_TRANSPORT_BY_P_TYPE_ATPASES,-0.0313477143645286,0.3346372010073909,test,0.4,270,674,0.5,/Users/charlottejob/Code/Evaluation_neuron_interpretability/vega_fcn_sweep/fcn_040
REACTOME_INTERFERON_ALPHA_BETA_SIGNALING,0.0450784489512443,0.3260356288126173,test,0.4,270,674,0.5,/Users/charlottejob/Code/Evaluation_neuron_interpretability/vega_fcn_sweep/fcn_040
REACTOME_ADVANCED_GLYCOSYLATION_ENDPRODUCT_RECEPTOR_SIGNALING,0.687756359577179,0.6453476431464035,test,0.4,270,674,0.5,/Users/charlottejob/Code/Evaluation_neuron_interpretability/vega_fcn_sweep/fcn_040
REACTOME_GABA_RECEPTOR_ACTIVATION,0.1606703102588653,0.734894885248242,test,0.4,270,674,0.5,/Users/charlottejob/Code/Evaluation_neuron_interpretability/vega_fcn_sweep/fcn_040
REACTOME_KINESINS,0.0298757292330265,0.2876992656747508,test,0.4,270,674,0.5,/Users/charlottejob/Code/Evaluation_neuron_interpretability/vega_fcn_sweep/fcn_040
REACTOME_N_GLYCAN_ANTENNAE_ELONGATION_IN_THE_MEDIAL_TRANS_GOLGI,,0.8620215504078873,test,0.4,270,674,0.5,/Users/charlottejob/Code/Evaluation_neuron_interpretability/vega_fcn_sweep/fcn_040
REACTOME_REGULATION_OF_IFNA_SIGNALING,0.6717761158943176,0.7068438725102403,test,0.4,270,674,0.5,/Users/charlottejob/Code/Evaluation_neuron_interpretability/vega_fcn_sweep/fcn_040
REACTOME_INTERFERON_SIGNALING,0.0849057212471962,0.6375394912101098,test,0.4,270,674,0.5,/Users/charlottejob/Code/Evaluation_neuron_interpretability/vega_fcn_sweep/fcn_040
REACTOME_NEGATIVE_REGULATORS_OF_RIG_I_MDA5_SIGNALING,0.0442347303032875,0.2590671308085555,test,0.4,270,674,0.5,/Users/charlottejob/Code/Evaluation_neuron_interpretability/vega_fcn_sweep/fcn_040
REACTOME_NFKB_AND_MAP_KINASES_ACTIVATION_MEDIATED_BY_TLR4_SIGNALING_REPERTOIRE,-0.0011361420620232,0.3278837124727926,test,0.4,270,674,0.5,/Users/charlottejob/Code/Evaluation_neuron_interpretability/vega_fcn_sweep/fcn_040
REACTOME_TRANSFERRIN_ENDOCYTOSIS_AND_RECYCLING,,0.366763512629237,test,0.4,270,674,0.5,/Users/charlottejob/Code/Evaluation_neuron_interpretability/vega_fcn_sweep/fcn_040
REACTOME_DSCAM_INTERACTIONS,,0.29843039741744104,test,0.4,270,674,0.5,/Users/charlottejob/Code/Evaluation_neuron_interpretability/vega_fcn_sweep/fcn_040
REACTOME_ION_CHANNEL_TRANSPORT,0.3493070304393768,0.6428732693125555,test,0.4,270,674,0.5,/Users/charlottejob/Code/Evaluation_neuron_interpretability/vega_fcn_sweep/fcn_040
REACTOME_DESTABILIZATION_OF_MRNA_BY_AUF1_HNRNP_D0,,0.8587601971818697,test,0.4,270,674,0.5,/Users/charlottejob/Code/Evaluation_neuron_interpretability/vega_fcn_sweep/fcn_040
REACTOME_TRAF6_MEDIATED_INDUCTION_OF_TAK1_COMPLEX,0.0200757123529911,0.22295838241067922,test,0.4,270,674,0.5,/Users/charlottejob/Code/Evaluation_neuron_interpretability/vega_fcn_sweep/fcn_040
REACTOME_RIG_I_MDA5_MEDIATED_INDUCTION_OF_IFN_ALPHA_BETA_PATHWAYS,-0.0102760605514049,0.2861068196276121,test,0.4,270,674,0.5,/Users/charlottejob/Code/Evaluation_neuron_interpretability/vega_fcn_sweep/fcn_040
REACTOME_IKK_COMPLEX_RECRUITMENT_MEDIATED_BY_RIP1,-0.0355424582958221,0.2465558219754332,test,0.4,270,674,0.5,/Users/charlottejob/Code/Evaluation_neuron_interpretability/vega_fcn_sweep/fcn_040
REACTOME_LIGAND_GATED_ION_CHANNEL_TRANSPORT,,0.8599048990097282,test,0.4,270,674,0.5,/Users/charlottejob/Code/Evaluation_neuron_interpretability/vega_fcn_sweep/fcn_040
REACTOME_FORMATION_OF_INCISION_COMPLEX_IN_GG_NER,-0.0122807258740067,0.8633846821745149,test,0.4,270,674,0.5,/Users/charlottejob/Code/Evaluation_neuron_interpretability/vega_fcn_sweep/fcn_040
REACTOME_TRANSCRIPTIONAL_REGULATION_OF_WHITE_ADIPOCYTE_DIFFERENTIATION,0.4546085298061371,0.6331143885735687,test,0.4,270,674,0.5,/Users/charlottejob/Code/Evaluation_neuron_interpretability/vega_fcn_sweep/fcn_040
REACTOME_ENDOSOMAL_SORTING_COMPLEX_REQUIRED_FOR_TRANSPORT_ESCRT,,0.2682860009597347,test,0.4,270,674,0.5,/Users/charlottejob/Code/Evaluation_neuron_interpretability/vega_fcn_sweep/fcn_040
REACTOME_MEIOTIC_RECOMBINATION,-0.016025248914957,0.3131534393226349,test,0.4,270,674,0.5,/Users/charlottejob/Code/Evaluation_neuron_interpretability/vega_fcn_sweep/fcn_040
REACTOME_IL_2_SIGNALING,0.6150776147842407,0.5901306557789785,test,0.4,270,674,0.5,/Users/charlottejob/Code/Evaluation_neuron_interpretability/vega_fcn_sweep/fcn_040
REACTOME_IL_6_SIGNALING,-0.0361504517495632,0.28192078476873583,test,0.4,270,674,0.5,/Users/charlottejob/Code/Evaluation_neuron_interpretability/vega_fcn_sweep/fcn_040
REACTOME_PLATELET_AGGREGATION_PLUG_FORMATION,0.6396964192390442,0.7273575446253828,test,0.4,270,674,0.5,/Users/charlottejob/Code/Evaluation_neuron_interpretability/vega_fcn_sweep/fcn_040
REACTOME_SIGNALING_BY_NOTCH,0.3375678658485412,0.5852873441977392,test,0.4,270,674,0.5,/Users/charlottejob/Code/Evaluation_neuron_interpretability/vega_fcn_sweep/fcn_040
REACTOME_LAGGING_STRAND_SYNTHESIS,,0.24037691401648997,test,0.4,270,674,0.5,/Users/charlottejob/Code/Evaluation_neuron_interpretability/vega_fcn_sweep/fcn_040
REACTOME_INTRINSIC_PATHWAY,0.0224038772284984,0.6829606371975071,test,0.4,270,674,0.5,/Users/charlottejob/Code/Evaluation_neuron_interpretability/vega_fcn_sweep/fcn_040
REACTOME_INHIBITION_OF_REPLICATION_INITIATION_OF_DAMAGED_DNA_BY_RB1_E2F1,,0.230004798673821,test,0.4,270,674,0.5,/Users/charlottejob/Code/Evaluation_neuron_interpretability/vega_fcn_sweep/fcn_040
REACTOME_ETHANOL_OXIDATION,-0.0569736957550048,0.26474504828511813,test,0.4,270,674,0.5,/Users/charlottejob/Code/Evaluation_neuron_interpretability/vega_fcn_sweep/fcn_040
REACTOME_SYNTHESIS_OF_VERY_LONG_CHAIN_FATTY_ACYL_COAS,0.0245908685028553,0.2823730557032995,test,0.4,270,674,0.5,/Users/charlottejob/Code/Evaluation_neuron_interpretability/vega_fcn_sweep/fcn_040
REACTOME_DNA_REPLICATION,0.1703202277421951,0.9598216132135696,test,0.4,270,674,0.5,/Users/charlottejob/Code/Evaluation_neuron_interpretability/vega_fcn_sweep/fcn_040
REACTOME_CLEAVAGE_OF_GROWING_TRANSCRIPT_IN_THE_TERMINATION_REGION_,,0.8537224621559131,test,0.4,270,674,0.5,/Users/charlottejob/Code/Evaluation_neuron_interpretability/vega_fcn_sweep/fcn_040
REACTOME_PKB_MEDIATED_EVENTS,0.6915380954742432,0.6422217534236943,test,0.4,270,674,0.5,/Users/charlottejob/Code/Evaluation_neuron_interpretability/vega_fcn_sweep/fcn_040
REACTOME_E2F_MEDIATED_REGULATION_OF_DNA_REPLICATION,0.7122929096221924,0.7509289640473386,test,0.4,270,674,0.5,/Users/charlottejob/Code/Evaluation_neuron_interpretability/vega_fcn_sweep/fcn_040
REACTOME_METABOLISM_OF_CARBOHYDRATES,0.2894924879074096,0.758375614187434,test,0.4,270,674,0.5,/Users/charlottejob/Code/Evaluation_neuron_interpretability/vega_fcn_sweep/fcn_040
REACTOME_HORMONE_SENSITIVE_LIPASE_HSL_MEDIATED_TRIACYLGLYCEROL_HYDROLYSIS,0.0720387995243072,0.8298496439303645,test,0.4,270,674,0.5,/Users/charlottejob/Code/Evaluation_neuron_interpretability/vega_fcn_sweep/fcn_040
REACTOME_SIGNALING_BY_INSULIN_RECEPTOR,0.5764124989509583,0.7591465072030442,test,0.4,270,674,0.5,/Users/charlottejob/Code/Evaluation_neuron_interpretability/vega_fcn_sweep/fcn_040
REACTOME_SIGNAL_ATTENUATION,0.8672468066215515,0.6517518206018093,test,0.4,270,674,0.5,/Users/charlottejob/Code/Evaluation_neuron_interpretability/vega_fcn_sweep/fcn_040
REACTOME_PURINE_METABOLISM,0.5714046955108643,0.7515792388804756,test,0.4,270,674,0.5,/Users/charlottejob/Code/Evaluation_neuron_interpretability/vega_fcn_sweep/fcn_040
REACTOME_SOS_MEDIATED_SIGNALLING,0.8687124252319336,0.6007102140968222,test,0.4,270,674,0.5,/Users/charlottejob/Code/Evaluation_neuron_interpretability/vega_fcn_sweep/fcn_040
REACTOME_RNA_POL_III_TRANSCRIPTION_INITIATION_FROM_TYPE_3_PROMOTER,,0.3303616455088775,test,0.4,270,674,0.5,/Users/charlottejob/Code/Evaluation_neuron_interpretability/vega_fcn_sweep/fcn_040
REACTOME_APOPTOSIS,0.2868991792201996,0.6205470092769528,test,0.4,270,674,0.5,/Users/charlottejob/Code/Evaluation_neuron_interpretability/vega_fcn_sweep/fcn_040
REACTOME_LIPID_DIGESTION_MOBILIZATION_AND_TRANSPORT,0.8482903242111206,0.6515763731533273,test,0.4,270,674,0.5,/Users/charlottejob/Code/Evaluation_neuron_interpretability/vega_fcn_sweep/fcn_040
REACTOME_HEMOSTASIS,0.0931764096021652,0.8704827577759949,test,0.4,270,674,0.5,/Users/charlottejob/Code/Evaluation_neuron_interpretability/vega_fcn_sweep/fcn_040
REACTOME_INFLUENZA_LIFE_CYCLE,0.7683488130569458,1.0,test,0.4,270,674,0.5,/Users/charlottejob/Code/Evaluation_neuron_interpretability/vega_fcn_sweep/fcn_040
REACTOME_INFLUENZA_VIRAL_RNA_TRANSCRIPTION_AND_REPLICATION,0.0551226288080215,0.3018203556274568,test,0.4,270,674,0.5,/Users/charlottejob/Code/Evaluation_neuron_interpretability/vega_fcn_sweep/fcn_040
REACTOME_NEP_NS2_INTERACTS_WITH_THE_CELLULAR_EXPORT_MACHINERY,0.8125350475311279,0.7294685476943241,test,0.4,270,674,0.5,/Users/charlottejob/Code/Evaluation_neuron_interpretability/vega_fcn_sweep/fcn_040
REACTOME_HIV_INFECTION,0.032475896179676,0.2992348571269581,test,0.4,270,674,0.5,/Users/charlottejob/Code/Evaluation_neuron_interpretability/vega_fcn_sweep/fcn_040
REACTOME_TRANSPORT_OF_RIBONUCLEOPROTEINS_INTO_THE_HOST_NUCLEUS,0.0021330760791897,0.27180318286883287,test,0.4,270,674,0.5,/Users/charlottejob/Code/Evaluation_neuron_interpretability/vega_fcn_sweep/fcn_040
REACTOME_HIV_LIFE_CYCLE,0.2748290300369262,0.6342379490232612,test,0.4,270,674,0.5,/Users/charlottejob/Code/Evaluation_neuron_interpretability/vega_fcn_sweep/fcn_040
REACTOME_ABORTIVE_ELONGATION_OF_HIV1_TRANSCRIPT_IN_THE_ABSENCE_OF_TAT,,0.8652270645203508,test,0.4,270,674,0.5,/Users/charlottejob/Code/Evaluation_neuron_interpretability/vega_fcn_sweep/fcn_040
REACTOME_EARLY_PHASE_OF_HIV_LIFE_CYCLE,-0.034881867468357,0.2640138529965016,test,0.4,270,674,0.5,/Users/charlottejob/Code/Evaluation_neuron_interpretability/vega_fcn_sweep/fcn_040
REACTOME_HOST_INTERACTIONS_OF_HIV_FACTORS,0.0230909269303083,0.3152518904144076,test,0.4,270,674,0.5,/Users/charlottejob/Code/Evaluation_neuron_interpretability/vega_fcn_sweep/fcn_040
REACTOME_RNA_POL_III_TRANSCRIPTION_TERMINATION,,0.23390655673341176,test,0.4,270,674,0.5,/Users/charlottejob/Code/Evaluation_neuron_interpretability/vega_fcn_sweep/fcn_040
REACTOME_RESPIRATORY_ELECTRON_TRANSPORT_ATP_SYNTHESIS_BY_CHEMIOSMOTIC_COUPLING_AND_HEAT_PRODUCTION_BY_UNCOUPLING_PROTEINS_,0.0095931040123105,0.8057445834338182,test,0.4,270,674,0.5,/Users/charlottejob/Code/Evaluation_neuron_interpretability/vega_fcn_sweep/fcn_040
REACTOME_FORMATION_OF_THE_HIV1_EARLY_ELONGATION_COMPLEX,0.0113948443904519,0.8114415751248136,test,0.4,270,674,0.5,/Users/charlottejob/Code/Evaluation_neuron_interpretability/vega_fcn_sweep/fcn_040
REACTOME_RAF_MAP_KINASE_CASCADE,,0.8531483662696854,test,0.4,270,674,0.5,/Users/charlottejob/Code/Evaluation_neuron_interpretability/vega_fcn_sweep/fcn_040
REACTOME_VIRAL_MESSENGER_RNA_SYNTHESIS,,0.24485800287920434,test,0.4,270,674,0.5,/Users/charlottejob/Code/Evaluation_neuron_interpretability/vega_fcn_sweep/fcn_040
REACTOME_LATE_PHASE_OF_HIV_LIFE_CYCLE,0.3902899324893951,0.6305548284837645,test,0.4,270,674,0.5,/Users/charlottejob/Code/Evaluation_neuron_interpretability/vega_fcn_sweep/fcn_040
REACTOME_SHC_MEDIATED_SIGNALLING,,0.2951044802163766,test,0.4,270,674,0.5,/Users/charlottejob/Code/Evaluation_neuron_interpretability/vega_fcn_sweep/fcn_040
REACTOME_INTERACTIONS_OF_VPR_WITH_HOST_CELLULAR_PROTEINS,0.8001015782356262,0.7573793140094052,test,0.4,270,674,0.5,/Users/charlottejob/Code/Evaluation_neuron_interpretability/vega_fcn_sweep/fcn_040
REACTOME_FORMATION_OF_ATP_BY_CHEMIOSMOTIC_COUPLING,,0.2953732059503555,test,0.4,270,674,0.5,/Users/charlottejob/Code/Evaluation_neuron_interpretability/vega_fcn_sweep/fcn_040
REACTOME_APC_C_CDH1_MEDIATED_DEGRADATION_OF_CDC20_AND_OTHER_APC_C_CDH1_TARGETED_PROTEINS_IN_LATE_MITOSIS_EARLY_G1,0.2052597403526306,0.8543609065236208,test,0.4,270,674,0.5,/Users/charlottejob/Code/Evaluation_neuron_interpretability/vega_fcn_sweep/fcn_040
REACTOME_ACTIVATION_OF_ATR_IN_RESPONSE_TO_REPLICATION_STRESS,,0.8671622387994591,test,0.4,270,674,0.5,/Users/charlottejob/Code/Evaluation_neuron_interpretability/vega_fcn_sweep/fcn_040
REACTOME_UNWINDING_OF_DNA,,0.2931745408541639,test,0.4,270,674,0.5,/Users/charlottejob/Code/Evaluation_neuron_interpretability/vega_fcn_sweep/fcn_040
REACTOME_APC_C_CDC20_MEDIATED_DEGRADATION_OF_MITOTIC_PROTEINS,0.8342569470405579,0.5672743979451375,test,0.4,270,674,0.5,/Users/charlottejob/Code/Evaluation_neuron_interpretability/vega_fcn_sweep/fcn_040
REACTOME_GLUCURONIDATION,,0.2743585045587401,test,0.4,270,674,0.5,/Users/charlottejob/Code/Evaluation_neuron_interpretability/vega_fcn_sweep/fcn_040
REACTOME_AUTODEGRADATION_OF_CDH1_BY_CDH1_APC_C,0.0296919029206037,0.8638862919710343,test,0.4,270,674,0.5,/Users/charlottejob/Code/Evaluation_neuron_interpretability/vega_fcn_sweep/fcn_040
REACTOME_MYD88_MAL_CASCADE_INITIATED_ON_PLASMA_MEMBRANE,0.3788796067237854,0.8367970294064804,test,0.4,270,674,0.5,/Users/charlottejob/Code/Evaluation_neuron_interpretability/vega_fcn_sweep/fcn_040
REACTOME_INNATE_IMMUNE_SYSTEM,0.152058944106102,0.7067549124086225,test,0.4,270,674,0.5,/Users/charlottejob/Code/Evaluation_neuron_interpretability/vega_fcn_sweep/fcn_040
REACTOME_REGULATION_OF_GLUCOKINASE_BY_GLUCOKINASE_REGULATORY_PROTEIN,0.8565736413002014,0.7261244263946405,test,0.4,270,674,0.5,/Users/charlottejob/Code/Evaluation_neuron_interpretability/vega_fcn_sweep/fcn_040
REACTOME_MITOTIC_PROMETAPHASE,0.2042326480150222,0.9803230792630084,test,0.4,270,674,0.5,/Users/charlottejob/Code/Evaluation_neuron_interpretability/vega_fcn_sweep/fcn_040
REACTOME_APC_C_CDC20_MEDIATED_DEGRADATION_OF_CYCLIN_B,0.0217813234776258,0.8504016064257026,test,0.4,270,674,0.5,/Users/charlottejob/Code/Evaluation_neuron_interpretability/vega_fcn_sweep/fcn_040
REACTOME_SCF_BETA_TRCP_MEDIATED_DEGRADATION_OF_EMI1,0.0935505107045173,0.8556967811121073,test,0.4,270,674,0.5,/Users/charlottejob/Code/Evaluation_neuron_interpretability/vega_fcn_sweep/fcn_040
REACTOME_LIPOPROTEIN_METABOLISM,-0.0244372580200433,0.2813286078651311,test,0.4,270,674,0.5,/Users/charlottejob/Code/Evaluation_neuron_interpretability/vega_fcn_sweep/fcn_040
REACTOME_G1_S_SPECIFIC_TRANSCRIPTION,0.0741948634386062,0.23744846878680803,test,0.4,270,674,0.5,/Users/charlottejob/Code/Evaluation_neuron_interpretability/vega_fcn_sweep/fcn_040
REACTOME_THE_ROLE_OF_NEF_IN_HIV1_REPLICATION_AND_DISEASE_PATHOGENESIS,0.0577823594212532,0.3226178430219519,test,0.4,270,674,0.5,/Users/charlottejob/Code/Evaluation_neuron_interpretability/vega_fcn_sweep/fcn_040
REACTOME_CHYLOMICRON_MEDIATED_LIPID_TRANSPORT,0.8772358298301697,0.6385606386287935,test,0.4,270,674,0.5,/Users/charlottejob/Code/Evaluation_neuron_interpretability/vega_fcn_sweep/fcn_040
REACTOME_SIGNALING_BY_TGF_BETA_RECEPTOR_COMPLEX,0.6988987922668457,0.9820376914016489,test,0.4,270,674,0.5,/Users/charlottejob/Code/Evaluation_neuron_interpretability/vega_fcn_sweep/fcn_040
REACTOME_CONVERSION_FROM_APC_C_CDC20_TO_APC_C_CDH1_IN_LATE_ANAPHASE,-0.0150255905464291,0.19061404629117173,test,0.4,270,674,0.5,/Users/charlottejob/Code/Evaluation_neuron_interpretability/vega_fcn_sweep/fcn_040
REACTOME_ACTIVATED_TLR4_SIGNALLING,0.4580156505107879,0.6171182998027182,test,0.4,270,674,0.5,/Users/charlottejob/Code/Evaluation_neuron_interpretability/vega_fcn_sweep/fcn_040
REACTOME_IMMUNE_SYSTEM,0.09840939193964,0.4315160693252566,test,0.4,270,674,0.5,/Users/charlottejob/Code/Evaluation_neuron_interpretability/vega_fcn_sweep/fcn_040
REACTOME_BINDING_AND_ENTRY_OF_HIV_VIRION,0.7924754619598389,0.5748359414437153,test,0.4,270,674,0.5,/Users/charlottejob/Code/Evaluation_neuron_interpretability/vega_fcn_sweep/fcn_040
REACTOME_PHOSPHORYLATION_OF_THE_APC_C,0.0182512812316417,0.8654462033060965,test,0.4,270,674,0.5,/Users/charlottejob/Code/Evaluation_neuron_interpretability/vega_fcn_sweep/fcn_040
REACTOME_CYTOSOLIC_SULFONATION_OF_SMALL_MOLECULES,-0.0092631028965115,0.3213939946804234,test,0.4,270,674,0.5,/Users/charlottejob/Code/Evaluation_neuron_interpretability/vega_fcn_sweep/fcn_040
REACTOME_INTEGRATION_OF_PROVIRUS,0.7759760618209839,0.5698282993998541,test,0.4,270,674,0.5,/Users/charlottejob/Code/Evaluation_neuron_interpretability/vega_fcn_sweep/fcn_040
REACTOME_GLUTATHIONE_CONJUGATION,0.4232940077781677,0.7964128762620826,test,0.4,270,674,0.5,/Users/charlottejob/Code/Evaluation_neuron_interpretability/vega_fcn_sweep/fcn_040
REACTOME_COMPLEMENT_CASCADE,-0.0549566484987735,0.2923918229659091,test,0.4,270,674,0.5,/Users/charlottejob/Code/Evaluation_neuron_interpretability/vega_fcn_sweep/fcn_040
REACTOME_PHASE_II_CONJUGATION,0.3474145233631134,0.6717672051152617,test,0.4,270,674,0.5,/Users/charlottejob/Code/Evaluation_neuron_interpretability/vega_fcn_sweep/fcn_040
REACTOME_MTORC1_MEDIATED_SIGNALLING,0.8382756114006042,0.7150270311895649,test,0.4,270,674,0.5,/Users/charlottejob/Code/Evaluation_neuron_interpretability/vega_fcn_sweep/fcn_040
REACTOME_TOLL_RECEPTOR_CASCADES,0.1388609856367111,0.8410497552838925,test,0.4,270,674,0.5,/Users/charlottejob/Code/Evaluation_neuron_interpretability/vega_fcn_sweep/fcn_040
REACTOME_ACTIVATION_OF_BH3_ONLY_PROTEINS,-0.0005800039507448,0.3449981360817813,test,0.4,270,674,0.5,/Users/charlottejob/Code/Evaluation_neuron_interpretability/vega_fcn_sweep/fcn_040
REACTOME_GLUCOSE_METABOLISM,0.0343610383570194,0.3601115716043597,test,0.4,270,674,0.5,/Users/charlottejob/Code/Evaluation_neuron_interpretability/vega_fcn_sweep/fcn_040
REACTOME_RNA_POL_III_CHAIN_ELONGATION,,0.8552388430833661,test,0.4,270,674,0.5,/Users/charlottejob/Code/Evaluation_neuron_interpretability/vega_fcn_sweep/fcn_040
REACTOME_VOLTAGE_GATED_POTASSIUM_CHANNELS,0.5801222324371338,0.6255832485766114,test,0.4,270,674,0.5,/Users/charlottejob/Code/Evaluation_neuron_interpretability/vega_fcn_sweep/fcn_040
REACTOME_ADAPTIVE_IMMUNE_SYSTEM,0.3928720653057098,0.9827770363097232,test,0.4,270,674,0.5,/Users/charlottejob/Code/Evaluation_neuron_interpretability/vega_fcn_sweep/fcn_040
REACTOME_NOD1_2_SIGNALING_PATHWAY,0.6209326982498169,0.6366252054247895,test,0.4,270,674,0.5,/Users/charlottejob/Code/Evaluation_neuron_interpretability/vega_fcn_sweep/fcn_040
REACTOME_CYTOKINE_SIGNALING_IN_IMMUNE_SYSTEM,0.0500857904553413,0.3541874301591616,test,0.4,270,674,0.5,/Users/charlottejob/Code/Evaluation_neuron_interpretability/vega_fcn_sweep/fcn_040
REACTOME_MEIOTIC_SYNAPSIS,0.0086882803589105,0.28271575943263627,test,0.4,270,674,0.5,/Users/charlottejob/Code/Evaluation_neuron_interpretability/vega_fcn_sweep/fcn_040
REACTOME_ANTIGEN_PRESENTATION_FOLDING_ASSEMBLY_AND_PEPTIDE_LOADING_OF_CLASS_I_MHC,0.0680667459964752,0.432225867549971,test,0.4,270,674,0.5,/Users/charlottejob/Code/Evaluation_neuron_interpretability/vega_fcn_sweep/fcn_040
REACTOME_THE_NLRP3_INFLAMMASOME,0.4389395415782928,0.7508395731673116,test,0.4,270,674,0.5,/Users/charlottejob/Code/Evaluation_neuron_interpretability/vega_fcn_sweep/fcn_040
REACTOME_CLASS_I_MHC_MEDIATED_ANTIGEN_PROCESSING_PRESENTATION,0.2830408215522766,0.9999242420142964,test,0.4,270,674,0.5,/Users/charlottejob/Code/Evaluation_neuron_interpretability/vega_fcn_sweep/fcn_040
REACTOME_NONSENSE_MEDIATED_DECAY_ENHANCED_BY_THE_EXON_JUNCTION_COMPLEX,0.0310093760490417,0.3722114606837243,test,0.4,270,674,0.5,/Users/charlottejob/Code/Evaluation_neuron_interpretability/vega_fcn_sweep/fcn_040
REACTOME_PIP3_ACTIVATES_AKT_SIGNALING,0.0094098486006259,0.2366909290958718,test,0.4,270,674,0.5,/Users/charlottejob/Code/Evaluation_neuron_interpretability/vega_fcn_sweep/fcn_040
REACTOME_ANTIGEN_PROCESSING_UBIQUITINATION_PROTEASOME_DEGRADATION,-0.0213938504457473,0.2882278422455421,test,0.4,270,674,0.5,/Users/charlottejob/Code/Evaluation_neuron_interpretability/vega_fcn_sweep/fcn_040
REACTOME_TANDEM_PORE_DOMAIN_POTASSIUM_CHANNELS,,0.856598176503948,test,0.4,270,674,0.5,/Users/charlottejob/Code/Evaluation_neuron_interpretability/vega_fcn_sweep/fcn_040
REACTOME_INFLAMMASOMES,0.4856426119804382,0.7674251639958644,test,0.4,270,674,0.5,/Users/charlottejob/Code/Evaluation_neuron_interpretability/vega_fcn_sweep/fcn_040
REACTOME_POTASSIUM_CHANNELS,0.0744997709989547,0.2758618220613559,test,0.4,270,674,0.5,/Users/charlottejob/Code/Evaluation_neuron_interpretability/vega_fcn_sweep/fcn_040
REACTOME_NUCLEOTIDE_BINDING_DOMAIN_LEUCINE_RICH_REPEAT_CONTAINING_RECEPTOR_NLR_SIGNALING_PATHWAYS,0.0407703593373298,0.3763875904299615,test,0.4,270,674,0.5,/Users/charlottejob/Code/Evaluation_neuron_interpretability/vega_fcn_sweep/fcn_040
REACTOME_INWARDLY_RECTIFYING_K_CHANNELS,0.8061627149581909,0.604347360531106,test,0.4,270,674,0.5,/Users/charlottejob/Code/Evaluation_neuron_interpretability/vega_fcn_sweep/fcn_040
REACTOME_AMYLOIDS,0.4020127058029175,0.8896083938694621,test,0.4,270,674,0.5,/Users/charlottejob/Code/Evaluation_neuron_interpretability/vega_fcn_sweep/fcn_040
REACTOME_PACKAGING_OF_TELOMERE_ENDS,0.4133183360099792,0.5445018271873395,test,0.4,270,674,0.5,/Users/charlottejob/Code/Evaluation_neuron_interpretability/vega_fcn_sweep/fcn_040
REACTOME_TELOMERE_MAINTENANCE,-0.0023144443985074,0.2862528358267289,test,0.4,270,674,0.5,/Users/charlottejob/Code/Evaluation_neuron_interpretability/vega_fcn_sweep/fcn_040
REACTOME_PLATELET_ACTIVATION_SIGNALING_AND_AGGREGATION,0.1546001732349395,0.9145703164611269,test,0.4,270,674,0.5,/Users/charlottejob/Code/Evaluation_neuron_interpretability/vega_fcn_sweep/fcn_040
REACTOME_REMOVAL_OF_THE_FLAP_INTERMEDIATE_FROM_THE_C_STRAND,,0.32395236225624924,test,0.4,270,674,0.5,/Users/charlottejob/Code/Evaluation_neuron_interpretability/vega_fcn_sweep/fcn_040
REACTOME_CREATION_OF_C4_AND_C2_ACTIVATORS,0.5126232504844666,0.6447659010600707,test,0.4,270,674,0.5,/Users/charlottejob/Code/Evaluation_neuron_interpretability/vega_fcn_sweep/fcn_040
REACTOME_APC_CDC20_MEDIATED_DEGRADATION_OF_NEK2A,0.0361180901527404,0.2633768288702514,test,0.4,270,674,0.5,/Users/charlottejob/Code/Evaluation_neuron_interpretability/vega_fcn_sweep/fcn_040
REACTOME_INITIAL_TRIGGERING_OF_COMPLEMENT,0.5938214659690857,0.6227441948510852,test,0.4,270,674,0.5,/Users/charlottejob/Code/Evaluation_neuron_interpretability/vega_fcn_sweep/fcn_040
REACTOME_EXTENSION_OF_TELOMERES,,0.8524067530427955,test,0.4,270,674,0.5,/Users/charlottejob/Code/Evaluation_neuron_interpretability/vega_fcn_sweep/fcn_040
REACTOME_G2_M_CHECKPOINTS,0.5393452048301697,0.7850596016290471,test,0.4,270,674,0.5,/Users/charlottejob/Code/Evaluation_neuron_interpretability/vega_fcn_sweep/fcn_040
REACTOME_G2_M_DNA_DAMAGE_CHECKPOINT,,0.8567604589277145,test,0.4,270,674,0.5,/Users/charlottejob/Code/Evaluation_neuron_interpretability/vega_fcn_sweep/fcn_040
REACTOME_S_PHASE,0.52373206615448,0.6410779599174615,test,0.4,270,674,0.5,/Users/charlottejob/Code/Evaluation_neuron_interpretability/vega_fcn_sweep/fcn_040
REACTOME_SCFSKP2_MEDIATED_DEGRADATION_OF_P27_P21,0.0189679339528083,0.8614290852923129,test,0.4,270,674,0.5,/Users/charlottejob/Code/Evaluation_neuron_interpretability/vega_fcn_sweep/fcn_040
REACTOME_TRYPTOPHAN_CATABOLISM,0.113160103559494,0.7735877083529934,test,0.4,270,674,0.5,/Users/charlottejob/Code/Evaluation_neuron_interpretability/vega_fcn_sweep/fcn_040
REACTOME_DNA_STRAND_ELONGATION,,0.8544483706321162,test,0.4,270,674,0.5,/Users/charlottejob/Code/Evaluation_neuron_interpretability/vega_fcn_sweep/fcn_040
REACTOME_RESOLUTION_OF_AP_SITES_VIA_THE_SINGLE_NUCLEOTIDE_REPLACEMENT_PATHWAY,,0.18509270165336122,test,0.4,270,674,0.5,/Users/charlottejob/Code/Evaluation_neuron_interpretability/vega_fcn_sweep/fcn_040
REACTOME_FGFR_LIGAND_BINDING_AND_ACTIVATION,0.161850094795227,0.6792475120430518,test,0.4,270,674,0.5,/Users/charlottejob/Code/Evaluation_neuron_interpretability/vega_fcn_sweep/fcn_040
REACTOME_CHOLESTEROL_BIOSYNTHESIS,,0.86314880251276,test,0.4,270,674,0.5,/Users/charlottejob/Code/Evaluation_neuron_interpretability/vega_fcn_sweep/fcn_040
REACTOME_APOBEC3G_MEDIATED_RESISTANCE_TO_HIV1_INFECTION,0.8348946571350098,0.6377505569877682,test,0.4,270,674,0.5,/Users/charlottejob/Code/Evaluation_neuron_interpretability/vega_fcn_sweep/fcn_040
REACTOME_GAP_JUNCTION_TRAFFICKING,-0.0149712227284908,0.8671332587766046,test,0.4,270,674,0.5,/Users/charlottejob/Code/Evaluation_neuron_interpretability/vega_fcn_sweep/fcn_040
REACTOME_FGFR2C_LIGAND_BINDING_AND_ACTIVATION,,0.3553426689351306,test,0.4,270,674,0.5,/Users/charlottejob/Code/Evaluation_neuron_interpretability/vega_fcn_sweep/fcn_040
REACTOME_METABOLISM_OF_PORPHYRINS,0.6158201694488525,0.6043748449039366,test,0.4,270,674,0.5,/Users/charlottejob/Code/Evaluation_neuron_interpretability/vega_fcn_sweep/fcn_040
REACTOME_FGFR4_LIGAND_BINDING_AND_ACTIVATION,,0.18946385726126602,test,0.4,270,674,0.5,/Users/charlottejob/Code/Evaluation_neuron_interpretability/vega_fcn_sweep/fcn_040
REACTOME_VIF_MEDIATED_DEGRADATION_OF_APOBEC3G,0.8429715633392334,0.6059309352669079,test,0.4,270,674,0.5,/Users/charlottejob/Code/Evaluation_neuron_interpretability/vega_fcn_sweep/fcn_040
REACTOME_SIGNALING_BY_FGFR,-0.0231322739273309,0.8391272121498996,test,0.4,270,674,0.5,/Users/charlottejob/Code/Evaluation_neuron_interpretability/vega_fcn_sweep/fcn_040
REACTOME_DIGESTION_OF_DIETARY_CARBOHYDRATE,,0.8432997426165859,test,0.4,270,674,0.5,/Users/charlottejob/Code/Evaluation_neuron_interpretability/vega_fcn_sweep/fcn_040
REACTOME_FGFR1_LIGAND_BINDING_AND_ACTIVATION,-0.0284242946654558,0.3031393044300092,test,0.4,270,674,0.5,/Users/charlottejob/Code/Evaluation_neuron_interpretability/vega_fcn_sweep/fcn_040
REACTOME_GAP_JUNCTION_ASSEMBLY,,0.3165309950704533,test,0.4,270,674,0.5,/Users/charlottejob/Code/Evaluation_neuron_interpretability/vega_fcn_sweep/fcn_040
REACTOME_SYNTHESIS_OF_GLYCOSYLPHOSPHATIDYLINOSITOL_GPI,,0.30860184094577503,test,0.4,270,674,0.5,/Users/charlottejob/Code/Evaluation_neuron_interpretability/vega_fcn_sweep/fcn_040
REACTOME_RNA_POL_I_TRANSCRIPTION_INITIATION,-0.0177463963627815,0.8661958799938794,test,0.4,270,674,0.5,/Users/charlottejob/Code/Evaluation_neuron_interpretability/vega_fcn_sweep/fcn_040
REACTOME_PYRIMIDINE_METABOLISM,0.1451722383499145,0.2065731413603361,test,0.4,270,674,0.5,/Users/charlottejob/Code/Evaluation_neuron_interpretability/vega_fcn_sweep/fcn_040
REACTOME_INTRINSIC_PATHWAY_FOR_APOPTOSIS,-0.028295611962676,0.2793473725353488,test,0.4,270,674,0.5,/Users/charlottejob/Code/Evaluation_neuron_interpretability/vega_fcn_sweep/fcn_040
REACTOME_PI3K_CASCADE,-0.0026786816306412,0.8527172238833016,test,0.4,270,674,0.5,/Users/charlottejob/Code/Evaluation_neuron_interpretability/vega_fcn_sweep/fcn_040
REACTOME_APOPTOTIC_EXECUTION_PHASE,0.4196023643016815,0.7115226228114455,test,0.4,270,674,0.5,/Users/charlottejob/Code/Evaluation_neuron_interpretability/vega_fcn_sweep/fcn_040
REACTOME_SHC_RELATED_EVENTS,,0.8550678357981067,test,0.4,270,674,0.5,/Users/charlottejob/Code/Evaluation_neuron_interpretability/vega_fcn_sweep/fcn_040
