{
  "dataset": "PBMC_8K",
  "fully_connected_neuron_fraction": 0.4,
  "n_fully_connected_neurons_selected": 270,
  "n_pathway_nodes": 674,
  "n_genes": 2000,
  "n_latent_nodes": 675,
  "mask_density": 0.4028925925925926,
  "n_epochs_trained": 305,
  "train": {
    "mse": 0.03449733555316925,
    "pearson_overall": 0.9975798726081848,
    "pearson_per_cell_mean": 0.9527592062950134,
    "n_cells": 6875,
    "n_genes": 2000
  },
  "test": {
    "mse": 0.045331887900829315,
    "pearson_overall": 0.935042679309845,
    "pearson_per_cell_mean": 0.9377126693725586,
    "n_cells": 849,
    "n_genes": 2000
  },
  "hyperparameters": {
    "n_top_genes": 2000,
    "train_size": 0.9,
    "batch_size": 256,
    "learning_rate": 0.00062187,
    "n_epochs": 1000,
    "train_patience": 25,
    "test_patience": 25,
    "kld_weight": 0.000233864,
    "dropout": 0.0452273,
    "seed": 42,
    "gmt_path": "vega/vega/data/reactomes.gmt"
  }
}