pathway,distance_corr,reduction_score_probability,eval_split,fully_connected_neuron_fraction,n_fully_connected_neurons_selected,n_pathway_nodes,overlap_threshold,run_dir
REACTOME_GLYCOGEN_BREAKDOWN_GLYCOGENOLYSIS,0.6668943166732788,0.5086764080458261,test,0.3,202,674,0.5,/Users/charlottejob/Code/Evaluation_neuron_interpretability/vega_fcn_sweep/fcn_030
REACTOME_TRANSLATION,0.7511600852012634,0.9999964415217476,test,0.3,202,674,0.5,/Users/charlottejob/Code/Evaluation_neuron_interpretability/vega_fcn_sweep/fcn_030
REACTOME_PYRIMIDINE_CATABOLISM,0.0809111818671226,0.280752709593762,test,0.3,202,674,0.5,/Users/charlottejob/Code/Evaluation_neuron_interpretability/vega_fcn_sweep/fcn_030
REACTOME_RNA_POL_III_TRANSCRIPTION_INITIATION_FROM_TYPE_2_PROMOTER,,0.8331876281464031,test,0.3,202,674,0.5,/Users/charlottejob/Code/Evaluation_neuron_interpretability/vega_fcn_sweep/fcn_030
REACTOME_INHIBITION_OF_THE_PROTEOLYTIC_ACTIVITY_OF_APC_C_REQUIRED_FOR_THE_ONSET_OF_ANAPHASE_BY_MITOTIC_SPINDLE_CHECKPOINT_COMPONENTS,0.3964302241802215,0.7901251649708374,test,0.3,202,674,0.5,/Users/charlottejob/Code/Evaluation_neuron_interpretability/vega_fcn_sweep/fcn_030
REACTOME_PYRUVATE_METABOLISM_AND_CITRIC_ACID_TCA_CYCLE,-0.0155637199059128,0.8254043709208582,test,0.3,202,674,0.5,/Users/charlottejob/Code/Evaluation_neuron_interpretability/vega_fcn_sweep/fcn_030
REACTOME_EXTRINSIC_PATHWAY_FOR_APOPTOSIS,-0.0018428314942866,0.2548066672957887,test,0.3,202,674,0.5,/Users/charlottejob/Code/Evaluation_neuron_interpretability/vega_fcn_sweep/fcn_030
REACTOME_PTM_GAMMA_CARBOXYLATION_HYPUSINE_FORMATION_AND_ARYLSULFATASE_ACTIVATION,0.0068227970041334,0.19969316053426567,test,0.3,202,674,0.5,/Users/charlottejob/Code/Evaluation_neuron_interpretability/vega_fcn_sweep/fcn_030
REACTOME_APOPTOTIC_CLEAVAGE_OF_CELLULAR_PROTEINS,0.7170968651771545,0.9119945327689511,test,0.3,202,674,0.5,/Users/charlottejob/Code/Evaluation_neuron_interpretability/vega_fcn_sweep/fcn_030
REACTOME_RNA_POL_I_TRANSCRIPTION_TERMINATION,-0.0275713689625263,0.8461456342809561,test,0.3,202,674,0.5,/Users/charlottejob/Code/Evaluation_neuron_interpretability/vega_fcn_sweep/fcn_030
REACTOME_FORMATION_OF_THE_TERNARY_COMPLEX_AND_SUBSEQUENTLY_THE_43S_COMPLEX,0.0163327325135469,0.3034666412376851,test,0.3,202,674,0.5,/Users/charlottejob/Code/Evaluation_neuron_interpretability/vega_fcn_sweep/fcn_030
REACTOME_ACTIVATION_OF_THE_PRE_REPLICATIVE_COMPLEX,-0.0289294142276048,0.20717494753901544,test,0.3,202,674,0.5,/Users/charlottejob/Code/Evaluation_neuron_interpretability/vega_fcn_sweep/fcn_030
REACTOME_PROCESSING_OF_INTRONLESS_PRE_MRNAS,,0.8438197443615583,test,0.3,202,674,0.5,/Users/charlottejob/Code/Evaluation_neuron_interpretability/vega_fcn_sweep/fcn_030
REACTOME_GAP_JUNCTION_DEGRADATION,0.3037874400615692,0.652768662371779,test,0.3,202,674,0.5,/Users/charlottejob/Code/Evaluation_neuron_interpretability/vega_fcn_sweep/fcn_030
REACTOME_BASE_EXCISION_REPAIR,,0.8328927278279457,test,0.3,202,674,0.5,/Users/charlottejob/Code/Evaluation_neuron_interpretability/vega_fcn_sweep/fcn_030
REACTOME_BILE_ACID_AND_BILE_SALT_METABOLISM,-0.0046744737774133,0.8241026780361538,test,0.3,202,674,0.5,/Users/charlottejob/Code/Evaluation_neuron_interpretability/vega_fcn_sweep/fcn_030
REACTOME_SYNTHESIS_OF_BILE_ACIDS_AND_BILE_SALTS_VIA_7ALPHA_HYDROXYCHOLESTEROL,0.0055069429799914,0.8222933513621055,test,0.3,202,674,0.5,/Users/charlottejob/Code/Evaluation_neuron_interpretability/vega_fcn_sweep/fcn_030
REACTOME_RECYCLING_OF_BILE_ACIDS_AND_SALTS,0.3848703503608703,0.5761761961183168,test,0.3,202,674,0.5,/Users/charlottejob/Code/Evaluation_neuron_interpretability/vega_fcn_sweep/fcn_030
REACTOME_SIGNALING_BY_RHO_GTPASES,0.0219957623630762,0.2526475118451838,test,0.3,202,674,0.5,/Users/charlottejob/Code/Evaluation_neuron_interpretability/vega_fcn_sweep/fcn_030
REACTOME_SIGNALING_BY_WNT,,0.840136107839288,test,0.3,202,674,0.5,/Users/charlottejob/Code/Evaluation_neuron_interpretability/vega_fcn_sweep/fcn_030
REACTOME_METABOLISM_OF_NON_CODING_RNA,0.8353047370910645,0.728490838403429,test,0.3,202,674,0.5,/Users/charlottejob/Code/Evaluation_neuron_interpretability/vega_fcn_sweep/fcn_030
REACTOME_SYNTHESIS_OF_BILE_ACIDS_AND_BILE_SALTS_VIA_24_HYDROXYCHOLESTEROL,-0.0058787991292774,0.7821793334636195,test,0.3,202,674,0.5,/Users/charlottejob/Code/Evaluation_neuron_interpretability/vega_fcn_sweep/fcn_030
REACTOME_SYNTHESIS_OF_BILE_ACIDS_AND_BILE_SALTS,0.1746257990598678,0.5847959702877384,test,0.3,202,674,0.5,/Users/charlottejob/Code/Evaluation_neuron_interpretability/vega_fcn_sweep/fcn_030
REACTOME_METABOLISM_OF_STEROID_HORMONES_AND_VITAMINS_A_AND_D,,0.8247629018889325,test,0.3,202,674,0.5,/Users/charlottejob/Code/Evaluation_neuron_interpretability/vega_fcn_sweep/fcn_030
REACTOME_ANDROGEN_BIOSYNTHESIS,,0.2547136064214981,test,0.3,202,674,0.5,/Users/charlottejob/Code/Evaluation_neuron_interpretability/vega_fcn_sweep/fcn_030
REACTOME_SIGNALLING_BY_NGF,0.4768382608890533,0.7288457763281085,test,0.3,202,674,0.5,/Users/charlottejob/Code/Evaluation_neuron_interpretability/vega_fcn_sweep/fcn_030
REACTOME_CTNNB1_PHOSPHORYLATION_CASCADE,,0.8415826898747981,test,0.3,202,674,0.5,/Users/charlottejob/Code/Evaluation_neuron_interpretability/vega_fcn_sweep/fcn_030
REACTOME_INSULIN_RECEPTOR_RECYCLING,,0.8382026785324783,test,0.3,202,674,0.5,/Users/charlottejob/Code/Evaluation_neuron_interpretability/vega_fcn_sweep/fcn_030
REACTOME_COPI_MEDIATED_TRANSPORT,,0.8376495223138335,test,0.3,202,674,0.5,/Users/charlottejob/Code/Evaluation_neuron_interpretability/vega_fcn_sweep/fcn_030
REACTOME_NEF_MEDIATED_DOWNREGULATION_OF_MHC_CLASS_I_COMPLEX_CELL_SURFACE_EXPRESSION,0.2684537470340729,0.2912892888583194,test,0.3,202,674,0.5,/Users/charlottejob/Code/Evaluation_neuron_interpretability/vega_fcn_sweep/fcn_030
REACTOME_SIGNALING_BY_SCF_KIT,-0.0103955864906311,0.2915802330667276,test,0.3,202,674,0.5,/Users/charlottejob/Code/Evaluation_neuron_interpretability/vega_fcn_sweep/fcn_030
REACTOME_DEVELOPMENTAL_BIOLOGY,0.0539861768484115,0.2911814329399032,test,0.3,202,674,0.5,/Users/charlottejob/Code/Evaluation_neuron_interpretability/vega_fcn_sweep/fcn_030
REACTOME_CROSS_PRESENTATION_OF_SOLUBLE_EXOGENOUS_ANTIGENS_ENDOSOMES,0.8076392412185669,0.5338345339079315,test,0.3,202,674,0.5,/Users/charlottejob/Code/Evaluation_neuron_interpretability/vega_fcn_sweep/fcn_030
REACTOME_SIGNALING_BY_NODAL,,0.8305335252802861,test,0.3,202,674,0.5,/Users/charlottejob/Code/Evaluation_neuron_interpretability/vega_fcn_sweep/fcn_030
REACTOME_DAG_AND_IP3_SIGNALING,-0.0249879844486713,0.8378918130197072,test,0.3,202,674,0.5,/Users/charlottejob/Code/Evaluation_neuron_interpretability/vega_fcn_sweep/fcn_030
REACTOME_SPRY_REGULATION_OF_FGF_SIGNALING,0.2254762053489685,0.6166553818158735,test,0.3,202,674,0.5,/Users/charlottejob/Code/Evaluation_neuron_interpretability/vega_fcn_sweep/fcn_030
REACTOME_TCA_CYCLE_AND_RESPIRATORY_ELECTRON_TRANSPORT,0.0447595454752445,0.8173388205920314,test,0.3,202,674,0.5,/Users/charlottejob/Code/Evaluation_neuron_interpretability/vega_fcn_sweep/fcn_030
REACTOME_BMAL1_CLOCK_NPAS2_ACTIVATES_CIRCADIAN_EXPRESSION,0.5696426630020142,0.5313237805852068,test,0.3,202,674,0.5,/Users/charlottejob/Code/Evaluation_neuron_interpretability/vega_fcn_sweep/fcn_030
REACTOME_ANTIGEN_PROCESSING_CROSS_PRESENTATION,0.2488697469234466,0.99774509491824,test,0.3,202,674,0.5,/Users/charlottejob/Code/Evaluation_neuron_interpretability/vega_fcn_sweep/fcn_030
REACTOME_GROWTH_HORMONE_RECEPTOR_SIGNALING,0.0926758274435997,0.2498700113541103,test,0.3,202,674,0.5,/Users/charlottejob/Code/Evaluation_neuron_interpretability/vega_fcn_sweep/fcn_030
REACTOME_TRIF_MEDIATED_TLR3_SIGNALING,0.5200170278549194,0.9729129181209216,test,0.3,202,674,0.5,/Users/charlottejob/Code/Evaluation_neuron_interpretability/vega_fcn_sweep/fcn_030
REACTOME_CELL_CELL_COMMUNICATION,0.035551369190216,0.23216318598476493,test,0.3,202,674,0.5,/Users/charlottejob/Code/Evaluation_neuron_interpretability/vega_fcn_sweep/fcn_030
REACTOME_ABCA_TRANSPORTERS_IN_LIPID_HOMEOSTASIS,-0.0194501597434282,0.2333658379731085,test,0.3,202,674,0.5,/Users/charlottejob/Code/Evaluation_neuron_interpretability/vega_fcn_sweep/fcn_030
REACTOME_ENDOSOMAL_VACUOLAR_PATHWAY,0.1474619656801223,0.3125942724539845,test,0.3,202,674,0.5,/Users/charlottejob/Code/Evaluation_neuron_interpretability/vega_fcn_sweep/fcn_030
REACTOME_TETRAHYDROBIOPTERIN_BH4_SYNTHESIS_RECYCLING_SALVAGE_AND_REGULATION,,0.18429524931291708,test,0.3,202,674,0.5,/Users/charlottejob/Code/Evaluation_neuron_interpretability/vega_fcn_sweep/fcn_030
REACTOME_ER_PHAGOSOME_PATHWAY,0.7123696208000183,0.9992258798375928,test,0.3,202,674,0.5,/Users/charlottejob/Code/Evaluation_neuron_interpretability/vega_fcn_sweep/fcn_030
REACTOME_MEIOSIS,0.435221254825592,0.9905504610008575,test,0.3,202,674,0.5,/Users/charlottejob/Code/Evaluation_neuron_interpretability/vega_fcn_sweep/fcn_030
REACTOME_NEGATIVE_REGULATION_OF_FGFR_SIGNALING,0.0413307212293148,0.7249901845308205,test,0.3,202,674,0.5,/Users/charlottejob/Code/Evaluation_neuron_interpretability/vega_fcn_sweep/fcn_030
REACTOME_G0_AND_EARLY_G1,0.3720029592514038,0.7552400624927913,test,0.3,202,674,0.5,/Users/charlottejob/Code/Evaluation_neuron_interpretability/vega_fcn_sweep/fcn_030
REACTOME_REGULATION_OF_KIT_SIGNALING,0.0707767605781555,0.2141423866048821,test,0.3,202,674,0.5,/Users/charlottejob/Code/Evaluation_neuron_interpretability/vega_fcn_sweep/fcn_030
REACTOME_MEMBRANE_TRAFFICKING,0.2305529564619064,0.8242691937038227,test,0.3,202,674,0.5,/Users/charlottejob/Code/Evaluation_neuron_interpretability/vega_fcn_sweep/fcn_030
REACTOME_NEF_MEDIATES_DOWN_MODULATION_OF_CELL_SURFACE_RECEPTORS_BY_RECRUITING_THEM_TO_CLATHRIN_ADAPTERS,0.0954850316047668,0.278630019113716,test,0.3,202,674,0.5,/Users/charlottejob/Code/Evaluation_neuron_interpretability/vega_fcn_sweep/fcn_030
REACTOME_IMMUNOREGULATORY_INTERACTIONS_BETWEEN_A_LYMPHOID_AND_A_NON_LYMPHOID_CELL,0.2274113893508911,0.6868776904112593,test,0.3,202,674,0.5,/Users/charlottejob/Code/Evaluation_neuron_interpretability/vega_fcn_sweep/fcn_030
REACTOME_ACTIVATED_AMPK_STIMULATES_FATTY_ACID_OXIDATION_IN_MUSCLE,0.7606208324432373,0.6052654214039838,test,0.3,202,674,0.5,/Users/charlottejob/Code/Evaluation_neuron_interpretability/vega_fcn_sweep/fcn_030
REACTOME_VITAMIN_B5_PANTOTHENATE_METABOLISM,,0.1835222265846529,test,0.3,202,674,0.5,/Users/charlottejob/Code/Evaluation_neuron_interpretability/vega_fcn_sweep/fcn_030
REACTOME_BOTULINUM_NEUROTOXICITY,-0.0083981789648532,0.23800832634754898,test,0.3,202,674,0.5,/Users/charlottejob/Code/Evaluation_neuron_interpretability/vega_fcn_sweep/fcn_030
REACTOME_METABOLISM_OF_VITAMINS_AND_COFACTORS,0.062150627374649,0.22937045068317408,test,0.3,202,674,0.5,/Users/charlottejob/Code/Evaluation_neuron_interpretability/vega_fcn_sweep/fcn_030
REACTOME_TRANS_GOLGI_NETWORK_VESICLE_BUDDING,0.2329857349395752,0.7191545569971198,test,0.3,202,674,0.5,/Users/charlottejob/Code/Evaluation_neuron_interpretability/vega_fcn_sweep/fcn_030
REACTOME_PROTEOLYTIC_CLEAVAGE_OF_SNARE_COMPLEX_PROTEINS,0.6660659909248352,0.5471602344393864,test,0.3,202,674,0.5,/Users/charlottejob/Code/Evaluation_neuron_interpretability/vega_fcn_sweep/fcn_030
REACTOME_RESOLUTION_OF_AP_SITES_VIA_THE_MULTIPLE_NUCLEOTIDE_PATCH_REPLACEMENT_PATHWAY,,0.8356148846137067,test,0.3,202,674,0.5,/Users/charlottejob/Code/Evaluation_neuron_interpretability/vega_fcn_sweep/fcn_030
REACTOME_GAMMA_CARBOXYLATION_TRANSPORT_AND_AMINO_TERMINAL_CLEAVAGE_OF_PROTEINS,-0.0199766233563423,0.18123036906164114,test,0.3,202,674,0.5,/Users/charlottejob/Code/Evaluation_neuron_interpretability/vega_fcn_sweep/fcn_030
REACTOME_IL_7_SIGNALING,-0.0112123405560851,0.2673663589495136,test,0.3,202,674,0.5,/Users/charlottejob/Code/Evaluation_neuron_interpretability/vega_fcn_sweep/fcn_030
REACTOME_CELL_CYCLE,0.2459866106510162,0.4920442201999492,test,0.3,202,674,0.5,/Users/charlottejob/Code/Evaluation_neuron_interpretability/vega_fcn_sweep/fcn_030
REACTOME_SIGNALING_BY_ERBB4,0.1920409798622131,0.2525912838633686,test,0.3,202,674,0.5,/Users/charlottejob/Code/Evaluation_neuron_interpretability/vega_fcn_sweep/fcn_030
REACTOME_ORC1_REMOVAL_FROM_CHROMATIN,0.8195493221282959,0.6119598259311766,test,0.3,202,674,0.5,/Users/charlottejob/Code/Evaluation_neuron_interpretability/vega_fcn_sweep/fcn_030
REACTOME_O_LINKED_GLYCOSYLATION_OF_MUCINS,-0.0171136315912008,0.2367071751370961,test,0.3,202,674,0.5,/Users/charlottejob/Code/Evaluation_neuron_interpretability/vega_fcn_sweep/fcn_030
REACTOME_SULFUR_AMINO_ACID_METABOLISM,-0.0292484611272811,0.24823758445089872,test,0.3,202,674,0.5,/Users/charlottejob/Code/Evaluation_neuron_interpretability/vega_fcn_sweep/fcn_030
REACTOME_DOWNREGULATION_OF_ERBB2_ERBB3_SIGNALING,0.7057161927223206,0.5374289731585682,test,0.3,202,674,0.5,/Users/charlottejob/Code/Evaluation_neuron_interpretability/vega_fcn_sweep/fcn_030
REACTOME_ANTIVIRAL_MECHANISM_BY_IFN_STIMULATED_GENES,0.5371220111846924,0.5998911375236463,test,0.3,202,674,0.5,/Users/charlottejob/Code/Evaluation_neuron_interpretability/vega_fcn_sweep/fcn_030
REACTOME_PROLACTIN_RECEPTOR_SIGNALING,,0.2694498974828774,test,0.3,202,674,0.5,/Users/charlottejob/Code/Evaluation_neuron_interpretability/vega_fcn_sweep/fcn_030
REACTOME_SIGNALING_BY_ERBB2,0.0514191202819347,0.2433747872806174,test,0.3,202,674,0.5,/Users/charlottejob/Code/Evaluation_neuron_interpretability/vega_fcn_sweep/fcn_030
REACTOME_SPHINGOLIPID_DE_NOVO_BIOSYNTHESIS,0.5516263842582703,0.5191441027552736,test,0.3,202,674,0.5,/Users/charlottejob/Code/Evaluation_neuron_interpretability/vega_fcn_sweep/fcn_030
REACTOME_TERMINATION_OF_O_GLYCAN_BIOSYNTHESIS,,0.2768119356105222,test,0.3,202,674,0.5,/Users/charlottejob/Code/Evaluation_neuron_interpretability/vega_fcn_sweep/fcn_030
REACTOME_DEFENSINS,0.0467835254967212,0.2145506504540276,test,0.3,202,674,0.5,/Users/charlottejob/Code/Evaluation_neuron_interpretability/vega_fcn_sweep/fcn_030
REACTOME_SIGNALING_BY_CONSTITUTIVELY_ACTIVE_EGFR,0.0340685546398162,0.839493486839116,test,0.3,202,674,0.5,/Users/charlottejob/Code/Evaluation_neuron_interpretability/vega_fcn_sweep/fcn_030
REACTOME_GRB2_EVENTS_IN_ERBB2_SIGNALING,0.5959619283676147,0.5374291652760192,test,0.3,202,674,0.5,/Users/charlottejob/Code/Evaluation_neuron_interpretability/vega_fcn_sweep/fcn_030
REACTOME_SIGNALING_BY_EGFR_IN_CANCER,0.0060274065472185,0.24669283721808122,test,0.3,202,674,0.5,/Users/charlottejob/Code/Evaluation_neuron_interpretability/vega_fcn_sweep/fcn_030
REACTOME_MEMBRANE_BINDING_AND_TARGETTING_OF_GAG_PROTEINS,0.0410764329135417,0.22846043346509937,test,0.3,202,674,0.5,/Users/charlottejob/Code/Evaluation_neuron_interpretability/vega_fcn_sweep/fcn_030
REACTOME_BETA_DEFENSINS,0.1579057723283767,0.22339716159383383,test,0.3,202,674,0.5,/Users/charlottejob/Code/Evaluation_neuron_interpretability/vega_fcn_sweep/fcn_030
REACTOME_SRP_DEPENDENT_COTRANSLATIONAL_PROTEIN_TARGETING_TO_MEMBRANE,0.7896135449409485,0.9999964522400556,test,0.3,202,674,0.5,/Users/charlottejob/Code/Evaluation_neuron_interpretability/vega_fcn_sweep/fcn_030
REACTOME_PI3K_EVENTS_IN_ERBB4_SIGNALING,0.0830568373203277,0.8267462611985579,test,0.3,202,674,0.5,/Users/charlottejob/Code/Evaluation_neuron_interpretability/vega_fcn_sweep/fcn_030
REACTOME_SHC1_EVENTS_IN_ERBB4_SIGNALING,-0.0411918312311172,0.19448911364550048,test,0.3,202,674,0.5,/Users/charlottejob/Code/Evaluation_neuron_interpretability/vega_fcn_sweep/fcn_030
REACTOME_PI3K_EVENTS_IN_ERBB2_SIGNALING,0.045419193804264,0.24200278663564023,test,0.3,202,674,0.5,/Users/charlottejob/Code/Evaluation_neuron_interpretability/vega_fcn_sweep/fcn_030
REACTOME_NUCLEAR_SIGNALING_BY_ERBB4,0.0196723714470863,0.6819364803960982,test,0.3,202,674,0.5,/Users/charlottejob/Code/Evaluation_neuron_interpretability/vega_fcn_sweep/fcn_030
REACTOME_GLYCOSPHINGOLIPID_METABOLISM,0.5256269574165344,0.8083833176227315,test,0.3,202,674,0.5,/Users/charlottejob/Code/Evaluation_neuron_interpretability/vega_fcn_sweep/fcn_030
REACTOME_PPARA_ACTIVATES_GENE_EXPRESSION,0.4455974102020263,0.4834728721654516,test,0.3,202,674,0.5,/Users/charlottejob/Code/Evaluation_neuron_interpretability/vega_fcn_sweep/fcn_030
REACTOME_ASSOCIATION_OF_LICENSING_FACTORS_WITH_THE_PRE_REPLICATIVE_COMPLEX,,0.2761715307769489,test,0.3,202,674,0.5,/Users/charlottejob/Code/Evaluation_neuron_interpretability/vega_fcn_sweep/fcn_030
REACTOME_RIP_MEDIATED_NFKB_ACTIVATION_VIA_DAI,0.5945382118225098,0.7228170367113265,test,0.3,202,674,0.5,/Users/charlottejob/Code/Evaluation_neuron_interpretability/vega_fcn_sweep/fcn_030
REACTOME_PRE_NOTCH_TRANSCRIPTION_AND_TRANSLATION,,0.8349430702787591,test,0.3,202,674,0.5,/Users/charlottejob/Code/Evaluation_neuron_interpretability/vega_fcn_sweep/fcn_030
REACTOME_DEGRADATION_OF_THE_EXTRACELLULAR_MATRIX,0.041312750428915,0.3036174014704828,test,0.3,202,674,0.5,/Users/charlottejob/Code/Evaluation_neuron_interpretability/vega_fcn_sweep/fcn_030
REACTOME_MITOCHONDRIAL_PROTEIN_IMPORT,,0.2486009684596257,test,0.3,202,674,0.5,/Users/charlottejob/Code/Evaluation_neuron_interpretability/vega_fcn_sweep/fcn_030
REACTOME_SIGNALING_BY_HIPPO,0.7584938406944275,0.6083461036829513,test,0.3,202,674,0.5,/Users/charlottejob/Code/Evaluation_neuron_interpretability/vega_fcn_sweep/fcn_030
REACTOME_ACTIVATED_NOTCH1_TRANSMITS_SIGNAL_TO_THE_NUCLEUS,0.5287113189697266,0.4854969889519177,test,0.3,202,674,0.5,/Users/charlottejob/Code/Evaluation_neuron_interpretability/vega_fcn_sweep/fcn_030
REACTOME_TRAFFICKING_AND_PROCESSING_OF_ENDOSOMAL_TLR,0.5510796904563904,0.8438169534414723,test,0.3,202,674,0.5,/Users/charlottejob/Code/Evaluation_neuron_interpretability/vega_fcn_sweep/fcn_030
REACTOME_SIGNALING_BY_NOTCH4,,0.8326187671770711,test,0.3,202,674,0.5,/Users/charlottejob/Code/Evaluation_neuron_interpretability/vega_fcn_sweep/fcn_030
REACTOME_DOWNSTREAM_SIGNALING_EVENTS_OF_B_CELL_RECEPTOR_BCR,0.405476838350296,0.5557471203014743,test,0.3,202,674,0.5,/Users/charlottejob/Code/Evaluation_neuron_interpretability/vega_fcn_sweep/fcn_030
REACTOME_ACTIVATION_OF_NF_KAPPAB_IN_B_CELLS,0.6097589731216431,0.74668552638959,test,0.3,202,674,0.5,/Users/charlottejob/Code/Evaluation_neuron_interpretability/vega_fcn_sweep/fcn_030
REACTOME_RORA_ACTIVATES_CIRCADIAN_EXPRESSION,0.860663890838623,0.6221587722250267,test,0.3,202,674,0.5,/Users/charlottejob/Code/Evaluation_neuron_interpretability/vega_fcn_sweep/fcn_030
REACTOME_ANTIGEN_ACTIVATES_B_CELL_RECEPTOR_LEADING_TO_GENERATION_OF_SECOND_MESSENGERS,0.6534102559089661,0.598837239919323,test,0.3,202,674,0.5,/Users/charlottejob/Code/Evaluation_neuron_interpretability/vega_fcn_sweep/fcn_030
REACTOME_REGULATION_OF_COMPLEMENT_CASCADE,-0.0245736576616764,0.7727929216445117,test,0.3,202,674,0.5,/Users/charlottejob/Code/Evaluation_neuron_interpretability/vega_fcn_sweep/fcn_030
REACTOME_YAP1_AND_WWTR1_TAZ_STIMULATED_GENE_EXPRESSION,,0.8287082842559876,test,0.3,202,674,0.5,/Users/charlottejob/Code/Evaluation_neuron_interpretability/vega_fcn_sweep/fcn_030
REACTOME_SIGNALING_BY_NOTCH2,,0.26738908519827254,test,0.3,202,674,0.5,/Users/charlottejob/Code/Evaluation_neuron_interpretability/vega_fcn_sweep/fcn_030
REACTOME_PRE_NOTCH_EXPRESSION_AND_PROCESSING,,0.8428059154560921,test,0.3,202,674,0.5,/Users/charlottejob/Code/Evaluation_neuron_interpretability/vega_fcn_sweep/fcn_030
REACTOME_SIGNALING_BY_THE_B_CELL_RECEPTOR_BCR,0.4411757290363312,0.6159221827216715,test,0.3,202,674,0.5,/Users/charlottejob/Code/Evaluation_neuron_interpretability/vega_fcn_sweep/fcn_030
REACTOME_EXTRACELLULAR_MATRIX_ORGANIZATION,0.0066846394911408,0.2878410473266524,test,0.3,202,674,0.5,/Users/charlottejob/Code/Evaluation_neuron_interpretability/vega_fcn_sweep/fcn_030
REACTOME_NOTCH1_INTRACELLULAR_DOMAIN_REGULATES_TRANSCRIPTION,0.5981436371803284,0.6062449203849888,test,0.3,202,674,0.5,/Users/charlottejob/Code/Evaluation_neuron_interpretability/vega_fcn_sweep/fcn_030
REACTOME_CIRCADIAN_REPRESSION_OF_EXPRESSION_BY_REV_ERBA,0.8491343259811401,0.6467517808065512,test,0.3,202,674,0.5,/Users/charlottejob/Code/Evaluation_neuron_interpretability/vega_fcn_sweep/fcn_030
REACTOME_PRE_NOTCH_PROCESSING_IN_GOLGI,,0.8403053701522488,test,0.3,202,674,0.5,/Users/charlottejob/Code/Evaluation_neuron_interpretability/vega_fcn_sweep/fcn_030
REACTOME_SIGNALING_BY_NOTCH1,0.1010718420147895,0.21817766292213836,test,0.3,202,674,0.5,/Users/charlottejob/Code/Evaluation_neuron_interpretability/vega_fcn_sweep/fcn_030
REACTOME_SIGNALING_BY_NOTCH3,,0.18620075906294986,test,0.3,202,674,0.5,/Users/charlottejob/Code/Evaluation_neuron_interpretability/vega_fcn_sweep/fcn_030
REACTOME_TRIGLYCERIDE_BIOSYNTHESIS,0.022796357050538,0.20805209369247368,test,0.3,202,674,0.5,/Users/charlottejob/Code/Evaluation_neuron_interpretability/vega_fcn_sweep/fcn_030
REACTOME_INSULIN_RECEPTOR_SIGNALLING_CASCADE,0.5482022762298584,0.6411470508290297,test,0.3,202,674,0.5,/Users/charlottejob/Code/Evaluation_neuron_interpretability/vega_fcn_sweep/fcn_030
REACTOME_ARMS_MEDIATED_ACTIVATION,,0.8303398333551454,test,0.3,202,674,0.5,/Users/charlottejob/Code/Evaluation_neuron_interpretability/vega_fcn_sweep/fcn_030
REACTOME_PROLONGED_ERK_ACTIVATION_EVENTS,,0.8261396850325001,test,0.3,202,674,0.5,/Users/charlottejob/Code/Evaluation_neuron_interpretability/vega_fcn_sweep/fcn_030
REACTOME_SIGNALLING_TO_RAS,-0.018564635887742,0.2769300381526847,test,0.3,202,674,0.5,/Users/charlottejob/Code/Evaluation_neuron_interpretability/vega_fcn_sweep/fcn_030
REACTOME_SIGNALING_BY_BMP,-0.0095077836886048,0.7508257227039666,test,0.3,202,674,0.5,/Users/charlottejob/Code/Evaluation_neuron_interpretability/vega_fcn_sweep/fcn_030
REACTOME_CELL_SURFACE_INTERACTIONS_AT_THE_VASCULAR_WALL,0.1792307645082473,0.6717026405131515,test,0.3,202,674,0.5,/Users/charlottejob/Code/Evaluation_neuron_interpretability/vega_fcn_sweep/fcn_030
REACTOME_NGF_SIGNALLING_VIA_TRKA_FROM_THE_PLASMA_MEMBRANE,0.4500097632408142,0.5603162119550569,test,0.3,202,674,0.5,/Users/charlottejob/Code/Evaluation_neuron_interpretability/vega_fcn_sweep/fcn_030
REACTOME_SIGNALLING_TO_ERKS,-0.0072922292165458,0.20929166402177968,test,0.3,202,674,0.5,/Users/charlottejob/Code/Evaluation_neuron_interpretability/vega_fcn_sweep/fcn_030
REACTOME_P38MAPK_EVENTS,0.662200391292572,0.485387715434143,test,0.3,202,674,0.5,/Users/charlottejob/Code/Evaluation_neuron_interpretability/vega_fcn_sweep/fcn_030
REACTOME_ACYL_CHAIN_REMODELLING_OF_PI,0.0593344941735267,0.24759102857313886,test,0.3,202,674,0.5,/Users/charlottejob/Code/Evaluation_neuron_interpretability/vega_fcn_sweep/fcn_030
REACTOME_TGF_BETA_RECEPTOR_SIGNALING_IN_EMT_EPITHELIAL_TO_MESENCHYMAL_TRANSITION,,0.8334563538803822,test,0.3,202,674,0.5,/Users/charlottejob/Code/Evaluation_neuron_interpretability/vega_fcn_sweep/fcn_030
REACTOME_DOWNREGULATION_OF_TGF_BETA_RECEPTOR_SIGNALING,,0.8330811848361908,test,0.3,202,674,0.5,/Users/charlottejob/Code/Evaluation_neuron_interpretability/vega_fcn_sweep/fcn_030
REACTOME_COLLAGEN_FORMATION,0.7035428881645203,0.564473193705732,test,0.3,202,674,0.5,/Users/charlottejob/Code/Evaluation_neuron_interpretability/vega_fcn_sweep/fcn_030
REACTOME_SMAD2_SMAD3_SMAD4_HETEROTRIMER_REGULATES_TRANSCRIPTION,0.7670813202857971,0.9801008890010656,test,0.3,202,674,0.5,/Users/charlottejob/Code/Evaluation_neuron_interpretability/vega_fcn_sweep/fcn_030
REACTOME_SIGNALING_BY_FGFR_IN_DISEASE,-0.0009440127760171,0.8161843722984419,test,0.3,202,674,0.5,/Users/charlottejob/Code/Evaluation_neuron_interpretability/vega_fcn_sweep/fcn_030
REACTOME_HS_GAG_DEGRADATION,0.7055081725120544,0.5760923131769615,test,0.3,202,674,0.5,/Users/charlottejob/Code/Evaluation_neuron_interpretability/vega_fcn_sweep/fcn_030
REACTOME_SYNTHESIS_OF_PIPS_AT_THE_EARLY_ENDOSOME_MEMBRANE,,0.8262531082319068,test,0.3,202,674,0.5,/Users/charlottejob/Code/Evaluation_neuron_interpretability/vega_fcn_sweep/fcn_030
REACTOME_SIGNALLING_TO_P38_VIA_RIT_AND_RIN,0.8508277535438538,0.5389269274727119,test,0.3,202,674,0.5,/Users/charlottejob/Code/Evaluation_neuron_interpretability/vega_fcn_sweep/fcn_030
REACTOME_P53_INDEPENDENT_G1_S_DNA_DAMAGE_CHECKPOINT,,0.8428286000959735,test,0.3,202,674,0.5,/Users/charlottejob/Code/Evaluation_neuron_interpretability/vega_fcn_sweep/fcn_030
REACTOME_REGULATION_OF_HYPOXIA_INDUCIBLE_FACTOR_HIF_BY_OXYGEN,,0.8300466780089866,test,0.3,202,674,0.5,/Users/charlottejob/Code/Evaluation_neuron_interpretability/vega_fcn_sweep/fcn_030
REACTOME_ACYL_CHAIN_REMODELLING_OF_PC,0.0584893934428691,0.23818264531008648,test,0.3,202,674,0.5,/Users/charlottejob/Code/Evaluation_neuron_interpretability/vega_fcn_sweep/fcn_030
REACTOME_SYNTHESIS_OF_PIPS_AT_THE_GOLGI_MEMBRANE,,0.19947127339353488,test,0.3,202,674,0.5,/Users/charlottejob/Code/Evaluation_neuron_interpretability/vega_fcn_sweep/fcn_030
REACTOME_TGF_BETA_RECEPTOR_SIGNALING_ACTIVATES_SMADS,,0.2531291715744012,test,0.3,202,674,0.5,/Users/charlottejob/Code/Evaluation_neuron_interpretability/vega_fcn_sweep/fcn_030
REACTOME_ACTIVATED_POINT_MUTANTS_OF_FGFR2,,0.838693015748375,test,0.3,202,674,0.5,/Users/charlottejob/Code/Evaluation_neuron_interpretability/vega_fcn_sweep/fcn_030
REACTOME_PHOSPHOLIPID_METABOLISM,0.0176527239382267,0.2729024612514092,test,0.3,202,674,0.5,/Users/charlottejob/Code/Evaluation_neuron_interpretability/vega_fcn_sweep/fcn_030
REACTOME_CS_DS_DEGRADATION,0.1182085201144218,0.2607707246620674,test,0.3,202,674,0.5,/Users/charlottejob/Code/Evaluation_neuron_interpretability/vega_fcn_sweep/fcn_030
REACTOME_SYNTHESIS_OF_PA,0.7038836479187012,0.4931051456498426,test,0.3,202,674,0.5,/Users/charlottejob/Code/Evaluation_neuron_interpretability/vega_fcn_sweep/fcn_030
REACTOME_OXYGEN_DEPENDENT_PROLINE_HYDROXYLATION_OF_HYPOXIA_INDUCIBLE_FACTOR_ALPHA,,0.831376346900493,test,0.3,202,674,0.5,/Users/charlottejob/Code/Evaluation_neuron_interpretability/vega_fcn_sweep/fcn_030
REACTOME_SYNTHESIS_OF_PIPS_AT_THE_LATE_ENDOSOME_MEMBRANE,,0.8350966278410329,test,0.3,202,674,0.5,/Users/charlottejob/Code/Evaluation_neuron_interpretability/vega_fcn_sweep/fcn_030
REACTOME_SYNTHESIS_OF_PE,,0.16686995593944942,test,0.3,202,674,0.5,/Users/charlottejob/Code/Evaluation_neuron_interpretability/vega_fcn_sweep/fcn_030
REACTOME_GASTRIN_CREB_SIGNALLING_PATHWAY_VIA_PKC_AND_MAPK,0.405635267496109,0.7399259845503896,test,0.3,202,674,0.5,/Users/charlottejob/Code/Evaluation_neuron_interpretability/vega_fcn_sweep/fcn_030
REACTOME_CHONDROITIN_SULFATE_BIOSYNTHESIS,0.3721544742584228,0.6828564858455377,test,0.3,202,674,0.5,/Users/charlottejob/Code/Evaluation_neuron_interpretability/vega_fcn_sweep/fcn_030
REACTOME_HYALURONAN_UPTAKE_AND_DEGRADATION,,0.8335680321074903,test,0.3,202,674,0.5,/Users/charlottejob/Code/Evaluation_neuron_interpretability/vega_fcn_sweep/fcn_030
REACTOME_SIGNALING_BY_FGFR1_MUTANTS,0.8016082048416138,0.6217575741473826,test,0.3,202,674,0.5,/Users/charlottejob/Code/Evaluation_neuron_interpretability/vega_fcn_sweep/fcn_030
REACTOME_SYNTHESIS_OF_PIPS_AT_THE_PLASMA_MEMBRANE,0.0060879150405526,0.2204120739060879,test,0.3,202,674,0.5,/Users/charlottejob/Code/Evaluation_neuron_interpretability/vega_fcn_sweep/fcn_030
REACTOME_THE_ACTIVATION_OF_ARYLSULFATASES,0.2872519791126251,0.6040145123097359,test,0.3,202,674,0.5,/Users/charlottejob/Code/Evaluation_neuron_interpretability/vega_fcn_sweep/fcn_030
REACTOME_TRANSCRIPTIONAL_ACTIVITY_OF_SMAD2_SMAD3_SMAD4_HETEROTRIMER,0.7055089473724365,0.9803555433303004,test,0.3,202,674,0.5,/Users/charlottejob/Code/Evaluation_neuron_interpretability/vega_fcn_sweep/fcn_030
REACTOME_HYALURONAN_METABOLISM,,0.2224124242027658,test,0.3,202,674,0.5,/Users/charlottejob/Code/Evaluation_neuron_interpretability/vega_fcn_sweep/fcn_030
REACTOME_DOWNREGULATION_OF_SMAD2_3_SMAD4_TRANSCRIPTIONAL_ACTIVITY,0.5783639550209045,0.4979330465051371,test,0.3,202,674,0.5,/Users/charlottejob/Code/Evaluation_neuron_interpretability/vega_fcn_sweep/fcn_030
REACTOME_KERATAN_SULFATE_BIOSYNTHESIS,0.8601207733154297,0.4840989399293287,test,0.3,202,674,0.5,/Users/charlottejob/Code/Evaluation_neuron_interpretability/vega_fcn_sweep/fcn_030
REACTOME_REVERSIBLE_HYDRATION_OF_CARBON_DIOXIDE,0.3743894696235657,0.5835037205579614,test,0.3,202,674,0.5,/Users/charlottejob/Code/Evaluation_neuron_interpretability/vega_fcn_sweep/fcn_030
REACTOME_SIGNALING_BY_FGFR1_FUSION_MUTANTS,0.8513613343238831,0.6324317123787089,test,0.3,202,674,0.5,/Users/charlottejob/Code/Evaluation_neuron_interpretability/vega_fcn_sweep/fcn_030
REACTOME_ALPHA_LINOLENIC_ACID_ALA_METABOLISM,0.7454524040222168,0.6045070996122378,test,0.3,202,674,0.5,/Users/charlottejob/Code/Evaluation_neuron_interpretability/vega_fcn_sweep/fcn_030
REACTOME_SIGNALING_BY_ACTIVATED_POINT_MUTANTS_OF_FGFR1,-0.0181680563837289,0.8383445123886502,test,0.3,202,674,0.5,/Users/charlottejob/Code/Evaluation_neuron_interpretability/vega_fcn_sweep/fcn_030
REACTOME_PI_METABOLISM,0.0140784466639161,0.22932158993020757,test,0.3,202,674,0.5,/Users/charlottejob/Code/Evaluation_neuron_interpretability/vega_fcn_sweep/fcn_030
REACTOME_ABACAVIR_TRANSPORT_AND_METABOLISM,,0.8359254896828514,test,0.3,202,674,0.5,/Users/charlottejob/Code/Evaluation_neuron_interpretability/vega_fcn_sweep/fcn_030
REACTOME_CHONDROITIN_SULFATE_DERMATAN_SULFATE_METABOLISM,0.6529272794723511,0.6889441246737198,test,0.3,202,674,0.5,/Users/charlottejob/Code/Evaluation_neuron_interpretability/vega_fcn_sweep/fcn_030
REACTOME_LATENT_INFECTION_OF_HOMO_SAPIENS_WITH_MYCOBACTERIUM_TUBERCULOSIS,0.0362696088850498,0.2074357210738269,test,0.3,202,674,0.5,/Users/charlottejob/Code/Evaluation_neuron_interpretability/vega_fcn_sweep/fcn_030
REACTOME_SYNTHESIS_OF_PC,,0.8371679099594295,test,0.3,202,674,0.5,/Users/charlottejob/Code/Evaluation_neuron_interpretability/vega_fcn_sweep/fcn_030
REACTOME_HS_GAG_BIOSYNTHESIS,0.0109092909842729,0.677307567289847,test,0.3,202,674,0.5,/Users/charlottejob/Code/Evaluation_neuron_interpretability/vega_fcn_sweep/fcn_030
REACTOME_SIGNALING_BY_FGFR3_MUTANTS,,0.8362343497796972,test,0.3,202,674,0.5,/Users/charlottejob/Code/Evaluation_neuron_interpretability/vega_fcn_sweep/fcn_030
REACTOME_KERATAN_SULFATE_KERATIN_METABOLISM,0.5985739827156067,0.5247980817768804,test,0.3,202,674,0.5,/Users/charlottejob/Code/Evaluation_neuron_interpretability/vega_fcn_sweep/fcn_030
REACTOME_APOPTOSIS_INDUCED_DNA_FRAGMENTATION,0.0105109075084328,0.2332243508145519,test,0.3,202,674,0.5,/Users/charlottejob/Code/Evaluation_neuron_interpretability/vega_fcn_sweep/fcn_030
REACTOME_KERATAN_SULFATE_DEGRADATION,0.0294129829853773,0.2643526078228561,test,0.3,202,674,0.5,/Users/charlottejob/Code/Evaluation_neuron_interpretability/vega_fcn_sweep/fcn_030
REACTOME_HEPARAN_SULFATE_HEPARIN_HS_GAG_METABOLISM,-0.0170507058501243,0.27812065698599464,test,0.3,202,674,0.5,/Users/charlottejob/Code/Evaluation_neuron_interpretability/vega_fcn_sweep/fcn_030
REACTOME_GLYCOSAMINOGLYCAN_METABOLISM,0.3354323804378509,0.6071094198302679,test,0.3,202,674,0.5,/Users/charlottejob/Code/Evaluation_neuron_interpretability/vega_fcn_sweep/fcn_030
REACTOME_ACYL_CHAIN_REMODELLING_OF_PG,0.051162626594305,0.2910729040310813,test,0.3,202,674,0.5,/Users/charlottejob/Code/Evaluation_neuron_interpretability/vega_fcn_sweep/fcn_030
REACTOME_ACYL_CHAIN_REMODELLING_OF_PE,0.6560430526733398,0.46988002793000583,test,0.3,202,674,0.5,/Users/charlottejob/Code/Evaluation_neuron_interpretability/vega_fcn_sweep/fcn_030
REACTOME_ACYL_CHAIN_REMODELLING_OF_PS,0.8402172923088074,0.4984684357331058,test,0.3,202,674,0.5,/Users/charlottejob/Code/Evaluation_neuron_interpretability/vega_fcn_sweep/fcn_030
REACTOME_SIGNALING_BY_FGFR_MUTANTS,0.8004060983657837,0.5934491973852303,test,0.3,202,674,0.5,/Users/charlottejob/Code/Evaluation_neuron_interpretability/vega_fcn_sweep/fcn_030
REACTOME_MHC_CLASS_II_ANTIGEN_PRESENTATION,0.4796379804611206,0.9244285281028052,test,0.3,202,674,0.5,/Users/charlottejob/Code/Evaluation_neuron_interpretability/vega_fcn_sweep/fcn_030
REACTOME_GLYCEROPHOSPHOLIPID_BIOSYNTHESIS,0.4605626165866852,0.49226093666947446,test,0.3,202,674,0.5,/Users/charlottejob/Code/Evaluation_neuron_interpretability/vega_fcn_sweep/fcn_030
REACTOME_A_TETRASACCHARIDE_LINKER_SEQUENCE_IS_REQUIRED_FOR_GAG_SYNTHESIS,0.732251763343811,0.6069804223080016,test,0.3,202,674,0.5,/Users/charlottejob/Code/Evaluation_neuron_interpretability/vega_fcn_sweep/fcn_030
REACTOME_CDK_MEDIATED_PHOSPHORYLATION_AND_REMOVAL_OF_CDC6,,0.217460192819439,test,0.3,202,674,0.5,/Users/charlottejob/Code/Evaluation_neuron_interpretability/vega_fcn_sweep/fcn_030
REACTOME_PLATELET_ADHESION_TO_EXPOSED_COLLAGEN,0.455043226480484,0.7033982033296416,test,0.3,202,674,0.5,/Users/charlottejob/Code/Evaluation_neuron_interpretability/vega_fcn_sweep/fcn_030
REACTOME_VEGF_LIGAND_RECEPTOR_INTERACTIONS,0.0032477308996021,0.2691593880739428,test,0.3,202,674,0.5,/Users/charlottejob/Code/Evaluation_neuron_interpretability/vega_fcn_sweep/fcn_030
REACTOME_ENOS_ACTIVATION_AND_REGULATION,-0.0182273630052804,0.25126492665963107,test,0.3,202,674,0.5,/Users/charlottejob/Code/Evaluation_neuron_interpretability/vega_fcn_sweep/fcn_030
REACTOME_MICRORNA_MIRNA_BIOGENESIS,,0.8243074641190071,test,0.3,202,674,0.5,/Users/charlottejob/Code/Evaluation_neuron_interpretability/vega_fcn_sweep/fcn_030
REACTOME_NUCLEAR_EVENTS_KINASE_AND_TRANSCRIPTION_FACTOR_ACTIVATION,0.6144022941589355,0.6090274146494337,test,0.3,202,674,0.5,/Users/charlottejob/Code/Evaluation_neuron_interpretability/vega_fcn_sweep/fcn_030
REACTOME_RETROGRADE_NEUROTROPHIN_SIGNALLING,,0.8347528682982159,test,0.3,202,674,0.5,/Users/charlottejob/Code/Evaluation_neuron_interpretability/vega_fcn_sweep/fcn_030
REACTOME_ERKS_ARE_INACTIVATED,0.1672770977020263,0.2431534904980398,test,0.3,202,674,0.5,/Users/charlottejob/Code/Evaluation_neuron_interpretability/vega_fcn_sweep/fcn_030
REACTOME_NEGATIVE_REGULATION_OF_THE_PI3K_AKT_NETWORK,,0.18600357719321203,test,0.3,202,674,0.5,/Users/charlottejob/Code/Evaluation_neuron_interpretability/vega_fcn_sweep/fcn_030
REACTOME_PI3K_AKT_ACTIVATION,0.7437080144882202,0.6174813802625445,test,0.3,202,674,0.5,/Users/charlottejob/Code/Evaluation_neuron_interpretability/vega_fcn_sweep/fcn_030
REACTOME_REGULATORY_RNA_PATHWAYS,,0.8337861536448108,test,0.3,202,674,0.5,/Users/charlottejob/Code/Evaluation_neuron_interpretability/vega_fcn_sweep/fcn_030
REACTOME_EGFR_DOWNREGULATION,0.1467918306589126,0.6233730094140997,test,0.3,202,674,0.5,/Users/charlottejob/Code/Evaluation_neuron_interpretability/vega_fcn_sweep/fcn_030
REACTOME_PROCESSING_OF_CAPPED_INTRON_CONTAINING_PRE_MRNA,0.8406429290771484,0.735283438277673,test,0.3,202,674,0.5,/Users/charlottejob/Code/Evaluation_neuron_interpretability/vega_fcn_sweep/fcn_030
REACTOME_PECAM1_INTERACTIONS,0.5471245646476746,0.5693072191819285,test,0.3,202,674,0.5,/Users/charlottejob/Code/Evaluation_neuron_interpretability/vega_fcn_sweep/fcn_030
REACTOME_TCR_SIGNALING,0.1156511455774307,0.6746918180989506,test,0.3,202,674,0.5,/Users/charlottejob/Code/Evaluation_neuron_interpretability/vega_fcn_sweep/fcn_030
REACTOME_REGULATION_OF_PYRUVATE_DEHYDROGENASE_PDH_COMPLEX,0.0509047284722328,0.6986613041827024,test,0.3,202,674,0.5,/Users/charlottejob/Code/Evaluation_neuron_interpretability/vega_fcn_sweep/fcn_030
REACTOME_DOWNSTREAM_TCR_SIGNALING,0.3779542446136474,0.8377686146872783,test,0.3,202,674,0.5,/Users/charlottejob/Code/Evaluation_neuron_interpretability/vega_fcn_sweep/fcn_030
REACTOME_BASIGIN_INTERACTIONS,0.6570802927017212,0.6554576359648195,test,0.3,202,674,0.5,/Users/charlottejob/Code/Evaluation_neuron_interpretability/vega_fcn_sweep/fcn_030
REACTOME_AKT_PHOSPHORYLATES_TARGETS_IN_THE_CYTOSOL,0.0128457751125097,0.3911964057750224,test,0.3,202,674,0.5,/Users/charlottejob/Code/Evaluation_neuron_interpretability/vega_fcn_sweep/fcn_030
REACTOME_GAB1_SIGNALOSOME,0.0260465219616889,0.6445183140544392,test,0.3,202,674,0.5,/Users/charlottejob/Code/Evaluation_neuron_interpretability/vega_fcn_sweep/fcn_030
REACTOME_SHC1_EVENTS_IN_EGFR_SIGNALING,,0.8369271037822272,test,0.3,202,674,0.5,/Users/charlottejob/Code/Evaluation_neuron_interpretability/vega_fcn_sweep/fcn_030
REACTOME_ACTIVATION_OF_THE_MRNA_UPON_BINDING_OF_THE_CAP_BINDING_COMPLEX_AND_EIFS_AND_SUBSEQUENT_BINDING_TO_43S,0.4366896152496338,0.999645224005563,test,0.3,202,674,0.5,/Users/charlottejob/Code/Evaluation_neuron_interpretability/vega_fcn_sweep/fcn_030
REACTOME_PHOSPHORYLATION_OF_CD3_AND_TCR_ZETA_CHAINS,0.4017766416072845,0.8969782503351407,test,0.3,202,674,0.5,/Users/charlottejob/Code/Evaluation_neuron_interpretability/vega_fcn_sweep/fcn_030
REACTOME_GLUTAMATE_NEUROTRANSMITTER_RELEASE_CYCLE,-0.0249110478907823,0.8409276852655113,test,0.3,202,674,0.5,/Users/charlottejob/Code/Evaluation_neuron_interpretability/vega_fcn_sweep/fcn_030
REACTOME_TRANSLOCATION_OF_ZAP_70_TO_IMMUNOLOGICAL_SYNAPSE,0.2354856133460998,0.9388133716755624,test,0.3,202,674,0.5,/Users/charlottejob/Code/Evaluation_neuron_interpretability/vega_fcn_sweep/fcn_030
REACTOME_ERK_MAPK_TARGETS,0.0393308736383914,0.2768895438403749,test,0.3,202,674,0.5,/Users/charlottejob/Code/Evaluation_neuron_interpretability/vega_fcn_sweep/fcn_030
REACTOME_TIE2_SIGNALING,0.075473815202713,0.6799263138706602,test,0.3,202,674,0.5,/Users/charlottejob/Code/Evaluation_neuron_interpretability/vega_fcn_sweep/fcn_030
REACTOME_GENERATION_OF_SECOND_MESSENGER_MOLECULES,0.140753373503685,0.8626832097912628,test,0.3,202,674,0.5,/Users/charlottejob/Code/Evaluation_neuron_interpretability/vega_fcn_sweep/fcn_030
REACTOME_GENERIC_TRANSCRIPTION_PATHWAY,0.6135128140449524,0.9809979622908328,test,0.3,202,674,0.5,/Users/charlottejob/Code/Evaluation_neuron_interpretability/vega_fcn_sweep/fcn_030
REACTOME_RESPONSE_TO_ELEVATED_PLATELET_CYTOSOLIC_CA2_,0.2100139707326889,0.9897771297202944,test,0.3,202,674,0.5,/Users/charlottejob/Code/Evaluation_neuron_interpretability/vega_fcn_sweep/fcn_030
REACTOME_TRANSPORT_OF_MATURE_TRANSCRIPT_TO_CYTOPLASM,0.0019527196418493,0.27709025213209704,test,0.3,202,674,0.5,/Users/charlottejob/Code/Evaluation_neuron_interpretability/vega_fcn_sweep/fcn_030
REACTOME_METABOLISM_OF_AMINO_ACIDS_AND_DERIVATIVES,0.6194188594818115,0.856001777364,test,0.3,202,674,0.5,/Users/charlottejob/Code/Evaluation_neuron_interpretability/vega_fcn_sweep/fcn_030
REACTOME_RNA_POL_I_TRANSCRIPTION,0.5754240155220032,0.9909993657696836,test,0.3,202,674,0.5,/Users/charlottejob/Code/Evaluation_neuron_interpretability/vega_fcn_sweep/fcn_030
REACTOME_FATTY_ACYL_COA_BIOSYNTHESIS,-0.0040932642295956,0.8421110836102438,test,0.3,202,674,0.5,/Users/charlottejob/Code/Evaluation_neuron_interpretability/vega_fcn_sweep/fcn_030
REACTOME_E2F_ENABLED_INHIBITION_OF_PRE_REPLICATION_COMPLEX_FORMATION,,0.2289822449068621,test,0.3,202,674,0.5,/Users/charlottejob/Code/Evaluation_neuron_interpretability/vega_fcn_sweep/fcn_030
REACTOME_P75NTR_RECRUITS_SIGNALLING_COMPLEXES,,0.2805950355538106,test,0.3,202,674,0.5,/Users/charlottejob/Code/Evaluation_neuron_interpretability/vega_fcn_sweep/fcn_030
REACTOME_BIOLOGICAL_OXIDATIONS,0.1578369736671447,0.3224554839603686,test,0.3,202,674,0.5,/Users/charlottejob/Code/Evaluation_neuron_interpretability/vega_fcn_sweep/fcn_030
REACTOME_REGULATED_PROTEOLYSIS_OF_P75NTR,,0.2254242463900885,test,0.3,202,674,0.5,/Users/charlottejob/Code/Evaluation_neuron_interpretability/vega_fcn_sweep/fcn_030
REACTOME_TRANSMISSION_ACROSS_CHEMICAL_SYNAPSES,0.080415055155754,0.19770224540542558,test,0.3,202,674,0.5,/Users/charlottejob/Code/Evaluation_neuron_interpretability/vega_fcn_sweep/fcn_030
REACTOME_P75NTR_SIGNALS_VIA_NFKB,0.0117710931226611,0.2897228532166694,test,0.3,202,674,0.5,/Users/charlottejob/Code/Evaluation_neuron_interpretability/vega_fcn_sweep/fcn_030
REACTOME_CASPASE_MEDIATED_CLEAVAGE_OF_CYTOSKELETAL_PROTEINS,0.7131932377815247,0.9143298807530534,test,0.3,202,674,0.5,/Users/charlottejob/Code/Evaluation_neuron_interpretability/vega_fcn_sweep/fcn_030
REACTOME_XENOBIOTICS,0.0185746662318706,0.22336629233904082,test,0.3,202,674,0.5,/Users/charlottejob/Code/Evaluation_neuron_interpretability/vega_fcn_sweep/fcn_030
REACTOME_INTEGRIN_CELL_SURFACE_INTERACTIONS,0.3061850368976593,0.5199840558476256,test,0.3,202,674,0.5,/Users/charlottejob/Code/Evaluation_neuron_interpretability/vega_fcn_sweep/fcn_030
REACTOME_REGULATION_OF_ORNITHINE_DECARBOXYLASE_ODC,0.8821628093719482,0.5383781932313456,test,0.3,202,674,0.5,/Users/charlottejob/Code/Evaluation_neuron_interpretability/vega_fcn_sweep/fcn_030
REACTOME_CYTOCHROME_P450_ARRANGED_BY_SUBSTRATE_TYPE,0.1259336918592453,0.2942070245307501,test,0.3,202,674,0.5,/Users/charlottejob/Code/Evaluation_neuron_interpretability/vega_fcn_sweep/fcn_030
REACTOME_BASE_FREE_SUGAR_PHOSPHATE_REMOVAL_VIA_THE_SINGLE_NUCLEOTIDE_REPLACEMENT_PATHWAY,,0.8326658814291322,test,0.3,202,674,0.5,/Users/charlottejob/Code/Evaluation_neuron_interpretability/vega_fcn_sweep/fcn_030
REACTOME_APOPTOTIC_CLEAVAGE_OF_CELL_ADHESION_PROTEINS,-0.0072944490239024,0.21088016233703544,test,0.3,202,674,0.5,/Users/charlottejob/Code/Evaluation_neuron_interpretability/vega_fcn_sweep/fcn_030
REACTOME_HDL_MEDIATED_LIPID_TRANSPORT,0.0233501810580492,0.7354433086544394,test,0.3,202,674,0.5,/Users/charlottejob/Code/Evaluation_neuron_interpretability/vega_fcn_sweep/fcn_030
REACTOME_NRAGE_SIGNALS_DEATH_THROUGH_JNK,0.5605185031890869,0.47359843890090186,test,0.3,202,674,0.5,/Users/charlottejob/Code/Evaluation_neuron_interpretability/vega_fcn_sweep/fcn_030
REACTOME_SLBP_DEPENDENT_PROCESSING_OF_REPLICATION_DEPENDENT_HISTONE_PRE_MRNAS,,0.8262949875670722,test,0.3,202,674,0.5,/Users/charlottejob/Code/Evaluation_neuron_interpretability/vega_fcn_sweep/fcn_030
REACTOME_NRIF_SIGNALS_CELL_DEATH_FROM_THE_NUCLEUS,,0.8369201238930333,test,0.3,202,674,0.5,/Users/charlottejob/Code/Evaluation_neuron_interpretability/vega_fcn_sweep/fcn_030
REACTOME_REGULATION_OF_APOPTOSIS,0.7483932971954346,0.6341378214749008,test,0.3,202,674,0.5,/Users/charlottejob/Code/Evaluation_neuron_interpretability/vega_fcn_sweep/fcn_030
REACTOME_RNA_POL_II_TRANSCRIPTION,0.8305032253265381,0.6314362708355641,test,0.3,202,674,0.5,/Users/charlottejob/Code/Evaluation_neuron_interpretability/vega_fcn_sweep/fcn_030
REACTOME_NEURONAL_SYSTEM,0.1438144445419311,0.2639962308598351,test,0.3,202,674,0.5,/Users/charlottejob/Code/Evaluation_neuron_interpretability/vega_fcn_sweep/fcn_030
REACTOME_NFKB_IS_ACTIVATED_AND_SIGNALS_SURVIVAL,0.684389054775238,0.7473112625497785,test,0.3,202,674,0.5,/Users/charlottejob/Code/Evaluation_neuron_interpretability/vega_fcn_sweep/fcn_030
REACTOME_REGULATION_OF_BETA_CELL_DEVELOPMENT,0.8133502006530762,0.4837110021608661,test,0.3,202,674,0.5,/Users/charlottejob/Code/Evaluation_neuron_interpretability/vega_fcn_sweep/fcn_030
REACTOME_PHASE1_FUNCTIONALIZATION_OF_COMPOUNDS,0.5897061824798584,0.5219247516067304,test,0.3,202,674,0.5,/Users/charlottejob/Code/Evaluation_neuron_interpretability/vega_fcn_sweep/fcn_030
REACTOME_RNA_POL_III_TRANSCRIPTION,,0.2274466692841251,test,0.3,202,674,0.5,/Users/charlottejob/Code/Evaluation_neuron_interpretability/vega_fcn_sweep/fcn_030
REACTOME_CELL_DEATH_SIGNALLING_VIA_NRAGE_NRIF_AND_NADE,0.3931350409984588,0.4871903705825967,test,0.3,202,674,0.5,/Users/charlottejob/Code/Evaluation_neuron_interpretability/vega_fcn_sweep/fcn_030
REACTOME_NEUROTRANSMITTER_RELEASE_CYCLE,-0.0221177581697702,0.8379121170640604,test,0.3,202,674,0.5,/Users/charlottejob/Code/Evaluation_neuron_interpretability/vega_fcn_sweep/fcn_030
REACTOME_P75_NTR_RECEPTOR_MEDIATED_SIGNALLING,0.0254621915519237,0.27112757500382534,test,0.3,202,674,0.5,/Users/charlottejob/Code/Evaluation_neuron_interpretability/vega_fcn_sweep/fcn_030
REACTOME_AMINO_ACID_TRANSPORT_ACROSS_THE_PLASMA_MEMBRANE,0.0673689022660255,0.2344198133388264,test,0.3,202,674,0.5,/Users/charlottejob/Code/Evaluation_neuron_interpretability/vega_fcn_sweep/fcn_030
REACTOME_ENDOGENOUS_STEROLS,0.7779676914215088,0.5397007893395215,test,0.3,202,674,0.5,/Users/charlottejob/Code/Evaluation_neuron_interpretability/vega_fcn_sweep/fcn_030
REACTOME_REGULATION_OF_GENE_EXPRESSION_IN_BETA_CELLS,,0.8253806090798502,test,0.3,202,674,0.5,/Users/charlottejob/Code/Evaluation_neuron_interpretability/vega_fcn_sweep/fcn_030
REACTOME_GLYCOLYSIS,0.7396975159645081,0.9526144734562294,test,0.3,202,674,0.5,/Users/charlottejob/Code/Evaluation_neuron_interpretability/vega_fcn_sweep/fcn_030
REACTOME_PROCESSIVE_SYNTHESIS_ON_THE_LAGGING_STRAND,,0.830369497884221,test,0.3,202,674,0.5,/Users/charlottejob/Code/Evaluation_neuron_interpretability/vega_fcn_sweep/fcn_030
REACTOME_PEPTIDE_CHAIN_ELONGATION,0.7925874590873718,1.0,test,0.3,202,674,0.5,/Users/charlottejob/Code/Evaluation_neuron_interpretability/vega_fcn_sweep/fcn_030
REACTOME_COMMON_PATHWAY,0.4045435488224029,0.5381010143628149,test,0.3,202,674,0.5,/Users/charlottejob/Code/Evaluation_neuron_interpretability/vega_fcn_sweep/fcn_030
REACTOME_MRNA_CAPPING,0.8343896269798279,0.5609879715886783,test,0.3,202,674,0.5,/Users/charlottejob/Code/Evaluation_neuron_interpretability/vega_fcn_sweep/fcn_030
REACTOME_MITOCHONDRIAL_FATTY_ACID_BETA_OXIDATION,,0.833063735113205,test,0.3,202,674,0.5,/Users/charlottejob/Code/Evaluation_neuron_interpretability/vega_fcn_sweep/fcn_030
REACTOME_SIGNALING_BY_GPCR,-0.0021812710911035,0.338595722726786,test,0.3,202,674,0.5,/Users/charlottejob/Code/Evaluation_neuron_interpretability/vega_fcn_sweep/fcn_030
REACTOME_PEPTIDE_LIGAND_BINDING_RECEPTORS,0.4289814531803131,0.5571754018464836,test,0.3,202,674,0.5,/Users/charlottejob/Code/Evaluation_neuron_interpretability/vega_fcn_sweep/fcn_030
REACTOME_METABOLISM_OF_POLYAMINES,0.6749384999275208,0.8458600888730208,test,0.3,202,674,0.5,/Users/charlottejob/Code/Evaluation_neuron_interpretability/vega_fcn_sweep/fcn_030
REACTOME_CLASS_A1_RHODOPSIN_LIKE_RECEPTORS,0.108038306236267,0.3276062075343601,test,0.3,202,674,0.5,/Users/charlottejob/Code/Evaluation_neuron_interpretability/vega_fcn_sweep/fcn_030
REACTOME_NOTCH_HLH_TRANSCRIPTION_PATHWAY,,0.2626671901583562,test,0.3,202,674,0.5,/Users/charlottejob/Code/Evaluation_neuron_interpretability/vega_fcn_sweep/fcn_030
REACTOME_INTEGRATION_OF_ENERGY_METABOLISM,0.043517455458641,0.3003496235899791,test,0.3,202,674,0.5,/Users/charlottejob/Code/Evaluation_neuron_interpretability/vega_fcn_sweep/fcn_030
REACTOME_CELL_CYCLE_MITOTIC,0.048501543700695,0.2821321068670892,test,0.3,202,674,0.5,/Users/charlottejob/Code/Evaluation_neuron_interpretability/vega_fcn_sweep/fcn_030
REACTOME_GLUCONEOGENESIS,0.7660574316978455,0.9531027675247692,test,0.3,202,674,0.5,/Users/charlottejob/Code/Evaluation_neuron_interpretability/vega_fcn_sweep/fcn_030
REACTOME_DOPAMINE_NEUROTRANSMITTER_RELEASE_CYCLE,-0.0093712201341986,0.8365900707419083,test,0.3,202,674,0.5,/Users/charlottejob/Code/Evaluation_neuron_interpretability/vega_fcn_sweep/fcn_030
REACTOME_OPIOID_SIGNALLING,-0.0184027440845966,0.8026585374369037,test,0.3,202,674,0.5,/Users/charlottejob/Code/Evaluation_neuron_interpretability/vega_fcn_sweep/fcn_030
REACTOME_RECRUITMENT_OF_MITOTIC_CENTROSOME_PROTEINS_AND_COMPLEXES,0.8279995918273926,0.68106229570727,test,0.3,202,674,0.5,/Users/charlottejob/Code/Evaluation_neuron_interpretability/vega_fcn_sweep/fcn_030
REACTOME_MITOCHONDRIAL_TRNA_AMINOACYLATION,0.844221293926239,0.5338961841306179,test,0.3,202,674,0.5,/Users/charlottejob/Code/Evaluation_neuron_interpretability/vega_fcn_sweep/fcn_030
REACTOME_CYTOSOLIC_TRNA_AMINOACYLATION,0.0629539117217063,0.2176933968290638,test,0.3,202,674,0.5,/Users/charlottejob/Code/Evaluation_neuron_interpretability/vega_fcn_sweep/fcn_030
REACTOME_CA_DEPENDENT_EVENTS,-0.0070097362622618,0.2558128087477805,test,0.3,202,674,0.5,/Users/charlottejob/Code/Evaluation_neuron_interpretability/vega_fcn_sweep/fcn_030
REACTOME_ACETYLCHOLINE_NEUROTRANSMITTER_RELEASE_CYCLE,-0.0021167937666177,0.840365205983792,test,0.3,202,674,0.5,/Users/charlottejob/Code/Evaluation_neuron_interpretability/vega_fcn_sweep/fcn_030
REACTOME_ADENYLATE_CYCLASE_ACTIVATING_PATHWAY,,0.19028050429699417,test,0.3,202,674,0.5,/Users/charlottejob/Code/Evaluation_neuron_interpretability/vega_fcn_sweep/fcn_030
REACTOME_ADENYLATE_CYCLASE_INHIBITORY_PATHWAY,,0.2817816167168346,test,0.3,202,674,0.5,/Users/charlottejob/Code/Evaluation_neuron_interpretability/vega_fcn_sweep/fcn_030
REACTOME_DARPP_32_EVENTS,0.0731792747974395,0.662363096179878,test,0.3,202,674,0.5,/Users/charlottejob/Code/Evaluation_neuron_interpretability/vega_fcn_sweep/fcn_030
REACTOME_CHEMOKINE_RECEPTORS_BIND_CHEMOKINES,0.0461920872330665,0.6003538835028147,test,0.3,202,674,0.5,/Users/charlottejob/Code/Evaluation_neuron_interpretability/vega_fcn_sweep/fcn_030
REACTOME_LOSS_OF_NLP_FROM_MITOTIC_CENTROSOMES,0.830331563949585,0.6616144224707434,test,0.3,202,674,0.5,/Users/charlottejob/Code/Evaluation_neuron_interpretability/vega_fcn_sweep/fcn_030
REACTOME_NEUROTRANSMITTER_RECEPTOR_BINDING_AND_DOWNSTREAM_TRANSMISSION_IN_THE_POSTSYNAPTIC_CELL,-0.0359962657094001,0.8211948188977244,test,0.3,202,674,0.5,/Users/charlottejob/Code/Evaluation_neuron_interpretability/vega_fcn_sweep/fcn_030
REACTOME_CELL_CYCLE_CHECKPOINTS,0.0153602305799722,0.3762684433415154,test,0.3,202,674,0.5,/Users/charlottejob/Code/Evaluation_neuron_interpretability/vega_fcn_sweep/fcn_030
REACTOME_DIABETES_PATHWAYS,0.5292847156524658,0.6746390253550943,test,0.3,202,674,0.5,/Users/charlottejob/Code/Evaluation_neuron_interpretability/vega_fcn_sweep/fcn_030
REACTOME_P130CAS_LINKAGE_TO_MAPK_SIGNALING_FOR_INTEGRINS,0.0204064100980758,0.6205434507987005,test,0.3,202,674,0.5,/Users/charlottejob/Code/Evaluation_neuron_interpretability/vega_fcn_sweep/fcn_030
REACTOME_GLYCOPROTEIN_HORMONES,,0.8362291148628015,test,0.3,202,674,0.5,/Users/charlottejob/Code/Evaluation_neuron_interpretability/vega_fcn_sweep/fcn_030
REACTOME_NOREPINEPHRINE_NEUROTRANSMITTER_RELEASE_CYCLE,0.0096489517018198,0.7467556053969799,test,0.3,202,674,0.5,/Users/charlottejob/Code/Evaluation_neuron_interpretability/vega_fcn_sweep/fcn_030
REACTOME_PLC_BETA_MEDIATED_EVENTS,-0.0057254591956734,0.7165169257422345,test,0.3,202,674,0.5,/Users/charlottejob/Code/Evaluation_neuron_interpretability/vega_fcn_sweep/fcn_030
REACTOME_REGULATION_OF_INSULIN_LIKE_GROWTH_FACTOR_IGF_ACTIVITY_BY_INSULIN_LIKE_GROWTH_FACTOR_BINDING_PROTEINS_IGFBPS,0.2563668191432953,0.6086144285649376,test,0.3,202,674,0.5,/Users/charlottejob/Code/Evaluation_neuron_interpretability/vega_fcn_sweep/fcn_030
REACTOME_GRB2_SOS_PROVIDES_LINKAGE_TO_MAPK_SIGNALING_FOR_INTERGRINS_,0.7775976657867432,0.7568651941683657,test,0.3,202,674,0.5,/Users/charlottejob/Code/Evaluation_neuron_interpretability/vega_fcn_sweep/fcn_030
REACTOME_PEPTIDE_HORMONE_BIOSYNTHESIS,,0.8264031758495834,test,0.3,202,674,0.5,/Users/charlottejob/Code/Evaluation_neuron_interpretability/vega_fcn_sweep/fcn_030
REACTOME_G_PROTEIN_ACTIVATION,0.0085068549960851,0.23240429690690212,test,0.3,202,674,0.5,/Users/charlottejob/Code/Evaluation_neuron_interpretability/vega_fcn_sweep/fcn_030
REACTOME_ACETYLCHOLINE_BINDING_AND_DOWNSTREAM_EVENTS,-0.0186744704842567,0.8354448989021258,test,0.3,202,674,0.5,/Users/charlottejob/Code/Evaluation_neuron_interpretability/vega_fcn_sweep/fcn_030
REACTOME_ABC_FAMILY_PROTEINS_MEDIATED_TRANSPORT,0.3512723445892334,0.583357872006282,test,0.3,202,674,0.5,/Users/charlottejob/Code/Evaluation_neuron_interpretability/vega_fcn_sweep/fcn_030
REACTOME_TRNA_AMINOACYLATION,0.0548057816922664,0.26080928543384374,test,0.3,202,674,0.5,/Users/charlottejob/Code/Evaluation_neuron_interpretability/vega_fcn_sweep/fcn_030
REACTOME_OLFACTORY_SIGNALING_PATHWAY,,0.22822143698468778,test,0.3,202,674,0.5,/Users/charlottejob/Code/Evaluation_neuron_interpretability/vega_fcn_sweep/fcn_030
REACTOME_STEROID_HORMONES,,0.8365013305413777,test,0.3,202,674,0.5,/Users/charlottejob/Code/Evaluation_neuron_interpretability/vega_fcn_sweep/fcn_030
REACTOME_PKA_MEDIATED_PHOSPHORYLATION_OF_CREB,-0.028075311332941,0.8367104407292162,test,0.3,202,674,0.5,/Users/charlottejob/Code/Evaluation_neuron_interpretability/vega_fcn_sweep/fcn_030
REACTOME_RECRUITMENT_OF_NUMA_TO_MITOTIC_CENTROSOMES,,0.8292474806962439,test,0.3,202,674,0.5,/Users/charlottejob/Code/Evaluation_neuron_interpretability/vega_fcn_sweep/fcn_030
REACTOME_AMINE_DERIVED_HORMONES,-0.0190282370895147,0.8453740305403808,test,0.3,202,674,0.5,/Users/charlottejob/Code/Evaluation_neuron_interpretability/vega_fcn_sweep/fcn_030
REACTOME_TRANSMEMBRANE_TRANSPORT_OF_SMALL_MOLECULES,0.2586927115917206,0.9982826971550989,test,0.3,202,674,0.5,/Users/charlottejob/Code/Evaluation_neuron_interpretability/vega_fcn_sweep/fcn_030
REACTOME_INTEGRIN_ALPHAIIB_BETA3_SIGNALING,-0.0136060994118452,0.2492315423146212,test,0.3,202,674,0.5,/Users/charlottejob/Code/Evaluation_neuron_interpretability/vega_fcn_sweep/fcn_030
REACTOME_NUCLEAR_RECEPTOR_TRANSCRIPTION_PATHWAY,0.8460659980773926,0.58380657916877,test,0.3,202,674,0.5,/Users/charlottejob/Code/Evaluation_neuron_interpretability/vega_fcn_sweep/fcn_030
REACTOME_INSULIN_SYNTHESIS_AND_PROCESSING,-0.0284078419208526,0.21405246045012438,test,0.3,202,674,0.5,/Users/charlottejob/Code/Evaluation_neuron_interpretability/vega_fcn_sweep/fcn_030
REACTOME_CYCLIN_E_ASSOCIATED_EVENTS_DURING_G1_S_TRANSITION_,0.5357861518859863,0.6020705473932181,test,0.3,202,674,0.5,/Users/charlottejob/Code/Evaluation_neuron_interpretability/vega_fcn_sweep/fcn_030
REACTOME_HOMOLOGOUS_RECOMBINATION_REPAIR_OF_REPLICATION_INDEPENDENT_DOUBLE_STRAND_BREAKS,,0.8386144919949395,test,0.3,202,674,0.5,/Users/charlottejob/Code/Evaluation_neuron_interpretability/vega_fcn_sweep/fcn_030
REACTOME_G1_PHASE,-0.0237920358777046,0.8073817030250452,test,0.3,202,674,0.5,/Users/charlottejob/Code/Evaluation_neuron_interpretability/vega_fcn_sweep/fcn_030
REACTOME_ELEVATION_OF_CYTOSOLIC_CA2_LEVELS,0.0390221215784549,0.8387161892925664,test,0.3,202,674,0.5,/Users/charlottejob/Code/Evaluation_neuron_interpretability/vega_fcn_sweep/fcn_030
REACTOME_P53_DEPENDENT_G1_DNA_DAMAGE_RESPONSE,0.0233729537576437,0.19553296234386353,test,0.3,202,674,0.5,/Users/charlottejob/Code/Evaluation_neuron_interpretability/vega_fcn_sweep/fcn_030
REACTOME_TRANSCRIPTION_COUPLED_NER_TC_NER,0.0059347008354961,0.838398827125568,test,0.3,202,674,0.5,/Users/charlottejob/Code/Evaluation_neuron_interpretability/vega_fcn_sweep/fcn_030
REACTOME_RNA_POL_II_TRANSCRIPTION_PRE_INITIATION_AND_PROMOTER_OPENING,0.0173156708478927,0.8354559656108662,test,0.3,202,674,0.5,/Users/charlottejob/Code/Evaluation_neuron_interpretability/vega_fcn_sweep/fcn_030
REACTOME_GLUCAGON_SIGNALING_IN_METABOLIC_REGULATION,0.0051363827660679,0.8178723715086604,test,0.3,202,674,0.5,/Users/charlottejob/Code/Evaluation_neuron_interpretability/vega_fcn_sweep/fcn_030
REACTOME_MRNA_PROCESSING,0.2576110661029815,0.45482131611376386,test,0.3,202,674,0.5,/Users/charlottejob/Code/Evaluation_neuron_interpretability/vega_fcn_sweep/fcn_030
REACTOME_SIGNALING_BY_PDGF,0.0642095431685447,0.19815322406055869,test,0.3,202,674,0.5,/Users/charlottejob/Code/Evaluation_neuron_interpretability/vega_fcn_sweep/fcn_030
REACTOME_ASSOCIATION_OF_TRIC_CCT_WITH_TARGET_PROTEINS_DURING_BIOSYNTHESIS,0.0425528697669506,0.6712345789207476,test,0.3,202,674,0.5,/Users/charlottejob/Code/Evaluation_neuron_interpretability/vega_fcn_sweep/fcn_030
REACTOME_PREFOLDIN_MEDIATED_TRANSFER_OF_SUBSTRATE_TO_CCT_TRIC,0.3864885866641998,0.999998244625482,test,0.3,202,674,0.5,/Users/charlottejob/Code/Evaluation_neuron_interpretability/vega_fcn_sweep/fcn_030
REACTOME_HORMONE_LIGAND_BINDING_RECEPTORS,,0.20975265017667843,test,0.3,202,674,0.5,/Users/charlottejob/Code/Evaluation_neuron_interpretability/vega_fcn_sweep/fcn_030
REACTOME_GPVI_MEDIATED_ACTIVATION_CASCADE,0.1891365647315979,0.6835123005875196,test,0.3,202,674,0.5,/Users/charlottejob/Code/Evaluation_neuron_interpretability/vega_fcn_sweep/fcn_030
REACTOME_PROTEIN_FOLDING,0.5676367282867432,0.8070956598900315,test,0.3,202,674,0.5,/Users/charlottejob/Code/Evaluation_neuron_interpretability/vega_fcn_sweep/fcn_030
REACTOME_FORMATION_OF_TUBULIN_FOLDING_INTERMEDIATES_BY_CCT_TRIC,-0.0364997461438179,0.2684020299150925,test,0.3,202,674,0.5,/Users/charlottejob/Code/Evaluation_neuron_interpretability/vega_fcn_sweep/fcn_030
REACTOME_PEROXISOMAL_LIPID_METABOLISM,0.7371789216995239,0.49260021871966486,test,0.3,202,674,0.5,/Users/charlottejob/Code/Evaluation_neuron_interpretability/vega_fcn_sweep/fcn_030
REACTOME_POST_CHAPERONIN_TUBULIN_FOLDING_PATHWAY,0.0018808806780725,0.2903793188795796,test,0.3,202,674,0.5,/Users/charlottejob/Code/Evaluation_neuron_interpretability/vega_fcn_sweep/fcn_030
REACTOME_STRIATED_MUSCLE_CONTRACTION,0.6688395738601685,0.9153186075043273,test,0.3,202,674,0.5,/Users/charlottejob/Code/Evaluation_neuron_interpretability/vega_fcn_sweep/fcn_030
REACTOME_METABOLISM_OF_NUCLEOTIDES,0.1626458466053009,0.3633138438792149,test,0.3,202,674,0.5,/Users/charlottejob/Code/Evaluation_neuron_interpretability/vega_fcn_sweep/fcn_030
REACTOME_AMINE_LIGAND_BINDING_RECEPTORS,0.834992527961731,0.4619608336566321,test,0.3,202,674,0.5,/Users/charlottejob/Code/Evaluation_neuron_interpretability/vega_fcn_sweep/fcn_030
REACTOME_METABOLISM_OF_PROTEINS,0.4978612065315246,0.9999927067721268,test,0.3,202,674,0.5,/Users/charlottejob/Code/Evaluation_neuron_interpretability/vega_fcn_sweep/fcn_030
REACTOME_DOWNSTREAM_SIGNAL_TRANSDUCTION,0.0191358774900436,0.6767424591591131,test,0.3,202,674,0.5,/Users/charlottejob/Code/Evaluation_neuron_interpretability/vega_fcn_sweep/fcn_030
REACTOME_MUSCLE_CONTRACTION,0.0086452104151248,0.2613806859610746,test,0.3,202,674,0.5,/Users/charlottejob/Code/Evaluation_neuron_interpretability/vega_fcn_sweep/fcn_030
REACTOME_SEROTONIN_RECEPTORS,,0.24978056973345542,test,0.3,202,674,0.5,/Users/charlottejob/Code/Evaluation_neuron_interpretability/vega_fcn_sweep/fcn_030
REACTOME_CDC6_ASSOCIATION_WITH_THE_ORC_ORIGIN_COMPLEX,,0.17723858133752124,test,0.3,202,674,0.5,/Users/charlottejob/Code/Evaluation_neuron_interpretability/vega_fcn_sweep/fcn_030
REACTOME_M_G1_TRANSITION,0.0736669600009918,0.6229459708738714,test,0.3,202,674,0.5,/Users/charlottejob/Code/Evaluation_neuron_interpretability/vega_fcn_sweep/fcn_030
REACTOME_MRNA_SPLICING,,0.22514330585001963,test,0.3,202,674,0.5,/Users/charlottejob/Code/Evaluation_neuron_interpretability/vega_fcn_sweep/fcn_030
REACTOME_MRNA_SPLICING_MINOR_PATHWAY,,0.8244976660995506,test,0.3,202,674,0.5,/Users/charlottejob/Code/Evaluation_neuron_interpretability/vega_fcn_sweep/fcn_030
REACTOME_3_UTR_MEDIATED_TRANSLATIONAL_REGULATION,0.7669103741645813,0.999964522400556,test,0.3,202,674,0.5,/Users/charlottejob/Code/Evaluation_neuron_interpretability/vega_fcn_sweep/fcn_030
REACTOME_PROCESSING_OF_CAPPED_INTRONLESS_PRE_MRNA,,0.8352554203202025,test,0.3,202,674,0.5,/Users/charlottejob/Code/Evaluation_neuron_interpretability/vega_fcn_sweep/fcn_030
REACTOME_PURINE_RIBONUCLEOSIDE_MONOPHOSPHATE_BIOSYNTHESIS,,0.8344579679797584,test,0.3,202,674,0.5,/Users/charlottejob/Code/Evaluation_neuron_interpretability/vega_fcn_sweep/fcn_030
REACTOME_G1_S_TRANSITION,0.5677827000617981,0.5939916817249964,test,0.3,202,674,0.5,/Users/charlottejob/Code/Evaluation_neuron_interpretability/vega_fcn_sweep/fcn_030
REACTOME_CITRIC_ACID_CYCLE_TCA_CYCLE,,0.8409649696811063,test,0.3,202,674,0.5,/Users/charlottejob/Code/Evaluation_neuron_interpretability/vega_fcn_sweep/fcn_030
REACTOME_TRANSCRIPTION,0.0158520191907882,0.3014803181666157,test,0.3,202,674,0.5,/Users/charlottejob/Code/Evaluation_neuron_interpretability/vega_fcn_sweep/fcn_030
REACTOME_POL_SWITCHING,,0.8202957728046067,test,0.3,202,674,0.5,/Users/charlottejob/Code/Evaluation_neuron_interpretability/vega_fcn_sweep/fcn_030
REACTOME_NUCLEOTIDE_EXCISION_REPAIR,-0.0202887915074825,0.8462523886285268,test,0.3,202,674,0.5,/Users/charlottejob/Code/Evaluation_neuron_interpretability/vega_fcn_sweep/fcn_030
REACTOME_REGULATION_OF_THE_FANCONI_ANEMIA_PATHWAY,,0.8176503947999825,test,0.3,202,674,0.5,/Users/charlottejob/Code/Evaluation_neuron_interpretability/vega_fcn_sweep/fcn_030
REACTOME_AXON_GUIDANCE,0.6961113214492798,0.7775092413568312,test,0.3,202,674,0.5,/Users/charlottejob/Code/Evaluation_neuron_interpretability/vega_fcn_sweep/fcn_030
REACTOME_ACTIVATION_OF_CHAPERONE_GENES_BY_XBP1S,0.7719904184341431,0.5908778267238618,test,0.3,202,674,0.5,/Users/charlottejob/Code/Evaluation_neuron_interpretability/vega_fcn_sweep/fcn_030
REACTOME_REGULATION_OF_INSULIN_SECRETION_BY_GLUCAGON_LIKE_PEPTIDE1,0.0302522089332342,0.23124571625974566,test,0.3,202,674,0.5,/Users/charlottejob/Code/Evaluation_neuron_interpretability/vega_fcn_sweep/fcn_030
REACTOME_PERK_REGULATED_GENE_EXPRESSION,-0.0046537588350474,0.22787312804980653,test,0.3,202,674,0.5,/Users/charlottejob/Code/Evaluation_neuron_interpretability/vega_fcn_sweep/fcn_030
REACTOME_G_ALPHA_Q_SIGNALLING_EVENTS,-0.005351454950869,0.2777901632278464,test,0.3,202,674,0.5,/Users/charlottejob/Code/Evaluation_neuron_interpretability/vega_fcn_sweep/fcn_030
REACTOME_P2Y_RECEPTORS,0.447983831167221,0.4627452627599641,test,0.3,202,674,0.5,/Users/charlottejob/Code/Evaluation_neuron_interpretability/vega_fcn_sweep/fcn_030
REACTOME_TRAFFICKING_OF_AMPA_RECEPTORS,0.777478039264679,0.5939248517178676,test,0.3,202,674,0.5,/Users/charlottejob/Code/Evaluation_neuron_interpretability/vega_fcn_sweep/fcn_030
REACTOME_NCAM1_INTERACTIONS,0.737483024597168,0.6037352374761021,test,0.3,202,674,0.5,/Users/charlottejob/Code/Evaluation_neuron_interpretability/vega_fcn_sweep/fcn_030
REACTOME_CLASS_C_3_METABOTROPIC_GLUTAMATE_PHEROMONE_RECEPTORS,,0.2231976617371199,test,0.3,202,674,0.5,/Users/charlottejob/Code/Evaluation_neuron_interpretability/vega_fcn_sweep/fcn_030
REACTOME_REGULATION_OF_INSULIN_SECRETION,0.4741789400577545,0.7357159256998538,test,0.3,202,674,0.5,/Users/charlottejob/Code/Evaluation_neuron_interpretability/vega_fcn_sweep/fcn_030
REACTOME_NCAM_SIGNALING_FOR_NEURITE_OUT_GROWTH,-0.0244638342410326,0.2797981533790871,test,0.3,202,674,0.5,/Users/charlottejob/Code/Evaluation_neuron_interpretability/vega_fcn_sweep/fcn_030
REACTOME_INHIBITION_OF_INSULIN_SECRETION_BY_ADRENALINE_NORADRENALINE,0.5576685070991516,0.6301640105916323,test,0.3,202,674,0.5,/Users/charlottejob/Code/Evaluation_neuron_interpretability/vega_fcn_sweep/fcn_030
REACTOME_NUCLEOTIDE_LIKE_PURINERGIC_RECEPTORS,0.7084964513778687,0.49549771866910997,test,0.3,202,674,0.5,/Users/charlottejob/Code/Evaluation_neuron_interpretability/vega_fcn_sweep/fcn_030
REACTOME_ACTIVATION_OF_CHAPERONES_BY_ATF6_ALPHA,,0.8391432186014046,test,0.3,202,674,0.5,/Users/charlottejob/Code/Evaluation_neuron_interpretability/vega_fcn_sweep/fcn_030
REACTOME_TRANSPORT_OF_MATURE_MRNA_DERIVED_FROM_AN_INTRONLESS_TRANSCRIPT,0.8493457436561584,0.6773010264176342,test,0.3,202,674,0.5,/Users/charlottejob/Code/Evaluation_neuron_interpretability/vega_fcn_sweep/fcn_030
REACTOME_EICOSANOID_LIGAND_BINDING_RECEPTORS,0.6829643249511719,0.5282571752100627,test,0.3,202,674,0.5,/Users/charlottejob/Code/Evaluation_neuron_interpretability/vega_fcn_sweep/fcn_030
REACTOME_ACTIVATION_OF_GENES_BY_ATF4,0.8503017425537109,0.48411120926580287,test,0.3,202,674,0.5,/Users/charlottejob/Code/Evaluation_neuron_interpretability/vega_fcn_sweep/fcn_030
REACTOME_UNFOLDED_PROTEIN_RESPONSE,0.665132462978363,0.5657238550130863,test,0.3,202,674,0.5,/Users/charlottejob/Code/Evaluation_neuron_interpretability/vega_fcn_sweep/fcn_030
REACTOME_CLASS_B_2_SECRETIN_FAMILY_RECEPTORS,0.3876842856407165,0.5381712690311041,test,0.3,202,674,0.5,/Users/charlottejob/Code/Evaluation_neuron_interpretability/vega_fcn_sweep/fcn_030
REACTOME_GLUCAGON_TYPE_LIGAND_RECEPTORS,0.0019802465103566,0.23632262010413774,test,0.3,202,674,0.5,/Users/charlottejob/Code/Evaluation_neuron_interpretability/vega_fcn_sweep/fcn_030
REACTOME_REGULATION_OF_INSULIN_SECRETION_BY_ACETYLCHOLINE,0.639193594455719,0.4885202699632662,test,0.3,202,674,0.5,/Users/charlottejob/Code/Evaluation_neuron_interpretability/vega_fcn_sweep/fcn_030
REACTOME_G_ALPHA1213_SIGNALLING_EVENTS,-0.0223779249936342,0.2302644352114317,test,0.3,202,674,0.5,/Users/charlottejob/Code/Evaluation_neuron_interpretability/vega_fcn_sweep/fcn_030
REACTOME_FANCONI_ANEMIA_PATHWAY,0.1071838587522506,0.7356900944731627,test,0.3,202,674,0.5,/Users/charlottejob/Code/Evaluation_neuron_interpretability/vega_fcn_sweep/fcn_030
REACTOME_TRAFFICKING_OF_GLUR2_CONTAINING_AMPA_RECEPTORS,0.7546839714050293,0.5891836738265629,test,0.3,202,674,0.5,/Users/charlottejob/Code/Evaluation_neuron_interpretability/vega_fcn_sweep/fcn_030
REACTOME_ACTIVATION_OF_CHAPERONE_GENES_BY_ATF6_ALPHA,,0.1543934040047114,test,0.3,202,674,0.5,/Users/charlottejob/Code/Evaluation_neuron_interpretability/vega_fcn_sweep/fcn_030
REACTOME_PROSTANOID_LIGAND_RECEPTORS,0.0095333531498909,0.21298197162293886,test,0.3,202,674,0.5,/Users/charlottejob/Code/Evaluation_neuron_interpretability/vega_fcn_sweep/fcn_030
REACTOME_OPSINS,,0.8312158094490251,test,0.3,202,674,0.5,/Users/charlottejob/Code/Evaluation_neuron_interpretability/vega_fcn_sweep/fcn_030
REACTOME_FORMATION_OF_RNA_POL_II_ELONGATION_COMPLEX_,-0.0201387405395507,0.2260879157637028,test,0.3,202,674,0.5,/Users/charlottejob/Code/Evaluation_neuron_interpretability/vega_fcn_sweep/fcn_030
REACTOME_MRNA_3_END_PROCESSING,,0.1863037124285652,test,0.3,202,674,0.5,/Users/charlottejob/Code/Evaluation_neuron_interpretability/vega_fcn_sweep/fcn_030
REACTOME_POST_TRANSLATIONAL_MODIFICATION_SYNTHESIS_OF_GPI_ANCHORED_PROTEINS,0.8055328130722046,0.5358599574294072,test,0.3,202,674,0.5,/Users/charlottejob/Code/Evaluation_neuron_interpretability/vega_fcn_sweep/fcn_030
REACTOME_CYCLIN_A_B1_ASSOCIATED_EVENTS_DURING_G2_M_TRANSITION,-0.0260579921305179,0.82662410282528,test,0.3,202,674,0.5,/Users/charlottejob/Code/Evaluation_neuron_interpretability/vega_fcn_sweep/fcn_030
REACTOME_ELONGATION_ARREST_AND_RECOVERY,,0.2363320682284169,test,0.3,202,674,0.5,/Users/charlottejob/Code/Evaluation_neuron_interpretability/vega_fcn_sweep/fcn_030
REACTOME_SLC_MEDIATED_TRANSMEMBRANE_TRANSPORT,0.0220794007182121,0.23661460832642622,test,0.3,202,674,0.5,/Users/charlottejob/Code/Evaluation_neuron_interpretability/vega_fcn_sweep/fcn_030
REACTOME_ADP_SIGNALLING_THROUGH_P2RY1,0.4602388143539428,0.5931651361862003,test,0.3,202,674,0.5,/Users/charlottejob/Code/Evaluation_neuron_interpretability/vega_fcn_sweep/fcn_030
REACTOME_G_BETA_GAMMA_SIGNALLING_THROUGH_PLC_BETA,0.0371063798666,0.8358908083584171,test,0.3,202,674,0.5,/Users/charlottejob/Code/Evaluation_neuron_interpretability/vega_fcn_sweep/fcn_030
REACTOME_CD28_CO_STIMULATION,-0.0146981086581945,0.24989235603286597,test,0.3,202,674,0.5,/Users/charlottejob/Code/Evaluation_neuron_interpretability/vega_fcn_sweep/fcn_030
REACTOME_GPCR_DOWNSTREAM_SIGNALING,0.2476810812950134,0.6597400247888712,test,0.3,202,674,0.5,/Users/charlottejob/Code/Evaluation_neuron_interpretability/vega_fcn_sweep/fcn_030
REACTOME_SYNTHESIS_SECRETION_AND_DEACYLATION_OF_GHRELIN,0.7319744229316711,0.6251341253281046,test,0.3,202,674,0.5,/Users/charlottejob/Code/Evaluation_neuron_interpretability/vega_fcn_sweep/fcn_030
REACTOME_ADHERENS_JUNCTIONS_INTERACTIONS,,0.21134032346419263,test,0.3,202,674,0.5,/Users/charlottejob/Code/Evaluation_neuron_interpretability/vega_fcn_sweep/fcn_030
REACTOME_CRMPS_IN_SEMA3A_SIGNALING,0.8699566721916199,0.6034964655560164,test,0.3,202,674,0.5,/Users/charlottejob/Code/Evaluation_neuron_interpretability/vega_fcn_sweep/fcn_030
REACTOME_OTHER_SEMAPHORIN_INTERACTIONS,0.6695974469184875,0.7489940967172287,test,0.3,202,674,0.5,/Users/charlottejob/Code/Evaluation_neuron_interpretability/vega_fcn_sweep/fcn_030
REACTOME_ACTIVATION_OF_RAC,0.7998044490814209,0.6163111220787677,test,0.3,202,674,0.5,/Users/charlottejob/Code/Evaluation_neuron_interpretability/vega_fcn_sweep/fcn_030
REACTOME_PURINE_SALVAGE,-0.0096815060824155,0.2053880362702733,test,0.3,202,674,0.5,/Users/charlottejob/Code/Evaluation_neuron_interpretability/vega_fcn_sweep/fcn_030
REACTOME_G_ALPHA_I_SIGNALLING_EVENTS,0.4846518635749817,0.60813457008245,test,0.3,202,674,0.5,/Users/charlottejob/Code/Evaluation_neuron_interpretability/vega_fcn_sweep/fcn_030
REACTOME_SEMA3A_PAK_DEPENDENT_AXON_REPULSION,,0.8292841251145139,test,0.3,202,674,0.5,/Users/charlottejob/Code/Evaluation_neuron_interpretability/vega_fcn_sweep/fcn_030
REACTOME_CD28_DEPENDENT_VAV1_PATHWAY,,0.8385359682415042,test,0.3,202,674,0.5,/Users/charlottejob/Code/Evaluation_neuron_interpretability/vega_fcn_sweep/fcn_030
REACTOME_SEMA4D_IN_SEMAPHORIN_SIGNALING,0.4593502283096313,0.5243423635649784,test,0.3,202,674,0.5,/Users/charlottejob/Code/Evaluation_neuron_interpretability/vega_fcn_sweep/fcn_030
REACTOME_SEMAPHORIN_INTERACTIONS,0.6097807884216309,0.7692865153086055,test,0.3,202,674,0.5,/Users/charlottejob/Code/Evaluation_neuron_interpretability/vega_fcn_sweep/fcn_030
REACTOME_SEMA4D_INDUCED_CELL_MIGRATION_AND_GROWTH_CONE_COLLAPSE,0.5699400305747986,0.5445744994110718,test,0.3,202,674,0.5,/Users/charlottejob/Code/Evaluation_neuron_interpretability/vega_fcn_sweep/fcn_030
REACTOME_SEMA3A_PLEXIN_REPULSION_SIGNALING_BY_INHIBITING_INTEGRIN_ADHESION,,0.8351716616498712,test,0.3,202,674,0.5,/Users/charlottejob/Code/Evaluation_neuron_interpretability/vega_fcn_sweep/fcn_030
REACTOME_LYSOSOME_VESICLE_BIOGENESIS,0.0619980879127979,0.2648280873965865,test,0.3,202,674,0.5,/Users/charlottejob/Code/Evaluation_neuron_interpretability/vega_fcn_sweep/fcn_030
REACTOME_G_BETA_GAMMA_SIGNALLING_THROUGH_PI3KGAMMA,0.6639775633811951,0.6839152742009541,test,0.3,202,674,0.5,/Users/charlottejob/Code/Evaluation_neuron_interpretability/vega_fcn_sweep/fcn_030
REACTOME_TRANSPORT_OF_GLUCOSE_AND_OTHER_SUGARS_BILE_SALTS_AND_ORGANIC_ACIDS_METAL_IONS_AND_AMINE_COMPOUNDS,0.3396377563476562,0.4979307929837965,test,0.3,202,674,0.5,/Users/charlottejob/Code/Evaluation_neuron_interpretability/vega_fcn_sweep/fcn_030
REACTOME_SPHINGOLIPID_METABOLISM,0.5132045745849609,0.8088598034089169,test,0.3,202,674,0.5,/Users/charlottejob/Code/Evaluation_neuron_interpretability/vega_fcn_sweep/fcn_030
REACTOME_PD1_SIGNALING,0.3788745701313019,0.8390003276743095,test,0.3,202,674,0.5,/Users/charlottejob/Code/Evaluation_neuron_interpretability/vega_fcn_sweep/fcn_030
REACTOME_G_ALPHA_S_SIGNALLING_EVENTS,0.3262296617031097,0.48134330402388587,test,0.3,202,674,0.5,/Users/charlottejob/Code/Evaluation_neuron_interpretability/vega_fcn_sweep/fcn_030
REACTOME_CELL_CELL_JUNCTION_ORGANIZATION,0.0058048628270626,0.22924840129265778,test,0.3,202,674,0.5,/Users/charlottejob/Code/Evaluation_neuron_interpretability/vega_fcn_sweep/fcn_030
REACTOME_G_ALPHA_Z_SIGNALLING_EVENTS,0.5384169220924377,0.6121658581381886,test,0.3,202,674,0.5,/Users/charlottejob/Code/Evaluation_neuron_interpretability/vega_fcn_sweep/fcn_030
REACTOME_FACILITATIVE_NA_INDEPENDENT_GLUCOSE_TRANSPORTERS,,0.8382288531169568,test,0.3,202,674,0.5,/Users/charlottejob/Code/Evaluation_neuron_interpretability/vega_fcn_sweep/fcn_030
REACTOME_COSTIMULATION_BY_THE_CD28_FAMILY,0.3529900312423706,0.9006897324170623,test,0.3,202,674,0.5,/Users/charlottejob/Code/Evaluation_neuron_interpretability/vega_fcn_sweep/fcn_030
REACTOME_SIGNALING_BY_ROBO_RECEPTOR,0.8073042631149292,0.6221408982160641,test,0.3,202,674,0.5,/Users/charlottejob/Code/Evaluation_neuron_interpretability/vega_fcn_sweep/fcn_030
REACTOME_CD28_DEPENDENT_PI3K_AKT_SIGNALING,0.8135232329368591,0.4883739273094397,test,0.3,202,674,0.5,/Users/charlottejob/Code/Evaluation_neuron_interpretability/vega_fcn_sweep/fcn_030
REACTOME_TIGHT_JUNCTION_INTERACTIONS,0.102433905005455,0.6589887237323169,test,0.3,202,674,0.5,/Users/charlottejob/Code/Evaluation_neuron_interpretability/vega_fcn_sweep/fcn_030
REACTOME_G_PROTEIN_BETA_GAMMA_SIGNALLING,0.5839723348617554,0.538111285608341,test,0.3,202,674,0.5,/Users/charlottejob/Code/Evaluation_neuron_interpretability/vega_fcn_sweep/fcn_030
REACTOME_TRANSPORT_OF_INORGANIC_CATIONS_ANIONS_AND_AMINO_ACIDS_OLIGOPEPTIDES,0.5641558170318604,0.46476938209340557,test,0.3,202,674,0.5,/Users/charlottejob/Code/Evaluation_neuron_interpretability/vega_fcn_sweep/fcn_030
REACTOME_GOLGI_ASSOCIATED_VESICLE_BIOGENESIS,0.011383481323719,0.39966949703777926,test,0.3,202,674,0.5,/Users/charlottejob/Code/Evaluation_neuron_interpretability/vega_fcn_sweep/fcn_030
REACTOME_CTLA4_INHIBITORY_SIGNALING,0.6896631121635437,0.570027788945078,test,0.3,202,674,0.5,/Users/charlottejob/Code/Evaluation_neuron_interpretability/vega_fcn_sweep/fcn_030
REACTOME_FORMATION_OF_TRANSCRIPTION_COUPLED_NER_TC_NER_REPAIR_COMPLEX,-0.028257567435503,0.8380981357132435,test,0.3,202,674,0.5,/Users/charlottejob/Code/Evaluation_neuron_interpretability/vega_fcn_sweep/fcn_030
REACTOME_AMINO_ACID_AND_OLIGOPEPTIDE_SLC_TRANSPORTERS,0.1299822032451629,0.26038911576141,test,0.3,202,674,0.5,/Users/charlottejob/Code/Evaluation_neuron_interpretability/vega_fcn_sweep/fcn_030
REACTOME_CDT1_ASSOCIATION_WITH_THE_CDC6_ORC_ORIGIN_COMPLEX,,0.8335907167473717,test,0.3,202,674,0.5,/Users/charlottejob/Code/Evaluation_neuron_interpretability/vega_fcn_sweep/fcn_030
REACTOME_BRANCHED_CHAIN_AMINO_ACID_CATABOLISM,,0.24138550800506042,test,0.3,202,674,0.5,/Users/charlottejob/Code/Evaluation_neuron_interpretability/vega_fcn_sweep/fcn_030
REACTOME_REPAIR_SYNTHESIS_FOR_GAP_FILLING_BY_DNA_POL_IN_TC_NER,,0.21003533568904587,test,0.3,202,674,0.5,/Users/charlottejob/Code/Evaluation_neuron_interpretability/vega_fcn_sweep/fcn_030
REACTOME_RECEPTOR_LIGAND_BINDING_INITIATES_THE_SECOND_PROTEOLYTIC_CLEAVAGE_OF_NOTCH_RECEPTOR,,0.8297046634384679,test,0.3,202,674,0.5,/Users/charlottejob/Code/Evaluation_neuron_interpretability/vega_fcn_sweep/fcn_030
REACTOME_SYNTHESIS_OF_DNA,0.7878697514533997,0.5818081152183266,test,0.3,202,674,0.5,/Users/charlottejob/Code/Evaluation_neuron_interpretability/vega_fcn_sweep/fcn_030
REACTOME_NA_CL_DEPENDENT_NEUROTRANSMITTER_TRANSPORTERS,,0.22391908425622142,test,0.3,202,674,0.5,/Users/charlottejob/Code/Evaluation_neuron_interpretability/vega_fcn_sweep/fcn_030
REACTOME_FORMATION_OF_FIBRIN_CLOT_CLOTTING_CASCADE,0.2792298495769501,0.5167967951023748,test,0.3,202,674,0.5,/Users/charlottejob/Code/Evaluation_neuron_interpretability/vega_fcn_sweep/fcn_030
REACTOME_DEADENYLATION_OF_MRNA,,0.8244104174846224,test,0.3,202,674,0.5,/Users/charlottejob/Code/Evaluation_neuron_interpretability/vega_fcn_sweep/fcn_030
REACTOME_MRNA_DECAY_BY_5_TO_3_EXORIBONUCLEASE,,0.8312158094490251,test,0.3,202,674,0.5,/Users/charlottejob/Code/Evaluation_neuron_interpretability/vega_fcn_sweep/fcn_030
REACTOME_SIGNAL_AMPLIFICATION,0.2755241394042969,0.6550419760142295,test,0.3,202,674,0.5,/Users/charlottejob/Code/Evaluation_neuron_interpretability/vega_fcn_sweep/fcn_030
REACTOME_ZINC_TRANSPORTERS,,0.8410504733237358,test,0.3,202,674,0.5,/Users/charlottejob/Code/Evaluation_neuron_interpretability/vega_fcn_sweep/fcn_030
REACTOME_DOUBLE_STRAND_BREAK_REPAIR,0.0211951453238725,0.2044649868192271,test,0.3,202,674,0.5,/Users/charlottejob/Code/Evaluation_neuron_interpretability/vega_fcn_sweep/fcn_030
REACTOME_RAS_ACTIVATION_UOPN_CA2_INFUX_THROUGH_NMDA_RECEPTOR,,0.8292213061117656,test,0.3,202,674,0.5,/Users/charlottejob/Code/Evaluation_neuron_interpretability/vega_fcn_sweep/fcn_030
REACTOME_METAL_ION_SLC_TRANSPORTERS,0.6555371284484863,0.5411183693156201,test,0.3,202,674,0.5,/Users/charlottejob/Code/Evaluation_neuron_interpretability/vega_fcn_sweep/fcn_030
REACTOME_AUTODEGRADATION_OF_THE_E3_UBIQUITIN_LIGASE_COP1,,0.46249269292849976,test,0.3,202,674,0.5,/Users/charlottejob/Code/Evaluation_neuron_interpretability/vega_fcn_sweep/fcn_030
REACTOME_SMOOTH_MUSCLE_CONTRACTION,0.6300175786018372,0.5551361010331182,test,0.3,202,674,0.5,/Users/charlottejob/Code/Evaluation_neuron_interpretability/vega_fcn_sweep/fcn_030
REACTOME_ACTIVATION_OF_NMDA_RECEPTOR_UPON_GLUTAMATE_BINDING_AND_POSTSYNAPTIC_EVENTS,,0.8435039043755181,test,0.3,202,674,0.5,/Users/charlottejob/Code/Evaluation_neuron_interpretability/vega_fcn_sweep/fcn_030
REACTOME_CREB_PHOSPHORYLATION_THROUGH_THE_ACTIVATION_OF_RAS,,0.242156785761026,test,0.3,202,674,0.5,/Users/charlottejob/Code/Evaluation_neuron_interpretability/vega_fcn_sweep/fcn_030
REACTOME_POST_NMDA_RECEPTOR_ACTIVATION_EVENTS,,0.8457531736683679,test,0.3,202,674,0.5,/Users/charlottejob/Code/Evaluation_neuron_interpretability/vega_fcn_sweep/fcn_030
REACTOME_UNBLOCKING_OF_NMDA_RECEPTOR_GLUTAMATE_BINDING_AND_ACTIVATION,,0.8344387732844741,test,0.3,202,674,0.5,/Users/charlottejob/Code/Evaluation_neuron_interpretability/vega_fcn_sweep/fcn_030
REACTOME_METABOLISM_OF_MRNA,0.7069953083992004,0.999960317245584,test,0.3,202,674,0.5,/Users/charlottejob/Code/Evaluation_neuron_interpretability/vega_fcn_sweep/fcn_030
REACTOME_MRNA_DECAY_BY_3_TO_5_EXORIBONUCLEASE,,0.8408131570911311,test,0.3,202,674,0.5,/Users/charlottejob/Code/Evaluation_neuron_interpretability/vega_fcn_sweep/fcn_030
REACTOME_BILE_SALT_AND_ORGANIC_ANION_SLC_TRANSPORTERS,0.8190587759017944,0.5927119922573012,test,0.3,202,674,0.5,/Users/charlottejob/Code/Evaluation_neuron_interpretability/vega_fcn_sweep/fcn_030
REACTOME_DEADENYLATION_DEPENDENT_MRNA_DECAY,,0.2444479343890415,test,0.3,202,674,0.5,/Users/charlottejob/Code/Evaluation_neuron_interpretability/vega_fcn_sweep/fcn_030
REACTOME_CREB_PHOSPHORYLATION_THROUGH_THE_ACTIVATION_OF_CAMKII,,0.8313292326484317,test,0.3,202,674,0.5,/Users/charlottejob/Code/Evaluation_neuron_interpretability/vega_fcn_sweep/fcn_030
REACTOME_THROMBOXANE_SIGNALLING_THROUGH_TP_RECEPTOR,0.4547036290168762,0.5483975337724847,test,0.3,202,674,0.5,/Users/charlottejob/Code/Evaluation_neuron_interpretability/vega_fcn_sweep/fcn_030
REACTOME_CELL_EXTRACELLULAR_MATRIX_INTERACTIONS,0.4725746810436249,0.577375694093892,test,0.3,202,674,0.5,/Users/charlottejob/Code/Evaluation_neuron_interpretability/vega_fcn_sweep/fcn_030
REACTOME_ADP_SIGNALLING_THROUGH_P2RY12,0.1224241852760315,0.5279318912306874,test,0.3,202,674,0.5,/Users/charlottejob/Code/Evaluation_neuron_interpretability/vega_fcn_sweep/fcn_030
REACTOME_CELL_JUNCTION_ORGANIZATION,0.7182460427284241,0.6661789742966754,test,0.3,202,674,0.5,/Users/charlottejob/Code/Evaluation_neuron_interpretability/vega_fcn_sweep/fcn_030
REACTOME_AMINE_COMPOUND_SLC_TRANSPORTERS,,0.8335483667117797,test,0.3,202,674,0.5,/Users/charlottejob/Code/Evaluation_neuron_interpretability/vega_fcn_sweep/fcn_030
REACTOME_PYRUVATE_METABOLISM,0.7885690927505493,0.5623279362902801,test,0.3,202,674,0.5,/Users/charlottejob/Code/Evaluation_neuron_interpretability/vega_fcn_sweep/fcn_030
REACTOME_PURINE_CATABOLISM,0.0484408773481845,0.2482371534030946,test,0.3,202,674,0.5,/Users/charlottejob/Code/Evaluation_neuron_interpretability/vega_fcn_sweep/fcn_030
REACTOME_GLUCOSE_TRANSPORT,-0.0263049863278865,0.8204524176255625,test,0.3,202,674,0.5,/Users/charlottejob/Code/Evaluation_neuron_interpretability/vega_fcn_sweep/fcn_030
REACTOME_FRS2_MEDIATED_CASCADE,0.0178044512867927,0.8311627628135955,test,0.3,202,674,0.5,/Users/charlottejob/Code/Evaluation_neuron_interpretability/vega_fcn_sweep/fcn_030
REACTOME_METABOLISM_OF_RNA,-0.0100167738273739,0.3017837398110018,test,0.3,202,674,0.5,/Users/charlottejob/Code/Evaluation_neuron_interpretability/vega_fcn_sweep/fcn_030
REACTOME_MITOTIC_G1_G1_S_PHASES,0.5459400415420532,0.5990204818112493,test,0.3,202,674,0.5,/Users/charlottejob/Code/Evaluation_neuron_interpretability/vega_fcn_sweep/fcn_030
REACTOME_PI_3K_CASCADE,0.0146664092317223,0.8292863629415836,test,0.3,202,674,0.5,/Users/charlottejob/Code/Evaluation_neuron_interpretability/vega_fcn_sweep/fcn_030
REACTOME_DOWNSTREAM_SIGNALING_OF_ACTIVATED_FGFR,0.0089685749262571,0.8455467971369032,test,0.3,202,674,0.5,/Users/charlottejob/Code/Evaluation_neuron_interpretability/vega_fcn_sweep/fcn_030
REACTOME_REGULATION_OF_MITOTIC_CELL_CYCLE,0.071772962808609,0.8372358692721416,test,0.3,202,674,0.5,/Users/charlottejob/Code/Evaluation_neuron_interpretability/vega_fcn_sweep/fcn_030
REACTOME_TAK1_ACTIVATES_NFKB_BY_PHOSPHORYLATION_AND_ACTIVATION_OF_IKKS_COMPLEX,0.210232600569725,0.6228158005802752,test,0.3,202,674,0.5,/Users/charlottejob/Code/Evaluation_neuron_interpretability/vega_fcn_sweep/fcn_030
REACTOME_REGULATION_OF_AMPK_ACTIVITY_VIA_LKB1,0.8392928838729858,0.5948209430222985,test,0.3,202,674,0.5,/Users/charlottejob/Code/Evaluation_neuron_interpretability/vega_fcn_sweep/fcn_030
REACTOME_MITOTIC_M_M_G1_PHASES,0.1520489305257797,0.9621028282742277,test,0.3,202,674,0.5,/Users/charlottejob/Code/Evaluation_neuron_interpretability/vega_fcn_sweep/fcn_030
REACTOME_MYOGENESIS,0.0377059690654277,0.20180488128816243,test,0.3,202,674,0.5,/Users/charlottejob/Code/Evaluation_neuron_interpretability/vega_fcn_sweep/fcn_030
REACTOME_MAP_KINASE_ACTIVATION_IN_TLR_CASCADE,0.5961384177207947,0.976888549326712,test,0.3,202,674,0.5,/Users/charlottejob/Code/Evaluation_neuron_interpretability/vega_fcn_sweep/fcn_030
REACTOME_PHOSPHOLIPASE_C_MEDIATED_CASCADE,0.0320254638791084,0.8193225283227361,test,0.3,202,674,0.5,/Users/charlottejob/Code/Evaluation_neuron_interpretability/vega_fcn_sweep/fcn_030
REACTOME_ACTIVATION_OF_KAINATE_RECEPTORS_UPON_GLUTAMATE_BINDING,0.207702100276947,0.5742667480987074,test,0.3,202,674,0.5,/Users/charlottejob/Code/Evaluation_neuron_interpretability/vega_fcn_sweep/fcn_030
REACTOME_IONOTROPIC_ACTIVITY_OF_KAINATE_RECEPTORS,,0.8334563538803822,test,0.3,202,674,0.5,/Users/charlottejob/Code/Evaluation_neuron_interpretability/vega_fcn_sweep/fcn_030
REACTOME_ACTIVATION_OF_THE_AP1_FAMILY_OF_TRANSCRIPTION_FACTORS,0.845391035079956,0.9668487625518588,test,0.3,202,674,0.5,/Users/charlottejob/Code/Evaluation_neuron_interpretability/vega_fcn_sweep/fcn_030
REACTOME_MAPK_TARGETS_NUCLEAR_EVENTS_MEDIATED_BY_MAP_KINASES,0.6424466371536255,0.9740270305641328,test,0.3,202,674,0.5,/Users/charlottejob/Code/Evaluation_neuron_interpretability/vega_fcn_sweep/fcn_030
REACTOME_SYNTHESIS_AND_INTERCONVERSION_OF_NUCLEOTIDE_DI_AND_TRIPHOSPHATES,0.7827657461166382,0.6106518873745023,test,0.3,202,674,0.5,/Users/charlottejob/Code/Evaluation_neuron_interpretability/vega_fcn_sweep/fcn_030
REACTOME_GPCR_LIGAND_BINDING,0.0228450447320938,0.3286051348570917,test,0.3,202,674,0.5,/Users/charlottejob/Code/Evaluation_neuron_interpretability/vega_fcn_sweep/fcn_030
REACTOME_RNA_POL_I_RNA_POL_III_AND_MITOCHONDRIAL_TRANSCRIPTION,0.5794140696525574,0.990116879586844,test,0.3,202,674,0.5,/Users/charlottejob/Code/Evaluation_neuron_interpretability/vega_fcn_sweep/fcn_030
REACTOME_JNK_C_JUN_KINASES_PHOSPHORYLATION_AND_ACTIVATION_MEDIATED_BY_ACTIVATED_HUMAN_TAK1,,0.205496662740479,test,0.3,202,674,0.5,/Users/charlottejob/Code/Evaluation_neuron_interpretability/vega_fcn_sweep/fcn_030
REACTOME_SHC_MEDIATED_CASCADE,0.0727826133370399,0.8419151097099088,test,0.3,202,674,0.5,/Users/charlottejob/Code/Evaluation_neuron_interpretability/vega_fcn_sweep/fcn_030
REACTOME_THROMBIN_SIGNALLING_THROUGH_PROTEINASE_ACTIVATED_RECEPTORS_PARS,0.1934015601873397,0.5501468198795766,test,0.3,202,674,0.5,/Users/charlottejob/Code/Evaluation_neuron_interpretability/vega_fcn_sweep/fcn_030
REACTOME_ENERGY_DEPENDENT_REGULATION_OF_MTOR_BY_LKB1_AMPK,0.8366432189941406,0.5625975329966526,test,0.3,202,674,0.5,/Users/charlottejob/Code/Evaluation_neuron_interpretability/vega_fcn_sweep/fcn_030
REACTOME_MITOTIC_G2_G2_M_PHASES,0.83027184009552,0.6514448665834196,test,0.3,202,674,0.5,/Users/charlottejob/Code/Evaluation_neuron_interpretability/vega_fcn_sweep/fcn_030
REACTOME_REGULATION_OF_RHEB_GTPASE_ACTIVITY_BY_AMPK,,0.8344056188108014,test,0.3,202,674,0.5,/Users/charlottejob/Code/Evaluation_neuron_interpretability/vega_fcn_sweep/fcn_030
REACTOME_ACTIVATED_TAK1_MEDIATES_P38_MAPK_ACTIVATION,,0.8331649435065217,test,0.3,202,674,0.5,/Users/charlottejob/Code/Evaluation_neuron_interpretability/vega_fcn_sweep/fcn_030
REACTOME_DNA_REPAIR,0.7123399972915649,0.6273545921157132,test,0.3,202,674,0.5,/Users/charlottejob/Code/Evaluation_neuron_interpretability/vega_fcn_sweep/fcn_030
REACTOME_EFFECTS_OF_PIP2_HYDROLYSIS,0.8965853452682495,0.5065116115535396,test,0.3,202,674,0.5,/Users/charlottejob/Code/Evaluation_neuron_interpretability/vega_fcn_sweep/fcn_030
REACTOME_RNA_POL_II_PRE_TRANSCRIPTION_EVENTS,0.0272080972790718,0.8433771382006199,test,0.3,202,674,0.5,/Users/charlottejob/Code/Evaluation_neuron_interpretability/vega_fcn_sweep/fcn_030
REACTOME_ROLE_OF_DCC_IN_REGULATING_APOPTOSIS,-0.0060278214514255,0.7291018275204106,test,0.3,202,674,0.5,/Users/charlottejob/Code/Evaluation_neuron_interpretability/vega_fcn_sweep/fcn_030
REACTOME_POST_TRANSLATIONAL_PROTEIN_MODIFICATION,0.0952723920345306,0.2318944386082195,test,0.3,202,674,0.5,/Users/charlottejob/Code/Evaluation_neuron_interpretability/vega_fcn_sweep/fcn_030
REACTOME_CHROMOSOME_MAINTENANCE,0.5288552045822144,0.5273611392823973,test,0.3,202,674,0.5,/Users/charlottejob/Code/Evaluation_neuron_interpretability/vega_fcn_sweep/fcn_030
REACTOME_DEPOSITION_OF_NEW_CENPA_CONTAINING_NUCLEOSOMES_AT_THE_CENTROMERE,0.4558177590370178,0.49990850739135917,test,0.3,202,674,0.5,/Users/charlottejob/Code/Evaluation_neuron_interpretability/vega_fcn_sweep/fcn_030
REACTOME_L1CAM_INTERACTIONS,0.6302480101585388,0.650467976240232,test,0.3,202,674,0.5,/Users/charlottejob/Code/Evaluation_neuron_interpretability/vega_fcn_sweep/fcn_030
REACTOME_ROLE_OF_SECOND_MESSENGERS_IN_NETRIN1_SIGNALING,0.0044907312840223,0.8393639224896827,test,0.3,202,674,0.5,/Users/charlottejob/Code/Evaluation_neuron_interpretability/vega_fcn_sweep/fcn_030
REACTOME_SIGNALING_BY_ILS,0.0849849134683609,0.2672638541756442,test,0.3,202,674,0.5,/Users/charlottejob/Code/Evaluation_neuron_interpretability/vega_fcn_sweep/fcn_030
REACTOME_NETRIN1_SIGNALING,0.1903344988822937,0.6159656293016589,test,0.3,202,674,0.5,/Users/charlottejob/Code/Evaluation_neuron_interpretability/vega_fcn_sweep/fcn_030
REACTOME_METABOLISM_OF_LIPIDS_AND_LIPOPROTEINS,0.260517954826355,0.5934923439340402,test,0.3,202,674,0.5,/Users/charlottejob/Code/Evaluation_neuron_interpretability/vega_fcn_sweep/fcn_030
REACTOME_INTERACTION_BETWEEN_L1_AND_ANKYRINS,-0.0134130949154496,0.7376927996980215,test,0.3,202,674,0.5,/Users/charlottejob/Code/Evaluation_neuron_interpretability/vega_fcn_sweep/fcn_030
REACTOME_SIGNAL_TRANSDUCTION_BY_L1,0.8243080377578735,0.7128304615313553,test,0.3,202,674,0.5,/Users/charlottejob/Code/Evaluation_neuron_interpretability/vega_fcn_sweep/fcn_030
REACTOME_FATTY_ACID_TRIACYLGLYCEROL_AND_KETONE_BODY_METABOLISM,0.4566599428653717,0.5411192655008908,test,0.3,202,674,0.5,/Users/charlottejob/Code/Evaluation_neuron_interpretability/vega_fcn_sweep/fcn_030
REACTOME_TRANSPORT_OF_VITAMINS_NUCLEOSIDES_AND_RELATED_MOLECULES,,0.8284104532125418,test,0.3,202,674,0.5,/Users/charlottejob/Code/Evaluation_neuron_interpretability/vega_fcn_sweep/fcn_030
REACTOME_HIGHLY_CALCIUM_PERMEABLE_POSTSYNAPTIC_NICOTINIC_ACETYLCHOLINE_RECEPTORS,,0.8412825546394451,test,0.3,202,674,0.5,/Users/charlottejob/Code/Evaluation_neuron_interpretability/vega_fcn_sweep/fcn_030
REACTOME_RNA_POL_I_PROMOTER_OPENING,-0.0207546260207891,0.28688528958743054,test,0.3,202,674,0.5,/Users/charlottejob/Code/Evaluation_neuron_interpretability/vega_fcn_sweep/fcn_030
REACTOME_PRESYNAPTIC_NICOTINIC_ACETYLCHOLINE_RECEPTORS,0.1941078305244445,0.6295108133509049,test,0.3,202,674,0.5,/Users/charlottejob/Code/Evaluation_neuron_interpretability/vega_fcn_sweep/fcn_030
REACTOME_ORGANIC_CATION_ANION_ZWITTERION_TRANSPORT,-0.020133052021265,0.7370217361671787,test,0.3,202,674,0.5,/Users/charlottejob/Code/Evaluation_neuron_interpretability/vega_fcn_sweep/fcn_030
REACTOME_DCC_MEDIATED_ATTRACTIVE_SIGNALING,-0.0052631832659244,0.825060127095632,test,0.3,202,674,0.5,/Users/charlottejob/Code/Evaluation_neuron_interpretability/vega_fcn_sweep/fcn_030
REACTOME_RECYCLING_PATHWAY_OF_L1,0.840125560760498,0.5843047566731986,test,0.3,202,674,0.5,/Users/charlottejob/Code/Evaluation_neuron_interpretability/vega_fcn_sweep/fcn_030
REACTOME_SYNTHESIS_OF_SUBSTRATES_IN_N_GLYCAN_BIOSYTHESIS,,0.8297413078567377,test,0.3,202,674,0.5,/Users/charlottejob/Code/Evaluation_neuron_interpretability/vega_fcn_sweep/fcn_030
REACTOME_RESPIRATORY_ELECTRON_TRANSPORT,,0.8447184050953191,test,0.3,202,674,0.5,/Users/charlottejob/Code/Evaluation_neuron_interpretability/vega_fcn_sweep/fcn_030
REACTOME_ASPARAGINE_N_LINKED_GLYCOSYLATION,-0.0170137099921703,0.1787716341399811,test,0.3,202,674,0.5,/Users/charlottejob/Code/Evaluation_neuron_interpretability/vega_fcn_sweep/fcn_030
REACTOME_ASSEMBLY_OF_THE_PRE_REPLICATIVE_COMPLEX,,0.2482100946647472,test,0.3,202,674,0.5,/Users/charlottejob/Code/Evaluation_neuron_interpretability/vega_fcn_sweep/fcn_030
REACTOME_BIOSYNTHESIS_OF_THE_N_GLYCAN_PRECURSOR_DOLICHOL_LIPID_LINKED_OLIGOSACCHARIDE_LLO_AND_TRANSFER_TO_A_NASCENT_PROTEIN,-0.0027773941401392,0.2101327144774816,test,0.3,202,674,0.5,/Users/charlottejob/Code/Evaluation_neuron_interpretability/vega_fcn_sweep/fcn_030
REACTOME_IL1_SIGNALING,-0.0381905697286129,0.3314799160624246,test,0.3,202,674,0.5,/Users/charlottejob/Code/Evaluation_neuron_interpretability/vega_fcn_sweep/fcn_030
REACTOME_GLOBAL_GENOMIC_NER_GG_NER,0.0150628853589296,0.8326074037698519,test,0.3,202,674,0.5,/Users/charlottejob/Code/Evaluation_neuron_interpretability/vega_fcn_sweep/fcn_030
REACTOME_CGMP_EFFECTS,0.0959613025188446,0.7493038746746894,test,0.3,202,674,0.5,/Users/charlottejob/Code/Evaluation_neuron_interpretability/vega_fcn_sweep/fcn_030
REACTOME_REGULATION_OF_SIGNALING_BY_CBL,0.1395401060581207,0.20193203593340714,test,0.3,202,674,0.5,/Users/charlottejob/Code/Evaluation_neuron_interpretability/vega_fcn_sweep/fcn_030
REACTOME_AMINO_ACID_SYNTHESIS_AND_INTERCONVERSION_TRANSAMINATION,0.779120683670044,0.5215753915411043,test,0.3,202,674,0.5,/Users/charlottejob/Code/Evaluation_neuron_interpretability/vega_fcn_sweep/fcn_030
REACTOME_CALNEXIN_CALRETICULIN_CYCLE,,0.8286367403917464,test,0.3,202,674,0.5,/Users/charlottejob/Code/Evaluation_neuron_interpretability/vega_fcn_sweep/fcn_030
REACTOME_SYNTHESIS_SECRETION_AND_INACTIVATION_OF_GIP,,0.23121406447672643,test,0.3,202,674,0.5,/Users/charlottejob/Code/Evaluation_neuron_interpretability/vega_fcn_sweep/fcn_030
REACTOME_PASSIVE_TRANSPORT_BY_AQUAPORINS,-0.0092243775725364,0.182849084103134,test,0.3,202,674,0.5,/Users/charlottejob/Code/Evaluation_neuron_interpretability/vega_fcn_sweep/fcn_030
REACTOME_NEPHRIN_INTERACTIONS,-0.0143883042037487,0.2365037298782881,test,0.3,202,674,0.5,/Users/charlottejob/Code/Evaluation_neuron_interpretability/vega_fcn_sweep/fcn_030
REACTOME_IL_3_5_AND_GM_CSF_SIGNALING,0.439186692237854,0.5294711672803545,test,0.3,202,674,0.5,/Users/charlottejob/Code/Evaluation_neuron_interpretability/vega_fcn_sweep/fcn_030
REACTOME_NITRIC_OXIDE_STIMULATES_GUANYLATE_CYCLASE,-0.0271038431674242,0.2430461849181888,test,0.3,202,674,0.5,/Users/charlottejob/Code/Evaluation_neuron_interpretability/vega_fcn_sweep/fcn_030
REACTOME_PLATELET_HOMEOSTASIS,0.5292262434959412,0.6316268198431118,test,0.3,202,674,0.5,/Users/charlottejob/Code/Evaluation_neuron_interpretability/vega_fcn_sweep/fcn_030
REACTOME_N_GLYCAN_TRIMMING_IN_THE_ER_AND_CALNEXIN_CALRETICULIN_CYCLE,,0.8227823583300615,test,0.3,202,674,0.5,/Users/charlottejob/Code/Evaluation_neuron_interpretability/vega_fcn_sweep/fcn_030
REACTOME_PLATELET_SENSITIZATION_BY_LDL,0.6635385155677795,0.6875937129735454,test,0.3,202,674,0.5,/Users/charlottejob/Code/Evaluation_neuron_interpretability/vega_fcn_sweep/fcn_030
REACTOME_AQUAPORIN_MEDIATED_TRANSPORT,0.5732936859130859,0.5612430236782141,test,0.3,202,674,0.5,/Users/charlottejob/Code/Evaluation_neuron_interpretability/vega_fcn_sweep/fcn_030
REACTOME_IL_RECEPTOR_SHC_SIGNALING,0.3056172728538513,0.5339597627385424,test,0.3,202,674,0.5,/Users/charlottejob/Code/Evaluation_neuron_interpretability/vega_fcn_sweep/fcn_030
REACTOME_RAP1_SIGNALLING,0.7051810622215271,0.7396517535707597,test,0.3,202,674,0.5,/Users/charlottejob/Code/Evaluation_neuron_interpretability/vega_fcn_sweep/fcn_030
REACTOME_PLATELET_CALCIUM_HOMEOSTASIS,-0.0180939584970474,0.8308029609657367,test,0.3,202,674,0.5,/Users/charlottejob/Code/Evaluation_neuron_interpretability/vega_fcn_sweep/fcn_030
REACTOME_SIGNAL_REGULATORY_PROTEIN_SIRP_FAMILY_INTERACTIONS,0.327968031167984,0.5399913210588309,test,0.3,202,674,0.5,/Users/charlottejob/Code/Evaluation_neuron_interpretability/vega_fcn_sweep/fcn_030
REACTOME_PROSTACYCLIN_SIGNALLING_THROUGH_PROSTACYCLIN_RECEPTOR,0.5618560910224915,0.6038500837566537,test,0.3,202,674,0.5,/Users/charlottejob/Code/Evaluation_neuron_interpretability/vega_fcn_sweep/fcn_030
REACTOME_GABA_SYNTHESIS_RELEASE_REUPTAKE_AND_DEGRADATION,0.0076761902309954,0.8343272601223131,test,0.3,202,674,0.5,/Users/charlottejob/Code/Evaluation_neuron_interpretability/vega_fcn_sweep/fcn_030
REACTOME_INCRETIN_SYNTHESIS_SECRETION_AND_INACTIVATION,,0.8179261004231557,test,0.3,202,674,0.5,/Users/charlottejob/Code/Evaluation_neuron_interpretability/vega_fcn_sweep/fcn_030
REACTOME_TRANSPORT_OF_ORGANIC_ANIONS,,0.8399999999999999,test,0.3,202,674,0.5,/Users/charlottejob/Code/Evaluation_neuron_interpretability/vega_fcn_sweep/fcn_030
REACTOME_SYNTHESIS_SECRETION_AND_INACTIVATION_OF_GLP1,,0.2102656720324565,test,0.3,202,674,0.5,/Users/charlottejob/Code/Evaluation_neuron_interpretability/vega_fcn_sweep/fcn_030
REACTOME_REGULATION_OF_WATER_BALANCE_BY_RENAL_AQUAPORINS,0.6065488457679749,0.6669102979078855,test,0.3,202,674,0.5,/Users/charlottejob/Code/Evaluation_neuron_interpretability/vega_fcn_sweep/fcn_030
REACTOME_DESTABILIZATION_OF_MRNA_BY_BRF1,0.8264273405075073,0.74025030759026,test,0.3,202,674,0.5,/Users/charlottejob/Code/Evaluation_neuron_interpretability/vega_fcn_sweep/fcn_030
REACTOME_IRAK1_RECRUITS_IKK_COMPLEX,,0.8422143698468787,test,0.3,202,674,0.5,/Users/charlottejob/Code/Evaluation_neuron_interpretability/vega_fcn_sweep/fcn_030
REACTOME_TRAF6_MEDIATED_IRF7_ACTIVATION,0.8965306878089905,0.5956973189747041,test,0.3,202,674,0.5,/Users/charlottejob/Code/Evaluation_neuron_interpretability/vega_fcn_sweep/fcn_030
REACTOME_CIRCADIAN_CLOCK,0.5240353941917419,0.6727721814953501,test,0.3,202,674,0.5,/Users/charlottejob/Code/Evaluation_neuron_interpretability/vega_fcn_sweep/fcn_030
REACTOME_TRAF6_MEDIATED_NFKB_ACTIVATION,0.7305382490158081,0.7940676304957062,test,0.3,202,674,0.5,/Users/charlottejob/Code/Evaluation_neuron_interpretability/vega_fcn_sweep/fcn_030
REACTOME_FACTORS_INVOLVED_IN_MEGAKARYOCYTE_DEVELOPMENT_AND_PLATELET_PRODUCTION,0.2909260094165802,0.5371325841104528,test,0.3,202,674,0.5,/Users/charlottejob/Code/Evaluation_neuron_interpretability/vega_fcn_sweep/fcn_030
REACTOME_REGULATION_OF_IFNG_SIGNALING,0.6234977841377258,0.6323136965349929,test,0.3,202,674,0.5,/Users/charlottejob/Code/Evaluation_neuron_interpretability/vega_fcn_sweep/fcn_030
REACTOME_GABA_A_RECEPTOR_ACTIVATION,,0.24626445055184754,test,0.3,202,674,0.5,/Users/charlottejob/Code/Evaluation_neuron_interpretability/vega_fcn_sweep/fcn_030
REACTOME_REGULATION_OF_MRNA_STABILITY_BY_PROTEINS_THAT_BIND_AU_RICH_ELEMENTS,0.681541919708252,0.6958682787687854,test,0.3,202,674,0.5,/Users/charlottejob/Code/Evaluation_neuron_interpretability/vega_fcn_sweep/fcn_030
REACTOME_INHIBITION_OF_VOLTAGE_GATED_CA2_CHANNELS_VIA_GBETA_GAMMA_SUBUNITS,0.0487973392009735,0.2003961880286968,test,0.3,202,674,0.5,/Users/charlottejob/Code/Evaluation_neuron_interpretability/vega_fcn_sweep/fcn_030
REACTOME_IRAK2_MEDIATED_ACTIVATION_OF_TAK1_COMPLEX_UPON_TLR7_8_OR_9_STIMULATION,,0.8322017187977141,test,0.3,202,674,0.5,/Users/charlottejob/Code/Evaluation_neuron_interpretability/vega_fcn_sweep/fcn_030
REACTOME_TRAF6_MEDIATED_INDUCTION_OF_NFKB_AND_MAP_KINASES_UPON_TLR7_8_OR_9_ACTIVATION,0.3523286879062652,0.9704798640520056,test,0.3,202,674,0.5,/Users/charlottejob/Code/Evaluation_neuron_interpretability/vega_fcn_sweep/fcn_030
REACTOME_TRAF3_DEPENDENT_IRF_ACTIVATION_PATHWAY,0.0114299254491925,0.1814792613158337,test,0.3,202,674,0.5,/Users/charlottejob/Code/Evaluation_neuron_interpretability/vega_fcn_sweep/fcn_030
REACTOME_GABA_B_RECEPTOR_ACTIVATION,-0.0178871974349021,0.2306563871934897,test,0.3,202,674,0.5,/Users/charlottejob/Code/Evaluation_neuron_interpretability/vega_fcn_sweep/fcn_030
REACTOME_NFKB_ACTIVATION_THROUGH_FADD_RIP1_PATHWAY_MEDIATED_BY_CASPASE_8_AND10,,0.8314112463464642,test,0.3,202,674,0.5,/Users/charlottejob/Code/Evaluation_neuron_interpretability/vega_fcn_sweep/fcn_030
REACTOME_DESTABILIZATION_OF_MRNA_BY_KSRP,,0.8444165248876673,test,0.3,202,674,0.5,/Users/charlottejob/Code/Evaluation_neuron_interpretability/vega_fcn_sweep/fcn_030
REACTOME_TRANSPORT_TO_THE_GOLGI_AND_SUBSEQUENT_MODIFICATION,,0.834691794267766,test,0.3,202,674,0.5,/Users/charlottejob/Code/Evaluation_neuron_interpretability/vega_fcn_sweep/fcn_030
REACTOME_IRON_UPTAKE_AND_TRANSPORT,0.3969648480415344,0.9977967777216892,test,0.3,202,674,0.5,/Users/charlottejob/Code/Evaluation_neuron_interpretability/vega_fcn_sweep/fcn_030
REACTOME_DESTABILIZATION_OF_MRNA_BY_TRISTETRAPROLIN_TTP,,0.833505213104742,test,0.3,202,674,0.5,/Users/charlottejob/Code/Evaluation_neuron_interpretability/vega_fcn_sweep/fcn_030
REACTOME_INTERFERON_GAMMA_SIGNALING,0.2627734541893005,0.5942141400212589,test,0.3,202,674,0.5,/Users/charlottejob/Code/Evaluation_neuron_interpretability/vega_fcn_sweep/fcn_030
REACTOME_N_GLYCAN_ANTENNAE_ELONGATION,,0.8278706975526762,test,0.3,202,674,0.5,/Users/charlottejob/Code/Evaluation_neuron_interpretability/vega_fcn_sweep/fcn_030
REACTOME_TRAF6_MEDIATED_IRF7_ACTIVATION_IN_TLR7_8_OR_9_SIGNALING,0.9007713794708252,0.6091480172752257,test,0.3,202,674,0.5,/Users/charlottejob/Code/Evaluation_neuron_interpretability/vega_fcn_sweep/fcn_030
REACTOME_ACTIVATION_OF_IRF3_IRF7_MEDIATED_BY_TBK1_IKK_EPSILON,-0.0064976233989,0.24498882885166928,test,0.3,202,674,0.5,/Users/charlottejob/Code/Evaluation_neuron_interpretability/vega_fcn_sweep/fcn_030
REACTOME_ION_TRANSPORT_BY_P_TYPE_ATPASES,-0.0285329427570104,0.2411770162257143,test,0.3,202,674,0.5,/Users/charlottejob/Code/Evaluation_neuron_interpretability/vega_fcn_sweep/fcn_030
REACTOME_INTERFERON_ALPHA_BETA_SIGNALING,0.0535484813153743,0.3002908000307422,test,0.3,202,674,0.5,/Users/charlottejob/Code/Evaluation_neuron_interpretability/vega_fcn_sweep/fcn_030
REACTOME_ADVANCED_GLYCOSYLATION_ENDPRODUCT_RECEPTOR_SIGNALING,0.4609687924385071,0.6382260887271604,test,0.3,202,674,0.5,/Users/charlottejob/Code/Evaluation_neuron_interpretability/vega_fcn_sweep/fcn_030
REACTOME_GABA_RECEPTOR_ACTIVATION,0.1332471370697021,0.7567316272263268,test,0.3,202,674,0.5,/Users/charlottejob/Code/Evaluation_neuron_interpretability/vega_fcn_sweep/fcn_030
REACTOME_KINESINS,0.0103719718754291,0.185512367491166,test,0.3,202,674,0.5,/Users/charlottejob/Code/Evaluation_neuron_interpretability/vega_fcn_sweep/fcn_030
REACTOME_N_GLYCAN_ANTENNAE_ELONGATION_IN_THE_MEDIAL_TRANS_GOLGI,,0.8374052261920342,test,0.3,202,674,0.5,/Users/charlottejob/Code/Evaluation_neuron_interpretability/vega_fcn_sweep/fcn_030
REACTOME_REGULATION_OF_IFNA_SIGNALING,0.6731519103050232,0.6073185310198126,test,0.3,202,674,0.5,/Users/charlottejob/Code/Evaluation_neuron_interpretability/vega_fcn_sweep/fcn_030
REACTOME_INTERFERON_SIGNALING,0.0779121592640876,0.7030316039760905,test,0.3,202,674,0.5,/Users/charlottejob/Code/Evaluation_neuron_interpretability/vega_fcn_sweep/fcn_030
REACTOME_NEGATIVE_REGULATORS_OF_RIG_I_MDA5_SIGNALING,0.546265184879303,0.6110466469598882,test,0.3,202,674,0.5,/Users/charlottejob/Code/Evaluation_neuron_interpretability/vega_fcn_sweep/fcn_030
REACTOME_NFKB_AND_MAP_KINASES_ACTIVATION_MEDIATED_BY_TLR4_SIGNALING_REPERTOIRE,0.0514756254851818,0.3031577766560099,test,0.3,202,674,0.5,/Users/charlottejob/Code/Evaluation_neuron_interpretability/vega_fcn_sweep/fcn_030
REACTOME_TRANSFERRIN_ENDOCYTOSIS_AND_RECYCLING,,0.2793316756096496,test,0.3,202,674,0.5,/Users/charlottejob/Code/Evaluation_neuron_interpretability/vega_fcn_sweep/fcn_030
REACTOME_DSCAM_INTERACTIONS,,0.2859643153164943,test,0.3,202,674,0.5,/Users/charlottejob/Code/Evaluation_neuron_interpretability/vega_fcn_sweep/fcn_030
REACTOME_ION_CHANNEL_TRANSPORT,0.4743261039257049,0.5719428678438229,test,0.3,202,674,0.5,/Users/charlottejob/Code/Evaluation_neuron_interpretability/vega_fcn_sweep/fcn_030
REACTOME_DESTABILIZATION_OF_MRNA_BY_AUF1_HNRNP_D0,,0.8237106835928979,test,0.3,202,674,0.5,/Users/charlottejob/Code/Evaluation_neuron_interpretability/vega_fcn_sweep/fcn_030
REACTOME_TRAF6_MEDIATED_INDUCTION_OF_TAK1_COMPLEX,-0.0356113016605377,0.21117456110830668,test,0.3,202,674,0.5,/Users/charlottejob/Code/Evaluation_neuron_interpretability/vega_fcn_sweep/fcn_030
REACTOME_RIG_I_MDA5_MEDIATED_INDUCTION_OF_IFN_ALPHA_BETA_PATHWAYS,0.224133625626564,0.6976615721263246,test,0.3,202,674,0.5,/Users/charlottejob/Code/Evaluation_neuron_interpretability/vega_fcn_sweep/fcn_030
REACTOME_IKK_COMPLEX_RECRUITMENT_MEDIATED_BY_RIP1,-0.0379814989864826,0.1944759941668069,test,0.3,202,674,0.5,/Users/charlottejob/Code/Evaluation_neuron_interpretability/vega_fcn_sweep/fcn_030
REACTOME_LIGAND_GATED_ION_CHANNEL_TRANSPORT,,0.8377210661780743,test,0.3,202,674,0.5,/Users/charlottejob/Code/Evaluation_neuron_interpretability/vega_fcn_sweep/fcn_030
REACTOME_FORMATION_OF_INCISION_COMPLEX_IN_GG_NER,-0.0035612012725323,0.8280667855198403,test,0.3,202,674,0.5,/Users/charlottejob/Code/Evaluation_neuron_interpretability/vega_fcn_sweep/fcn_030
REACTOME_TRANSCRIPTIONAL_REGULATION_OF_WHITE_ADIPOCYTE_DIFFERENTIATION,0.463482528924942,0.6352058273259162,test,0.3,202,674,0.5,/Users/charlottejob/Code/Evaluation_neuron_interpretability/vega_fcn_sweep/fcn_030
REACTOME_ENDOSOMAL_SORTING_COMPLEX_REQUIRED_FOR_TRANSPORT_ESCRT,,0.2381381145574314,test,0.3,202,674,0.5,/Users/charlottejob/Code/Evaluation_neuron_interpretability/vega_fcn_sweep/fcn_030
REACTOME_MEIOTIC_RECOMBINATION,-0.0209789108484983,0.3151147566030127,test,0.3,202,674,0.5,/Users/charlottejob/Code/Evaluation_neuron_interpretability/vega_fcn_sweep/fcn_030
REACTOME_IL_2_SIGNALING,0.645642101764679,0.5343435783943477,test,0.3,202,674,0.5,/Users/charlottejob/Code/Evaluation_neuron_interpretability/vega_fcn_sweep/fcn_030
REACTOME_IL_6_SIGNALING,-0.000671548070386,0.21986533762283977,test,0.3,202,674,0.5,/Users/charlottejob/Code/Evaluation_neuron_interpretability/vega_fcn_sweep/fcn_030
REACTOME_PLATELET_AGGREGATION_PLUG_FORMATION,0.6600395441055298,0.7317436741609785,test,0.3,202,674,0.5,/Users/charlottejob/Code/Evaluation_neuron_interpretability/vega_fcn_sweep/fcn_030
REACTOME_SIGNALING_BY_NOTCH,0.3507685363292694,0.5218905472636816,test,0.3,202,674,0.5,/Users/charlottejob/Code/Evaluation_neuron_interpretability/vega_fcn_sweep/fcn_030
REACTOME_LAGGING_STRAND_SYNTHESIS,,0.23152815949046812,test,0.3,202,674,0.5,/Users/charlottejob/Code/Evaluation_neuron_interpretability/vega_fcn_sweep/fcn_030
REACTOME_INTRINSIC_PATHWAY,0.039310909807682,0.6577758642717505,test,0.3,202,674,0.5,/Users/charlottejob/Code/Evaluation_neuron_interpretability/vega_fcn_sweep/fcn_030
REACTOME_INHIBITION_OF_REPLICATION_INITIATION_OF_DAMAGED_DNA_BY_RB1_E2F1,,0.8339170265672032,test,0.3,202,674,0.5,/Users/charlottejob/Code/Evaluation_neuron_interpretability/vega_fcn_sweep/fcn_030
REACTOME_ETHANOL_OXIDATION,0.0886919200420379,0.241544424755254,test,0.3,202,674,0.5,/Users/charlottejob/Code/Evaluation_neuron_interpretability/vega_fcn_sweep/fcn_030
REACTOME_SYNTHESIS_OF_VERY_LONG_CHAIN_FATTY_ACYL_COAS,0.0943519920110702,0.24490809736711372,test,0.3,202,674,0.5,/Users/charlottejob/Code/Evaluation_neuron_interpretability/vega_fcn_sweep/fcn_030
REACTOME_DNA_REPLICATION,0.1489450633525848,0.9574443215637616,test,0.3,202,674,0.5,/Users/charlottejob/Code/Evaluation_neuron_interpretability/vega_fcn_sweep/fcn_030
REACTOME_CLEAVAGE_OF_GROWING_TRANSCRIPT_IN_THE_TERMINATION_REGION_,,0.8280905640622955,test,0.3,202,674,0.5,/Users/charlottejob/Code/Evaluation_neuron_interpretability/vega_fcn_sweep/fcn_030
REACTOME_PKB_MEDIATED_EVENTS,0.6721102595329285,0.5997415748114551,test,0.3,202,674,0.5,/Users/charlottejob/Code/Evaluation_neuron_interpretability/vega_fcn_sweep/fcn_030
REACTOME_E2F_MEDIATED_REGULATION_OF_DNA_REPLICATION,0.6905328631401062,0.6703369510348308,test,0.3,202,674,0.5,/Users/charlottejob/Code/Evaluation_neuron_interpretability/vega_fcn_sweep/fcn_030
REACTOME_METABOLISM_OF_CARBOHYDRATES,0.3435267508029938,0.7144763454778146,test,0.3,202,674,0.5,/Users/charlottejob/Code/Evaluation_neuron_interpretability/vega_fcn_sweep/fcn_030
REACTOME_HORMONE_SENSITIVE_LIPASE_HSL_MEDIATED_TRIACYLGLYCEROL_HYDROLYSIS,0.0102568753063678,0.7830906739333224,test,0.3,202,674,0.5,/Users/charlottejob/Code/Evaluation_neuron_interpretability/vega_fcn_sweep/fcn_030
REACTOME_SIGNALING_BY_INSULIN_RECEPTOR,0.5756769776344299,0.6901313762797862,test,0.3,202,674,0.5,/Users/charlottejob/Code/Evaluation_neuron_interpretability/vega_fcn_sweep/fcn_030
REACTOME_SIGNAL_ATTENUATION,0.8546151518821716,0.6679845356043382,test,0.3,202,674,0.5,/Users/charlottejob/Code/Evaluation_neuron_interpretability/vega_fcn_sweep/fcn_030
REACTOME_PURINE_METABOLISM,0.5559251308441162,0.6980165741208144,test,0.3,202,674,0.5,/Users/charlottejob/Code/Evaluation_neuron_interpretability/vega_fcn_sweep/fcn_030
REACTOME_SOS_MEDIATED_SIGNALLING,0.8696849346160889,0.5934558093867972,test,0.3,202,674,0.5,/Users/charlottejob/Code/Evaluation_neuron_interpretability/vega_fcn_sweep/fcn_030
REACTOME_RNA_POL_III_TRANSCRIPTION_INITIATION_FROM_TYPE_3_PROMOTER,,0.8303188936875627,test,0.3,202,674,0.5,/Users/charlottejob/Code/Evaluation_neuron_interpretability/vega_fcn_sweep/fcn_030
REACTOME_APOPTOSIS,0.2484796643257141,0.6436130653087514,test,0.3,202,674,0.5,/Users/charlottejob/Code/Evaluation_neuron_interpretability/vega_fcn_sweep/fcn_030
REACTOME_LIPID_DIGESTION_MOBILIZATION_AND_TRANSPORT,0.849395215511322,0.6190295097899402,test,0.3,202,674,0.5,/Users/charlottejob/Code/Evaluation_neuron_interpretability/vega_fcn_sweep/fcn_030
REACTOME_HEMOSTASIS,0.2511507868766784,0.7592661771520374,test,0.3,202,674,0.5,/Users/charlottejob/Code/Evaluation_neuron_interpretability/vega_fcn_sweep/fcn_030
REACTOME_INFLUENZA_LIFE_CYCLE,0.7509212493896484,0.9999891939788852,test,0.3,202,674,0.5,/Users/charlottejob/Code/Evaluation_neuron_interpretability/vega_fcn_sweep/fcn_030
REACTOME_INFLUENZA_VIRAL_RNA_TRANSCRIPTION_AND_REPLICATION,0.0829357653856277,0.42468815190088977,test,0.3,202,674,0.5,/Users/charlottejob/Code/Evaluation_neuron_interpretability/vega_fcn_sweep/fcn_030
REACTOME_NEP_NS2_INTERACTS_WITH_THE_CELLULAR_EXPORT_MACHINERY,0.8350934982299805,0.7034476650991436,test,0.3,202,674,0.5,/Users/charlottejob/Code/Evaluation_neuron_interpretability/vega_fcn_sweep/fcn_030
REACTOME_HIV_INFECTION,0.0593841485679149,0.2855290615174869,test,0.3,202,674,0.5,/Users/charlottejob/Code/Evaluation_neuron_interpretability/vega_fcn_sweep/fcn_030
REACTOME_TRANSPORT_OF_RIBONUCLEOPROTEINS_INTO_THE_HOST_NUCLEUS,0.8526114821434021,0.7005127660139748,test,0.3,202,674,0.5,/Users/charlottejob/Code/Evaluation_neuron_interpretability/vega_fcn_sweep/fcn_030
REACTOME_HIV_LIFE_CYCLE,0.455827385187149,0.6081799455723812,test,0.3,202,674,0.5,/Users/charlottejob/Code/Evaluation_neuron_interpretability/vega_fcn_sweep/fcn_030
REACTOME_ABORTIVE_ELONGATION_OF_HIV1_TRANSCRIPT_IN_THE_ABSENCE_OF_TAT,,0.8251625005453038,test,0.3,202,674,0.5,/Users/charlottejob/Code/Evaluation_neuron_interpretability/vega_fcn_sweep/fcn_030
REACTOME_EARLY_PHASE_OF_HIV_LIFE_CYCLE,-0.0022680652327835,0.2171422041734789,test,0.3,202,674,0.5,/Users/charlottejob/Code/Evaluation_neuron_interpretability/vega_fcn_sweep/fcn_030
REACTOME_HOST_INTERACTIONS_OF_HIV_FACTORS,0.0327542386949062,0.30497127289401993,test,0.3,202,674,0.5,/Users/charlottejob/Code/Evaluation_neuron_interpretability/vega_fcn_sweep/fcn_030
REACTOME_RNA_POL_III_TRANSCRIPTION_TERMINATION,,0.1582707324521223,test,0.3,202,674,0.5,/Users/charlottejob/Code/Evaluation_neuron_interpretability/vega_fcn_sweep/fcn_030
REACTOME_RESPIRATORY_ELECTRON_TRANSPORT_ATP_SYNTHESIS_BY_CHEMIOSMOTIC_COUPLING_AND_HEAT_PRODUCTION_BY_UNCOUPLING_PROTEINS_,-0.0245943702757358,0.7816579463358884,test,0.3,202,674,0.5,/Users/charlottejob/Code/Evaluation_neuron_interpretability/vega_fcn_sweep/fcn_030
REACTOME_FORMATION_OF_THE_HIV1_EARLY_ELONGATION_COMPLEX,0.0085404496639966,0.7725278361961291,test,0.3,202,674,0.5,/Users/charlottejob/Code/Evaluation_neuron_interpretability/vega_fcn_sweep/fcn_030
REACTOME_RAF_MAP_KINASE_CASCADE,,0.8371923395716092,test,0.3,202,674,0.5,/Users/charlottejob/Code/Evaluation_neuron_interpretability/vega_fcn_sweep/fcn_030
REACTOME_VIRAL_MESSENGER_RNA_SYNTHESIS,,0.22396370457618986,test,0.3,202,674,0.5,/Users/charlottejob/Code/Evaluation_neuron_interpretability/vega_fcn_sweep/fcn_030
REACTOME_LATE_PHASE_OF_HIV_LIFE_CYCLE,0.3817746043205261,0.46033459843824986,test,0.3,202,674,0.5,/Users/charlottejob/Code/Evaluation_neuron_interpretability/vega_fcn_sweep/fcn_030
REACTOME_SHC_MEDIATED_SIGNALLING,,0.2545617938315229,test,0.3,202,674,0.5,/Users/charlottejob/Code/Evaluation_neuron_interpretability/vega_fcn_sweep/fcn_030
REACTOME_INTERACTIONS_OF_VPR_WITH_HOST_CELLULAR_PROTEINS,0.8494942784309387,0.6919772930559615,test,0.3,202,674,0.5,/Users/charlottejob/Code/Evaluation_neuron_interpretability/vega_fcn_sweep/fcn_030
REACTOME_FORMATION_OF_ATP_BY_CHEMIOSMOTIC_COUPLING,,0.20270645203507387,test,0.3,202,674,0.5,/Users/charlottejob/Code/Evaluation_neuron_interpretability/vega_fcn_sweep/fcn_030
REACTOME_APC_C_CDH1_MEDIATED_DEGRADATION_OF_CDC20_AND_OTHER_APC_C_CDH1_TARGETED_PROTEINS_IN_LATE_MITOSIS_EARLY_G1,0.0102256564423441,0.8234492741283153,test,0.3,202,674,0.5,/Users/charlottejob/Code/Evaluation_neuron_interpretability/vega_fcn_sweep/fcn_030
REACTOME_ACTIVATION_OF_ATR_IN_RESPONSE_TO_REPLICATION_STRESS,,0.8288705666797538,test,0.3,202,674,0.5,/Users/charlottejob/Code/Evaluation_neuron_interpretability/vega_fcn_sweep/fcn_030
REACTOME_UNWINDING_OF_DNA,,0.829022379269729,test,0.3,202,674,0.5,/Users/charlottejob/Code/Evaluation_neuron_interpretability/vega_fcn_sweep/fcn_030
REACTOME_APC_C_CDC20_MEDIATED_DEGRADATION_OF_MITOTIC_PROTEINS,0.8482265472412109,0.5324531340911348,test,0.3,202,674,0.5,/Users/charlottejob/Code/Evaluation_neuron_interpretability/vega_fcn_sweep/fcn_030
REACTOME_GLUCURONIDATION,,0.1886803646992104,test,0.3,202,674,0.5,/Users/charlottejob/Code/Evaluation_neuron_interpretability/vega_fcn_sweep/fcn_030
REACTOME_AUTODEGRADATION_OF_CDH1_BY_CDH1_APC_C,-0.0176575630903244,0.8477079338921549,test,0.3,202,674,0.5,/Users/charlottejob/Code/Evaluation_neuron_interpretability/vega_fcn_sweep/fcn_030
REACTOME_MYD88_MAL_CASCADE_INITIATED_ON_PLASMA_MEMBRANE,0.4095605611801147,0.979392051920051,test,0.3,202,674,0.5,/Users/charlottejob/Code/Evaluation_neuron_interpretability/vega_fcn_sweep/fcn_030
REACTOME_INNATE_IMMUNE_SYSTEM,0.3309302628040313,0.5975134144745452,test,0.3,202,674,0.5,/Users/charlottejob/Code/Evaluation_neuron_interpretability/vega_fcn_sweep/fcn_030
REACTOME_REGULATION_OF_GLUCOKINASE_BY_GLUCOKINASE_REGULATORY_PROTEIN,0.848125696182251,0.718872526812664,test,0.3,202,674,0.5,/Users/charlottejob/Code/Evaluation_neuron_interpretability/vega_fcn_sweep/fcn_030
REACTOME_MITOTIC_PROMETAPHASE,0.1322510987520218,0.9750386428831657,test,0.3,202,674,0.5,/Users/charlottejob/Code/Evaluation_neuron_interpretability/vega_fcn_sweep/fcn_030
REACTOME_APC_C_CDC20_MEDIATED_DEGRADATION_OF_CYCLIN_B,-0.0006724062259308,0.825253310060028,test,0.3,202,674,0.5,/Users/charlottejob/Code/Evaluation_neuron_interpretability/vega_fcn_sweep/fcn_030
REACTOME_SCF_BETA_TRCP_MEDIATED_DEGRADATION_OF_EMI1,0.0030953134410083,0.8303218887892693,test,0.3,202,674,0.5,/Users/charlottejob/Code/Evaluation_neuron_interpretability/vega_fcn_sweep/fcn_030
REACTOME_LIPOPROTEIN_METABOLISM,-0.0232740174978971,0.2264889525504714,test,0.3,202,674,0.5,/Users/charlottejob/Code/Evaluation_neuron_interpretability/vega_fcn_sweep/fcn_030
REACTOME_G1_S_SPECIFIC_TRANSCRIPTION,-0.0181500129401683,0.31882046104660944,test,0.3,202,674,0.5,/Users/charlottejob/Code/Evaluation_neuron_interpretability/vega_fcn_sweep/fcn_030
REACTOME_THE_ROLE_OF_NEF_IN_HIV1_REPLICATION_AND_DISEASE_PATHOGENESIS,0.0686778500676155,0.2985821576844086,test,0.3,202,674,0.5,/Users/charlottejob/Code/Evaluation_neuron_interpretability/vega_fcn_sweep/fcn_030
REACTOME_CHYLOMICRON_MEDIATED_LIPID_TRANSPORT,0.8785436153411865,0.629604387077833,test,0.3,202,674,0.5,/Users/charlottejob/Code/Evaluation_neuron_interpretability/vega_fcn_sweep/fcn_030
REACTOME_SIGNALING_BY_TGF_BETA_RECEPTOR_COMPLEX,0.7120226621627808,0.9788832229533864,test,0.3,202,674,0.5,/Users/charlottejob/Code/Evaluation_neuron_interpretability/vega_fcn_sweep/fcn_030
REACTOME_CONVERSION_FROM_APC_C_CDC20_TO_APC_C_CDH1_IN_LATE_ANAPHASE,-0.0080298585817217,0.2325414733137497,test,0.3,202,674,0.5,/Users/charlottejob/Code/Evaluation_neuron_interpretability/vega_fcn_sweep/fcn_030
REACTOME_ACTIVATED_TLR4_SIGNALLING,0.4916464984416961,0.5803513147866548,test,0.3,202,674,0.5,/Users/charlottejob/Code/Evaluation_neuron_interpretability/vega_fcn_sweep/fcn_030
REACTOME_IMMUNE_SYSTEM,0.1106507331132888,0.3275835348087533,test,0.3,202,674,0.5,/Users/charlottejob/Code/Evaluation_neuron_interpretability/vega_fcn_sweep/fcn_030
REACTOME_BINDING_AND_ENTRY_OF_HIV_VIRION,0.8412324786186218,0.6154299175500588,test,0.3,202,674,0.5,/Users/charlottejob/Code/Evaluation_neuron_interpretability/vega_fcn_sweep/fcn_030
REACTOME_PHOSPHORYLATION_OF_THE_APC_C,-0.0260733682662248,0.837630131993852,test,0.3,202,674,0.5,/Users/charlottejob/Code/Evaluation_neuron_interpretability/vega_fcn_sweep/fcn_030
REACTOME_CYTOSOLIC_SULFONATION_OF_SMALL_MOLECULES,0.8572477102279663,0.5708513769035312,test,0.3,202,674,0.5,/Users/charlottejob/Code/Evaluation_neuron_interpretability/vega_fcn_sweep/fcn_030
REACTOME_INTEGRATION_OF_PROVIRUS,0.8258718848228455,0.5419769056032306,test,0.3,202,674,0.5,/Users/charlottejob/Code/Evaluation_neuron_interpretability/vega_fcn_sweep/fcn_030
REACTOME_GLUTATHIONE_CONJUGATION,0.4628228843212127,0.789427995876628,test,0.3,202,674,0.5,/Users/charlottejob/Code/Evaluation_neuron_interpretability/vega_fcn_sweep/fcn_030
REACTOME_COMPLEMENT_CASCADE,0.7080357670783997,0.6138075041242577,test,0.3,202,674,0.5,/Users/charlottejob/Code/Evaluation_neuron_interpretability/vega_fcn_sweep/fcn_030
REACTOME_PHASE_II_CONJUGATION,0.3588102757930755,0.6485904285153401,test,0.3,202,674,0.5,/Users/charlottejob/Code/Evaluation_neuron_interpretability/vega_fcn_sweep/fcn_030
REACTOME_MTORC1_MEDIATED_SIGNALLING,0.8318173885345459,0.6759740066541006,test,0.3,202,674,0.5,/Users/charlottejob/Code/Evaluation_neuron_interpretability/vega_fcn_sweep/fcn_030
REACTOME_TOLL_RECEPTOR_CASCADES,0.3631346225738525,0.939088002692243,test,0.3,202,674,0.5,/Users/charlottejob/Code/Evaluation_neuron_interpretability/vega_fcn_sweep/fcn_030
REACTOME_ACTIVATION_OF_BH3_ONLY_PROTEINS,0.0119735933840274,0.2970613097832079,test,0.3,202,674,0.5,/Users/charlottejob/Code/Evaluation_neuron_interpretability/vega_fcn_sweep/fcn_030
REACTOME_GLUCOSE_METABOLISM,-0.0030108084902167,0.2882623372109556,test,0.3,202,674,0.5,/Users/charlottejob/Code/Evaluation_neuron_interpretability/vega_fcn_sweep/fcn_030
REACTOME_RNA_POL_III_CHAIN_ELONGATION,,0.8380002617458447,test,0.3,202,674,0.5,/Users/charlottejob/Code/Evaluation_neuron_interpretability/vega_fcn_sweep/fcn_030
REACTOME_VOLTAGE_GATED_POTASSIUM_CHANNELS,0.7143789529800415,0.5260316728006068,test,0.3,202,674,0.5,/Users/charlottejob/Code/Evaluation_neuron_interpretability/vega_fcn_sweep/fcn_030
REACTOME_ADAPTIVE_IMMUNE_SYSTEM,0.3964796364307403,0.96855652828325,test,0.3,202,674,0.5,/Users/charlottejob/Code/Evaluation_neuron_interpretability/vega_fcn_sweep/fcn_030
REACTOME_NOD1_2_SIGNALING_PATHWAY,0.6272103786468506,0.566867409783733,test,0.3,202,674,0.5,/Users/charlottejob/Code/Evaluation_neuron_interpretability/vega_fcn_sweep/fcn_030
REACTOME_CYTOKINE_SIGNALING_IN_IMMUNE_SYSTEM,0.0536670014262199,0.3002155628039021,test,0.3,202,674,0.5,/Users/charlottejob/Code/Evaluation_neuron_interpretability/vega_fcn_sweep/fcn_030
REACTOME_MEIOTIC_SYNAPSIS,-0.0096885170787572,0.22979407086353587,test,0.3,202,674,0.5,/Users/charlottejob/Code/Evaluation_neuron_interpretability/vega_fcn_sweep/fcn_030
REACTOME_ANTIGEN_PRESENTATION_FOLDING_ASSEMBLY_AND_PEPTIDE_LOADING_OF_CLASS_I_MHC,0.577887773513794,0.9992293905866285,test,0.3,202,674,0.5,/Users/charlottejob/Code/Evaluation_neuron_interpretability/vega_fcn_sweep/fcn_030
REACTOME_THE_NLRP3_INFLAMMASOME,0.4514279365539551,0.6727434937461438,test,0.3,202,674,0.5,/Users/charlottejob/Code/Evaluation_neuron_interpretability/vega_fcn_sweep/fcn_030
REACTOME_CLASS_I_MHC_MEDIATED_ANTIGEN_PROCESSING_PRESENTATION,0.3578459620475769,0.9999007931139596,test,0.3,202,674,0.5,/Users/charlottejob/Code/Evaluation_neuron_interpretability/vega_fcn_sweep/fcn_030
REACTOME_NONSENSE_MEDIATED_DECAY_ENHANCED_BY_THE_EXON_JUNCTION_COMPLEX,0.0310553386807441,0.4071764088154739,test,0.3,202,674,0.5,/Users/charlottejob/Code/Evaluation_neuron_interpretability/vega_fcn_sweep/fcn_030
REACTOME_PIP3_ACTIVATES_AKT_SIGNALING,0.0022854490671306,0.1833030052968268,test,0.3,202,674,0.5,/Users/charlottejob/Code/Evaluation_neuron_interpretability/vega_fcn_sweep/fcn_030
REACTOME_ANTIGEN_PROCESSING_UBIQUITINATION_PROTEASOME_DEGRADATION,-0.001214038929902,0.2753354755372412,test,0.3,202,674,0.5,/Users/charlottejob/Code/Evaluation_neuron_interpretability/vega_fcn_sweep/fcn_030
REACTOME_TANDEM_PORE_DOMAIN_POTASSIUM_CHANNELS,,0.8290415739650133,test,0.3,202,674,0.5,/Users/charlottejob/Code/Evaluation_neuron_interpretability/vega_fcn_sweep/fcn_030
REACTOME_INFLAMMASOMES,0.27232825756073,0.5327456339447303,test,0.3,202,674,0.5,/Users/charlottejob/Code/Evaluation_neuron_interpretability/vega_fcn_sweep/fcn_030
REACTOME_POTASSIUM_CHANNELS,0.0048154257237911,0.2453145305938328,test,0.3,202,674,0.5,/Users/charlottejob/Code/Evaluation_neuron_interpretability/vega_fcn_sweep/fcn_030
REACTOME_NUCLEOTIDE_BINDING_DOMAIN_LEUCINE_RICH_REPEAT_CONTAINING_RECEPTOR_NLR_SIGNALING_PATHWAYS,0.0234262626618146,0.3149665217674535,test,0.3,202,674,0.5,/Users/charlottejob/Code/Evaluation_neuron_interpretability/vega_fcn_sweep/fcn_030
REACTOME_INWARDLY_RECTIFYING_K_CHANNELS,0.8478103876113892,0.6264589356462149,test,0.3,202,674,0.5,/Users/charlottejob/Code/Evaluation_neuron_interpretability/vega_fcn_sweep/fcn_030
REACTOME_AMYLOIDS,0.3407917320728302,0.8728981127650843,test,0.3,202,674,0.5,/Users/charlottejob/Code/Evaluation_neuron_interpretability/vega_fcn_sweep/fcn_030
REACTOME_PACKAGING_OF_TELOMERE_ENDS,0.4646747410297394,0.4461428315096991,test,0.3,202,674,0.5,/Users/charlottejob/Code/Evaluation_neuron_interpretability/vega_fcn_sweep/fcn_030
REACTOME_TELOMERE_MAINTENANCE,0.0200629476457834,0.20110963657003977,test,0.3,202,674,0.5,/Users/charlottejob/Code/Evaluation_neuron_interpretability/vega_fcn_sweep/fcn_030
REACTOME_PLATELET_ACTIVATION_SIGNALING_AND_AGGREGATION,0.185677170753479,0.7663807830014275,test,0.3,202,674,0.5,/Users/charlottejob/Code/Evaluation_neuron_interpretability/vega_fcn_sweep/fcn_030
REACTOME_REMOVAL_OF_THE_FLAP_INTERMEDIATE_FROM_THE_C_STRAND,,0.2993674475417703,test,0.3,202,674,0.5,/Users/charlottejob/Code/Evaluation_neuron_interpretability/vega_fcn_sweep/fcn_030
REACTOME_CREATION_OF_C4_AND_C2_ACTIVATORS,0.4754267930984497,0.5963055275113579,test,0.3,202,674,0.5,/Users/charlottejob/Code/Evaluation_neuron_interpretability/vega_fcn_sweep/fcn_030
REACTOME_APC_CDC20_MEDIATED_DEGRADATION_OF_NEK2A,-0.019159622490406,0.2168053840804915,test,0.3,202,674,0.5,/Users/charlottejob/Code/Evaluation_neuron_interpretability/vega_fcn_sweep/fcn_030
REACTOME_INITIAL_TRIGGERING_OF_COMPLEMENT,0.7193440198898315,0.679847439564754,test,0.3,202,674,0.5,/Users/charlottejob/Code/Evaluation_neuron_interpretability/vega_fcn_sweep/fcn_030
REACTOME_EXTENSION_OF_TELOMERES,,0.8299873489508355,test,0.3,202,674,0.5,/Users/charlottejob/Code/Evaluation_neuron_interpretability/vega_fcn_sweep/fcn_030
REACTOME_G2_M_CHECKPOINTS,0.4164040982723236,0.7774201621696357,test,0.3,202,674,0.5,/Users/charlottejob/Code/Evaluation_neuron_interpretability/vega_fcn_sweep/fcn_030
REACTOME_G2_M_DNA_DAMAGE_CHECKPOINT,,0.8208087946603847,test,0.3,202,674,0.5,/Users/charlottejob/Code/Evaluation_neuron_interpretability/vega_fcn_sweep/fcn_030
REACTOME_S_PHASE,0.5398399829864502,0.604775188855531,test,0.3,202,674,0.5,/Users/charlottejob/Code/Evaluation_neuron_interpretability/vega_fcn_sweep/fcn_030
REACTOME_SCFSKP2_MEDIATED_DEGRADATION_OF_P27_P21,0.258314698934555,0.8349907957935718,test,0.3,202,674,0.5,/Users/charlottejob/Code/Evaluation_neuron_interpretability/vega_fcn_sweep/fcn_030
REACTOME_TRYPTOPHAN_CATABOLISM,0.0666467249393463,0.7570627689059917,test,0.3,202,674,0.5,/Users/charlottejob/Code/Evaluation_neuron_interpretability/vega_fcn_sweep/fcn_030
REACTOME_DNA_STRAND_ELONGATION,,0.8310605069144527,test,0.3,202,674,0.5,/Users/charlottejob/Code/Evaluation_neuron_interpretability/vega_fcn_sweep/fcn_030
REACTOME_RESOLUTION_OF_AP_SITES_VIA_THE_SINGLE_NUCLEOTIDE_REPLACEMENT_PATHWAY,,0.235986563713301,test,0.3,202,674,0.5,/Users/charlottejob/Code/Evaluation_neuron_interpretability/vega_fcn_sweep/fcn_030
REACTOME_FGFR_LIGAND_BINDING_AND_ACTIVATION,0.2209377139806747,0.6288536002200547,test,0.3,202,674,0.5,/Users/charlottejob/Code/Evaluation_neuron_interpretability/vega_fcn_sweep/fcn_030
REACTOME_CHOLESTEROL_BIOSYNTHESIS,,0.8374471055271998,test,0.3,202,674,0.5,/Users/charlottejob/Code/Evaluation_neuron_interpretability/vega_fcn_sweep/fcn_030
REACTOME_APOBEC3G_MEDIATED_RESISTANCE_TO_HIV1_INFECTION,0.8554629683494568,0.5916163933795024,test,0.3,202,674,0.5,/Users/charlottejob/Code/Evaluation_neuron_interpretability/vega_fcn_sweep/fcn_030
REACTOME_GAP_JUNCTION_TRAFFICKING,0.351918876171112,0.6446181767904554,test,0.3,202,674,0.5,/Users/charlottejob/Code/Evaluation_neuron_interpretability/vega_fcn_sweep/fcn_030
REACTOME_FGFR2C_LIGAND_BINDING_AND_ACTIVATION,,0.8386319417179252,test,0.3,202,674,0.5,/Users/charlottejob/Code/Evaluation_neuron_interpretability/vega_fcn_sweep/fcn_030
REACTOME_METABOLISM_OF_PORPHYRINS,0.667911171913147,0.5811899494255767,test,0.3,202,674,0.5,/Users/charlottejob/Code/Evaluation_neuron_interpretability/vega_fcn_sweep/fcn_030
REACTOME_FGFR4_LIGAND_BINDING_AND_ACTIVATION,,0.2678008986607337,test,0.3,202,674,0.5,/Users/charlottejob/Code/Evaluation_neuron_interpretability/vega_fcn_sweep/fcn_030
REACTOME_VIF_MEDIATED_DEGRADATION_OF_APOBEC3G,0.854019045829773,0.5561984469098336,test,0.3,202,674,0.5,/Users/charlottejob/Code/Evaluation_neuron_interpretability/vega_fcn_sweep/fcn_030
REACTOME_SIGNALING_BY_FGFR,-0.001384085509926,0.8216079756649751,test,0.3,202,674,0.5,/Users/charlottejob/Code/Evaluation_neuron_interpretability/vega_fcn_sweep/fcn_030
REACTOME_DIGESTION_OF_DIETARY_CARBOHYDRATE,,0.8375256292806352,test,0.3,202,674,0.5,/Users/charlottejob/Code/Evaluation_neuron_interpretability/vega_fcn_sweep/fcn_030
REACTOME_FGFR1_LIGAND_BINDING_AND_ACTIVATION,0.0035904208198189,0.20162501851420833,test,0.3,202,674,0.5,/Users/charlottejob/Code/Evaluation_neuron_interpretability/vega_fcn_sweep/fcn_030
REACTOME_GAP_JUNCTION_ASSEMBLY,,0.8345347467608951,test,0.3,202,674,0.5,/Users/charlottejob/Code/Evaluation_neuron_interpretability/vega_fcn_sweep/fcn_030
REACTOME_SYNTHESIS_OF_GLYCOSYLPHOSPHATIDYLINOSITOL_GPI,,0.2685564716660124,test,0.3,202,674,0.5,/Users/charlottejob/Code/Evaluation_neuron_interpretability/vega_fcn_sweep/fcn_030
REACTOME_RNA_POL_I_TRANSCRIPTION_INITIATION,-0.0226121544837951,0.8441938089595364,test,0.3,202,674,0.5,/Users/charlottejob/Code/Evaluation_neuron_interpretability/vega_fcn_sweep/fcn_030
REACTOME_PYRIMIDINE_METABOLISM,0.1374609917402267,0.2246980644480776,test,0.3,202,674,0.5,/Users/charlottejob/Code/Evaluation_neuron_interpretability/vega_fcn_sweep/fcn_030
REACTOME_INTRINSIC_PATHWAY_FOR_APOPTOSIS,-0.0050356658175587,0.2367244678959331,test,0.3,202,674,0.5,/Users/charlottejob/Code/Evaluation_neuron_interpretability/vega_fcn_sweep/fcn_030
REACTOME_PI3K_CASCADE,0.0039928792975842,0.8141342756183744,test,0.3,202,674,0.5,/Users/charlottejob/Code/Evaluation_neuron_interpretability/vega_fcn_sweep/fcn_030
REACTOME_APOPTOTIC_EXECUTION_PHASE,0.4162709414958954,0.6992534339382024,test,0.3,202,674,0.5,/Users/charlottejob/Code/Evaluation_neuron_interpretability/vega_fcn_sweep/fcn_030
REACTOME_SHC_RELATED_EVENTS,,0.8258447847140428,test,0.3,202,674,0.5,/Users/charlottejob/Code/Evaluation_neuron_interpretability/vega_fcn_sweep/fcn_030
