pathway,distance_corr,reduction_score_probability,eval_split,fully_connected_neuron_fraction,n_fully_connected_neurons_selected,n_pathway_nodes,overlap_threshold,run_dir
REACTOME_GLYCOGEN_BREAKDOWN_GLYCOGENOLYSIS,0.7234935760498047,0.379481498205213,test,0.1,67,674,0.5,/Users/charlottejob/Code/Evaluation_neuron_interpretability/vega_fcn_sweep/fcn_010
REACTOME_TRANSLATION,0.726749062538147,0.999998220760874,test,0.1,67,674,0.5,/Users/charlottejob/Code/Evaluation_neuron_interpretability/vega_fcn_sweep/fcn_010
REACTOME_PYRIMIDINE_CATABOLISM,-0.018421359360218,0.16335853316696547,test,0.1,67,674,0.5,/Users/charlottejob/Code/Evaluation_neuron_interpretability/vega_fcn_sweep/fcn_010
REACTOME_RNA_POL_III_TRANSCRIPTION_INITIATION_FROM_TYPE_2_PROMOTER,,0.7840073288836542,test,0.1,67,674,0.5,/Users/charlottejob/Code/Evaluation_neuron_interpretability/vega_fcn_sweep/fcn_010
REACTOME_INHIBITION_OF_THE_PROTEOLYTIC_ACTIVITY_OF_APC_C_REQUIRED_FOR_THE_ONSET_OF_ANAPHASE_BY_MITOTIC_SPINDLE_CHECKPOINT_COMPONENTS,0.1938544064760208,0.7946733932195211,test,0.1,67,674,0.5,/Users/charlottejob/Code/Evaluation_neuron_interpretability/vega_fcn_sweep/fcn_010
REACTOME_PYRUVATE_METABOLISM_AND_CITRIC_ACID_TCA_CYCLE,0.7092673778533936,0.5138516957433436,test,0.1,67,674,0.5,/Users/charlottejob/Code/Evaluation_neuron_interpretability/vega_fcn_sweep/fcn_010
REACTOME_EXTRINSIC_PATHWAY_FOR_APOPTOSIS,0.7746086120605469,0.48478747907295366,test,0.1,67,674,0.5,/Users/charlottejob/Code/Evaluation_neuron_interpretability/vega_fcn_sweep/fcn_010
REACTOME_PTM_GAMMA_CARBOXYLATION_HYPUSINE_FORMATION_AND_ARYLSULFATASE_ACTIVATION,-0.0119498129934072,0.7915176792544574,test,0.1,67,674,0.5,/Users/charlottejob/Code/Evaluation_neuron_interpretability/vega_fcn_sweep/fcn_010
REACTOME_APOPTOTIC_CLEAVAGE_OF_CELLULAR_PROTEINS,0.7516339421272278,0.8787938186383839,test,0.1,67,674,0.5,/Users/charlottejob/Code/Evaluation_neuron_interpretability/vega_fcn_sweep/fcn_010
REACTOME_RNA_POL_I_TRANSCRIPTION_TERMINATION,0.0131398569792509,0.7993356321102842,test,0.1,67,674,0.5,/Users/charlottejob/Code/Evaluation_neuron_interpretability/vega_fcn_sweep/fcn_010
REACTOME_FORMATION_OF_THE_TERNARY_COMPLEX_AND_SUBSEQUENTLY_THE_43S_COMPLEX,0.0242205336689949,0.2987746409480772,test,0.1,67,674,0.5,/Users/charlottejob/Code/Evaluation_neuron_interpretability/vega_fcn_sweep/fcn_010
REACTOME_ACTIVATION_OF_THE_PRE_REPLICATIVE_COMPLEX,-0.0298775024712085,0.8026959433088837,test,0.1,67,674,0.5,/Users/charlottejob/Code/Evaluation_neuron_interpretability/vega_fcn_sweep/fcn_010
REACTOME_PROCESSING_OF_INTRONLESS_PRE_MRNAS,,0.7864084107664789,test,0.1,67,674,0.5,/Users/charlottejob/Code/Evaluation_neuron_interpretability/vega_fcn_sweep/fcn_010
REACTOME_GAP_JUNCTION_DEGRADATION,0.3570227324962616,0.5201661949990987,test,0.1,67,674,0.5,/Users/charlottejob/Code/Evaluation_neuron_interpretability/vega_fcn_sweep/fcn_010
REACTOME_BASE_EXCISION_REPAIR,,0.7913955415957772,test,0.1,67,674,0.5,/Users/charlottejob/Code/Evaluation_neuron_interpretability/vega_fcn_sweep/fcn_010
REACTOME_BILE_ACID_AND_BILE_SALT_METABOLISM,0.0229868944734334,0.7864253824506463,test,0.1,67,674,0.5,/Users/charlottejob/Code/Evaluation_neuron_interpretability/vega_fcn_sweep/fcn_010
REACTOME_SYNTHESIS_OF_BILE_ACIDS_AND_BILE_SALTS_VIA_7ALPHA_HYDROXYCHOLESTEROL,-0.006865563802421,0.7843184895269383,test,0.1,67,674,0.5,/Users/charlottejob/Code/Evaluation_neuron_interpretability/vega_fcn_sweep/fcn_010
REACTOME_RECYCLING_OF_BILE_ACIDS_AND_SALTS,0.4321891367435455,0.46403169377134207,test,0.1,67,674,0.5,/Users/charlottejob/Code/Evaluation_neuron_interpretability/vega_fcn_sweep/fcn_010
REACTOME_SIGNALING_BY_RHO_GTPASES,0.3155903220176697,0.4124575625303124,test,0.1,67,674,0.5,/Users/charlottejob/Code/Evaluation_neuron_interpretability/vega_fcn_sweep/fcn_010
REACTOME_SIGNALING_BY_WNT,,0.797024822230947,test,0.1,67,674,0.5,/Users/charlottejob/Code/Evaluation_neuron_interpretability/vega_fcn_sweep/fcn_010
REACTOME_METABOLISM_OF_NON_CODING_RNA,0.8313542604446411,0.6962069484665727,test,0.1,67,674,0.5,/Users/charlottejob/Code/Evaluation_neuron_interpretability/vega_fcn_sweep/fcn_010
REACTOME_SYNTHESIS_OF_BILE_ACIDS_AND_BILE_SALTS_VIA_24_HYDROXYCHOLESTEROL,0.0021783197298645,0.7812426824136723,test,0.1,67,674,0.5,/Users/charlottejob/Code/Evaluation_neuron_interpretability/vega_fcn_sweep/fcn_010
REACTOME_SYNTHESIS_OF_BILE_ACIDS_AND_BILE_SALTS,0.0640390366315841,0.48390351085687733,test,0.1,67,674,0.5,/Users/charlottejob/Code/Evaluation_neuron_interpretability/vega_fcn_sweep/fcn_010
REACTOME_METABOLISM_OF_STEROID_HORMONES_AND_VITAMINS_A_AND_D,,0.7846529686341229,test,0.1,67,674,0.5,/Users/charlottejob/Code/Evaluation_neuron_interpretability/vega_fcn_sweep/fcn_010
REACTOME_ANDROGEN_BIOSYNTHESIS,,0.7936570256947171,test,0.1,67,674,0.5,/Users/charlottejob/Code/Evaluation_neuron_interpretability/vega_fcn_sweep/fcn_010
REACTOME_SIGNALLING_BY_NGF,0.4918681383132934,0.7340158859593489,test,0.1,67,674,0.5,/Users/charlottejob/Code/Evaluation_neuron_interpretability/vega_fcn_sweep/fcn_010
REACTOME_CTNNB1_PHOSPHORYLATION_CASCADE,,0.796307638616237,test,0.1,67,674,0.5,/Users/charlottejob/Code/Evaluation_neuron_interpretability/vega_fcn_sweep/fcn_010
REACTOME_INSULIN_RECEPTOR_RECYCLING,,0.7854242463900887,test,0.1,67,674,0.5,/Users/charlottejob/Code/Evaluation_neuron_interpretability/vega_fcn_sweep/fcn_010
REACTOME_COPI_MEDIATED_TRANSPORT,,0.8033416219517514,test,0.1,67,674,0.5,/Users/charlottejob/Code/Evaluation_neuron_interpretability/vega_fcn_sweep/fcn_010
REACTOME_NEF_MEDIATED_DOWNREGULATION_OF_MHC_CLASS_I_COMPLEX_CELL_SURFACE_EXPRESSION,0.508359968662262,0.90845098770164,test,0.1,67,674,0.5,/Users/charlottejob/Code/Evaluation_neuron_interpretability/vega_fcn_sweep/fcn_010
REACTOME_SIGNALING_BY_SCF_KIT,0.4214116930961609,0.5800298003088924,test,0.1,67,674,0.5,/Users/charlottejob/Code/Evaluation_neuron_interpretability/vega_fcn_sweep/fcn_010
REACTOME_DEVELOPMENTAL_BIOLOGY,0.0520424172282218,0.2381760267854634,test,0.1,67,674,0.5,/Users/charlottejob/Code/Evaluation_neuron_interpretability/vega_fcn_sweep/fcn_010
REACTOME_CROSS_PRESENTATION_OF_SOLUBLE_EXOGENOUS_ANTIGENS_ENDOSOMES,0.8300879597663879,0.35396678934546844,test,0.1,67,674,0.5,/Users/charlottejob/Code/Evaluation_neuron_interpretability/vega_fcn_sweep/fcn_010
REACTOME_SIGNALING_BY_NODAL,,0.795313004406055,test,0.1,67,674,0.5,/Users/charlottejob/Code/Evaluation_neuron_interpretability/vega_fcn_sweep/fcn_010
REACTOME_DAG_AND_IP3_SIGNALING,0.0135781252756714,0.7359140692298226,test,0.1,67,674,0.5,/Users/charlottejob/Code/Evaluation_neuron_interpretability/vega_fcn_sweep/fcn_010
REACTOME_SPRY_REGULATION_OF_FGF_SIGNALING,0.1774579137563705,0.5294234851851068,test,0.1,67,674,0.5,/Users/charlottejob/Code/Evaluation_neuron_interpretability/vega_fcn_sweep/fcn_010
REACTOME_TCA_CYCLE_AND_RESPIRATORY_ELECTRON_TRANSPORT,0.0479577556252479,0.792475120430517,test,0.1,67,674,0.5,/Users/charlottejob/Code/Evaluation_neuron_interpretability/vega_fcn_sweep/fcn_010
REACTOME_BMAL1_CLOCK_NPAS2_ACTIVATES_CIRCADIAN_EXPRESSION,0.5852797031402588,0.5014929460274997,test,0.1,67,674,0.5,/Users/charlottejob/Code/Evaluation_neuron_interpretability/vega_fcn_sweep/fcn_010
REACTOME_ANTIGEN_PROCESSING_CROSS_PRESENTATION,0.3261799812316894,0.9995331020066004,test,0.1,67,674,0.5,/Users/charlottejob/Code/Evaluation_neuron_interpretability/vega_fcn_sweep/fcn_010
REACTOME_GROWTH_HORMONE_RECEPTOR_SIGNALING,0.1999087631702423,0.40398172023613727,test,0.1,67,674,0.5,/Users/charlottejob/Code/Evaluation_neuron_interpretability/vega_fcn_sweep/fcn_010
REACTOME_TRIF_MEDIATED_TLR3_SIGNALING,0.4948852062225342,0.9630980511175184,test,0.1,67,674,0.5,/Users/charlottejob/Code/Evaluation_neuron_interpretability/vega_fcn_sweep/fcn_010
REACTOME_CELL_CELL_COMMUNICATION,0.2994690537452698,0.4529619410785006,test,0.1,67,674,0.5,/Users/charlottejob/Code/Evaluation_neuron_interpretability/vega_fcn_sweep/fcn_010
REACTOME_ABCA_TRANSPORTERS_IN_LIPID_HOMEOSTASIS,0.4354446530342102,0.47880033413371637,test,0.1,67,674,0.5,/Users/charlottejob/Code/Evaluation_neuron_interpretability/vega_fcn_sweep/fcn_010
REACTOME_ENDOSOMAL_VACUOLAR_PATHWAY,0.4637667238712311,0.998338695216497,test,0.1,67,674,0.5,/Users/charlottejob/Code/Evaluation_neuron_interpretability/vega_fcn_sweep/fcn_010
REACTOME_TETRAHYDROBIOPTERIN_BH4_SYNTHESIS_RECYCLING_SALVAGE_AND_REGULATION,,0.7975360991144266,test,0.1,67,674,0.5,/Users/charlottejob/Code/Evaluation_neuron_interpretability/vega_fcn_sweep/fcn_010
REACTOME_ER_PHAGOSOME_PATHWAY,0.6646284461021423,0.9992083260924136,test,0.1,67,674,0.5,/Users/charlottejob/Code/Evaluation_neuron_interpretability/vega_fcn_sweep/fcn_010
REACTOME_MEIOSIS,0.449595183134079,0.9875933655731459,test,0.1,67,674,0.5,/Users/charlottejob/Code/Evaluation_neuron_interpretability/vega_fcn_sweep/fcn_010
REACTOME_NEGATIVE_REGULATION_OF_FGFR_SIGNALING,0.0714910849928855,0.7378823571403077,test,0.1,67,674,0.5,/Users/charlottejob/Code/Evaluation_neuron_interpretability/vega_fcn_sweep/fcn_010
REACTOME_G0_AND_EARLY_G1,0.3926128149032593,0.6417813940645829,test,0.1,67,674,0.5,/Users/charlottejob/Code/Evaluation_neuron_interpretability/vega_fcn_sweep/fcn_010
REACTOME_REGULATION_OF_KIT_SIGNALING,0.8012376427650452,0.5493676957039983,test,0.1,67,674,0.5,/Users/charlottejob/Code/Evaluation_neuron_interpretability/vega_fcn_sweep/fcn_010
REACTOME_MEMBRANE_TRAFFICKING,0.1973816305398941,0.5936913302637684,test,0.1,67,674,0.5,/Users/charlottejob/Code/Evaluation_neuron_interpretability/vega_fcn_sweep/fcn_010
REACTOME_NEF_MEDIATES_DOWN_MODULATION_OF_CELL_SURFACE_RECEPTORS_BY_RECRUITING_THEM_TO_CLATHRIN_ADAPTERS,0.4628422558307647,0.6255563078789417,test,0.1,67,674,0.5,/Users/charlottejob/Code/Evaluation_neuron_interpretability/vega_fcn_sweep/fcn_010
REACTOME_IMMUNOREGULATORY_INTERACTIONS_BETWEEN_A_LYMPHOID_AND_A_NON_LYMPHOID_CELL,0.2091773897409439,0.663419603348932,test,0.1,67,674,0.5,/Users/charlottejob/Code/Evaluation_neuron_interpretability/vega_fcn_sweep/fcn_010
REACTOME_ACTIVATED_AMPK_STIMULATES_FATTY_ACID_OXIDATION_IN_MUSCLE,0.7524980902671814,0.5055970116504207,test,0.1,67,674,0.5,/Users/charlottejob/Code/Evaluation_neuron_interpretability/vega_fcn_sweep/fcn_010
REACTOME_VITAMIN_B5_PANTOTHENATE_METABOLISM,,0.1419709462112288,test,0.1,67,674,0.5,/Users/charlottejob/Code/Evaluation_neuron_interpretability/vega_fcn_sweep/fcn_010
REACTOME_BOTULINUM_NEUROTOXICITY,-0.0170384254306554,0.1589292472684699,test,0.1,67,674,0.5,/Users/charlottejob/Code/Evaluation_neuron_interpretability/vega_fcn_sweep/fcn_010
REACTOME_METABOLISM_OF_VITAMINS_AND_COFACTORS,0.4822329878807068,0.5690288548541507,test,0.1,67,674,0.5,/Users/charlottejob/Code/Evaluation_neuron_interpretability/vega_fcn_sweep/fcn_010
REACTOME_TRANS_GOLGI_NETWORK_VESICLE_BUDDING,0.3819235563278198,0.9941972476659195,test,0.1,67,674,0.5,/Users/charlottejob/Code/Evaluation_neuron_interpretability/vega_fcn_sweep/fcn_010
REACTOME_PROTEOLYTIC_CLEAVAGE_OF_SNARE_COMPLEX_PROTEINS,0.6836228370666504,0.48807287853224257,test,0.1,67,674,0.5,/Users/charlottejob/Code/Evaluation_neuron_interpretability/vega_fcn_sweep/fcn_010
REACTOME_RESOLUTION_OF_AP_SITES_VIA_THE_MULTIPLE_NUCLEOTIDE_PATCH_REPLACEMENT_PATHWAY,,0.7981084500283557,test,0.1,67,674,0.5,/Users/charlottejob/Code/Evaluation_neuron_interpretability/vega_fcn_sweep/fcn_010
REACTOME_GAMMA_CARBOXYLATION_TRANSPORT_AND_AMINO_TERMINAL_CLEAVAGE_OF_PROTEINS,-0.0260206721723079,0.78025968927029,test,0.1,67,674,0.5,/Users/charlottejob/Code/Evaluation_neuron_interpretability/vega_fcn_sweep/fcn_010
REACTOME_IL_7_SIGNALING,0.7548072934150696,0.5544578613570098,test,0.1,67,674,0.5,/Users/charlottejob/Code/Evaluation_neuron_interpretability/vega_fcn_sweep/fcn_010
REACTOME_CELL_CYCLE,0.3529704511165619,0.5538673584902059,test,0.1,67,674,0.5,/Users/charlottejob/Code/Evaluation_neuron_interpretability/vega_fcn_sweep/fcn_010
REACTOME_SIGNALING_BY_ERBB4,0.1398892104625702,0.1588142913231252,test,0.1,67,674,0.5,/Users/charlottejob/Code/Evaluation_neuron_interpretability/vega_fcn_sweep/fcn_010
REACTOME_ORC1_REMOVAL_FROM_CHROMATIN,0.8572070598602295,0.5175073880507537,test,0.1,67,674,0.5,/Users/charlottejob/Code/Evaluation_neuron_interpretability/vega_fcn_sweep/fcn_010
REACTOME_O_LINKED_GLYCOSYLATION_OF_MUCINS,0.4782502055168152,0.4323711260935364,test,0.1,67,674,0.5,/Users/charlottejob/Code/Evaluation_neuron_interpretability/vega_fcn_sweep/fcn_010
REACTOME_SULFUR_AMINO_ACID_METABOLISM,0.0193798169493675,0.6715860516649017,test,0.1,67,674,0.5,/Users/charlottejob/Code/Evaluation_neuron_interpretability/vega_fcn_sweep/fcn_010
REACTOME_DOWNREGULATION_OF_ERBB2_ERBB3_SIGNALING,0.0764034986495971,0.525803127726316,test,0.1,67,674,0.5,/Users/charlottejob/Code/Evaluation_neuron_interpretability/vega_fcn_sweep/fcn_010
REACTOME_ANTIVIRAL_MECHANISM_BY_IFN_STIMULATED_GENES,0.5679228901863098,0.5223168076524967,test,0.1,67,674,0.5,/Users/charlottejob/Code/Evaluation_neuron_interpretability/vega_fcn_sweep/fcn_010
REACTOME_PROLACTIN_RECEPTOR_SIGNALING,,0.7849600837586703,test,0.1,67,674,0.5,/Users/charlottejob/Code/Evaluation_neuron_interpretability/vega_fcn_sweep/fcn_010
REACTOME_SIGNALING_BY_ERBB2,0.50613933801651,0.4185969405045181,test,0.1,67,674,0.5,/Users/charlottejob/Code/Evaluation_neuron_interpretability/vega_fcn_sweep/fcn_010
REACTOME_SPHINGOLIPID_DE_NOVO_BIOSYNTHESIS,0.5508614182472229,0.4375482387285452,test,0.1,67,674,0.5,/Users/charlottejob/Code/Evaluation_neuron_interpretability/vega_fcn_sweep/fcn_010
REACTOME_TERMINATION_OF_O_GLYCAN_BIOSYNTHESIS,,0.1671962657592811,test,0.1,67,674,0.5,/Users/charlottejob/Code/Evaluation_neuron_interpretability/vega_fcn_sweep/fcn_010
REACTOME_DEFENSINS,0.7009865641593933,0.5279517061362627,test,0.1,67,674,0.5,/Users/charlottejob/Code/Evaluation_neuron_interpretability/vega_fcn_sweep/fcn_010
REACTOME_SIGNALING_BY_CONSTITUTIVELY_ACTIVE_EGFR,-0.0321099609136581,0.792391467706815,test,0.1,67,674,0.5,/Users/charlottejob/Code/Evaluation_neuron_interpretability/vega_fcn_sweep/fcn_010
REACTOME_GRB2_EVENTS_IN_ERBB2_SIGNALING,0.6015586853027344,0.47575505533452356,test,0.1,67,674,0.5,/Users/charlottejob/Code/Evaluation_neuron_interpretability/vega_fcn_sweep/fcn_010
REACTOME_SIGNALING_BY_EGFR_IN_CANCER,0.0184143409132957,0.11797800729944219,test,0.1,67,674,0.5,/Users/charlottejob/Code/Evaluation_neuron_interpretability/vega_fcn_sweep/fcn_010
REACTOME_MEMBRANE_BINDING_AND_TARGETTING_OF_GAG_PROTEINS,-0.0207036305218935,0.12756498306613118,test,0.1,67,674,0.5,/Users/charlottejob/Code/Evaluation_neuron_interpretability/vega_fcn_sweep/fcn_010
REACTOME_BETA_DEFENSINS,-0.001963666640222,0.12918265873495083,test,0.1,67,674,0.5,/Users/charlottejob/Code/Evaluation_neuron_interpretability/vega_fcn_sweep/fcn_010
REACTOME_SRP_DEPENDENT_COTRANSLATIONAL_PROTEIN_TARGETING_TO_MEMBRANE,0.7493515014648438,0.9998598634821974,test,0.1,67,674,0.5,/Users/charlottejob/Code/Evaluation_neuron_interpretability/vega_fcn_sweep/fcn_010
REACTOME_PI3K_EVENTS_IN_ERBB4_SIGNALING,0.5688637495040894,0.45121176428596926,test,0.1,67,674,0.5,/Users/charlottejob/Code/Evaluation_neuron_interpretability/vega_fcn_sweep/fcn_010
REACTOME_SHC1_EVENTS_IN_ERBB4_SIGNALING,-0.0563975349068641,0.1402512995210991,test,0.1,67,674,0.5,/Users/charlottejob/Code/Evaluation_neuron_interpretability/vega_fcn_sweep/fcn_010
REACTOME_PI3K_EVENTS_IN_ERBB2_SIGNALING,0.4523159563541412,0.39132300554454313,test,0.1,67,674,0.5,/Users/charlottejob/Code/Evaluation_neuron_interpretability/vega_fcn_sweep/fcn_010
REACTOME_NUCLEAR_SIGNALING_BY_ERBB4,0.0324745923280715,0.7825268191532129,test,0.1,67,674,0.5,/Users/charlottejob/Code/Evaluation_neuron_interpretability/vega_fcn_sweep/fcn_010
REACTOME_GLYCOSPHINGOLIPID_METABOLISM,0.5999006628990173,0.7751014167627734,test,0.1,67,674,0.5,/Users/charlottejob/Code/Evaluation_neuron_interpretability/vega_fcn_sweep/fcn_010
REACTOME_PPARA_ACTIVATES_GENE_EXPRESSION,0.444942444562912,0.3871910780037988,test,0.1,67,674,0.5,/Users/charlottejob/Code/Evaluation_neuron_interpretability/vega_fcn_sweep/fcn_010
REACTOME_ASSOCIATION_OF_LICENSING_FACTORS_WITH_THE_PRE_REPLICATIVE_COMPLEX,,0.7998063080748593,test,0.1,67,674,0.5,/Users/charlottejob/Code/Evaluation_neuron_interpretability/vega_fcn_sweep/fcn_010
REACTOME_RIP_MEDIATED_NFKB_ACTIVATION_VIA_DAI,0.6785339117050171,0.6460674256511321,test,0.1,67,674,0.5,/Users/charlottejob/Code/Evaluation_neuron_interpretability/vega_fcn_sweep/fcn_010
REACTOME_PRE_NOTCH_TRANSCRIPTION_AND_TRANSLATION,,0.7774619377917376,test,0.1,67,674,0.5,/Users/charlottejob/Code/Evaluation_neuron_interpretability/vega_fcn_sweep/fcn_010
REACTOME_DEGRADATION_OF_THE_EXTRACELLULAR_MATRIX,0.6982814073562622,0.5287384686467954,test,0.1,67,674,0.5,/Users/charlottejob/Code/Evaluation_neuron_interpretability/vega_fcn_sweep/fcn_010
REACTOME_MITOCHONDRIAL_PROTEIN_IMPORT,,0.1375701260742485,test,0.1,67,674,0.5,/Users/charlottejob/Code/Evaluation_neuron_interpretability/vega_fcn_sweep/fcn_010
REACTOME_SIGNALING_BY_HIPPO,0.8284431099891663,0.4947751277473806,test,0.1,67,674,0.5,/Users/charlottejob/Code/Evaluation_neuron_interpretability/vega_fcn_sweep/fcn_010
REACTOME_ACTIVATED_NOTCH1_TRANSMITS_SIGNAL_TO_THE_NUCLEUS,0.5122244954109192,0.3988930946863651,test,0.1,67,674,0.5,/Users/charlottejob/Code/Evaluation_neuron_interpretability/vega_fcn_sweep/fcn_010
REACTOME_TRAFFICKING_AND_PROCESSING_OF_ENDOSOMAL_TLR,0.5847476720809937,0.7929769007350244,test,0.1,67,674,0.5,/Users/charlottejob/Code/Evaluation_neuron_interpretability/vega_fcn_sweep/fcn_010
REACTOME_SIGNALING_BY_NOTCH4,,0.7991589233520918,test,0.1,67,674,0.5,/Users/charlottejob/Code/Evaluation_neuron_interpretability/vega_fcn_sweep/fcn_010
REACTOME_DOWNSTREAM_SIGNALING_EVENTS_OF_B_CELL_RECEPTOR_BCR,0.4094564914703369,0.48761649568178667,test,0.1,67,674,0.5,/Users/charlottejob/Code/Evaluation_neuron_interpretability/vega_fcn_sweep/fcn_010
REACTOME_ACTIVATION_OF_NF_KAPPAB_IN_B_CELLS,0.6130815744400024,0.7349630517695888,test,0.1,67,674,0.5,/Users/charlottejob/Code/Evaluation_neuron_interpretability/vega_fcn_sweep/fcn_010
REACTOME_RORA_ACTIVATES_CIRCADIAN_EXPRESSION,0.8763934969902039,0.5454473750630995,test,0.1,67,674,0.5,/Users/charlottejob/Code/Evaluation_neuron_interpretability/vega_fcn_sweep/fcn_010
REACTOME_ANTIGEN_ACTIVATES_B_CELL_RECEPTOR_LEADING_TO_GENERATION_OF_SECOND_MESSENGERS,0.734848141670227,0.5459144535782432,test,0.1,67,674,0.5,/Users/charlottejob/Code/Evaluation_neuron_interpretability/vega_fcn_sweep/fcn_010
REACTOME_REGULATION_OF_COMPLEMENT_CASCADE,-0.0161364786326885,0.7977680324190924,test,0.1,67,674,0.5,/Users/charlottejob/Code/Evaluation_neuron_interpretability/vega_fcn_sweep/fcn_010
REACTOME_YAP1_AND_WWTR1_TAZ_STIMULATED_GENE_EXPRESSION,,0.7931125943375648,test,0.1,67,674,0.5,/Users/charlottejob/Code/Evaluation_neuron_interpretability/vega_fcn_sweep/fcn_010
REACTOME_SIGNALING_BY_NOTCH2,,0.13524233302796307,test,0.1,67,674,0.5,/Users/charlottejob/Code/Evaluation_neuron_interpretability/vega_fcn_sweep/fcn_010
REACTOME_PRE_NOTCH_EXPRESSION_AND_PROCESSING,,0.7810478558652881,test,0.1,67,674,0.5,/Users/charlottejob/Code/Evaluation_neuron_interpretability/vega_fcn_sweep/fcn_010
REACTOME_SIGNALING_BY_THE_B_CELL_RECEPTOR_BCR,0.4712574481964111,0.536497434850942,test,0.1,67,674,0.5,/Users/charlottejob/Code/Evaluation_neuron_interpretability/vega_fcn_sweep/fcn_010
REACTOME_EXTRACELLULAR_MATRIX_ORGANIZATION,0.6369019746780396,0.5751572376724435,test,0.1,67,674,0.5,/Users/charlottejob/Code/Evaluation_neuron_interpretability/vega_fcn_sweep/fcn_010
REACTOME_NOTCH1_INTRACELLULAR_DOMAIN_REGULATES_TRANSCRIPTION,0.619045078754425,0.45642721602867586,test,0.1,67,674,0.5,/Users/charlottejob/Code/Evaluation_neuron_interpretability/vega_fcn_sweep/fcn_010
REACTOME_CIRCADIAN_REPRESSION_OF_EXPRESSION_BY_REV_ERBA,0.8729052543640137,0.5085797717202312,test,0.1,67,674,0.5,/Users/charlottejob/Code/Evaluation_neuron_interpretability/vega_fcn_sweep/fcn_010
REACTOME_PRE_NOTCH_PROCESSING_IN_GOLGI,,0.7885058674693538,test,0.1,67,674,0.5,/Users/charlottejob/Code/Evaluation_neuron_interpretability/vega_fcn_sweep/fcn_010
REACTOME_SIGNALING_BY_NOTCH1,0.5853044390678406,0.5204929416521633,test,0.1,67,674,0.5,/Users/charlottejob/Code/Evaluation_neuron_interpretability/vega_fcn_sweep/fcn_010
REACTOME_SIGNALING_BY_NOTCH3,,0.13011385944248133,test,0.1,67,674,0.5,/Users/charlottejob/Code/Evaluation_neuron_interpretability/vega_fcn_sweep/fcn_010
REACTOME_TRIGLYCERIDE_BIOSYNTHESIS,0.7673094868659973,0.479708427667633,test,0.1,67,674,0.5,/Users/charlottejob/Code/Evaluation_neuron_interpretability/vega_fcn_sweep/fcn_010
REACTOME_INSULIN_RECEPTOR_SIGNALLING_CASCADE,0.5648096799850464,0.5962054906224518,test,0.1,67,674,0.5,/Users/charlottejob/Code/Evaluation_neuron_interpretability/vega_fcn_sweep/fcn_010
REACTOME_ARMS_MEDIATED_ACTIVATION,,0.78877808314793,test,0.1,67,674,0.5,/Users/charlottejob/Code/Evaluation_neuron_interpretability/vega_fcn_sweep/fcn_010
REACTOME_PROLONGED_ERK_ACTIVATION_EVENTS,,0.7975029446407539,test,0.1,67,674,0.5,/Users/charlottejob/Code/Evaluation_neuron_interpretability/vega_fcn_sweep/fcn_010
REACTOME_SIGNALLING_TO_RAS,0.6782013773918152,0.4733925958790875,test,0.1,67,674,0.5,/Users/charlottejob/Code/Evaluation_neuron_interpretability/vega_fcn_sweep/fcn_010
REACTOME_SIGNALING_BY_BMP,-0.0216884594410657,0.6380695739096092,test,0.1,67,674,0.5,/Users/charlottejob/Code/Evaluation_neuron_interpretability/vega_fcn_sweep/fcn_010
REACTOME_CELL_SURFACE_INTERACTIONS_AT_THE_VASCULAR_WALL,0.1879828721284866,0.6179333180175548,test,0.1,67,674,0.5,/Users/charlottejob/Code/Evaluation_neuron_interpretability/vega_fcn_sweep/fcn_010
REACTOME_NGF_SIGNALLING_VIA_TRKA_FROM_THE_PLASMA_MEMBRANE,0.4845564067363739,0.49637596877757706,test,0.1,67,674,0.5,/Users/charlottejob/Code/Evaluation_neuron_interpretability/vega_fcn_sweep/fcn_010
REACTOME_SIGNALLING_TO_ERKS,0.0340164303779602,0.14434205793360266,test,0.1,67,674,0.5,/Users/charlottejob/Code/Evaluation_neuron_interpretability/vega_fcn_sweep/fcn_010
REACTOME_P38MAPK_EVENTS,0.6895469427108765,0.4497315931342773,test,0.1,67,674,0.5,/Users/charlottejob/Code/Evaluation_neuron_interpretability/vega_fcn_sweep/fcn_010
REACTOME_ACYL_CHAIN_REMODELLING_OF_PI,0.7637280821800232,0.5509163158626785,test,0.1,67,674,0.5,/Users/charlottejob/Code/Evaluation_neuron_interpretability/vega_fcn_sweep/fcn_010
REACTOME_TGF_BETA_RECEPTOR_SIGNALING_IN_EMT_EPITHELIAL_TO_MESENCHYMAL_TRANSITION,,0.7860873358635431,test,0.1,67,674,0.5,/Users/charlottejob/Code/Evaluation_neuron_interpretability/vega_fcn_sweep/fcn_010
REACTOME_DOWNREGULATION_OF_TGF_BETA_RECEPTOR_SIGNALING,,0.7951140775640186,test,0.1,67,674,0.5,/Users/charlottejob/Code/Evaluation_neuron_interpretability/vega_fcn_sweep/fcn_010
REACTOME_COLLAGEN_FORMATION,0.1226637437939643,0.5396332018964711,test,0.1,67,674,0.5,/Users/charlottejob/Code/Evaluation_neuron_interpretability/vega_fcn_sweep/fcn_010
REACTOME_SMAD2_SMAD3_SMAD4_HETEROTRIMER_REGULATES_TRANSCRIPTION,0.7661433219909668,0.9766602165012058,test,0.1,67,674,0.5,/Users/charlottejob/Code/Evaluation_neuron_interpretability/vega_fcn_sweep/fcn_010
REACTOME_SIGNALING_BY_FGFR_IN_DISEASE,0.668445885181427,0.6290932349758805,test,0.1,67,674,0.5,/Users/charlottejob/Code/Evaluation_neuron_interpretability/vega_fcn_sweep/fcn_010
REACTOME_HS_GAG_DEGRADATION,0.765418529510498,0.40911982328660357,test,0.1,67,674,0.5,/Users/charlottejob/Code/Evaluation_neuron_interpretability/vega_fcn_sweep/fcn_010
REACTOME_SYNTHESIS_OF_PIPS_AT_THE_EARLY_ENDOSOME_MEMBRANE,,0.7890380840204162,test,0.1,67,674,0.5,/Users/charlottejob/Code/Evaluation_neuron_interpretability/vega_fcn_sweep/fcn_010
REACTOME_SIGNALLING_TO_P38_VIA_RIT_AND_RIN,0.868924081325531,0.3883255916368708,test,0.1,67,674,0.5,/Users/charlottejob/Code/Evaluation_neuron_interpretability/vega_fcn_sweep/fcn_010
REACTOME_P53_INDEPENDENT_G1_S_DNA_DAMAGE_CHECKPOINT,,0.7901426514854076,test,0.1,67,674,0.5,/Users/charlottejob/Code/Evaluation_neuron_interpretability/vega_fcn_sweep/fcn_010
REACTOME_REGULATION_OF_HYPOXIA_INDUCIBLE_FACTOR_HIF_BY_OXYGEN,,0.8047114252061247,test,0.1,67,674,0.5,/Users/charlottejob/Code/Evaluation_neuron_interpretability/vega_fcn_sweep/fcn_010
REACTOME_ACYL_CHAIN_REMODELLING_OF_PC,0.6019461154937744,0.5591326181559143,test,0.1,67,674,0.5,/Users/charlottejob/Code/Evaluation_neuron_interpretability/vega_fcn_sweep/fcn_010
REACTOME_SYNTHESIS_OF_PIPS_AT_THE_GOLGI_MEMBRANE,,0.15117393011385938,test,0.1,67,674,0.5,/Users/charlottejob/Code/Evaluation_neuron_interpretability/vega_fcn_sweep/fcn_010
REACTOME_TGF_BETA_RECEPTOR_SIGNALING_ACTIVATES_SMADS,,0.1362317323212494,test,0.1,67,674,0.5,/Users/charlottejob/Code/Evaluation_neuron_interpretability/vega_fcn_sweep/fcn_010
REACTOME_ACTIVATED_POINT_MUTANTS_OF_FGFR2,,0.790449766609955,test,0.1,67,674,0.5,/Users/charlottejob/Code/Evaluation_neuron_interpretability/vega_fcn_sweep/fcn_010
REACTOME_PHOSPHOLIPID_METABOLISM,0.5203149914741516,0.7685566397596741,test,0.1,67,674,0.5,/Users/charlottejob/Code/Evaluation_neuron_interpretability/vega_fcn_sweep/fcn_010
REACTOME_CS_DS_DEGRADATION,0.8387757539749146,0.5794702451062876,test,0.1,67,674,0.5,/Users/charlottejob/Code/Evaluation_neuron_interpretability/vega_fcn_sweep/fcn_010
REACTOME_SYNTHESIS_OF_PA,0.7791202068328857,0.48738814760121657,test,0.1,67,674,0.5,/Users/charlottejob/Code/Evaluation_neuron_interpretability/vega_fcn_sweep/fcn_010
REACTOME_OXYGEN_DEPENDENT_PROLINE_HYDROXYLATION_OF_HYPOXIA_INDUCIBLE_FACTOR_ALPHA,,0.79660777385159,test,0.1,67,674,0.5,/Users/charlottejob/Code/Evaluation_neuron_interpretability/vega_fcn_sweep/fcn_010
REACTOME_SYNTHESIS_OF_PIPS_AT_THE_LATE_ENDOSOME_MEMBRANE,,0.8124591022117524,test,0.1,67,674,0.5,/Users/charlottejob/Code/Evaluation_neuron_interpretability/vega_fcn_sweep/fcn_010
REACTOME_SYNTHESIS_OF_PE,,0.7962535444749816,test,0.1,67,674,0.5,/Users/charlottejob/Code/Evaluation_neuron_interpretability/vega_fcn_sweep/fcn_010
REACTOME_GASTRIN_CREB_SIGNALLING_PATHWAY_VIA_PKC_AND_MAPK,0.3758452832698822,0.6088365232059985,test,0.1,67,674,0.5,/Users/charlottejob/Code/Evaluation_neuron_interpretability/vega_fcn_sweep/fcn_010
REACTOME_CHONDROITIN_SULFATE_BIOSYNTHESIS,0.38168865442276,0.5527042422135975,test,0.1,67,674,0.5,/Users/charlottejob/Code/Evaluation_neuron_interpretability/vega_fcn_sweep/fcn_010
REACTOME_HYALURONAN_UPTAKE_AND_DEGRADATION,,0.7897290930506478,test,0.1,67,674,0.5,/Users/charlottejob/Code/Evaluation_neuron_interpretability/vega_fcn_sweep/fcn_010
REACTOME_SIGNALING_BY_FGFR1_MUTANTS,0.8088697791099548,0.5924989151323539,test,0.1,67,674,0.5,/Users/charlottejob/Code/Evaluation_neuron_interpretability/vega_fcn_sweep/fcn_010
REACTOME_SYNTHESIS_OF_PIPS_AT_THE_PLASMA_MEMBRANE,-0.0196265187114477,0.1429372571770124,test,0.1,67,674,0.5,/Users/charlottejob/Code/Evaluation_neuron_interpretability/vega_fcn_sweep/fcn_010
REACTOME_THE_ACTIVATION_OF_ARYLSULFATASES,0.278702974319458,0.44585623852552686,test,0.1,67,674,0.5,/Users/charlottejob/Code/Evaluation_neuron_interpretability/vega_fcn_sweep/fcn_010
REACTOME_TRANSCRIPTIONAL_ACTIVITY_OF_SMAD2_SMAD3_SMAD4_HETEROTRIMER,0.7099021077156067,0.9759791371320963,test,0.1,67,674,0.5,/Users/charlottejob/Code/Evaluation_neuron_interpretability/vega_fcn_sweep/fcn_010
REACTOME_HYALURONAN_METABOLISM,,0.7877851939100466,test,0.1,67,674,0.5,/Users/charlottejob/Code/Evaluation_neuron_interpretability/vega_fcn_sweep/fcn_010
REACTOME_DOWNREGULATION_OF_SMAD2_3_SMAD4_TRANSCRIPTIONAL_ACTIVITY,0.5826835632324219,0.4069730497350262,test,0.1,67,674,0.5,/Users/charlottejob/Code/Evaluation_neuron_interpretability/vega_fcn_sweep/fcn_010
REACTOME_KERATAN_SULFATE_BIOSYNTHESIS,0.865088701248169,0.387472719412927,test,0.1,67,674,0.5,/Users/charlottejob/Code/Evaluation_neuron_interpretability/vega_fcn_sweep/fcn_010
REACTOME_REVERSIBLE_HYDRATION_OF_CARBON_DIOXIDE,0.4228833019733429,0.45457389213352767,test,0.1,67,674,0.5,/Users/charlottejob/Code/Evaluation_neuron_interpretability/vega_fcn_sweep/fcn_010
REACTOME_SIGNALING_BY_FGFR1_FUSION_MUTANTS,0.8633435368537903,0.5647856021089236,test,0.1,67,674,0.5,/Users/charlottejob/Code/Evaluation_neuron_interpretability/vega_fcn_sweep/fcn_010
REACTOME_ALPHA_LINOLENIC_ACID_ALA_METABOLISM,0.7405010461807251,0.5642844479083835,test,0.1,67,674,0.5,/Users/charlottejob/Code/Evaluation_neuron_interpretability/vega_fcn_sweep/fcn_010
REACTOME_SIGNALING_BY_ACTIVATED_POINT_MUTANTS_OF_FGFR1,-0.0267294347286224,0.7901864116290388,test,0.1,67,674,0.5,/Users/charlottejob/Code/Evaluation_neuron_interpretability/vega_fcn_sweep/fcn_010
REACTOME_PI_METABOLISM,0.1142726838588714,0.467053425452244,test,0.1,67,674,0.5,/Users/charlottejob/Code/Evaluation_neuron_interpretability/vega_fcn_sweep/fcn_010
REACTOME_ABACAVIR_TRANSPORT_AND_METABOLISM,,0.7921214500719801,test,0.1,67,674,0.5,/Users/charlottejob/Code/Evaluation_neuron_interpretability/vega_fcn_sweep/fcn_010
REACTOME_CHONDROITIN_SULFATE_DERMATAN_SULFATE_METABOLISM,0.3773495256900787,0.5808446511105376,test,0.1,67,674,0.5,/Users/charlottejob/Code/Evaluation_neuron_interpretability/vega_fcn_sweep/fcn_010
REACTOME_LATENT_INFECTION_OF_HOMO_SAPIENS_WITH_MYCOBACTERIUM_TUBERCULOSIS,0.6027798056602478,0.5139846371134995,test,0.1,67,674,0.5,/Users/charlottejob/Code/Evaluation_neuron_interpretability/vega_fcn_sweep/fcn_010
REACTOME_SYNTHESIS_OF_PC,,0.795826026261833,test,0.1,67,674,0.5,/Users/charlottejob/Code/Evaluation_neuron_interpretability/vega_fcn_sweep/fcn_010
REACTOME_HS_GAG_BIOSYNTHESIS,-0.0002865199930965,0.5894891179359205,test,0.1,67,674,0.5,/Users/charlottejob/Code/Evaluation_neuron_interpretability/vega_fcn_sweep/fcn_010
REACTOME_SIGNALING_BY_FGFR3_MUTANTS,,0.7961715307769487,test,0.1,67,674,0.5,/Users/charlottejob/Code/Evaluation_neuron_interpretability/vega_fcn_sweep/fcn_010
REACTOME_KERATAN_SULFATE_KERATIN_METABOLISM,0.6205524206161499,0.3915916484379382,test,0.1,67,674,0.5,/Users/charlottejob/Code/Evaluation_neuron_interpretability/vega_fcn_sweep/fcn_010
REACTOME_APOPTOSIS_INDUCED_DNA_FRAGMENTATION,0.6612147688865662,0.6566821777489036,test,0.1,67,674,0.5,/Users/charlottejob/Code/Evaluation_neuron_interpretability/vega_fcn_sweep/fcn_010
REACTOME_KERATAN_SULFATE_DEGRADATION,0.0121095078065991,0.12816056649112584,test,0.1,67,674,0.5,/Users/charlottejob/Code/Evaluation_neuron_interpretability/vega_fcn_sweep/fcn_010
REACTOME_HEPARAN_SULFATE_HEPARIN_HS_GAG_METABOLISM,0.7985181212425232,0.5940422015140839,test,0.1,67,674,0.5,/Users/charlottejob/Code/Evaluation_neuron_interpretability/vega_fcn_sweep/fcn_010
REACTOME_GLYCOSAMINOGLYCAN_METABOLISM,0.6857468485832214,0.5894060441971479,test,0.1,67,674,0.5,/Users/charlottejob/Code/Evaluation_neuron_interpretability/vega_fcn_sweep/fcn_010
REACTOME_ACYL_CHAIN_REMODELLING_OF_PG,0.7397478818893433,0.5119315085350632,test,0.1,67,674,0.5,/Users/charlottejob/Code/Evaluation_neuron_interpretability/vega_fcn_sweep/fcn_010
REACTOME_ACYL_CHAIN_REMODELLING_OF_PE,0.7425259947776794,0.5256747988122694,test,0.1,67,674,0.5,/Users/charlottejob/Code/Evaluation_neuron_interpretability/vega_fcn_sweep/fcn_010
REACTOME_ACYL_CHAIN_REMODELLING_OF_PS,0.8534665107727051,0.409469192299523,test,0.1,67,674,0.5,/Users/charlottejob/Code/Evaluation_neuron_interpretability/vega_fcn_sweep/fcn_010
REACTOME_SIGNALING_BY_FGFR_MUTANTS,0.8002256155014038,0.6146879748344418,test,0.1,67,674,0.5,/Users/charlottejob/Code/Evaluation_neuron_interpretability/vega_fcn_sweep/fcn_010
REACTOME_MHC_CLASS_II_ANTIGEN_PRESENTATION,0.4897682666778564,0.9451803107565788,test,0.1,67,674,0.5,/Users/charlottejob/Code/Evaluation_neuron_interpretability/vega_fcn_sweep/fcn_010
REACTOME_GLYCEROPHOSPHOLIPID_BIOSYNTHESIS,0.4756359755992889,0.3967133041253226,test,0.1,67,674,0.5,/Users/charlottejob/Code/Evaluation_neuron_interpretability/vega_fcn_sweep/fcn_010
REACTOME_A_TETRASACCHARIDE_LINKER_SEQUENCE_IS_REQUIRED_FOR_GAG_SYNTHESIS,0.8199180364608765,0.648328269077849,test,0.1,67,674,0.5,/Users/charlottejob/Code/Evaluation_neuron_interpretability/vega_fcn_sweep/fcn_010
REACTOME_CDK_MEDIATED_PHOSPHORYLATION_AND_REMOVAL_OF_CDC6,,0.7826811499367446,test,0.1,67,674,0.5,/Users/charlottejob/Code/Evaluation_neuron_interpretability/vega_fcn_sweep/fcn_010
REACTOME_PLATELET_ADHESION_TO_EXPOSED_COLLAGEN,0.5079689621925354,0.640720426137862,test,0.1,67,674,0.5,/Users/charlottejob/Code/Evaluation_neuron_interpretability/vega_fcn_sweep/fcn_010
REACTOME_VEGF_LIGAND_RECEPTOR_INTERACTIONS,0.2747415900230407,0.4415231045076595,test,0.1,67,674,0.5,/Users/charlottejob/Code/Evaluation_neuron_interpretability/vega_fcn_sweep/fcn_010
REACTOME_ENOS_ACTIVATION_AND_REGULATION,0.0006109301466494,0.794037911921551,test,0.1,67,674,0.5,/Users/charlottejob/Code/Evaluation_neuron_interpretability/vega_fcn_sweep/fcn_010
REACTOME_MICRORNA_MIRNA_BIOGENESIS,,0.8029594730183659,test,0.1,67,674,0.5,/Users/charlottejob/Code/Evaluation_neuron_interpretability/vega_fcn_sweep/fcn_010
REACTOME_NUCLEAR_EVENTS_KINASE_AND_TRANSCRIPTION_FACTOR_ACTIVATION,0.6674413084983826,0.5517578933098114,test,0.1,67,674,0.5,/Users/charlottejob/Code/Evaluation_neuron_interpretability/vega_fcn_sweep/fcn_010
REACTOME_RETROGRADE_NEUROTROPHIN_SIGNALLING,,0.7806866465994852,test,0.1,67,674,0.5,/Users/charlottejob/Code/Evaluation_neuron_interpretability/vega_fcn_sweep/fcn_010
REACTOME_ERKS_ARE_INACTIVATED,0.1722304821014404,0.13026211697695267,test,0.1,67,674,0.5,/Users/charlottejob/Code/Evaluation_neuron_interpretability/vega_fcn_sweep/fcn_010
REACTOME_NEGATIVE_REGULATION_OF_THE_PI3K_AKT_NETWORK,,0.7772054268638486,test,0.1,67,674,0.5,/Users/charlottejob/Code/Evaluation_neuron_interpretability/vega_fcn_sweep/fcn_010
REACTOME_PI3K_AKT_ACTIVATION,0.7599069476127625,0.483944146125351,test,0.1,67,674,0.5,/Users/charlottejob/Code/Evaluation_neuron_interpretability/vega_fcn_sweep/fcn_010
REACTOME_REGULATORY_RNA_PATHWAYS,,0.8032351786415391,test,0.1,67,674,0.5,/Users/charlottejob/Code/Evaluation_neuron_interpretability/vega_fcn_sweep/fcn_010
REACTOME_EGFR_DOWNREGULATION,0.2222879379987716,0.46765445581463727,test,0.1,67,674,0.5,/Users/charlottejob/Code/Evaluation_neuron_interpretability/vega_fcn_sweep/fcn_010
REACTOME_PROCESSING_OF_CAPPED_INTRON_CONTAINING_PRE_MRNA,0.8078436851501465,0.6787109115545046,test,0.1,67,674,0.5,/Users/charlottejob/Code/Evaluation_neuron_interpretability/vega_fcn_sweep/fcn_010
REACTOME_PECAM1_INTERACTIONS,0.5592302083969116,0.4382773277672117,test,0.1,67,674,0.5,/Users/charlottejob/Code/Evaluation_neuron_interpretability/vega_fcn_sweep/fcn_010
REACTOME_TCR_SIGNALING,0.0832995995879173,0.6803594695893231,test,0.1,67,674,0.5,/Users/charlottejob/Code/Evaluation_neuron_interpretability/vega_fcn_sweep/fcn_010
REACTOME_REGULATION_OF_PYRUVATE_DEHYDROGENASE_PDH_COMPLEX,0.0907240509986877,0.588039070526115,test,0.1,67,674,0.5,/Users/charlottejob/Code/Evaluation_neuron_interpretability/vega_fcn_sweep/fcn_010
REACTOME_DOWNSTREAM_TCR_SIGNALING,0.3604295253753662,0.8404210255392848,test,0.1,67,674,0.5,/Users/charlottejob/Code/Evaluation_neuron_interpretability/vega_fcn_sweep/fcn_010
REACTOME_BASIGIN_INTERACTIONS,0.6377791166305542,0.581206844262006,test,0.1,67,674,0.5,/Users/charlottejob/Code/Evaluation_neuron_interpretability/vega_fcn_sweep/fcn_010
REACTOME_AKT_PHOSPHORYLATES_TARGETS_IN_THE_CYTOSOL,0.0023289714008569,0.12326759907746343,test,0.1,67,674,0.5,/Users/charlottejob/Code/Evaluation_neuron_interpretability/vega_fcn_sweep/fcn_010
REACTOME_GAB1_SIGNALOSOME,0.0363486632704734,0.5372438878566238,test,0.1,67,674,0.5,/Users/charlottejob/Code/Evaluation_neuron_interpretability/vega_fcn_sweep/fcn_010
REACTOME_SHC1_EVENTS_IN_EGFR_SIGNALING,,0.7863386118745366,test,0.1,67,674,0.5,/Users/charlottejob/Code/Evaluation_neuron_interpretability/vega_fcn_sweep/fcn_010
REACTOME_ACTIVATION_OF_THE_MRNA_UPON_BINDING_OF_THE_CAP_BINDING_COMPLEX_AND_EIFS_AND_SUBSEQUENT_BINDING_TO_43S,0.3409184515476227,0.9898817886386536,test,0.1,67,674,0.5,/Users/charlottejob/Code/Evaluation_neuron_interpretability/vega_fcn_sweep/fcn_010
REACTOME_PHOSPHORYLATION_OF_CD3_AND_TCR_ZETA_CHAINS,0.4053791463375091,0.8635773582770049,test,0.1,67,674,0.5,/Users/charlottejob/Code/Evaluation_neuron_interpretability/vega_fcn_sweep/fcn_010
REACTOME_GLUTAMATE_NEUROTRANSMITTER_RELEASE_CYCLE,-0.0118785258382558,0.7941590317598021,test,0.1,67,674,0.5,/Users/charlottejob/Code/Evaluation_neuron_interpretability/vega_fcn_sweep/fcn_010
REACTOME_TRANSLOCATION_OF_ZAP_70_TO_IMMUNOLOGICAL_SYNAPSE,0.2857441306114197,0.8862537449109885,test,0.1,67,674,0.5,/Users/charlottejob/Code/Evaluation_neuron_interpretability/vega_fcn_sweep/fcn_010
REACTOME_ERK_MAPK_TARGETS,0.5131414532661438,0.46140275819085497,test,0.1,67,674,0.5,/Users/charlottejob/Code/Evaluation_neuron_interpretability/vega_fcn_sweep/fcn_010
REACTOME_TIE2_SIGNALING,0.0270487312227487,0.7563222138089629,test,0.1,67,674,0.5,/Users/charlottejob/Code/Evaluation_neuron_interpretability/vega_fcn_sweep/fcn_010
REACTOME_GENERATION_OF_SECOND_MESSENGER_MOLECULES,0.1928810030221939,0.7777482575697192,test,0.1,67,674,0.5,/Users/charlottejob/Code/Evaluation_neuron_interpretability/vega_fcn_sweep/fcn_010
REACTOME_GENERIC_TRANSCRIPTION_PATHWAY,0.6379643082618713,0.9788412239046205,test,0.1,67,674,0.5,/Users/charlottejob/Code/Evaluation_neuron_interpretability/vega_fcn_sweep/fcn_010
REACTOME_RESPONSE_TO_ELEVATED_PLATELET_CYTOSOLIC_CA2_,0.0312145128846168,0.9987032937403324,test,0.1,67,674,0.5,/Users/charlottejob/Code/Evaluation_neuron_interpretability/vega_fcn_sweep/fcn_010
REACTOME_TRANSPORT_OF_MATURE_TRANSCRIPT_TO_CYTOPLASM,0.8598781824111938,0.6062452952168407,test,0.1,67,674,0.5,/Users/charlottejob/Code/Evaluation_neuron_interpretability/vega_fcn_sweep/fcn_010
REACTOME_METABOLISM_OF_AMINO_ACIDS_AND_DERIVATIVES,0.5744994878768921,0.823474958210787,test,0.1,67,674,0.5,/Users/charlottejob/Code/Evaluation_neuron_interpretability/vega_fcn_sweep/fcn_010
REACTOME_RNA_POL_I_TRANSCRIPTION,0.5661466121673584,0.9878427108815802,test,0.1,67,674,0.5,/Users/charlottejob/Code/Evaluation_neuron_interpretability/vega_fcn_sweep/fcn_010
REACTOME_FATTY_ACYL_COA_BIOSYNTHESIS,0.0127977263182401,0.8111743631062404,test,0.1,67,674,0.5,/Users/charlottejob/Code/Evaluation_neuron_interpretability/vega_fcn_sweep/fcn_010
REACTOME_E2F_ENABLED_INHIBITION_OF_PRE_REPLICATION_COMPLEX_FORMATION,,0.7965693844610218,test,0.1,67,674,0.5,/Users/charlottejob/Code/Evaluation_neuron_interpretability/vega_fcn_sweep/fcn_010
REACTOME_P75NTR_RECRUITS_SIGNALLING_COMPLEXES,,0.7862374034812196,test,0.1,67,674,0.5,/Users/charlottejob/Code/Evaluation_neuron_interpretability/vega_fcn_sweep/fcn_010
REACTOME_BIOLOGICAL_OXIDATIONS,0.4579091668128967,0.7967247422662097,test,0.1,67,674,0.5,/Users/charlottejob/Code/Evaluation_neuron_interpretability/vega_fcn_sweep/fcn_010
REACTOME_REGULATED_PROTEOLYSIS_OF_P75NTR,,0.13045238406840287,test,0.1,67,674,0.5,/Users/charlottejob/Code/Evaluation_neuron_interpretability/vega_fcn_sweep/fcn_010
REACTOME_TRANSMISSION_ACROSS_CHEMICAL_SYNAPSES,0.4414344429969787,0.46934582234935607,test,0.1,67,674,0.5,/Users/charlottejob/Code/Evaluation_neuron_interpretability/vega_fcn_sweep/fcn_010
REACTOME_P75NTR_SIGNALS_VIA_NFKB,0.7125989198684692,0.7074814908295475,test,0.1,67,674,0.5,/Users/charlottejob/Code/Evaluation_neuron_interpretability/vega_fcn_sweep/fcn_010
REACTOME_CASPASE_MEDIATED_CLEAVAGE_OF_CYTOSKELETAL_PROTEINS,0.7369802594184875,0.90592467001537,test,0.1,67,674,0.5,/Users/charlottejob/Code/Evaluation_neuron_interpretability/vega_fcn_sweep/fcn_010
REACTOME_XENOBIOTICS,0.0035751187242567,0.7802476643843517,test,0.1,67,674,0.5,/Users/charlottejob/Code/Evaluation_neuron_interpretability/vega_fcn_sweep/fcn_010
REACTOME_INTEGRIN_CELL_SURFACE_INTERACTIONS,0.2966129779815674,0.389518515326496,test,0.1,67,674,0.5,/Users/charlottejob/Code/Evaluation_neuron_interpretability/vega_fcn_sweep/fcn_010
REACTOME_REGULATION_OF_ORNITHINE_DECARBOXYLASE_ODC,0.9014286994934082,0.435822559618053,test,0.1,67,674,0.5,/Users/charlottejob/Code/Evaluation_neuron_interpretability/vega_fcn_sweep/fcn_010
REACTOME_CYTOCHROME_P450_ARRANGED_BY_SUBSTRATE_TYPE,0.8285545110702515,0.499518469807969,test,0.1,67,674,0.5,/Users/charlottejob/Code/Evaluation_neuron_interpretability/vega_fcn_sweep/fcn_010
REACTOME_BASE_FREE_SUGAR_PHOSPHATE_REMOVAL_VIA_THE_SINGLE_NUCLEOTIDE_REPLACEMENT_PATHWAY,,0.7859494830519567,test,0.1,67,674,0.5,/Users/charlottejob/Code/Evaluation_neuron_interpretability/vega_fcn_sweep/fcn_010
REACTOME_APOPTOTIC_CLEAVAGE_OF_CELL_ADHESION_PROTEINS,0.0094289127737283,0.14601556315047592,test,0.1,67,674,0.5,/Users/charlottejob/Code/Evaluation_neuron_interpretability/vega_fcn_sweep/fcn_010
REACTOME_HDL_MEDIATED_LIPID_TRANSPORT,-0.0076941754668951,0.6111566829323013,test,0.1,67,674,0.5,/Users/charlottejob/Code/Evaluation_neuron_interpretability/vega_fcn_sweep/fcn_010
REACTOME_NRAGE_SIGNALS_DEATH_THROUGH_JNK,0.5458353161811829,0.4119807323805002,test,0.1,67,674,0.5,/Users/charlottejob/Code/Evaluation_neuron_interpretability/vega_fcn_sweep/fcn_010
REACTOME_SLBP_DEPENDENT_PROCESSING_OF_REPLICATION_DEPENDENT_HISTONE_PRE_MRNAS,,0.7943131352789775,test,0.1,67,674,0.5,/Users/charlottejob/Code/Evaluation_neuron_interpretability/vega_fcn_sweep/fcn_010
REACTOME_NRIF_SIGNALS_CELL_DEATH_FROM_THE_NUCLEUS,,0.7945504515115822,test,0.1,67,674,0.5,/Users/charlottejob/Code/Evaluation_neuron_interpretability/vega_fcn_sweep/fcn_010
REACTOME_REGULATION_OF_APOPTOSIS,0.8228360414505005,0.5106103612736296,test,0.1,67,674,0.5,/Users/charlottejob/Code/Evaluation_neuron_interpretability/vega_fcn_sweep/fcn_010
REACTOME_RNA_POL_II_TRANSCRIPTION,0.8483315110206604,0.5465610165256809,test,0.1,67,674,0.5,/Users/charlottejob/Code/Evaluation_neuron_interpretability/vega_fcn_sweep/fcn_010
REACTOME_NEURONAL_SYSTEM,0.5224262475967407,0.5578911660777385,test,0.1,67,674,0.5,/Users/charlottejob/Code/Evaluation_neuron_interpretability/vega_fcn_sweep/fcn_010
REACTOME_NFKB_IS_ACTIVATED_AND_SIGNALS_SURVIVAL,0.6875935792922974,0.7586831846990857,test,0.1,67,674,0.5,/Users/charlottejob/Code/Evaluation_neuron_interpretability/vega_fcn_sweep/fcn_010
REACTOME_REGULATION_OF_BETA_CELL_DEVELOPMENT,0.8441853523254395,0.4324768861060351,test,0.1,67,674,0.5,/Users/charlottejob/Code/Evaluation_neuron_interpretability/vega_fcn_sweep/fcn_010
REACTOME_PHASE1_FUNCTIONALIZATION_OF_COMPOUNDS,0.6026615500450134,0.4148777753018036,test,0.1,67,674,0.5,/Users/charlottejob/Code/Evaluation_neuron_interpretability/vega_fcn_sweep/fcn_010
REACTOME_RNA_POL_III_TRANSCRIPTION,,0.7964856257906905,test,0.1,67,674,0.5,/Users/charlottejob/Code/Evaluation_neuron_interpretability/vega_fcn_sweep/fcn_010
REACTOME_CELL_DEATH_SIGNALLING_VIA_NRAGE_NRIF_AND_NADE,0.3998096883296966,0.4492266117707814,test,0.1,67,674,0.5,/Users/charlottejob/Code/Evaluation_neuron_interpretability/vega_fcn_sweep/fcn_010
REACTOME_NEUROTRANSMITTER_RELEASE_CYCLE,-0.0132606970146298,0.7843338037684326,test,0.1,67,674,0.5,/Users/charlottejob/Code/Evaluation_neuron_interpretability/vega_fcn_sweep/fcn_010
REACTOME_P75_NTR_RECEPTOR_MEDIATED_SIGNALLING,0.4641716480255127,0.7165458563299991,test,0.1,67,674,0.5,/Users/charlottejob/Code/Evaluation_neuron_interpretability/vega_fcn_sweep/fcn_010
REACTOME_AMINO_ACID_TRANSPORT_ACROSS_THE_PLASMA_MEMBRANE,0.0123426569625735,0.1335449601307086,test,0.1,67,674,0.5,/Users/charlottejob/Code/Evaluation_neuron_interpretability/vega_fcn_sweep/fcn_010
REACTOME_ENDOGENOUS_STEROLS,0.8447130918502808,0.5007682435877152,test,0.1,67,674,0.5,/Users/charlottejob/Code/Evaluation_neuron_interpretability/vega_fcn_sweep/fcn_010
REACTOME_REGULATION_OF_GENE_EXPRESSION_IN_BETA_CELLS,,0.7438715487142761,test,0.1,67,674,0.5,/Users/charlottejob/Code/Evaluation_neuron_interpretability/vega_fcn_sweep/fcn_010
REACTOME_GLYCOLYSIS,0.7726326584815979,0.9443257253967168,test,0.1,67,674,0.5,/Users/charlottejob/Code/Evaluation_neuron_interpretability/vega_fcn_sweep/fcn_010
REACTOME_PROCESSIVE_SYNTHESIS_ON_THE_LAGGING_STRAND,,0.8038877982812025,test,0.1,67,674,0.5,/Users/charlottejob/Code/Evaluation_neuron_interpretability/vega_fcn_sweep/fcn_010
REACTOME_PEPTIDE_CHAIN_ELONGATION,0.7821165323257446,1.0,test,0.1,67,674,0.5,/Users/charlottejob/Code/Evaluation_neuron_interpretability/vega_fcn_sweep/fcn_010
REACTOME_COMMON_PATHWAY,0.416399747133255,0.4145210344039519,test,0.1,67,674,0.5,/Users/charlottejob/Code/Evaluation_neuron_interpretability/vega_fcn_sweep/fcn_010
REACTOME_MRNA_CAPPING,0.8502553701400757,0.4741585465967091,test,0.1,67,674,0.5,/Users/charlottejob/Code/Evaluation_neuron_interpretability/vega_fcn_sweep/fcn_010
REACTOME_MITOCHONDRIAL_FATTY_ACID_BETA_OXIDATION,,0.7982044235047767,test,0.1,67,674,0.5,/Users/charlottejob/Code/Evaluation_neuron_interpretability/vega_fcn_sweep/fcn_010
REACTOME_SIGNALING_BY_GPCR,0.1230353116989135,0.49547060713138447,test,0.1,67,674,0.5,/Users/charlottejob/Code/Evaluation_neuron_interpretability/vega_fcn_sweep/fcn_010
REACTOME_PEPTIDE_LIGAND_BINDING_RECEPTORS,0.5384654998779297,0.609337861379714,test,0.1,67,674,0.5,/Users/charlottejob/Code/Evaluation_neuron_interpretability/vega_fcn_sweep/fcn_010
REACTOME_METABOLISM_OF_POLYAMINES,0.6362060308456421,0.832698901075822,test,0.1,67,674,0.5,/Users/charlottejob/Code/Evaluation_neuron_interpretability/vega_fcn_sweep/fcn_010
REACTOME_CLASS_A1_RHODOPSIN_LIKE_RECEPTORS,-0.0145522989332675,0.5515610605339735,test,0.1,67,674,0.5,/Users/charlottejob/Code/Evaluation_neuron_interpretability/vega_fcn_sweep/fcn_010
REACTOME_NOTCH_HLH_TRANSCRIPTION_PATHWAY,,0.7919452078698249,test,0.1,67,674,0.5,/Users/charlottejob/Code/Evaluation_neuron_interpretability/vega_fcn_sweep/fcn_010
REACTOME_INTEGRATION_OF_ENERGY_METABOLISM,0.4051088690757751,0.6706164985748125,test,0.1,67,674,0.5,/Users/charlottejob/Code/Evaluation_neuron_interpretability/vega_fcn_sweep/fcn_010
REACTOME_CELL_CYCLE_MITOTIC,0.0877220630645752,0.920543309589246,test,0.1,67,674,0.5,/Users/charlottejob/Code/Evaluation_neuron_interpretability/vega_fcn_sweep/fcn_010
REACTOME_GLUCONEOGENESIS,0.7888944745063782,0.947385001496385,test,0.1,67,674,0.5,/Users/charlottejob/Code/Evaluation_neuron_interpretability/vega_fcn_sweep/fcn_010
REACTOME_DOPAMINE_NEUROTRANSMITTER_RELEASE_CYCLE,0.0420795455574989,0.7941854806288483,test,0.1,67,674,0.5,/Users/charlottejob/Code/Evaluation_neuron_interpretability/vega_fcn_sweep/fcn_010
REACTOME_OPIOID_SIGNALLING,0.1177967190742492,0.5197764094309356,test,0.1,67,674,0.5,/Users/charlottejob/Code/Evaluation_neuron_interpretability/vega_fcn_sweep/fcn_010
REACTOME_RECRUITMENT_OF_MITOTIC_CENTROSOME_PROTEINS_AND_COMPLEXES,0.8623466491699219,0.5703879509008746,test,0.1,67,674,0.5,/Users/charlottejob/Code/Evaluation_neuron_interpretability/vega_fcn_sweep/fcn_010
REACTOME_MITOCHONDRIAL_TRNA_AMINOACYLATION,0.8704774975776672,0.39110954763667427,test,0.1,67,674,0.5,/Users/charlottejob/Code/Evaluation_neuron_interpretability/vega_fcn_sweep/fcn_010
REACTOME_CYTOSOLIC_TRNA_AMINOACYLATION,0.8320590853691101,0.4408332852039897,test,0.1,67,674,0.5,/Users/charlottejob/Code/Evaluation_neuron_interpretability/vega_fcn_sweep/fcn_010
REACTOME_CA_DEPENDENT_EVENTS,0.0187752414494752,0.1386917005080604,test,0.1,67,674,0.5,/Users/charlottejob/Code/Evaluation_neuron_interpretability/vega_fcn_sweep/fcn_010
REACTOME_ACETYLCHOLINE_NEUROTRANSMITTER_RELEASE_CYCLE,0.0460745841264724,0.8032433366482582,test,0.1,67,674,0.5,/Users/charlottejob/Code/Evaluation_neuron_interpretability/vega_fcn_sweep/fcn_010
REACTOME_ADENYLATE_CYCLASE_ACTIVATING_PATHWAY,,0.11916764821358461,test,0.1,67,674,0.5,/Users/charlottejob/Code/Evaluation_neuron_interpretability/vega_fcn_sweep/fcn_010
REACTOME_ADENYLATE_CYCLASE_INHIBITORY_PATHWAY,,0.1410879902281551,test,0.1,67,674,0.5,/Users/charlottejob/Code/Evaluation_neuron_interpretability/vega_fcn_sweep/fcn_010
REACTOME_DARPP_32_EVENTS,0.0314242653548717,0.6524005414622999,test,0.1,67,674,0.5,/Users/charlottejob/Code/Evaluation_neuron_interpretability/vega_fcn_sweep/fcn_010
REACTOME_CHEMOKINE_RECEPTORS_BIND_CHEMOKINES,0.4600366353988647,0.5121884429652489,test,0.1,67,674,0.5,/Users/charlottejob/Code/Evaluation_neuron_interpretability/vega_fcn_sweep/fcn_010
REACTOME_LOSS_OF_NLP_FROM_MITOTIC_CENTROSOMES,0.8651101589202881,0.5880487318178367,test,0.1,67,674,0.5,/Users/charlottejob/Code/Evaluation_neuron_interpretability/vega_fcn_sweep/fcn_010
REACTOME_NEUROTRANSMITTER_RECEPTOR_BINDING_AND_DOWNSTREAM_TRANSMISSION_IN_THE_POSTSYNAPTIC_CELL,-0.0129870567470788,0.7645276576413198,test,0.1,67,674,0.5,/Users/charlottejob/Code/Evaluation_neuron_interpretability/vega_fcn_sweep/fcn_010
REACTOME_CELL_CYCLE_CHECKPOINTS,-0.0217006579041481,0.15554896195793877,test,0.1,67,674,0.5,/Users/charlottejob/Code/Evaluation_neuron_interpretability/vega_fcn_sweep/fcn_010
REACTOME_DIABETES_PATHWAYS,0.483447253704071,0.5706366304400121,test,0.1,67,674,0.5,/Users/charlottejob/Code/Evaluation_neuron_interpretability/vega_fcn_sweep/fcn_010
REACTOME_P130CAS_LINKAGE_TO_MAPK_SIGNALING_FOR_INTEGRINS,0.779692530632019,0.6846298648845808,test,0.1,67,674,0.5,/Users/charlottejob/Code/Evaluation_neuron_interpretability/vega_fcn_sweep/fcn_010
REACTOME_GLYCOPROTEIN_HORMONES,,0.7988273786153645,test,0.1,67,674,0.5,/Users/charlottejob/Code/Evaluation_neuron_interpretability/vega_fcn_sweep/fcn_010
REACTOME_NOREPINEPHRINE_NEUROTRANSMITTER_RELEASE_CYCLE,-0.0230051334947347,0.7868908825458624,test,0.1,67,674,0.5,/Users/charlottejob/Code/Evaluation_neuron_interpretability/vega_fcn_sweep/fcn_010
REACTOME_PLC_BETA_MEDIATED_EVENTS,0.0172056779265403,0.7989422181375785,test,0.1,67,674,0.5,/Users/charlottejob/Code/Evaluation_neuron_interpretability/vega_fcn_sweep/fcn_010
REACTOME_REGULATION_OF_INSULIN_LIKE_GROWTH_FACTOR_IGF_ACTIVITY_BY_INSULIN_LIKE_GROWTH_FACTOR_BINDING_PROTEINS_IGFBPS,0.2856232523918152,0.43484043017968427,test,0.1,67,674,0.5,/Users/charlottejob/Code/Evaluation_neuron_interpretability/vega_fcn_sweep/fcn_010
REACTOME_GRB2_SOS_PROVIDES_LINKAGE_TO_MAPK_SIGNALING_FOR_INTERGRINS_,0.8055031299591064,0.6728833281735398,test,0.1,67,674,0.5,/Users/charlottejob/Code/Evaluation_neuron_interpretability/vega_fcn_sweep/fcn_010
REACTOME_PEPTIDE_HORMONE_BIOSYNTHESIS,,0.7905073506958077,test,0.1,67,674,0.5,/Users/charlottejob/Code/Evaluation_neuron_interpretability/vega_fcn_sweep/fcn_010
REACTOME_G_PROTEIN_ACTIVATION,-0.0625907108187675,0.1364026562565222,test,0.1,67,674,0.5,/Users/charlottejob/Code/Evaluation_neuron_interpretability/vega_fcn_sweep/fcn_010
REACTOME_ACETYLCHOLINE_BINDING_AND_DOWNSTREAM_EVENTS,-0.0440705828368663,0.7881433799400397,test,0.1,67,674,0.5,/Users/charlottejob/Code/Evaluation_neuron_interpretability/vega_fcn_sweep/fcn_010
REACTOME_ABC_FAMILY_PROTEINS_MEDIATED_TRANSPORT,0.0670891255140304,0.7724756716585339,test,0.1,67,674,0.5,/Users/charlottejob/Code/Evaluation_neuron_interpretability/vega_fcn_sweep/fcn_010
REACTOME_TRNA_AMINOACYLATION,-0.0138279488310217,0.1557697431151494,test,0.1,67,674,0.5,/Users/charlottejob/Code/Evaluation_neuron_interpretability/vega_fcn_sweep/fcn_010
REACTOME_OLFACTORY_SIGNALING_PATHWAY,,0.7973214675217032,test,0.1,67,674,0.5,/Users/charlottejob/Code/Evaluation_neuron_interpretability/vega_fcn_sweep/fcn_010
REACTOME_STEROID_HORMONES,,0.7911634602800681,test,0.1,67,674,0.5,/Users/charlottejob/Code/Evaluation_neuron_interpretability/vega_fcn_sweep/fcn_010
REACTOME_PKA_MEDIATED_PHOSPHORYLATION_OF_CREB,-0.0062771681696176,0.7909023785665313,test,0.1,67,674,0.5,/Users/charlottejob/Code/Evaluation_neuron_interpretability/vega_fcn_sweep/fcn_010
REACTOME_RECRUITMENT_OF_NUMA_TO_MITOTIC_CENTROSOMES,,0.7882039872617023,test,0.1,67,674,0.5,/Users/charlottejob/Code/Evaluation_neuron_interpretability/vega_fcn_sweep/fcn_010
REACTOME_AMINE_DERIVED_HORMONES,0.0006932705291546,0.7895446903845683,test,0.1,67,674,0.5,/Users/charlottejob/Code/Evaluation_neuron_interpretability/vega_fcn_sweep/fcn_010
REACTOME_TRANSMEMBRANE_TRANSPORT_OF_SMALL_MOLECULES,0.4740196168422699,0.9987775132290533,test,0.1,67,674,0.5,/Users/charlottejob/Code/Evaluation_neuron_interpretability/vega_fcn_sweep/fcn_010
REACTOME_INTEGRIN_ALPHAIIB_BETA3_SIGNALING,-0.0047392235137522,0.16320348403122653,test,0.1,67,674,0.5,/Users/charlottejob/Code/Evaluation_neuron_interpretability/vega_fcn_sweep/fcn_010
REACTOME_NUCLEAR_RECEPTOR_TRANSCRIPTION_PATHWAY,0.8602681756019592,0.5387675977340288,test,0.1,67,674,0.5,/Users/charlottejob/Code/Evaluation_neuron_interpretability/vega_fcn_sweep/fcn_010
REACTOME_INSULIN_SYNTHESIS_AND_PROCESSING,-0.0029816802125424,0.64290852923129,test,0.1,67,674,0.5,/Users/charlottejob/Code/Evaluation_neuron_interpretability/vega_fcn_sweep/fcn_010
REACTOME_CYCLIN_E_ASSOCIATED_EVENTS_DURING_G1_S_TRANSITION_,0.5528996586799622,0.5713630365666817,test,0.1,67,674,0.5,/Users/charlottejob/Code/Evaluation_neuron_interpretability/vega_fcn_sweep/fcn_010
REACTOME_HOMOLOGOUS_RECOMBINATION_REPAIR_OF_REPLICATION_INDEPENDENT_DOUBLE_STRAND_BREAKS,,0.8010155738777647,test,0.1,67,674,0.5,/Users/charlottejob/Code/Evaluation_neuron_interpretability/vega_fcn_sweep/fcn_010
REACTOME_G1_PHASE,0.0344265811145305,0.777810104173279,test,0.1,67,674,0.5,/Users/charlottejob/Code/Evaluation_neuron_interpretability/vega_fcn_sweep/fcn_010
REACTOME_ELEVATION_OF_CYTOSOLIC_CA2_LEVELS,-0.0178980119526386,0.7847910841017485,test,0.1,67,674,0.5,/Users/charlottejob/Code/Evaluation_neuron_interpretability/vega_fcn_sweep/fcn_010
REACTOME_P53_DEPENDENT_G1_DNA_DAMAGE_RESPONSE,0.0100755244493484,0.8001329496484064,test,0.1,67,674,0.5,/Users/charlottejob/Code/Evaluation_neuron_interpretability/vega_fcn_sweep/fcn_010
REACTOME_TRANSCRIPTION_COUPLED_NER_TC_NER,-0.0184120815247297,0.8078457328508036,test,0.1,67,674,0.5,/Users/charlottejob/Code/Evaluation_neuron_interpretability/vega_fcn_sweep/fcn_010
REACTOME_RNA_POL_II_TRANSCRIPTION_PRE_INITIATION_AND_PROMOTER_OPENING,-0.0296047516167163,0.7884929488753429,test,0.1,67,674,0.5,/Users/charlottejob/Code/Evaluation_neuron_interpretability/vega_fcn_sweep/fcn_010
REACTOME_GLUCAGON_SIGNALING_IN_METABOLIC_REGULATION,0.0287625137716531,0.7892714639201613,test,0.1,67,674,0.5,/Users/charlottejob/Code/Evaluation_neuron_interpretability/vega_fcn_sweep/fcn_010
REACTOME_MRNA_PROCESSING,0.2329435050487518,0.40331142774695516,test,0.1,67,674,0.5,/Users/charlottejob/Code/Evaluation_neuron_interpretability/vega_fcn_sweep/fcn_010
REACTOME_SIGNALING_BY_PDGF,0.2231565862894058,0.7154467964877133,test,0.1,67,674,0.5,/Users/charlottejob/Code/Evaluation_neuron_interpretability/vega_fcn_sweep/fcn_010
REACTOME_ASSOCIATION_OF_TRIC_CCT_WITH_TARGET_PROTEINS_DURING_BIOSYNTHESIS,0.0148641504347324,0.52421606049946,test,0.1,67,674,0.5,/Users/charlottejob/Code/Evaluation_neuron_interpretability/vega_fcn_sweep/fcn_010
REACTOME_PREFOLDIN_MEDIATED_TRANSFER_OF_SUBSTRATE_TO_CCT_TRIC,0.3866911232471466,1.0,test,0.1,67,674,0.5,/Users/charlottejob/Code/Evaluation_neuron_interpretability/vega_fcn_sweep/fcn_010
REACTOME_HORMONE_LIGAND_BINDING_RECEPTORS,,0.12514068839157177,test,0.1,67,674,0.5,/Users/charlottejob/Code/Evaluation_neuron_interpretability/vega_fcn_sweep/fcn_010
REACTOME_GPVI_MEDIATED_ACTIVATION_CASCADE,0.1652615070343017,0.627459369239464,test,0.1,67,674,0.5,/Users/charlottejob/Code/Evaluation_neuron_interpretability/vega_fcn_sweep/fcn_010
REACTOME_PROTEIN_FOLDING,0.5792549252510071,0.7580376808379155,test,0.1,67,674,0.5,/Users/charlottejob/Code/Evaluation_neuron_interpretability/vega_fcn_sweep/fcn_010
REACTOME_FORMATION_OF_TUBULIN_FOLDING_INTERMEDIATES_BY_CCT_TRIC,0.0043227109126746,0.1756375081405493,test,0.1,67,674,0.5,/Users/charlottejob/Code/Evaluation_neuron_interpretability/vega_fcn_sweep/fcn_010
REACTOME_PEROXISOMAL_LIPID_METABOLISM,0.747604250907898,0.4618372802929368,test,0.1,67,674,0.5,/Users/charlottejob/Code/Evaluation_neuron_interpretability/vega_fcn_sweep/fcn_010
REACTOME_POST_CHAPERONIN_TUBULIN_FOLDING_PATHWAY,0.0244168080389499,0.17902889170919056,test,0.1,67,674,0.5,/Users/charlottejob/Code/Evaluation_neuron_interpretability/vega_fcn_sweep/fcn_010
REACTOME_STRIATED_MUSCLE_CONTRACTION,0.6974285840988159,0.907635414096122,test,0.1,67,674,0.5,/Users/charlottejob/Code/Evaluation_neuron_interpretability/vega_fcn_sweep/fcn_010
REACTOME_METABOLISM_OF_NUCLEOTIDES,0.415277898311615,0.582543674416466,test,0.1,67,674,0.5,/Users/charlottejob/Code/Evaluation_neuron_interpretability/vega_fcn_sweep/fcn_010
REACTOME_AMINE_LIGAND_BINDING_RECEPTORS,0.8671637773513794,0.41433978882469513,test,0.1,67,674,0.5,/Users/charlottejob/Code/Evaluation_neuron_interpretability/vega_fcn_sweep/fcn_010
REACTOME_METABOLISM_OF_PROTEINS,0.4539033472537994,1.0,test,0.1,67,674,0.5,/Users/charlottejob/Code/Evaluation_neuron_interpretability/vega_fcn_sweep/fcn_010
REACTOME_DOWNSTREAM_SIGNAL_TRANSDUCTION,0.4063977301120758,0.7364967188288742,test,0.1,67,674,0.5,/Users/charlottejob/Code/Evaluation_neuron_interpretability/vega_fcn_sweep/fcn_010
REACTOME_MUSCLE_CONTRACTION,0.6587633490562439,0.8976737338044759,test,0.1,67,674,0.5,/Users/charlottejob/Code/Evaluation_neuron_interpretability/vega_fcn_sweep/fcn_010
REACTOME_SEROTONIN_RECEPTORS,,0.8006683243903503,test,0.1,67,674,0.5,/Users/charlottejob/Code/Evaluation_neuron_interpretability/vega_fcn_sweep/fcn_010
REACTOME_CDC6_ASSOCIATION_WITH_THE_ORC_ORIGIN_COMPLEX,,0.7904096322470879,test,0.1,67,674,0.5,/Users/charlottejob/Code/Evaluation_neuron_interpretability/vega_fcn_sweep/fcn_010
REACTOME_M_G1_TRANSITION,0.0710446536540985,0.6316792590531295,test,0.1,67,674,0.5,/Users/charlottejob/Code/Evaluation_neuron_interpretability/vega_fcn_sweep/fcn_010
REACTOME_MRNA_SPLICING,,0.21641669938489716,test,0.1,67,674,0.5,/Users/charlottejob/Code/Evaluation_neuron_interpretability/vega_fcn_sweep/fcn_010
REACTOME_MRNA_SPLICING_MINOR_PATHWAY,,0.7733996422806789,test,0.1,67,674,0.5,/Users/charlottejob/Code/Evaluation_neuron_interpretability/vega_fcn_sweep/fcn_010
REACTOME_3_UTR_MEDIATED_TRANSLATIONAL_REGULATION,0.7648638486862183,0.9995991031262861,test,0.1,67,674,0.5,/Users/charlottejob/Code/Evaluation_neuron_interpretability/vega_fcn_sweep/fcn_010
REACTOME_PROCESSING_OF_CAPPED_INTRONLESS_PRE_MRNA,,0.783982899271474,test,0.1,67,674,0.5,/Users/charlottejob/Code/Evaluation_neuron_interpretability/vega_fcn_sweep/fcn_010
REACTOME_PURINE_RIBONUCLEOSIDE_MONOPHOSPHATE_BIOSYNTHESIS,,0.8019316843345111,test,0.1,67,674,0.5,/Users/charlottejob/Code/Evaluation_neuron_interpretability/vega_fcn_sweep/fcn_010
REACTOME_G1_S_TRANSITION,0.5383089780807495,0.5907977072017244,test,0.1,67,674,0.5,/Users/charlottejob/Code/Evaluation_neuron_interpretability/vega_fcn_sweep/fcn_010
REACTOME_CITRIC_ACID_CYCLE_TCA_CYCLE,,0.7974366356934083,test,0.1,67,674,0.5,/Users/charlottejob/Code/Evaluation_neuron_interpretability/vega_fcn_sweep/fcn_010
REACTOME_TRANSCRIPTION,-0.0435983352363109,0.261574982913813,test,0.1,67,674,0.5,/Users/charlottejob/Code/Evaluation_neuron_interpretability/vega_fcn_sweep/fcn_010
REACTOME_POL_SWITCHING,,0.8014919513152728,test,0.1,67,674,0.5,/Users/charlottejob/Code/Evaluation_neuron_interpretability/vega_fcn_sweep/fcn_010
REACTOME_NUCLEOTIDE_EXCISION_REPAIR,0.0158891212195158,0.8063013532892794,test,0.1,67,674,0.5,/Users/charlottejob/Code/Evaluation_neuron_interpretability/vega_fcn_sweep/fcn_010
REACTOME_REGULATION_OF_THE_FANCONI_ANEMIA_PATHWAY,,0.7889298957379052,test,0.1,67,674,0.5,/Users/charlottejob/Code/Evaluation_neuron_interpretability/vega_fcn_sweep/fcn_010
REACTOME_AXON_GUIDANCE,0.1196880489587783,0.4128312257854228,test,0.1,67,674,0.5,/Users/charlottejob/Code/Evaluation_neuron_interpretability/vega_fcn_sweep/fcn_010
REACTOME_ACTIVATION_OF_CHAPERONE_GENES_BY_XBP1S,0.4444518983364105,0.410238774049358,test,0.1,67,674,0.5,/Users/charlottejob/Code/Evaluation_neuron_interpretability/vega_fcn_sweep/fcn_010
REACTOME_REGULATION_OF_INSULIN_SECRETION_BY_GLUCAGON_LIKE_PEPTIDE1,0.3037097156047821,0.5192839515700769,test,0.1,67,674,0.5,/Users/charlottejob/Code/Evaluation_neuron_interpretability/vega_fcn_sweep/fcn_010
REACTOME_PERK_REGULATED_GENE_EXPRESSION,-0.0363254286348819,0.13816499803690607,test,0.1,67,674,0.5,/Users/charlottejob/Code/Evaluation_neuron_interpretability/vega_fcn_sweep/fcn_010
REACTOME_G_ALPHA_Q_SIGNALLING_EVENTS,0.4101153314113617,0.7037171212746114,test,0.1,67,674,0.5,/Users/charlottejob/Code/Evaluation_neuron_interpretability/vega_fcn_sweep/fcn_010
REACTOME_P2Y_RECEPTORS,0.7048564553260803,0.4642521487564253,test,0.1,67,674,0.5,/Users/charlottejob/Code/Evaluation_neuron_interpretability/vega_fcn_sweep/fcn_010
REACTOME_TRAFFICKING_OF_AMPA_RECEPTORS,0.7908345460891724,0.4571307560507335,test,0.1,67,674,0.5,/Users/charlottejob/Code/Evaluation_neuron_interpretability/vega_fcn_sweep/fcn_010
REACTOME_NCAM1_INTERACTIONS,0.79300457239151,0.3728264706601937,test,0.1,67,674,0.5,/Users/charlottejob/Code/Evaluation_neuron_interpretability/vega_fcn_sweep/fcn_010
REACTOME_CLASS_C_3_METABOTROPIC_GLUTAMATE_PHEROMONE_RECEPTORS,,0.7922174235484011,test,0.1,67,674,0.5,/Users/charlottejob/Code/Evaluation_neuron_interpretability/vega_fcn_sweep/fcn_010
REACTOME_REGULATION_OF_INSULIN_SECRETION,0.4807002544403076,0.7055975240751214,test,0.1,67,674,0.5,/Users/charlottejob/Code/Evaluation_neuron_interpretability/vega_fcn_sweep/fcn_010
REACTOME_NCAM_SIGNALING_FOR_NEURITE_OUT_GROWTH,0.1640889346599578,0.4649525098363533,test,0.1,67,674,0.5,/Users/charlottejob/Code/Evaluation_neuron_interpretability/vega_fcn_sweep/fcn_010
REACTOME_INHIBITION_OF_INSULIN_SECRETION_BY_ADRENALINE_NORADRENALINE,0.5373982787132263,0.5426324090155916,test,0.1,67,674,0.5,/Users/charlottejob/Code/Evaluation_neuron_interpretability/vega_fcn_sweep/fcn_010
REACTOME_NUCLEOTIDE_LIKE_PURINERGIC_RECEPTORS,0.7045140862464905,0.459493469285603,test,0.1,67,674,0.5,/Users/charlottejob/Code/Evaluation_neuron_interpretability/vega_fcn_sweep/fcn_010
REACTOME_ACTIVATION_OF_CHAPERONES_BY_ATF6_ALPHA,,0.7941822623565851,test,0.1,67,674,0.5,/Users/charlottejob/Code/Evaluation_neuron_interpretability/vega_fcn_sweep/fcn_010
REACTOME_TRANSPORT_OF_MATURE_MRNA_DERIVED_FROM_AN_INTRONLESS_TRANSCRIPT,0.8164015412330627,0.6698796461117458,test,0.1,67,674,0.5,/Users/charlottejob/Code/Evaluation_neuron_interpretability/vega_fcn_sweep/fcn_010
REACTOME_EICOSANOID_LIGAND_BINDING_RECEPTORS,0.6512362957000732,0.5021885725186698,test,0.1,67,674,0.5,/Users/charlottejob/Code/Evaluation_neuron_interpretability/vega_fcn_sweep/fcn_010
REACTOME_ACTIVATION_OF_GENES_BY_ATF4,0.8659136891365051,0.3832081861012956,test,0.1,67,674,0.5,/Users/charlottejob/Code/Evaluation_neuron_interpretability/vega_fcn_sweep/fcn_010
REACTOME_UNFOLDED_PROTEIN_RESPONSE,0.6929939985275269,0.4815343377586325,test,0.1,67,674,0.5,/Users/charlottejob/Code/Evaluation_neuron_interpretability/vega_fcn_sweep/fcn_010
REACTOME_CLASS_B_2_SECRETIN_FAMILY_RECEPTORS,0.3918966650962829,0.4157287440561881,test,0.1,67,674,0.5,/Users/charlottejob/Code/Evaluation_neuron_interpretability/vega_fcn_sweep/fcn_010
REACTOME_GLUCAGON_TYPE_LIGAND_RECEPTORS,0.3283992111682892,0.600452630757476,test,0.1,67,674,0.5,/Users/charlottejob/Code/Evaluation_neuron_interpretability/vega_fcn_sweep/fcn_010
REACTOME_REGULATION_OF_INSULIN_SECRETION_BY_ACETYLCHOLINE,0.6511217355728149,0.4196348994977509,test,0.1,67,674,0.5,/Users/charlottejob/Code/Evaluation_neuron_interpretability/vega_fcn_sweep/fcn_010
REACTOME_G_ALPHA1213_SIGNALLING_EVENTS,0.4237299561500549,0.5242606963959816,test,0.1,67,674,0.5,/Users/charlottejob/Code/Evaluation_neuron_interpretability/vega_fcn_sweep/fcn_010
REACTOME_FANCONI_ANEMIA_PATHWAY,0.1510368436574936,0.6115643120026003,test,0.1,67,674,0.5,/Users/charlottejob/Code/Evaluation_neuron_interpretability/vega_fcn_sweep/fcn_010
REACTOME_TRAFFICKING_OF_GLUR2_CONTAINING_AMPA_RECEPTORS,0.7890255451202393,0.4885898452335324,test,0.1,67,674,0.5,/Users/charlottejob/Code/Evaluation_neuron_interpretability/vega_fcn_sweep/fcn_010
REACTOME_ACTIVATION_OF_CHAPERONE_GENES_BY_ATF6_ALPHA,,0.7855202198665097,test,0.1,67,674,0.5,/Users/charlottejob/Code/Evaluation_neuron_interpretability/vega_fcn_sweep/fcn_010
REACTOME_PROSTANOID_LIGAND_RECEPTORS,0.737150251865387,0.4605138113714763,test,0.1,67,674,0.5,/Users/charlottejob/Code/Evaluation_neuron_interpretability/vega_fcn_sweep/fcn_010
REACTOME_OPSINS,,0.7891462723029272,test,0.1,67,674,0.5,/Users/charlottejob/Code/Evaluation_neuron_interpretability/vega_fcn_sweep/fcn_010
REACTOME_FORMATION_OF_RNA_POL_II_ELONGATION_COMPLEX_,-0.0292486473917961,0.1278792537159409,test,0.1,67,674,0.5,/Users/charlottejob/Code/Evaluation_neuron_interpretability/vega_fcn_sweep/fcn_010
REACTOME_MRNA_3_END_PROCESSING,,0.7920115168171705,test,0.1,67,674,0.5,/Users/charlottejob/Code/Evaluation_neuron_interpretability/vega_fcn_sweep/fcn_010
REACTOME_POST_TRANSLATIONAL_MODIFICATION_SYNTHESIS_OF_GPI_ANCHORED_PROTEINS,0.8703814744949341,0.49862292171274997,test,0.1,67,674,0.5,/Users/charlottejob/Code/Evaluation_neuron_interpretability/vega_fcn_sweep/fcn_010
REACTOME_CYCLIN_A_B1_ASSOCIATED_EVENTS_DURING_G2_M_TRANSITION,0.0348051004111766,0.7959718364582403,test,0.1,67,674,0.5,/Users/charlottejob/Code/Evaluation_neuron_interpretability/vega_fcn_sweep/fcn_010
REACTOME_ELONGATION_ARREST_AND_RECOVERY,,0.8053657898180866,test,0.1,67,674,0.5,/Users/charlottejob/Code/Evaluation_neuron_interpretability/vega_fcn_sweep/fcn_010
REACTOME_SLC_MEDIATED_TRANSMEMBRANE_TRANSPORT,0.2437924742698669,0.43073732350332283,test,0.1,67,674,0.5,/Users/charlottejob/Code/Evaluation_neuron_interpretability/vega_fcn_sweep/fcn_010
REACTOME_ADP_SIGNALLING_THROUGH_P2RY1,0.4564923048019409,0.4570631994094232,test,0.1,67,674,0.5,/Users/charlottejob/Code/Evaluation_neuron_interpretability/vega_fcn_sweep/fcn_010
REACTOME_G_BETA_GAMMA_SIGNALLING_THROUGH_PLC_BETA,0.0285240598022937,0.7797772252032166,test,0.1,67,674,0.5,/Users/charlottejob/Code/Evaluation_neuron_interpretability/vega_fcn_sweep/fcn_010
REACTOME_CD28_CO_STIMULATION,0.4714923202991485,0.5595867183357709,test,0.1,67,674,0.5,/Users/charlottejob/Code/Evaluation_neuron_interpretability/vega_fcn_sweep/fcn_010
REACTOME_GPCR_DOWNSTREAM_SIGNALING,0.1657212525606155,0.7937769925402435,test,0.1,67,674,0.5,/Users/charlottejob/Code/Evaluation_neuron_interpretability/vega_fcn_sweep/fcn_010
REACTOME_SYNTHESIS_SECRETION_AND_DEACYLATION_OF_GHRELIN,0.6978275775909424,0.5253536190246512,test,0.1,67,674,0.5,/Users/charlottejob/Code/Evaluation_neuron_interpretability/vega_fcn_sweep/fcn_010
REACTOME_ADHERENS_JUNCTIONS_INTERACTIONS,,0.754267322625867,test,0.1,67,674,0.5,/Users/charlottejob/Code/Evaluation_neuron_interpretability/vega_fcn_sweep/fcn_010
REACTOME_CRMPS_IN_SEMA3A_SIGNALING,0.8573028445243835,0.5005644259394411,test,0.1,67,674,0.5,/Users/charlottejob/Code/Evaluation_neuron_interpretability/vega_fcn_sweep/fcn_010
REACTOME_OTHER_SEMAPHORIN_INTERACTIONS,0.7479307651519775,0.6884018782695139,test,0.1,67,674,0.5,/Users/charlottejob/Code/Evaluation_neuron_interpretability/vega_fcn_sweep/fcn_010
REACTOME_ACTIVATION_OF_RAC,0.8258441686630249,0.49180838570681007,test,0.1,67,674,0.5,/Users/charlottejob/Code/Evaluation_neuron_interpretability/vega_fcn_sweep/fcn_010
REACTOME_PURINE_SALVAGE,0.0935624539852142,0.5729912124569242,test,0.1,67,674,0.5,/Users/charlottejob/Code/Evaluation_neuron_interpretability/vega_fcn_sweep/fcn_010
REACTOME_G_ALPHA_I_SIGNALLING_EVENTS,0.5675774216651917,0.5990448321554771,test,0.1,67,674,0.5,/Users/charlottejob/Code/Evaluation_neuron_interpretability/vega_fcn_sweep/fcn_010
REACTOME_SEMA3A_PAK_DEPENDENT_AXON_REPULSION,,0.7774706626532304,test,0.1,67,674,0.5,/Users/charlottejob/Code/Evaluation_neuron_interpretability/vega_fcn_sweep/fcn_010
REACTOME_CD28_DEPENDENT_VAV1_PATHWAY,,0.7917846704183571,test,0.1,67,674,0.5,/Users/charlottejob/Code/Evaluation_neuron_interpretability/vega_fcn_sweep/fcn_010
REACTOME_SEMA4D_IN_SEMAPHORIN_SIGNALING,0.5324122905731201,0.5109214622244658,test,0.1,67,674,0.5,/Users/charlottejob/Code/Evaluation_neuron_interpretability/vega_fcn_sweep/fcn_010
REACTOME_SEMAPHORIN_INTERACTIONS,0.6894001960754395,0.7173374099856824,test,0.1,67,674,0.5,/Users/charlottejob/Code/Evaluation_neuron_interpretability/vega_fcn_sweep/fcn_010
REACTOME_SEMA4D_INDUCED_CELL_MIGRATION_AND_GROWTH_CONE_COLLAPSE,0.6001618504524231,0.46583690896853447,test,0.1,67,674,0.5,/Users/charlottejob/Code/Evaluation_neuron_interpretability/vega_fcn_sweep/fcn_010
REACTOME_SEMA3A_PLEXIN_REPULSION_SIGNALING_BY_INHIBITING_INTEGRIN_ADHESION,,0.7938210530907822,test,0.1,67,674,0.5,/Users/charlottejob/Code/Evaluation_neuron_interpretability/vega_fcn_sweep/fcn_010
REACTOME_LYSOSOME_VESICLE_BIOGENESIS,0.0124857807531952,0.17409980006284242,test,0.1,67,674,0.5,/Users/charlottejob/Code/Evaluation_neuron_interpretability/vega_fcn_sweep/fcn_010
REACTOME_G_BETA_GAMMA_SIGNALLING_THROUGH_PI3KGAMMA,0.1996504962444305,0.5246034036235869,test,0.1,67,674,0.5,/Users/charlottejob/Code/Evaluation_neuron_interpretability/vega_fcn_sweep/fcn_010
REACTOME_TRANSPORT_OF_GLUCOSE_AND_OTHER_SUGARS_BILE_SALTS_AND_ORGANIC_ACIDS_METAL_IONS_AND_AMINE_COMPOUNDS,0.617469072341919,0.48878383684037396,test,0.1,67,674,0.5,/Users/charlottejob/Code/Evaluation_neuron_interpretability/vega_fcn_sweep/fcn_010
REACTOME_SPHINGOLIPID_METABOLISM,0.5731699466705322,0.804259297406075,test,0.1,67,674,0.5,/Users/charlottejob/Code/Evaluation_neuron_interpretability/vega_fcn_sweep/fcn_010
REACTOME_PD1_SIGNALING,0.4483552575111389,0.7841547331225591,test,0.1,67,674,0.5,/Users/charlottejob/Code/Evaluation_neuron_interpretability/vega_fcn_sweep/fcn_010
REACTOME_G_ALPHA_S_SIGNALLING_EVENTS,0.3318861126899719,0.3797080012052483,test,0.1,67,674,0.5,/Users/charlottejob/Code/Evaluation_neuron_interpretability/vega_fcn_sweep/fcn_010
REACTOME_CELL_CELL_JUNCTION_ORGANIZATION,0.0575433634221553,0.796034257889092,test,0.1,67,674,0.5,/Users/charlottejob/Code/Evaluation_neuron_interpretability/vega_fcn_sweep/fcn_010
REACTOME_G_ALPHA_Z_SIGNALLING_EVENTS,0.5344420671463013,0.5695452458343995,test,0.1,67,674,0.5,/Users/charlottejob/Code/Evaluation_neuron_interpretability/vega_fcn_sweep/fcn_010
REACTOME_FACILITATIVE_NA_INDEPENDENT_GLUCOSE_TRANSPORTERS,,0.7943742093094273,test,0.1,67,674,0.5,/Users/charlottejob/Code/Evaluation_neuron_interpretability/vega_fcn_sweep/fcn_010
REACTOME_COSTIMULATION_BY_THE_CD28_FAMILY,0.4075886607170105,0.8760324307919096,test,0.1,67,674,0.5,/Users/charlottejob/Code/Evaluation_neuron_interpretability/vega_fcn_sweep/fcn_010
REACTOME_SIGNALING_BY_ROBO_RECEPTOR,0.8230404853820801,0.4326512967795343,test,0.1,67,674,0.5,/Users/charlottejob/Code/Evaluation_neuron_interpretability/vega_fcn_sweep/fcn_010
REACTOME_CD28_DEPENDENT_PI3K_AKT_SIGNALING,0.830292820930481,0.3774118009983734,test,0.1,67,674,0.5,/Users/charlottejob/Code/Evaluation_neuron_interpretability/vega_fcn_sweep/fcn_010
REACTOME_TIGHT_JUNCTION_INTERACTIONS,0.2521186769008636,0.6010304930019934,test,0.1,67,674,0.5,/Users/charlottejob/Code/Evaluation_neuron_interpretability/vega_fcn_sweep/fcn_010
REACTOME_G_PROTEIN_BETA_GAMMA_SIGNALLING,0.5975853204727173,0.5533925169771263,test,0.1,67,674,0.5,/Users/charlottejob/Code/Evaluation_neuron_interpretability/vega_fcn_sweep/fcn_010
REACTOME_TRANSPORT_OF_INORGANIC_CATIONS_ANIONS_AND_AMINO_ACIDS_OLIGOPEPTIDES,0.6049350500106812,0.3861867652746065,test,0.1,67,674,0.5,/Users/charlottejob/Code/Evaluation_neuron_interpretability/vega_fcn_sweep/fcn_010
REACTOME_GOLGI_ASSOCIATED_VESICLE_BIOGENESIS,0.2269710153341293,0.6329149306471177,test,0.1,67,674,0.5,/Users/charlottejob/Code/Evaluation_neuron_interpretability/vega_fcn_sweep/fcn_010
REACTOME_CTLA4_INHIBITORY_SIGNALING,0.7738025784492493,0.5038897470077514,test,0.1,67,674,0.5,/Users/charlottejob/Code/Evaluation_neuron_interpretability/vega_fcn_sweep/fcn_010
REACTOME_FORMATION_OF_TRANSCRIPTION_COUPLED_NER_TC_NER_REPAIR_COMPLEX,0.0200224965810775,0.794816364729787,test,0.1,67,674,0.5,/Users/charlottejob/Code/Evaluation_neuron_interpretability/vega_fcn_sweep/fcn_010
REACTOME_AMINO_ACID_AND_OLIGOPEPTIDE_SLC_TRANSPORTERS,0.1368416100740432,0.1398580930012766,test,0.1,67,674,0.5,/Users/charlottejob/Code/Evaluation_neuron_interpretability/vega_fcn_sweep/fcn_010
REACTOME_CDT1_ASSOCIATION_WITH_THE_CDC6_ORC_ORIGIN_COMPLEX,,0.8072782794573137,test,0.1,67,674,0.5,/Users/charlottejob/Code/Evaluation_neuron_interpretability/vega_fcn_sweep/fcn_010
REACTOME_BRANCHED_CHAIN_AMINO_ACID_CATABOLISM,,0.7963477729791041,test,0.1,67,674,0.5,/Users/charlottejob/Code/Evaluation_neuron_interpretability/vega_fcn_sweep/fcn_010
REACTOME_REPAIR_SYNTHESIS_FOR_GAP_FILLING_BY_DNA_POL_IN_TC_NER,,0.1372333464206255,test,0.1,67,674,0.5,/Users/charlottejob/Code/Evaluation_neuron_interpretability/vega_fcn_sweep/fcn_010
REACTOME_RECEPTOR_LIGAND_BINDING_INITIATES_THE_SECOND_PROTEOLYTIC_CLEAVAGE_OF_NOTCH_RECEPTOR,,0.8025895388910702,test,0.1,67,674,0.5,/Users/charlottejob/Code/Evaluation_neuron_interpretability/vega_fcn_sweep/fcn_010
REACTOME_SYNTHESIS_OF_DNA,0.8632872104644775,0.5108052446344061,test,0.1,67,674,0.5,/Users/charlottejob/Code/Evaluation_neuron_interpretability/vega_fcn_sweep/fcn_010
REACTOME_NA_CL_DEPENDENT_NEUROTRANSMITTER_TRANSPORTERS,,0.7916107141039078,test,0.1,67,674,0.5,/Users/charlottejob/Code/Evaluation_neuron_interpretability/vega_fcn_sweep/fcn_010
REACTOME_FORMATION_OF_FIBRIN_CLOT_CLOTTING_CASCADE,0.3319573402404785,0.4315203515231022,test,0.1,67,674,0.5,/Users/charlottejob/Code/Evaluation_neuron_interpretability/vega_fcn_sweep/fcn_010
REACTOME_DEADENYLATION_OF_MRNA,,0.7946446800157049,test,0.1,67,674,0.5,/Users/charlottejob/Code/Evaluation_neuron_interpretability/vega_fcn_sweep/fcn_010
REACTOME_MRNA_DECAY_BY_5_TO_3_EXORIBONUCLEASE,,0.7897709723858134,test,0.1,67,674,0.5,/Users/charlottejob/Code/Evaluation_neuron_interpretability/vega_fcn_sweep/fcn_010
REACTOME_SIGNAL_AMPLIFICATION,0.3769433796405792,0.5526362548932326,test,0.1,67,674,0.5,/Users/charlottejob/Code/Evaluation_neuron_interpretability/vega_fcn_sweep/fcn_010
REACTOME_ZINC_TRANSPORTERS,,0.7855673341185707,test,0.1,67,674,0.5,/Users/charlottejob/Code/Evaluation_neuron_interpretability/vega_fcn_sweep/fcn_010
REACTOME_DOUBLE_STRAND_BREAK_REPAIR,0.8270494341850281,0.528275562286163,test,0.1,67,674,0.5,/Users/charlottejob/Code/Evaluation_neuron_interpretability/vega_fcn_sweep/fcn_010
REACTOME_RAS_ACTIVATION_UOPN_CA2_INFUX_THROUGH_NMDA_RECEPTOR,,0.788329625267199,test,0.1,67,674,0.5,/Users/charlottejob/Code/Evaluation_neuron_interpretability/vega_fcn_sweep/fcn_010
REACTOME_METAL_ION_SLC_TRANSPORTERS,0.7288577556610107,0.5024780418925389,test,0.1,67,674,0.5,/Users/charlottejob/Code/Evaluation_neuron_interpretability/vega_fcn_sweep/fcn_010
REACTOME_AUTODEGRADATION_OF_THE_E3_UBIQUITIN_LIGASE_COP1,,0.7992967761636784,test,0.1,67,674,0.5,/Users/charlottejob/Code/Evaluation_neuron_interpretability/vega_fcn_sweep/fcn_010
REACTOME_SMOOTH_MUSCLE_CONTRACTION,0.6336159110069275,0.46933635760627407,test,0.1,67,674,0.5,/Users/charlottejob/Code/Evaluation_neuron_interpretability/vega_fcn_sweep/fcn_010
REACTOME_ACTIVATION_OF_NMDA_RECEPTOR_UPON_GLUTAMATE_BINDING_AND_POSTSYNAPTIC_EVENTS,,0.7864084107664792,test,0.1,67,674,0.5,/Users/charlottejob/Code/Evaluation_neuron_interpretability/vega_fcn_sweep/fcn_010
REACTOME_CREB_PHOSPHORYLATION_THROUGH_THE_ACTIVATION_OF_RAS,,0.7918963486454652,test,0.1,67,674,0.5,/Users/charlottejob/Code/Evaluation_neuron_interpretability/vega_fcn_sweep/fcn_010
REACTOME_POST_NMDA_RECEPTOR_ACTIVATION_EVENTS,,0.7983091218426906,test,0.1,67,674,0.5,/Users/charlottejob/Code/Evaluation_neuron_interpretability/vega_fcn_sweep/fcn_010
REACTOME_UNBLOCKING_OF_NMDA_RECEPTOR_GLUTAMATE_BINDING_AND_ACTIVATION,,0.7996126161497186,test,0.1,67,674,0.5,/Users/charlottejob/Code/Evaluation_neuron_interpretability/vega_fcn_sweep/fcn_010
REACTOME_METABOLISM_OF_MRNA,0.6663628816604614,0.9998178200819988,test,0.1,67,674,0.5,/Users/charlottejob/Code/Evaluation_neuron_interpretability/vega_fcn_sweep/fcn_010
REACTOME_MRNA_DECAY_BY_3_TO_5_EXORIBONUCLEASE,,0.7918684290886884,test,0.1,67,674,0.5,/Users/charlottejob/Code/Evaluation_neuron_interpretability/vega_fcn_sweep/fcn_010
REACTOME_BILE_SALT_AND_ORGANIC_ANION_SLC_TRANSPORTERS,0.8770982623100281,0.5074320457421282,test,0.1,67,674,0.5,/Users/charlottejob/Code/Evaluation_neuron_interpretability/vega_fcn_sweep/fcn_010
REACTOME_DEADENYLATION_DEPENDENT_MRNA_DECAY,,0.7751393796623479,test,0.1,67,674,0.5,/Users/charlottejob/Code/Evaluation_neuron_interpretability/vega_fcn_sweep/fcn_010
REACTOME_CREB_PHOSPHORYLATION_THROUGH_THE_ACTIVATION_OF_CAMKII,,0.8012406753042797,test,0.1,67,674,0.5,/Users/charlottejob/Code/Evaluation_neuron_interpretability/vega_fcn_sweep/fcn_010
REACTOME_THROMBOXANE_SIGNALLING_THROUGH_TP_RECEPTOR,0.4328887462615967,0.46738537713213807,test,0.1,67,674,0.5,/Users/charlottejob/Code/Evaluation_neuron_interpretability/vega_fcn_sweep/fcn_010
REACTOME_CELL_EXTRACELLULAR_MATRIX_INTERACTIONS,0.4981581568717956,0.476597117056481,test,0.1,67,674,0.5,/Users/charlottejob/Code/Evaluation_neuron_interpretability/vega_fcn_sweep/fcn_010
REACTOME_ADP_SIGNALLING_THROUGH_P2RY12,0.1609696149826049,0.4925199772777182,test,0.1,67,674,0.5,/Users/charlottejob/Code/Evaluation_neuron_interpretability/vega_fcn_sweep/fcn_010
REACTOME_CELL_JUNCTION_ORGANIZATION,0.7076053023338318,0.5921324833048992,test,0.1,67,674,0.5,/Users/charlottejob/Code/Evaluation_neuron_interpretability/vega_fcn_sweep/fcn_010
REACTOME_AMINE_COMPOUND_SLC_TRANSPORTERS,,0.8028644201383586,test,0.1,67,674,0.5,/Users/charlottejob/Code/Evaluation_neuron_interpretability/vega_fcn_sweep/fcn_010
REACTOME_PYRUVATE_METABOLISM,0.8350673317909241,0.49062813142766726,test,0.1,67,674,0.5,/Users/charlottejob/Code/Evaluation_neuron_interpretability/vega_fcn_sweep/fcn_010
REACTOME_PURINE_CATABOLISM,0.6595245003700256,0.7119415027206205,test,0.1,67,674,0.5,/Users/charlottejob/Code/Evaluation_neuron_interpretability/vega_fcn_sweep/fcn_010
REACTOME_GLUCOSE_TRANSPORT,0.7978774309158325,0.6923787545279958,test,0.1,67,674,0.5,/Users/charlottejob/Code/Evaluation_neuron_interpretability/vega_fcn_sweep/fcn_010
REACTOME_FRS2_MEDIATED_CASCADE,-0.0325260125100612,0.7977031802120144,test,0.1,67,674,0.5,/Users/charlottejob/Code/Evaluation_neuron_interpretability/vega_fcn_sweep/fcn_010
REACTOME_METABOLISM_OF_RNA,0.6690199971199036,0.9999711398149704,test,0.1,67,674,0.5,/Users/charlottejob/Code/Evaluation_neuron_interpretability/vega_fcn_sweep/fcn_010
REACTOME_MITOTIC_G1_G1_S_PHASES,0.5971297025680542,0.6123241718309758,test,0.1,67,674,0.5,/Users/charlottejob/Code/Evaluation_neuron_interpretability/vega_fcn_sweep/fcn_010
REACTOME_PI_3K_CASCADE,0.0092022083699703,0.7898956113613681,test,0.1,67,674,0.5,/Users/charlottejob/Code/Evaluation_neuron_interpretability/vega_fcn_sweep/fcn_010
REACTOME_DOWNSTREAM_SIGNALING_OF_ACTIVATED_FGFR,-0.0030114171095192,0.7990613391320106,test,0.1,67,674,0.5,/Users/charlottejob/Code/Evaluation_neuron_interpretability/vega_fcn_sweep/fcn_010
REACTOME_REGULATION_OF_MITOTIC_CELL_CYCLE,0.0506707355380058,0.8001067875743255,test,0.1,67,674,0.5,/Users/charlottejob/Code/Evaluation_neuron_interpretability/vega_fcn_sweep/fcn_010
REACTOME_TAK1_ACTIVATES_NFKB_BY_PHOSPHORYLATION_AND_ACTIVATION_OF_IKKS_COMPLEX,0.7666300535202026,0.7268150377108266,test,0.1,67,674,0.5,/Users/charlottejob/Code/Evaluation_neuron_interpretability/vega_fcn_sweep/fcn_010
REACTOME_REGULATION_OF_AMPK_ACTIVITY_VIA_LKB1,0.8770939707756042,0.4737387195245041,test,0.1,67,674,0.5,/Users/charlottejob/Code/Evaluation_neuron_interpretability/vega_fcn_sweep/fcn_010
REACTOME_MITOTIC_M_M_G1_PHASES,0.1192883923649787,0.8735596094625853,test,0.1,67,674,0.5,/Users/charlottejob/Code/Evaluation_neuron_interpretability/vega_fcn_sweep/fcn_010
REACTOME_MYOGENESIS,0.718298614025116,0.5840839109023358,test,0.1,67,674,0.5,/Users/charlottejob/Code/Evaluation_neuron_interpretability/vega_fcn_sweep/fcn_010
REACTOME_MAP_KINASE_ACTIVATION_IN_TLR_CASCADE,0.5700243711471558,0.9741525978275094,test,0.1,67,674,0.5,/Users/charlottejob/Code/Evaluation_neuron_interpretability/vega_fcn_sweep/fcn_010
REACTOME_PHOSPHOLIPASE_C_MEDIATED_CASCADE,0.0057354662567377,0.8029231444321864,test,0.1,67,674,0.5,/Users/charlottejob/Code/Evaluation_neuron_interpretability/vega_fcn_sweep/fcn_010
REACTOME_ACTIVATION_OF_KAINATE_RECEPTORS_UPON_GLUTAMATE_BINDING,0.1752462387084961,0.4028541203158399,test,0.1,67,674,0.5,/Users/charlottejob/Code/Evaluation_neuron_interpretability/vega_fcn_sweep/fcn_010
REACTOME_IONOTROPIC_ACTIVITY_OF_KAINATE_RECEPTORS,,0.7828032979976444,test,0.1,67,674,0.5,/Users/charlottejob/Code/Evaluation_neuron_interpretability/vega_fcn_sweep/fcn_010
REACTOME_ACTIVATION_OF_THE_AP1_FAMILY_OF_TRANSCRIPTION_FACTORS,0.7955905199050903,0.9553900032504641,test,0.1,67,674,0.5,/Users/charlottejob/Code/Evaluation_neuron_interpretability/vega_fcn_sweep/fcn_010
REACTOME_MAPK_TARGETS_NUCLEAR_EVENTS_MEDIATED_BY_MAP_KINASES,0.5967649221420288,0.9672163329407146,test,0.1,67,674,0.5,/Users/charlottejob/Code/Evaluation_neuron_interpretability/vega_fcn_sweep/fcn_010
REACTOME_SYNTHESIS_AND_INTERCONVERSION_OF_NUCLEOTIDE_DI_AND_TRIPHOSPHATES,0.8096871972084045,0.5693270093667621,test,0.1,67,674,0.5,/Users/charlottejob/Code/Evaluation_neuron_interpretability/vega_fcn_sweep/fcn_010
REACTOME_GPCR_LIGAND_BINDING,0.4248405396938324,0.5133235675627321,test,0.1,67,674,0.5,/Users/charlottejob/Code/Evaluation_neuron_interpretability/vega_fcn_sweep/fcn_010
REACTOME_RNA_POL_I_RNA_POL_III_AND_MITOCHONDRIAL_TRANSCRIPTION,0.5396021604537964,0.9881489535199783,test,0.1,67,674,0.5,/Users/charlottejob/Code/Evaluation_neuron_interpretability/vega_fcn_sweep/fcn_010
REACTOME_JNK_C_JUN_KINASES_PHOSPHORYLATION_AND_ACTIVATION_MEDIATED_BY_ACTIVATED_HUMAN_TAK1,,0.7964873707629893,test,0.1,67,674,0.5,/Users/charlottejob/Code/Evaluation_neuron_interpretability/vega_fcn_sweep/fcn_010
REACTOME_SHC_MEDIATED_CASCADE,0.0171232037246227,0.7629916844755719,test,0.1,67,674,0.5,/Users/charlottejob/Code/Evaluation_neuron_interpretability/vega_fcn_sweep/fcn_010
REACTOME_THROMBIN_SIGNALLING_THROUGH_PROTEINASE_ACTIVATED_RECEPTORS_PARS,0.1428607255220413,0.4276845689833616,test,0.1,67,674,0.5,/Users/charlottejob/Code/Evaluation_neuron_interpretability/vega_fcn_sweep/fcn_010
REACTOME_ENERGY_DEPENDENT_REGULATION_OF_MTOR_BY_LKB1_AMPK,0.8752179741859436,0.4510382162586298,test,0.1,67,674,0.5,/Users/charlottejob/Code/Evaluation_neuron_interpretability/vega_fcn_sweep/fcn_010
REACTOME_MITOTIC_G2_G2_M_PHASES,0.8590922355651855,0.5812074355500058,test,0.1,67,674,0.5,/Users/charlottejob/Code/Evaluation_neuron_interpretability/vega_fcn_sweep/fcn_010
REACTOME_REGULATION_OF_RHEB_GTPASE_ACTIVITY_BY_AMPK,,0.7984853640448458,test,0.1,67,674,0.5,/Users/charlottejob/Code/Evaluation_neuron_interpretability/vega_fcn_sweep/fcn_010
REACTOME_ACTIVATED_TAK1_MEDIATES_P38_MAPK_ACTIVATION,,0.7964542162893163,test,0.1,67,674,0.5,/Users/charlottejob/Code/Evaluation_neuron_interpretability/vega_fcn_sweep/fcn_010
REACTOME_DNA_REPAIR,0.7502536177635193,0.5599460731848553,test,0.1,67,674,0.5,/Users/charlottejob/Code/Evaluation_neuron_interpretability/vega_fcn_sweep/fcn_010
REACTOME_EFFECTS_OF_PIP2_HYDROLYSIS,0.8738529086112976,0.4221788583583847,test,0.1,67,674,0.5,/Users/charlottejob/Code/Evaluation_neuron_interpretability/vega_fcn_sweep/fcn_010
REACTOME_RNA_POL_II_PRE_TRANSCRIPTION_EVENTS,-0.012264309450984,0.7874449770300228,test,0.1,67,674,0.5,/Users/charlottejob/Code/Evaluation_neuron_interpretability/vega_fcn_sweep/fcn_010
REACTOME_ROLE_OF_DCC_IN_REGULATING_APOPTOSIS,-0.0116469878703355,0.6328090029648276,test,0.1,67,674,0.5,/Users/charlottejob/Code/Evaluation_neuron_interpretability/vega_fcn_sweep/fcn_010
REACTOME_POST_TRANSLATIONAL_PROTEIN_MODIFICATION,0.7284384369850159,0.43407541817435813,test,0.1,67,674,0.5,/Users/charlottejob/Code/Evaluation_neuron_interpretability/vega_fcn_sweep/fcn_010
REACTOME_CHROMOSOME_MAINTENANCE,0.5605772733688354,0.5357395763275793,test,0.1,67,674,0.5,/Users/charlottejob/Code/Evaluation_neuron_interpretability/vega_fcn_sweep/fcn_010
REACTOME_DEPOSITION_OF_NEW_CENPA_CONTAINING_NUCLEOSOMES_AT_THE_CENTROMERE,0.2714382708072662,0.3971436540548991,test,0.1,67,674,0.5,/Users/charlottejob/Code/Evaluation_neuron_interpretability/vega_fcn_sweep/fcn_010
REACTOME_L1CAM_INTERACTIONS,0.6369455456733704,0.5541406805512585,test,0.1,67,674,0.5,/Users/charlottejob/Code/Evaluation_neuron_interpretability/vega_fcn_sweep/fcn_010
REACTOME_ROLE_OF_SECOND_MESSENGERS_IN_NETRIN1_SIGNALING,0.008665801025927,0.7928219225212795,test,0.1,67,674,0.5,/Users/charlottejob/Code/Evaluation_neuron_interpretability/vega_fcn_sweep/fcn_010
REACTOME_SIGNALING_BY_ILS,0.4283374547958374,0.4590856531356834,test,0.1,67,674,0.5,/Users/charlottejob/Code/Evaluation_neuron_interpretability/vega_fcn_sweep/fcn_010
REACTOME_NETRIN1_SIGNALING,0.0296466257423162,0.765141839442576,test,0.1,67,674,0.5,/Users/charlottejob/Code/Evaluation_neuron_interpretability/vega_fcn_sweep/fcn_010
REACTOME_METABOLISM_OF_LIPIDS_AND_LIPOPROTEINS,0.264605849981308,0.5170956896423193,test,0.1,67,674,0.5,/Users/charlottejob/Code/Evaluation_neuron_interpretability/vega_fcn_sweep/fcn_010
REACTOME_INTERACTION_BETWEEN_L1_AND_ANKYRINS,-0.00786595325917,0.6604645716902063,test,0.1,67,674,0.5,/Users/charlottejob/Code/Evaluation_neuron_interpretability/vega_fcn_sweep/fcn_010
REACTOME_SIGNAL_TRANSDUCTION_BY_L1,0.8411034345626831,0.5669130749155692,test,0.1,67,674,0.5,/Users/charlottejob/Code/Evaluation_neuron_interpretability/vega_fcn_sweep/fcn_010
REACTOME_FATTY_ACID_TRIACYLGLYCEROL_AND_KETONE_BODY_METABOLISM,0.4241353273391723,0.4625315560672036,test,0.1,67,674,0.5,/Users/charlottejob/Code/Evaluation_neuron_interpretability/vega_fcn_sweep/fcn_010
REACTOME_TRANSPORT_OF_VITAMINS_NUCLEOSIDES_AND_RELATED_MOLECULES,,0.7920489456962807,test,0.1,67,674,0.5,/Users/charlottejob/Code/Evaluation_neuron_interpretability/vega_fcn_sweep/fcn_010
REACTOME_HIGHLY_CALCIUM_PERMEABLE_POSTSYNAPTIC_NICOTINIC_ACETYLCHOLINE_RECEPTORS,,0.7939623958469659,test,0.1,67,674,0.5,/Users/charlottejob/Code/Evaluation_neuron_interpretability/vega_fcn_sweep/fcn_010
REACTOME_RNA_POL_I_PROMOTER_OPENING,0.3986585438251495,0.6469575598654792,test,0.1,67,674,0.5,/Users/charlottejob/Code/Evaluation_neuron_interpretability/vega_fcn_sweep/fcn_010
REACTOME_PRESYNAPTIC_NICOTINIC_ACETYLCHOLINE_RECEPTORS,0.0820848494768142,0.4895436813172388,test,0.1,67,674,0.5,/Users/charlottejob/Code/Evaluation_neuron_interpretability/vega_fcn_sweep/fcn_010
REACTOME_ORGANIC_CATION_ANION_ZWITTERION_TRANSPORT,-0.0078673604875803,0.7028639034227736,test,0.1,67,674,0.5,/Users/charlottejob/Code/Evaluation_neuron_interpretability/vega_fcn_sweep/fcn_010
REACTOME_DCC_MEDIATED_ATTRACTIVE_SIGNALING,-0.0158089660108089,0.7923552188908402,test,0.1,67,674,0.5,/Users/charlottejob/Code/Evaluation_neuron_interpretability/vega_fcn_sweep/fcn_010
REACTOME_RECYCLING_PATHWAY_OF_L1,0.8451005220413208,0.4763011438762916,test,0.1,67,674,0.5,/Users/charlottejob/Code/Evaluation_neuron_interpretability/vega_fcn_sweep/fcn_010
REACTOME_SYNTHESIS_OF_SUBSTRATES_IN_N_GLYCAN_BIOSYTHESIS,,0.7930462853902194,test,0.1,67,674,0.5,/Users/charlottejob/Code/Evaluation_neuron_interpretability/vega_fcn_sweep/fcn_010
REACTOME_RESPIRATORY_ELECTRON_TRANSPORT,,0.8041338393752998,test,0.1,67,674,0.5,/Users/charlottejob/Code/Evaluation_neuron_interpretability/vega_fcn_sweep/fcn_010
REACTOME_ASPARAGINE_N_LINKED_GLYCOSYLATION,-0.0225063860416412,0.7913164163065718,test,0.1,67,674,0.5,/Users/charlottejob/Code/Evaluation_neuron_interpretability/vega_fcn_sweep/fcn_010
REACTOME_ASSEMBLY_OF_THE_PRE_REPLICATIVE_COMPLEX,,0.1482947258212276,test,0.1,67,674,0.5,/Users/charlottejob/Code/Evaluation_neuron_interpretability/vega_fcn_sweep/fcn_010
REACTOME_BIOSYNTHESIS_OF_THE_N_GLYCAN_PRECURSOR_DOLICHOL_LIPID_LINKED_OLIGOSACCHARIDE_LLO_AND_TRANSFER_TO_A_NASCENT_PROTEIN,0.017332162708044,0.6477964636308428,test,0.1,67,674,0.5,/Users/charlottejob/Code/Evaluation_neuron_interpretability/vega_fcn_sweep/fcn_010
REACTOME_IL1_SIGNALING,0.0036002360284328,0.1718007550181404,test,0.1,67,674,0.5,/Users/charlottejob/Code/Evaluation_neuron_interpretability/vega_fcn_sweep/fcn_010
REACTOME_GLOBAL_GENOMIC_NER_GG_NER,-0.0184558480978012,0.7909732082172379,test,0.1,67,674,0.5,/Users/charlottejob/Code/Evaluation_neuron_interpretability/vega_fcn_sweep/fcn_010
REACTOME_CGMP_EFFECTS,0.0166598092764616,0.638888159656409,test,0.1,67,674,0.5,/Users/charlottejob/Code/Evaluation_neuron_interpretability/vega_fcn_sweep/fcn_010
REACTOME_REGULATION_OF_SIGNALING_BY_CBL,0.5755682587623596,0.5170349665102052,test,0.1,67,674,0.5,/Users/charlottejob/Code/Evaluation_neuron_interpretability/vega_fcn_sweep/fcn_010
REACTOME_AMINO_ACID_SYNTHESIS_AND_INTERCONVERSION_TRANSAMINATION,0.8399744033813477,0.5257573056799236,test,0.1,67,674,0.5,/Users/charlottejob/Code/Evaluation_neuron_interpretability/vega_fcn_sweep/fcn_010
REACTOME_CALNEXIN_CALRETICULIN_CYCLE,,0.7854661257252541,test,0.1,67,674,0.5,/Users/charlottejob/Code/Evaluation_neuron_interpretability/vega_fcn_sweep/fcn_010
REACTOME_SYNTHESIS_SECRETION_AND_INACTIVATION_OF_GIP,,0.7973389172446887,test,0.1,67,674,0.5,/Users/charlottejob/Code/Evaluation_neuron_interpretability/vega_fcn_sweep/fcn_010
REACTOME_PASSIVE_TRANSPORT_BY_AQUAPORINS,-0.0177967064082622,0.1352961941610482,test,0.1,67,674,0.5,/Users/charlottejob/Code/Evaluation_neuron_interpretability/vega_fcn_sweep/fcn_010
REACTOME_NEPHRIN_INTERACTIONS,0.0949090421199798,0.6045242301867744,test,0.1,67,674,0.5,/Users/charlottejob/Code/Evaluation_neuron_interpretability/vega_fcn_sweep/fcn_010
REACTOME_IL_3_5_AND_GM_CSF_SIGNALING,0.5087427496910095,0.5188934517556426,test,0.1,67,674,0.5,/Users/charlottejob/Code/Evaluation_neuron_interpretability/vega_fcn_sweep/fcn_010
REACTOME_NITRIC_OXIDE_STIMULATES_GUANYLATE_CYCLASE,-0.0003740666434168,0.11236714113448731,test,0.1,67,674,0.5,/Users/charlottejob/Code/Evaluation_neuron_interpretability/vega_fcn_sweep/fcn_010
REACTOME_PLATELET_HOMEOSTASIS,0.5542868971824646,0.5697810951307309,test,0.1,67,674,0.5,/Users/charlottejob/Code/Evaluation_neuron_interpretability/vega_fcn_sweep/fcn_010
REACTOME_N_GLYCAN_TRIMMING_IN_THE_ER_AND_CALNEXIN_CALRETICULIN_CYCLE,,0.7971783797932208,test,0.1,67,674,0.5,/Users/charlottejob/Code/Evaluation_neuron_interpretability/vega_fcn_sweep/fcn_010
REACTOME_PLATELET_SENSITIZATION_BY_LDL,0.6940687894821167,0.6010457406688966,test,0.1,67,674,0.5,/Users/charlottejob/Code/Evaluation_neuron_interpretability/vega_fcn_sweep/fcn_010
REACTOME_AQUAPORIN_MEDIATED_TRANSPORT,0.5619565844535828,0.4810864164914559,test,0.1,67,674,0.5,/Users/charlottejob/Code/Evaluation_neuron_interpretability/vega_fcn_sweep/fcn_010
REACTOME_IL_RECEPTOR_SHC_SIGNALING,0.3231160044670105,0.3856167723920342,test,0.1,67,674,0.5,/Users/charlottejob/Code/Evaluation_neuron_interpretability/vega_fcn_sweep/fcn_010
REACTOME_RAP1_SIGNALLING,0.7195558547973633,0.6867427285312498,test,0.1,67,674,0.5,/Users/charlottejob/Code/Evaluation_neuron_interpretability/vega_fcn_sweep/fcn_010
REACTOME_PLATELET_CALCIUM_HOMEOSTASIS,-0.0161069110035896,0.7919196600190633,test,0.1,67,674,0.5,/Users/charlottejob/Code/Evaluation_neuron_interpretability/vega_fcn_sweep/fcn_010
REACTOME_SIGNAL_REGULATORY_PROTEIN_SIRP_FAMILY_INTERACTIONS,0.7207555174827576,0.6835799746716615,test,0.1,67,674,0.5,/Users/charlottejob/Code/Evaluation_neuron_interpretability/vega_fcn_sweep/fcn_010
REACTOME_PROSTACYCLIN_SIGNALLING_THROUGH_PROSTACYCLIN_RECEPTOR,0.5313535928726196,0.4969609855517504,test,0.1,67,674,0.5,/Users/charlottejob/Code/Evaluation_neuron_interpretability/vega_fcn_sweep/fcn_010
REACTOME_GABA_SYNTHESIS_RELEASE_REUPTAKE_AND_DEGRADATION,-0.0130543559789657,0.811210503790009,test,0.1,67,674,0.5,/Users/charlottejob/Code/Evaluation_neuron_interpretability/vega_fcn_sweep/fcn_010
REACTOME_INCRETIN_SYNTHESIS_SECRETION_AND_INACTIVATION,,0.7909558085765389,test,0.1,67,674,0.5,/Users/charlottejob/Code/Evaluation_neuron_interpretability/vega_fcn_sweep/fcn_010
REACTOME_TRANSPORT_OF_ORGANIC_ANIONS,,0.7936744754177026,test,0.1,67,674,0.5,/Users/charlottejob/Code/Evaluation_neuron_interpretability/vega_fcn_sweep/fcn_010
REACTOME_SYNTHESIS_SECRETION_AND_INACTIVATION_OF_GLP1,,0.7947807878549927,test,0.1,67,674,0.5,/Users/charlottejob/Code/Evaluation_neuron_interpretability/vega_fcn_sweep/fcn_010
REACTOME_REGULATION_OF_WATER_BALANCE_BY_RENAL_AQUAPORINS,0.5914088487625122,0.4908088740389846,test,0.1,67,674,0.5,/Users/charlottejob/Code/Evaluation_neuron_interpretability/vega_fcn_sweep/fcn_010
REACTOME_DESTABILIZATION_OF_MRNA_BY_BRF1,0.8157166242599487,0.6523433739895026,test,0.1,67,674,0.5,/Users/charlottejob/Code/Evaluation_neuron_interpretability/vega_fcn_sweep/fcn_010
REACTOME_IRAK1_RECRUITS_IKK_COMPLEX,,0.7851712254067967,test,0.1,67,674,0.5,/Users/charlottejob/Code/Evaluation_neuron_interpretability/vega_fcn_sweep/fcn_010
REACTOME_TRAF6_MEDIATED_IRF7_ACTIVATION,0.8961918950080872,0.4978388440181726,test,0.1,67,674,0.5,/Users/charlottejob/Code/Evaluation_neuron_interpretability/vega_fcn_sweep/fcn_010
REACTOME_CIRCADIAN_CLOCK,0.5793437957763672,0.6305082362041384,test,0.1,67,674,0.5,/Users/charlottejob/Code/Evaluation_neuron_interpretability/vega_fcn_sweep/fcn_010
REACTOME_TRAF6_MEDIATED_NFKB_ACTIVATION,0.7934424877166748,0.7269156940964147,test,0.1,67,674,0.5,/Users/charlottejob/Code/Evaluation_neuron_interpretability/vega_fcn_sweep/fcn_010
REACTOME_FACTORS_INVOLVED_IN_MEGAKARYOCYTE_DEVELOPMENT_AND_PLATELET_PRODUCTION,0.4630342125892639,0.9896561190963272,test,0.1,67,674,0.5,/Users/charlottejob/Code/Evaluation_neuron_interpretability/vega_fcn_sweep/fcn_010
REACTOME_REGULATION_OF_IFNG_SIGNALING,0.6336491107940674,0.5553100223265299,test,0.1,67,674,0.5,/Users/charlottejob/Code/Evaluation_neuron_interpretability/vega_fcn_sweep/fcn_010
REACTOME_GABA_A_RECEPTOR_ACTIVATION,,0.7869161977053615,test,0.1,67,674,0.5,/Users/charlottejob/Code/Evaluation_neuron_interpretability/vega_fcn_sweep/fcn_010
REACTOME_REGULATION_OF_MRNA_STABILITY_BY_PROTEINS_THAT_BIND_AU_RICH_ELEMENTS,0.6684268116950989,0.6692902351455292,test,0.1,67,674,0.5,/Users/charlottejob/Code/Evaluation_neuron_interpretability/vega_fcn_sweep/fcn_010
REACTOME_INHIBITION_OF_VOLTAGE_GATED_CA2_CHANNELS_VIA_GBETA_GAMMA_SUBUNITS,0.8697733283042908,0.5069725523789128,test,0.1,67,674,0.5,/Users/charlottejob/Code/Evaluation_neuron_interpretability/vega_fcn_sweep/fcn_010
REACTOME_IRAK2_MEDIATED_ACTIVATION_OF_TAK1_COMPLEX_UPON_TLR7_8_OR_9_STIMULATION,,0.7963460280068055,test,0.1,67,674,0.5,/Users/charlottejob/Code/Evaluation_neuron_interpretability/vega_fcn_sweep/fcn_010
REACTOME_TRAF6_MEDIATED_INDUCTION_OF_NFKB_AND_MAP_KINASES_UPON_TLR7_8_OR_9_ACTIVATION,0.3081296980381012,0.9627114072235861,test,0.1,67,674,0.5,/Users/charlottejob/Code/Evaluation_neuron_interpretability/vega_fcn_sweep/fcn_010
REACTOME_TRAF3_DEPENDENT_IRF_ACTIVATION_PATHWAY,0.010896535590291,0.1261217679062202,test,0.1,67,674,0.5,/Users/charlottejob/Code/Evaluation_neuron_interpretability/vega_fcn_sweep/fcn_010
REACTOME_GABA_B_RECEPTOR_ACTIVATION,-0.0721942260861396,0.1204250990470071,test,0.1,67,674,0.5,/Users/charlottejob/Code/Evaluation_neuron_interpretability/vega_fcn_sweep/fcn_010
REACTOME_NFKB_ACTIVATION_THROUGH_FADD_RIP1_PATHWAY_MEDIATED_BY_CASPASE_8_AND10,,0.7894830519565501,test,0.1,67,674,0.5,/Users/charlottejob/Code/Evaluation_neuron_interpretability/vega_fcn_sweep/fcn_010
REACTOME_DESTABILIZATION_OF_MRNA_BY_KSRP,,0.7951786415390655,test,0.1,67,674,0.5,/Users/charlottejob/Code/Evaluation_neuron_interpretability/vega_fcn_sweep/fcn_010
REACTOME_TRANSPORT_TO_THE_GOLGI_AND_SUBSEQUENT_MODIFICATION,,0.7917916503075513,test,0.1,67,674,0.5,/Users/charlottejob/Code/Evaluation_neuron_interpretability/vega_fcn_sweep/fcn_010
REACTOME_IRON_UPTAKE_AND_TRANSPORT,0.6080147624015808,0.9980894890347187,test,0.1,67,674,0.5,/Users/charlottejob/Code/Evaluation_neuron_interpretability/vega_fcn_sweep/fcn_010
REACTOME_DESTABILIZATION_OF_MRNA_BY_TRISTETRAPROLIN_TTP,,0.7857261265977402,test,0.1,67,674,0.5,/Users/charlottejob/Code/Evaluation_neuron_interpretability/vega_fcn_sweep/fcn_010
REACTOME_INTERFERON_GAMMA_SIGNALING,0.2869684398174286,0.5115020540664771,test,0.1,67,674,0.5,/Users/charlottejob/Code/Evaluation_neuron_interpretability/vega_fcn_sweep/fcn_010
REACTOME_N_GLYCAN_ANTENNAE_ELONGATION,,0.7865951228024254,test,0.1,67,674,0.5,/Users/charlottejob/Code/Evaluation_neuron_interpretability/vega_fcn_sweep/fcn_010
REACTOME_TRAF6_MEDIATED_IRF7_ACTIVATION_IN_TLR7_8_OR_9_SIGNALING,0.8916338682174683,0.4998685428234897,test,0.1,67,674,0.5,/Users/charlottejob/Code/Evaluation_neuron_interpretability/vega_fcn_sweep/fcn_010
REACTOME_ACTIVATION_OF_IRF3_IRF7_MEDIATED_BY_TBK1_IKK_EPSILON,0.5468348264694214,0.4520327264468353,test,0.1,67,674,0.5,/Users/charlottejob/Code/Evaluation_neuron_interpretability/vega_fcn_sweep/fcn_010
REACTOME_ION_TRANSPORT_BY_P_TYPE_ATPASES,0.0145017011091113,0.541600379434244,test,0.1,67,674,0.5,/Users/charlottejob/Code/Evaluation_neuron_interpretability/vega_fcn_sweep/fcn_010
REACTOME_INTERFERON_ALPHA_BETA_SIGNALING,0.0261904206126928,0.3449957193234564,test,0.1,67,674,0.5,/Users/charlottejob/Code/Evaluation_neuron_interpretability/vega_fcn_sweep/fcn_010
REACTOME_ADVANCED_GLYCOSYLATION_ENDPRODUCT_RECEPTOR_SIGNALING,0.7108380198478699,0.5673335334460283,test,0.1,67,674,0.5,/Users/charlottejob/Code/Evaluation_neuron_interpretability/vega_fcn_sweep/fcn_010
REACTOME_GABA_RECEPTOR_ACTIVATION,0.1690102964639663,0.5861512653032087,test,0.1,67,674,0.5,/Users/charlottejob/Code/Evaluation_neuron_interpretability/vega_fcn_sweep/fcn_010
REACTOME_KINESINS,0.8694431185722351,0.4570851376903531,test,0.1,67,674,0.5,/Users/charlottejob/Code/Evaluation_neuron_interpretability/vega_fcn_sweep/fcn_010
REACTOME_N_GLYCAN_ANTENNAE_ELONGATION_IN_THE_MEDIAL_TRANS_GOLGI,,0.78767177071064,test,0.1,67,674,0.5,/Users/charlottejob/Code/Evaluation_neuron_interpretability/vega_fcn_sweep/fcn_010
REACTOME_REGULATION_OF_IFNA_SIGNALING,0.5794207453727722,0.5871490603519506,test,0.1,67,674,0.5,/Users/charlottejob/Code/Evaluation_neuron_interpretability/vega_fcn_sweep/fcn_010
REACTOME_INTERFERON_SIGNALING,0.0971331223845481,0.6612103666031872,test,0.1,67,674,0.5,/Users/charlottejob/Code/Evaluation_neuron_interpretability/vega_fcn_sweep/fcn_010
REACTOME_NEGATIVE_REGULATORS_OF_RIG_I_MDA5_SIGNALING,0.5469222068786621,0.5348062662655305,test,0.1,67,674,0.5,/Users/charlottejob/Code/Evaluation_neuron_interpretability/vega_fcn_sweep/fcn_010
REACTOME_NFKB_AND_MAP_KINASES_ACTIVATION_MEDIATED_BY_TLR4_SIGNALING_REPERTOIRE,0.3790911138057709,0.9695856153168362,test,0.1,67,674,0.5,/Users/charlottejob/Code/Evaluation_neuron_interpretability/vega_fcn_sweep/fcn_010
REACTOME_TRANSFERRIN_ENDOCYTOSIS_AND_RECYCLING,,0.7929328621908128,test,0.1,67,674,0.5,/Users/charlottejob/Code/Evaluation_neuron_interpretability/vega_fcn_sweep/fcn_010
REACTOME_DSCAM_INTERACTIONS,,0.7982201282554638,test,0.1,67,674,0.5,/Users/charlottejob/Code/Evaluation_neuron_interpretability/vega_fcn_sweep/fcn_010
REACTOME_ION_CHANNEL_TRANSPORT,0.4784154295921325,0.4056043557931104,test,0.1,67,674,0.5,/Users/charlottejob/Code/Evaluation_neuron_interpretability/vega_fcn_sweep/fcn_010
REACTOME_DESTABILIZATION_OF_MRNA_BY_AUF1_HNRNP_D0,,0.7939309863455918,test,0.1,67,674,0.5,/Users/charlottejob/Code/Evaluation_neuron_interpretability/vega_fcn_sweep/fcn_010
REACTOME_TRAF6_MEDIATED_INDUCTION_OF_TAK1_COMPLEX,0.7763165235519409,0.5301107044702452,test,0.1,67,674,0.5,/Users/charlottejob/Code/Evaluation_neuron_interpretability/vega_fcn_sweep/fcn_010
REACTOME_RIG_I_MDA5_MEDIATED_INDUCTION_OF_IFN_ALPHA_BETA_PATHWAYS,0.2436308860778808,0.6214305697367554,test,0.1,67,674,0.5,/Users/charlottejob/Code/Evaluation_neuron_interpretability/vega_fcn_sweep/fcn_010
REACTOME_IKK_COMPLEX_RECRUITMENT_MEDIATED_BY_RIP1,0.7906924486160278,0.5127846486062034,test,0.1,67,674,0.5,/Users/charlottejob/Code/Evaluation_neuron_interpretability/vega_fcn_sweep/fcn_010
REACTOME_LIGAND_GATED_ION_CHANNEL_TRANSPORT,,0.7896662740478995,test,0.1,67,674,0.5,/Users/charlottejob/Code/Evaluation_neuron_interpretability/vega_fcn_sweep/fcn_010
REACTOME_FORMATION_OF_INCISION_COMPLEX_IN_GG_NER,-0.0137754837051033,0.8003871624338568,test,0.1,67,674,0.5,/Users/charlottejob/Code/Evaluation_neuron_interpretability/vega_fcn_sweep/fcn_010
REACTOME_TRANSCRIPTIONAL_REGULATION_OF_WHITE_ADIPOCYTE_DIFFERENTIATION,0.4731910824775696,0.5466600860727681,test,0.1,67,674,0.5,/Users/charlottejob/Code/Evaluation_neuron_interpretability/vega_fcn_sweep/fcn_010
REACTOME_ENDOSOMAL_SORTING_COMPLEX_REQUIRED_FOR_TRANSPORT_ESCRT,,0.1567875059983423,test,0.1,67,674,0.5,/Users/charlottejob/Code/Evaluation_neuron_interpretability/vega_fcn_sweep/fcn_010
REACTOME_MEIOTIC_RECOMBINATION,0.3529941737651825,0.5166543196058889,test,0.1,67,674,0.5,/Users/charlottejob/Code/Evaluation_neuron_interpretability/vega_fcn_sweep/fcn_010
REACTOME_IL_2_SIGNALING,0.6733219027519226,0.4030698209975333,test,0.1,67,674,0.5,/Users/charlottejob/Code/Evaluation_neuron_interpretability/vega_fcn_sweep/fcn_010
REACTOME_IL_6_SIGNALING,0.665416419506073,0.5735720689837035,test,0.1,67,674,0.5,/Users/charlottejob/Code/Evaluation_neuron_interpretability/vega_fcn_sweep/fcn_010
REACTOME_PLATELET_AGGREGATION_PLUG_FORMATION,0.6511263251304626,0.6709580672432621,test,0.1,67,674,0.5,/Users/charlottejob/Code/Evaluation_neuron_interpretability/vega_fcn_sweep/fcn_010
REACTOME_SIGNALING_BY_NOTCH,0.3498376607894897,0.3645236713956719,test,0.1,67,674,0.5,/Users/charlottejob/Code/Evaluation_neuron_interpretability/vega_fcn_sweep/fcn_010
REACTOME_LAGGING_STRAND_SYNTHESIS,,0.7937826637002137,test,0.1,67,674,0.5,/Users/charlottejob/Code/Evaluation_neuron_interpretability/vega_fcn_sweep/fcn_010
REACTOME_INTRINSIC_PATHWAY,0.072548970580101,0.47504537284489917,test,0.1,67,674,0.5,/Users/charlottejob/Code/Evaluation_neuron_interpretability/vega_fcn_sweep/fcn_010
REACTOME_INHIBITION_OF_REPLICATION_INITIATION_OF_DAMAGED_DNA_BY_RB1_E2F1,,0.7979810670505605,test,0.1,67,674,0.5,/Users/charlottejob/Code/Evaluation_neuron_interpretability/vega_fcn_sweep/fcn_010
REACTOME_ETHANOL_OXIDATION,-0.0771287530660629,0.1386218032735318,test,0.1,67,674,0.5,/Users/charlottejob/Code/Evaluation_neuron_interpretability/vega_fcn_sweep/fcn_010
REACTOME_SYNTHESIS_OF_VERY_LONG_CHAIN_FATTY_ACYL_COAS,0.7442985773086548,0.5576368446089816,test,0.1,67,674,0.5,/Users/charlottejob/Code/Evaluation_neuron_interpretability/vega_fcn_sweep/fcn_010
REACTOME_DNA_REPLICATION,0.143382117152214,0.8584090847786798,test,0.1,67,674,0.5,/Users/charlottejob/Code/Evaluation_neuron_interpretability/vega_fcn_sweep/fcn_010
REACTOME_CLEAVAGE_OF_GROWING_TRANSCRIPT_IN_THE_TERMINATION_REGION_,,0.7877502944640754,test,0.1,67,674,0.5,/Users/charlottejob/Code/Evaluation_neuron_interpretability/vega_fcn_sweep/fcn_010
REACTOME_PKB_MEDIATED_EVENTS,0.6803543567657471,0.5605558778545435,test,0.1,67,674,0.5,/Users/charlottejob/Code/Evaluation_neuron_interpretability/vega_fcn_sweep/fcn_010
REACTOME_E2F_MEDIATED_REGULATION_OF_DNA_REPLICATION,0.6789500713348389,0.6171879381905884,test,0.1,67,674,0.5,/Users/charlottejob/Code/Evaluation_neuron_interpretability/vega_fcn_sweep/fcn_010
REACTOME_METABOLISM_OF_CARBOHYDRATES,0.3951108455657959,0.9556510705384824,test,0.1,67,674,0.5,/Users/charlottejob/Code/Evaluation_neuron_interpretability/vega_fcn_sweep/fcn_010
REACTOME_HORMONE_SENSITIVE_LIPASE_HSL_MEDIATED_TRIACYLGLYCEROL_HYDROLYSIS,0.0054083564318716,0.7403465662776065,test,0.1,67,674,0.5,/Users/charlottejob/Code/Evaluation_neuron_interpretability/vega_fcn_sweep/fcn_010
REACTOME_SIGNALING_BY_INSULIN_RECEPTOR,0.5851624011993408,0.5985322098396304,test,0.1,67,674,0.5,/Users/charlottejob/Code/Evaluation_neuron_interpretability/vega_fcn_sweep/fcn_010
REACTOME_SIGNAL_ATTENUATION,0.8945122957229614,0.4919886519758408,test,0.1,67,674,0.5,/Users/charlottejob/Code/Evaluation_neuron_interpretability/vega_fcn_sweep/fcn_010
REACTOME_PURINE_METABOLISM,0.6514246463775635,0.7245165881429132,test,0.1,67,674,0.5,/Users/charlottejob/Code/Evaluation_neuron_interpretability/vega_fcn_sweep/fcn_010
REACTOME_SOS_MEDIATED_SIGNALLING,0.8891143202781677,0.5535172049277447,test,0.1,67,674,0.5,/Users/charlottejob/Code/Evaluation_neuron_interpretability/vega_fcn_sweep/fcn_010
REACTOME_RNA_POL_III_TRANSCRIPTION_INITIATION_FROM_TYPE_3_PROMOTER,,0.7933481655978711,test,0.1,67,674,0.5,/Users/charlottejob/Code/Evaluation_neuron_interpretability/vega_fcn_sweep/fcn_010
REACTOME_APOPTOSIS,0.3453110158443451,0.546486180649707,test,0.1,67,674,0.5,/Users/charlottejob/Code/Evaluation_neuron_interpretability/vega_fcn_sweep/fcn_010
REACTOME_LIPID_DIGESTION_MOBILIZATION_AND_TRANSPORT,0.8571134805679321,0.5994531507215911,test,0.1,67,674,0.5,/Users/charlottejob/Code/Evaluation_neuron_interpretability/vega_fcn_sweep/fcn_010
REACTOME_HEMOSTASIS,0.2311860173940658,0.6322924513088086,test,0.1,67,674,0.5,/Users/charlottejob/Code/Evaluation_neuron_interpretability/vega_fcn_sweep/fcn_010
REACTOME_INFLUENZA_LIFE_CYCLE,0.7139086127281189,0.9986636553887829,test,0.1,67,674,0.5,/Users/charlottejob/Code/Evaluation_neuron_interpretability/vega_fcn_sweep/fcn_010
REACTOME_INFLUENZA_VIRAL_RNA_TRANSCRIPTION_AND_REPLICATION,0.0894180908799171,0.397923850880554,test,0.1,67,674,0.5,/Users/charlottejob/Code/Evaluation_neuron_interpretability/vega_fcn_sweep/fcn_010
REACTOME_NEP_NS2_INTERACTS_WITH_THE_CELLULAR_EXPORT_MACHINERY,0.8267799615859985,0.6596987167565557,test,0.1,67,674,0.5,/Users/charlottejob/Code/Evaluation_neuron_interpretability/vega_fcn_sweep/fcn_010
REACTOME_HIV_INFECTION,0.1120179891586303,0.2865603813657568,test,0.1,67,674,0.5,/Users/charlottejob/Code/Evaluation_neuron_interpretability/vega_fcn_sweep/fcn_010
REACTOME_TRANSPORT_OF_RIBONUCLEOPROTEINS_INTO_THE_HOST_NUCLEUS,0.817467987537384,0.680740721060602,test,0.1,67,674,0.5,/Users/charlottejob/Code/Evaluation_neuron_interpretability/vega_fcn_sweep/fcn_010
REACTOME_HIV_LIFE_CYCLE,0.3142585456371307,0.548232388659504,test,0.1,67,674,0.5,/Users/charlottejob/Code/Evaluation_neuron_interpretability/vega_fcn_sweep/fcn_010
REACTOME_ABORTIVE_ELONGATION_OF_HIV1_TRANSCRIPT_IN_THE_ABSENCE_OF_TAT,,0.7879596911399033,test,0.1,67,674,0.5,/Users/charlottejob/Code/Evaluation_neuron_interpretability/vega_fcn_sweep/fcn_010
REACTOME_EARLY_PHASE_OF_HIV_LIFE_CYCLE,-0.034278318285942,0.1521596962185538,test,0.1,67,674,0.5,/Users/charlottejob/Code/Evaluation_neuron_interpretability/vega_fcn_sweep/fcn_010
REACTOME_HOST_INTERACTIONS_OF_HIV_FACTORS,0.3556934595108032,0.7365000584432517,test,0.1,67,674,0.5,/Users/charlottejob/Code/Evaluation_neuron_interpretability/vega_fcn_sweep/fcn_010
REACTOME_RNA_POL_III_TRANSCRIPTION_TERMINATION,,0.14961741482353963,test,0.1,67,674,0.5,/Users/charlottejob/Code/Evaluation_neuron_interpretability/vega_fcn_sweep/fcn_010
REACTOME_RESPIRATORY_ELECTRON_TRANSPORT_ATP_SYNTHESIS_BY_CHEMIOSMOTIC_COUPLING_AND_HEAT_PRODUCTION_BY_UNCOUPLING_PROTEINS_,-0.0055643348023295,0.6834502451828472,test,0.1,67,674,0.5,/Users/charlottejob/Code/Evaluation_neuron_interpretability/vega_fcn_sweep/fcn_010
REACTOME_FORMATION_OF_THE_HIV1_EARLY_ELONGATION_COMPLEX,-0.0126644177362322,0.7181115867610376,test,0.1,67,674,0.5,/Users/charlottejob/Code/Evaluation_neuron_interpretability/vega_fcn_sweep/fcn_010
REACTOME_RAF_MAP_KINASE_CASCADE,,0.7837735025956464,test,0.1,67,674,0.5,/Users/charlottejob/Code/Evaluation_neuron_interpretability/vega_fcn_sweep/fcn_010
REACTOME_VIRAL_MESSENGER_RNA_SYNTHESIS,,0.10667190158356232,test,0.1,67,674,0.5,/Users/charlottejob/Code/Evaluation_neuron_interpretability/vega_fcn_sweep/fcn_010
REACTOME_LATE_PHASE_OF_HIV_LIFE_CYCLE,0.4039961695671081,0.4738872166237694,test,0.1,67,674,0.5,/Users/charlottejob/Code/Evaluation_neuron_interpretability/vega_fcn_sweep/fcn_010
REACTOME_SHC_MEDIATED_SIGNALLING,,0.7844104174846224,test,0.1,67,674,0.5,/Users/charlottejob/Code/Evaluation_neuron_interpretability/vega_fcn_sweep/fcn_010
REACTOME_INTERACTIONS_OF_VPR_WITH_HOST_CELLULAR_PROTEINS,0.8343448638916016,0.647417129395928,test,0.1,67,674,0.5,/Users/charlottejob/Code/Evaluation_neuron_interpretability/vega_fcn_sweep/fcn_010
REACTOME_FORMATION_OF_ATP_BY_CHEMIOSMOTIC_COUPLING,,0.7844051825677267,test,0.1,67,674,0.5,/Users/charlottejob/Code/Evaluation_neuron_interpretability/vega_fcn_sweep/fcn_010
REACTOME_APC_C_CDH1_MEDIATED_DEGRADATION_OF_CDC20_AND_OTHER_APC_C_CDH1_TARGETED_PROTEINS_IN_LATE_MITOSIS_EARLY_G1,0.1601406037807464,0.7852452211673551,test,0.1,67,674,0.5,/Users/charlottejob/Code/Evaluation_neuron_interpretability/vega_fcn_sweep/fcn_010
REACTOME_ACTIVATION_OF_ATR_IN_RESPONSE_TO_REPLICATION_STRESS,,0.7877310997687912,test,0.1,67,674,0.5,/Users/charlottejob/Code/Evaluation_neuron_interpretability/vega_fcn_sweep/fcn_010
REACTOME_UNWINDING_OF_DNA,,0.7806831566548881,test,0.1,67,674,0.5,/Users/charlottejob/Code/Evaluation_neuron_interpretability/vega_fcn_sweep/fcn_010
REACTOME_APC_C_CDC20_MEDIATED_DEGRADATION_OF_MITOTIC_PROTEINS,0.866316020488739,0.3867359898959797,test,0.1,67,674,0.5,/Users/charlottejob/Code/Evaluation_neuron_interpretability/vega_fcn_sweep/fcn_010
REACTOME_GLUCURONIDATION,,0.7932940714566156,test,0.1,67,674,0.5,/Users/charlottejob/Code/Evaluation_neuron_interpretability/vega_fcn_sweep/fcn_010
REACTOME_AUTODEGRADATION_OF_CDH1_BY_CDH1_APC_C,0.0784229636192321,0.7942660053769404,test,0.1,67,674,0.5,/Users/charlottejob/Code/Evaluation_neuron_interpretability/vega_fcn_sweep/fcn_010
REACTOME_MYD88_MAL_CASCADE_INITIATED_ON_PLASMA_MEMBRANE,0.3281690180301666,0.9669673920736984,test,0.1,67,674,0.5,/Users/charlottejob/Code/Evaluation_neuron_interpretability/vega_fcn_sweep/fcn_010
REACTOME_INNATE_IMMUNE_SYSTEM,0.4429075717926025,0.9220259128386336,test,0.1,67,674,0.5,/Users/charlottejob/Code/Evaluation_neuron_interpretability/vega_fcn_sweep/fcn_010
REACTOME_REGULATION_OF_GLUCOKINASE_BY_GLUCOKINASE_REGULATORY_PROTEIN,0.8571665287017822,0.584842073098153,test,0.1,67,674,0.5,/Users/charlottejob/Code/Evaluation_neuron_interpretability/vega_fcn_sweep/fcn_010
REACTOME_MITOTIC_PROMETAPHASE,0.1035974770784378,0.8926718237672301,test,0.1,67,674,0.5,/Users/charlottejob/Code/Evaluation_neuron_interpretability/vega_fcn_sweep/fcn_010
REACTOME_APC_C_CDC20_MEDIATED_DEGRADATION_OF_CYCLIN_B,-0.0060834940522909,0.7901641903302256,test,0.1,67,674,0.5,/Users/charlottejob/Code/Evaluation_neuron_interpretability/vega_fcn_sweep/fcn_010
REACTOME_SCF_BETA_TRCP_MEDIATED_DEGRADATION_OF_EMI1,0.1337277442216873,0.7662447479914914,test,0.1,67,674,0.5,/Users/charlottejob/Code/Evaluation_neuron_interpretability/vega_fcn_sweep/fcn_010
REACTOME_LIPOPROTEIN_METABOLISM,0.8621182441711426,0.5528885565379801,test,0.1,67,674,0.5,/Users/charlottejob/Code/Evaluation_neuron_interpretability/vega_fcn_sweep/fcn_010
REACTOME_G1_S_SPECIFIC_TRANSCRIPTION,0.0582494065165519,0.7818844999719557,test,0.1,67,674,0.5,/Users/charlottejob/Code/Evaluation_neuron_interpretability/vega_fcn_sweep/fcn_010
REACTOME_THE_ROLE_OF_NEF_IN_HIV1_REPLICATION_AND_DISEASE_PATHOGENESIS,0.2441274970769882,0.6744684195004971,test,0.1,67,674,0.5,/Users/charlottejob/Code/Evaluation_neuron_interpretability/vega_fcn_sweep/fcn_010
REACTOME_CHYLOMICRON_MEDIATED_LIPID_TRANSPORT,0.8874607682228088,0.5479286156169065,test,0.1,67,674,0.5,/Users/charlottejob/Code/Evaluation_neuron_interpretability/vega_fcn_sweep/fcn_010
REACTOME_SIGNALING_BY_TGF_BETA_RECEPTOR_COMPLEX,0.715535044670105,0.9752085934138788,test,0.1,67,674,0.5,/Users/charlottejob/Code/Evaluation_neuron_interpretability/vega_fcn_sweep/fcn_010
REACTOME_CONVERSION_FROM_APC_C_CDC20_TO_APC_C_CDH1_IN_LATE_ANAPHASE,-0.0139624262228608,0.12476052620375488,test,0.1,67,674,0.5,/Users/charlottejob/Code/Evaluation_neuron_interpretability/vega_fcn_sweep/fcn_010
REACTOME_ACTIVATED_TLR4_SIGNALLING,0.4755442142486572,0.9574367221316646,test,0.1,67,674,0.5,/Users/charlottejob/Code/Evaluation_neuron_interpretability/vega_fcn_sweep/fcn_010
REACTOME_IMMUNE_SYSTEM,0.1719981580972671,0.3272005101091952,test,0.1,67,674,0.5,/Users/charlottejob/Code/Evaluation_neuron_interpretability/vega_fcn_sweep/fcn_010
REACTOME_BINDING_AND_ENTRY_OF_HIV_VIRION,0.812450647354126,0.5185494839867631,test,0.1,67,674,0.5,/Users/charlottejob/Code/Evaluation_neuron_interpretability/vega_fcn_sweep/fcn_010
REACTOME_PHOSPHORYLATION_OF_THE_APC_C,-0.0031564091332256,0.7894190122556918,test,0.1,67,674,0.5,/Users/charlottejob/Code/Evaluation_neuron_interpretability/vega_fcn_sweep/fcn_010
REACTOME_CYTOSOLIC_SULFONATION_OF_SMALL_MOLECULES,0.7747251391410828,0.47968460014050396,test,0.1,67,674,0.5,/Users/charlottejob/Code/Evaluation_neuron_interpretability/vega_fcn_sweep/fcn_010
REACTOME_INTEGRATION_OF_PROVIRUS,0.8436323404312134,0.48136112513321,test,0.1,67,674,0.5,/Users/charlottejob/Code/Evaluation_neuron_interpretability/vega_fcn_sweep/fcn_010
REACTOME_GLUTATHIONE_CONJUGATION,0.5447331070899963,0.8150433076585162,test,0.1,67,674,0.5,/Users/charlottejob/Code/Evaluation_neuron_interpretability/vega_fcn_sweep/fcn_010
REACTOME_COMPLEMENT_CASCADE,0.743923544883728,0.5831867615289948,test,0.1,67,674,0.5,/Users/charlottejob/Code/Evaluation_neuron_interpretability/vega_fcn_sweep/fcn_010
REACTOME_PHASE_II_CONJUGATION,0.4693045020103454,0.8294036401368556,test,0.1,67,674,0.5,/Users/charlottejob/Code/Evaluation_neuron_interpretability/vega_fcn_sweep/fcn_010
REACTOME_MTORC1_MEDIATED_SIGNALLING,0.8336476683616638,0.5745436025601312,test,0.1,67,674,0.5,/Users/charlottejob/Code/Evaluation_neuron_interpretability/vega_fcn_sweep/fcn_010
REACTOME_TOLL_RECEPTOR_CASCADES,0.3581612706184387,0.5397325315131429,test,0.1,67,674,0.5,/Users/charlottejob/Code/Evaluation_neuron_interpretability/vega_fcn_sweep/fcn_010
REACTOME_ACTIVATION_OF_BH3_ONLY_PROTEINS,0.0082483068108558,0.1756230999847736,test,0.1,67,674,0.5,/Users/charlottejob/Code/Evaluation_neuron_interpretability/vega_fcn_sweep/fcn_010
REACTOME_GLUCOSE_METABOLISM,0.0505330190062522,0.2251197604264858,test,0.1,67,674,0.5,/Users/charlottejob/Code/Evaluation_neuron_interpretability/vega_fcn_sweep/fcn_010
REACTOME_RNA_POL_III_CHAIN_ELONGATION,,0.7974540854163941,test,0.1,67,674,0.5,/Users/charlottejob/Code/Evaluation_neuron_interpretability/vega_fcn_sweep/fcn_010
REACTOME_VOLTAGE_GATED_POTASSIUM_CHANNELS,0.6299368739128113,0.4697217532932791,test,0.1,67,674,0.5,/Users/charlottejob/Code/Evaluation_neuron_interpretability/vega_fcn_sweep/fcn_010
REACTOME_ADAPTIVE_IMMUNE_SYSTEM,0.1282194852828979,0.6435896983629562,test,0.1,67,674,0.5,/Users/charlottejob/Code/Evaluation_neuron_interpretability/vega_fcn_sweep/fcn_010
REACTOME_NOD1_2_SIGNALING_PATHWAY,0.6508021354675293,0.47406528439191636,test,0.1,67,674,0.5,/Users/charlottejob/Code/Evaluation_neuron_interpretability/vega_fcn_sweep/fcn_010
REACTOME_CYTOKINE_SIGNALING_IN_IMMUNE_SYSTEM,0.0869301408529281,0.3155786596599317,test,0.1,67,674,0.5,/Users/charlottejob/Code/Evaluation_neuron_interpretability/vega_fcn_sweep/fcn_010
REACTOME_MEIOTIC_SYNAPSIS,0.5549750924110413,0.4878015365509093,test,0.1,67,674,0.5,/Users/charlottejob/Code/Evaluation_neuron_interpretability/vega_fcn_sweep/fcn_010
REACTOME_ANTIGEN_PRESENTATION_FOLDING_ASSEMBLY_AND_PEPTIDE_LOADING_OF_CLASS_I_MHC,0.5540754199028015,0.9996103068570197,test,0.1,67,674,0.5,/Users/charlottejob/Code/Evaluation_neuron_interpretability/vega_fcn_sweep/fcn_010
REACTOME_THE_NLRP3_INFLAMMASOME,0.4359414279460907,0.6026890880026922,test,0.1,67,674,0.5,/Users/charlottejob/Code/Evaluation_neuron_interpretability/vega_fcn_sweep/fcn_010
REACTOME_CLASS_I_MHC_MEDIATED_ANTIGEN_PROCESSING_PRESENTATION,0.4124844670295715,0.9997619034735036,test,0.1,67,674,0.5,/Users/charlottejob/Code/Evaluation_neuron_interpretability/vega_fcn_sweep/fcn_010
REACTOME_NONSENSE_MEDIATED_DECAY_ENHANCED_BY_THE_EXON_JUNCTION_COMPLEX,0.7378842830657959,0.9994731576482607,test,0.1,67,674,0.5,/Users/charlottejob/Code/Evaluation_neuron_interpretability/vega_fcn_sweep/fcn_010
REACTOME_PIP3_ACTIVATES_AKT_SIGNALING,0.0632673874497413,0.7893294682719366,test,0.1,67,674,0.5,/Users/charlottejob/Code/Evaluation_neuron_interpretability/vega_fcn_sweep/fcn_010
REACTOME_ANTIGEN_PROCESSING_UBIQUITINATION_PROTEASOME_DEGRADATION,0.6606870889663696,0.5480554695589979,test,0.1,67,674,0.5,/Users/charlottejob/Code/Evaluation_neuron_interpretability/vega_fcn_sweep/fcn_010
REACTOME_TANDEM_PORE_DOMAIN_POTASSIUM_CHANNELS,,0.7985132836016227,test,0.1,67,674,0.5,/Users/charlottejob/Code/Evaluation_neuron_interpretability/vega_fcn_sweep/fcn_010
REACTOME_INFLAMMASOMES,0.266495019197464,0.43241720337242556,test,0.1,67,674,0.5,/Users/charlottejob/Code/Evaluation_neuron_interpretability/vega_fcn_sweep/fcn_010
REACTOME_POTASSIUM_CHANNELS,-0.0227686166763305,0.7834910371937662,test,0.1,67,674,0.5,/Users/charlottejob/Code/Evaluation_neuron_interpretability/vega_fcn_sweep/fcn_010
REACTOME_NUCLEOTIDE_BINDING_DOMAIN_LEUCINE_RICH_REPEAT_CONTAINING_RECEPTOR_NLR_SIGNALING_PATHWAYS,0.0612847954034805,0.23124365075592312,test,0.1,67,674,0.5,/Users/charlottejob/Code/Evaluation_neuron_interpretability/vega_fcn_sweep/fcn_010
REACTOME_INWARDLY_RECTIFYING_K_CHANNELS,0.8651110529899597,0.4603508584073955,test,0.1,67,674,0.5,/Users/charlottejob/Code/Evaluation_neuron_interpretability/vega_fcn_sweep/fcn_010
REACTOME_AMYLOIDS,0.4100957810878753,0.863905188785671,test,0.1,67,674,0.5,/Users/charlottejob/Code/Evaluation_neuron_interpretability/vega_fcn_sweep/fcn_010
REACTOME_PACKAGING_OF_TELOMERE_ENDS,0.4853093028068542,0.39679367261990417,test,0.1,67,674,0.5,/Users/charlottejob/Code/Evaluation_neuron_interpretability/vega_fcn_sweep/fcn_010
REACTOME_TELOMERE_MAINTENANCE,0.0127593278884887,0.1419290195012498,test,0.1,67,674,0.5,/Users/charlottejob/Code/Evaluation_neuron_interpretability/vega_fcn_sweep/fcn_010
REACTOME_PLATELET_ACTIVATION_SIGNALING_AND_AGGREGATION,0.1375183165073394,0.8613074204946997,test,0.1,67,674,0.5,/Users/charlottejob/Code/Evaluation_neuron_interpretability/vega_fcn_sweep/fcn_010
REACTOME_REMOVAL_OF_THE_FLAP_INTERMEDIATE_FROM_THE_C_STRAND,,0.1373624743707193,test,0.1,67,674,0.5,/Users/charlottejob/Code/Evaluation_neuron_interpretability/vega_fcn_sweep/fcn_010
REACTOME_CREATION_OF_C4_AND_C2_ACTIVATORS,0.5459307432174683,0.45488039149699927,test,0.1,67,674,0.5,/Users/charlottejob/Code/Evaluation_neuron_interpretability/vega_fcn_sweep/fcn_010
REACTOME_APC_CDC20_MEDIATED_DEGRADATION_OF_NEK2A,0.0627349242568016,0.7910812862758453,test,0.1,67,674,0.5,/Users/charlottejob/Code/Evaluation_neuron_interpretability/vega_fcn_sweep/fcn_010
REACTOME_INITIAL_TRIGGERING_OF_COMPLEMENT,0.7182681560516357,0.5366730467216333,test,0.1,67,674,0.5,/Users/charlottejob/Code/Evaluation_neuron_interpretability/vega_fcn_sweep/fcn_010
REACTOME_EXTENSION_OF_TELOMERES,,0.8028216202067793,test,0.1,67,674,0.5,/Users/charlottejob/Code/Evaluation_neuron_interpretability/vega_fcn_sweep/fcn_010
REACTOME_G2_M_CHECKPOINTS,0.4907180070877075,0.7131858650243185,test,0.1,67,674,0.5,/Users/charlottejob/Code/Evaluation_neuron_interpretability/vega_fcn_sweep/fcn_010
REACTOME_G2_M_DNA_DAMAGE_CHECKPOINT,,0.795068708284256,test,0.1,67,674,0.5,/Users/charlottejob/Code/Evaluation_neuron_interpretability/vega_fcn_sweep/fcn_010
REACTOME_S_PHASE,0.5523508191108704,0.5708369864590807,test,0.1,67,674,0.5,/Users/charlottejob/Code/Evaluation_neuron_interpretability/vega_fcn_sweep/fcn_010
REACTOME_SCFSKP2_MEDIATED_DEGRADATION_OF_P27_P21,0.0518270395696163,0.7861097592800265,test,0.1,67,674,0.5,/Users/charlottejob/Code/Evaluation_neuron_interpretability/vega_fcn_sweep/fcn_010
REACTOME_TRYPTOPHAN_CATABOLISM,0.0938631743192672,0.6250834460510357,test,0.1,67,674,0.5,/Users/charlottejob/Code/Evaluation_neuron_interpretability/vega_fcn_sweep/fcn_010
REACTOME_DNA_STRAND_ELONGATION,,0.8027151768965668,test,0.1,67,674,0.5,/Users/charlottejob/Code/Evaluation_neuron_interpretability/vega_fcn_sweep/fcn_010
REACTOME_RESOLUTION_OF_AP_SITES_VIA_THE_SINGLE_NUCLEOTIDE_REPLACEMENT_PATHWAY,,0.7939711207084587,test,0.1,67,674,0.5,/Users/charlottejob/Code/Evaluation_neuron_interpretability/vega_fcn_sweep/fcn_010
REACTOME_FGFR_LIGAND_BINDING_AND_ACTIVATION,0.3511557877063751,0.4882567021434164,test,0.1,67,674,0.5,/Users/charlottejob/Code/Evaluation_neuron_interpretability/vega_fcn_sweep/fcn_010
REACTOME_CHOLESTEROL_BIOSYNTHESIS,,0.7838241067923046,test,0.1,67,674,0.5,/Users/charlottejob/Code/Evaluation_neuron_interpretability/vega_fcn_sweep/fcn_010
REACTOME_APOBEC3G_MEDIATED_RESISTANCE_TO_HIV1_INFECTION,0.8583359718322754,0.4824205384535954,test,0.1,67,674,0.5,/Users/charlottejob/Code/Evaluation_neuron_interpretability/vega_fcn_sweep/fcn_010
REACTOME_GAP_JUNCTION_TRAFFICKING,0.3749518394470215,0.5663791157151933,test,0.1,67,674,0.5,/Users/charlottejob/Code/Evaluation_neuron_interpretability/vega_fcn_sweep/fcn_010
REACTOME_FGFR2C_LIGAND_BINDING_AND_ACTIVATION,,0.7905719146708546,test,0.1,67,674,0.5,/Users/charlottejob/Code/Evaluation_neuron_interpretability/vega_fcn_sweep/fcn_010
REACTOME_METABOLISM_OF_PORPHYRINS,0.6738754510879517,0.49060161544564557,test,0.1,67,674,0.5,/Users/charlottejob/Code/Evaluation_neuron_interpretability/vega_fcn_sweep/fcn_010
REACTOME_FGFR4_LIGAND_BINDING_AND_ACTIVATION,,0.1719478253282729,test,0.1,67,674,0.5,/Users/charlottejob/Code/Evaluation_neuron_interpretability/vega_fcn_sweep/fcn_010
REACTOME_VIF_MEDIATED_DEGRADATION_OF_APOBEC3G,0.8660046458244324,0.5073987927410448,test,0.1,67,674,0.5,/Users/charlottejob/Code/Evaluation_neuron_interpretability/vega_fcn_sweep/fcn_010
REACTOME_SIGNALING_BY_FGFR,-0.035761471837759,0.7984599804057549,test,0.1,67,674,0.5,/Users/charlottejob/Code/Evaluation_neuron_interpretability/vega_fcn_sweep/fcn_010
REACTOME_DIGESTION_OF_DIETARY_CARBOHYDRATE,,0.7998551672992191,test,0.1,67,674,0.5,/Users/charlottejob/Code/Evaluation_neuron_interpretability/vega_fcn_sweep/fcn_010
REACTOME_FGFR1_LIGAND_BINDING_AND_ACTIVATION,-0.0174603629857301,0.13405168461663242,test,0.1,67,674,0.5,/Users/charlottejob/Code/Evaluation_neuron_interpretability/vega_fcn_sweep/fcn_010
REACTOME_GAP_JUNCTION_ASSEMBLY,,0.7921528595733542,test,0.1,67,674,0.5,/Users/charlottejob/Code/Evaluation_neuron_interpretability/vega_fcn_sweep/fcn_010
REACTOME_SYNTHESIS_OF_GLYCOSYLPHOSPHATIDYLINOSITOL_GPI,,0.7904654713606422,test,0.1,67,674,0.5,/Users/charlottejob/Code/Evaluation_neuron_interpretability/vega_fcn_sweep/fcn_010
REACTOME_RNA_POL_I_TRANSCRIPTION_INITIATION,0.0452016405761241,0.7994922051533883,test,0.1,67,674,0.5,/Users/charlottejob/Code/Evaluation_neuron_interpretability/vega_fcn_sweep/fcn_010
REACTOME_PYRIMIDINE_METABOLISM,-0.0033071290235966,0.15805073572068984,test,0.1,67,674,0.5,/Users/charlottejob/Code/Evaluation_neuron_interpretability/vega_fcn_sweep/fcn_010
REACTOME_INTRINSIC_PATHWAY_FOR_APOPTOSIS,0.0032861672807484,0.1549136326743324,test,0.1,67,674,0.5,/Users/charlottejob/Code/Evaluation_neuron_interpretability/vega_fcn_sweep/fcn_010
REACTOME_PI3K_CASCADE,0.5500741600990295,0.5890694935217904,test,0.1,67,674,0.5,/Users/charlottejob/Code/Evaluation_neuron_interpretability/vega_fcn_sweep/fcn_010
REACTOME_APOPTOTIC_EXECUTION_PHASE,0.3047589957714081,0.4759035397681482,test,0.1,67,674,0.5,/Users/charlottejob/Code/Evaluation_neuron_interpretability/vega_fcn_sweep/fcn_010
REACTOME_SHC_RELATED_EVENTS,,0.7985481830475941,test,0.1,67,674,0.5,/Users/charlottejob/Code/Evaluation_neuron_interpretability/vega_fcn_sweep/fcn_010
