{
  "dataset": "PBMC_8K",
  "fully_connected_neuron_fraction": 0.1,
  "n_fully_connected_neurons_selected": 67,
  "n_pathway_nodes": 674,
  "n_genes": 2000,
  "n_latent_nodes": 675,
  "mask_density": 0.10291037037037037,
  "n_epochs_trained": 177,
  "train": {
    "mse": 0.047577302902936935,
    "pearson_overall": 0.9751212000846863,
    "pearson_per_cell_mean": 0.929604172706604,
    "n_cells": 6875,
    "n_genes": 2000
  },
  "test": {
    "mse": 0.053565576672554016,
    "pearson_overall": 0.9156387448310852,
    "pearson_per_cell_mean": 0.920460045337677,
    "n_cells": 849,
    "n_genes": 2000
  },
  "hyperparameters": {
    "n_top_genes": 2000,
    "train_size": 0.9,
    "batch_size": 256,
    "learning_rate": 0.00062187,
    "n_epochs": 1000,
    "train_patience": 25,
    "test_patience": 25,
    "kld_weight": 0.000233864,
    "dropout": 0.0452273,
    "seed": 42,
    "gmt_path": "vega/vega/data/reactomes.gmt"
  }
}