pathway,distance_corr,reduction_score_probability,eval_split,fully_connected_neuron_fraction,n_fully_connected_neurons_selected,n_pathway_nodes,overlap_threshold,run_dir
REACTOME_GLYCOGEN_BREAKDOWN_GLYCOGENOLYSIS,0.0120169054716825,0.7196439478662949,test,1.0,674,674,0.5,/Users/charlottejob/Code/Evaluation_neuron_interpretability/vega_fcn_sweep/fcn_100
REACTOME_TRANSLATION,0.0577176809310913,0.4551809664115238,test,1.0,674,674,0.5,/Users/charlottejob/Code/Evaluation_neuron_interpretability/vega_fcn_sweep/fcn_100
REACTOME_PYRIMIDINE_CATABOLISM,0.0233693793416023,0.45828221716594497,test,1.0,674,674,0.5,/Users/charlottejob/Code/Evaluation_neuron_interpretability/vega_fcn_sweep/fcn_100
REACTOME_RNA_POL_III_TRANSCRIPTION_INITIATION_FROM_TYPE_2_PROMOTER,,0.6351559568991841,test,1.0,674,674,0.5,/Users/charlottejob/Code/Evaluation_neuron_interpretability/vega_fcn_sweep/fcn_100
REACTOME_INHIBITION_OF_THE_PROTEOLYTIC_ACTIVITY_OF_APC_C_REQUIRED_FOR_THE_ONSET_OF_ANAPHASE_BY_MITOTIC_SPINDLE_CHECKPOINT_COMPONENTS,0.0136629752814769,0.6552535229256248,test,1.0,674,674,0.5,/Users/charlottejob/Code/Evaluation_neuron_interpretability/vega_fcn_sweep/fcn_100
REACTOME_PYRUVATE_METABOLISM_AND_CITRIC_ACID_TCA_CYCLE,-0.0085562895983457,0.440843971893426,test,1.0,674,674,0.5,/Users/charlottejob/Code/Evaluation_neuron_interpretability/vega_fcn_sweep/fcn_100
REACTOME_EXTRINSIC_PATHWAY_FOR_APOPTOSIS,0.003530973335728,0.5799386955503595,test,1.0,674,674,0.5,/Users/charlottejob/Code/Evaluation_neuron_interpretability/vega_fcn_sweep/fcn_100
REACTOME_PTM_GAMMA_CARBOXYLATION_HYPUSINE_FORMATION_AND_ARYLSULFATASE_ACTIVATION,-0.0073478645645082,0.38008948899292416,test,1.0,674,674,0.5,/Users/charlottejob/Code/Evaluation_neuron_interpretability/vega_fcn_sweep/fcn_100
REACTOME_APOPTOTIC_CLEAVAGE_OF_CELLULAR_PROTEINS,-0.0003028271021321,0.5008449838684897,test,1.0,674,674,0.5,/Users/charlottejob/Code/Evaluation_neuron_interpretability/vega_fcn_sweep/fcn_100
REACTOME_RNA_POL_I_TRANSCRIPTION_TERMINATION,0.0333298295736312,0.5647127062582957,test,1.0,674,674,0.5,/Users/charlottejob/Code/Evaluation_neuron_interpretability/vega_fcn_sweep/fcn_100
REACTOME_FORMATION_OF_THE_TERNARY_COMPLEX_AND_SUBSEQUENTLY_THE_43S_COMPLEX,0.081697791814804,0.4526252774672734,test,1.0,674,674,0.5,/Users/charlottejob/Code/Evaluation_neuron_interpretability/vega_fcn_sweep/fcn_100
REACTOME_ACTIVATION_OF_THE_PRE_REPLICATIVE_COMPLEX,0.0278515554964542,0.5165538689866761,test,1.0,674,674,0.5,/Users/charlottejob/Code/Evaluation_neuron_interpretability/vega_fcn_sweep/fcn_100
REACTOME_PROCESSING_OF_INTRONLESS_PRE_MRNAS,,0.3901199668455263,test,1.0,674,674,0.5,/Users/charlottejob/Code/Evaluation_neuron_interpretability/vega_fcn_sweep/fcn_100
REACTOME_GAP_JUNCTION_DEGRADATION,0.0513464510440826,0.3911165482684813,test,1.0,674,674,0.5,/Users/charlottejob/Code/Evaluation_neuron_interpretability/vega_fcn_sweep/fcn_100
REACTOME_BASE_EXCISION_REPAIR,,0.5722130611176548,test,1.0,674,674,0.5,/Users/charlottejob/Code/Evaluation_neuron_interpretability/vega_fcn_sweep/fcn_100
REACTOME_BILE_ACID_AND_BILE_SALT_METABOLISM,-0.0130126792937517,0.4980727590754886,test,1.0,674,674,0.5,/Users/charlottejob/Code/Evaluation_neuron_interpretability/vega_fcn_sweep/fcn_100
REACTOME_SYNTHESIS_OF_BILE_ACIDS_AND_BILE_SALTS_VIA_7ALPHA_HYDROXYCHOLESTEROL,-0.0012552407570183,0.5780950419116132,test,1.0,674,674,0.5,/Users/charlottejob/Code/Evaluation_neuron_interpretability/vega_fcn_sweep/fcn_100
REACTOME_RECYCLING_OF_BILE_ACIDS_AND_SALTS,-0.0279486924409866,0.5369172320027402,test,1.0,674,674,0.5,/Users/charlottejob/Code/Evaluation_neuron_interpretability/vega_fcn_sweep/fcn_100
REACTOME_SIGNALING_BY_RHO_GTPASES,0.083536647260189,0.4099437364870746,test,1.0,674,674,0.5,/Users/charlottejob/Code/Evaluation_neuron_interpretability/vega_fcn_sweep/fcn_100
REACTOME_SIGNALING_BY_WNT,,0.7847716267504253,test,1.0,674,674,0.5,/Users/charlottejob/Code/Evaluation_neuron_interpretability/vega_fcn_sweep/fcn_100
REACTOME_METABOLISM_OF_NON_CODING_RNA,0.0733002424240112,0.5276937927858515,test,1.0,674,674,0.5,/Users/charlottejob/Code/Evaluation_neuron_interpretability/vega_fcn_sweep/fcn_100
REACTOME_SYNTHESIS_OF_BILE_ACIDS_AND_BILE_SALTS_VIA_24_HYDROXYCHOLESTEROL,0.050250444561243,0.6522506914843983,test,1.0,674,674,0.5,/Users/charlottejob/Code/Evaluation_neuron_interpretability/vega_fcn_sweep/fcn_100
REACTOME_SYNTHESIS_OF_BILE_ACIDS_AND_BILE_SALTS,0.0385109409689903,0.37485584905128877,test,1.0,674,674,0.5,/Users/charlottejob/Code/Evaluation_neuron_interpretability/vega_fcn_sweep/fcn_100
REACTOME_METABOLISM_OF_STEROID_HORMONES_AND_VITAMINS_A_AND_D,,0.3624010818828251,test,1.0,674,674,0.5,/Users/charlottejob/Code/Evaluation_neuron_interpretability/vega_fcn_sweep/fcn_100
REACTOME_ANDROGEN_BIOSYNTHESIS,,0.4474231121580945,test,1.0,674,674,0.5,/Users/charlottejob/Code/Evaluation_neuron_interpretability/vega_fcn_sweep/fcn_100
REACTOME_SIGNALLING_BY_NGF,0.1654833108186721,0.4443444021624233,test,1.0,674,674,0.5,/Users/charlottejob/Code/Evaluation_neuron_interpretability/vega_fcn_sweep/fcn_100
REACTOME_CTNNB1_PHOSPHORYLATION_CASCADE,,0.5019116171530777,test,1.0,674,674,0.5,/Users/charlottejob/Code/Evaluation_neuron_interpretability/vega_fcn_sweep/fcn_100
REACTOME_INSULIN_RECEPTOR_RECYCLING,,0.3793430179295903,test,1.0,674,674,0.5,/Users/charlottejob/Code/Evaluation_neuron_interpretability/vega_fcn_sweep/fcn_100
REACTOME_COPI_MEDIATED_TRANSPORT,,0.6396667102909741,test,1.0,674,674,0.5,/Users/charlottejob/Code/Evaluation_neuron_interpretability/vega_fcn_sweep/fcn_100
REACTOME_NEF_MEDIATED_DOWNREGULATION_OF_MHC_CLASS_I_COMPLEX_CELL_SURFACE_EXPRESSION,0.0844753161072731,0.9737511310395763,test,1.0,674,674,0.5,/Users/charlottejob/Code/Evaluation_neuron_interpretability/vega_fcn_sweep/fcn_100
REACTOME_SIGNALING_BY_SCF_KIT,0.0163464769721031,0.4299302542100649,test,1.0,674,674,0.5,/Users/charlottejob/Code/Evaluation_neuron_interpretability/vega_fcn_sweep/fcn_100
REACTOME_DEVELOPMENTAL_BIOLOGY,0.059856578707695,0.4422166918529421,test,1.0,674,674,0.5,/Users/charlottejob/Code/Evaluation_neuron_interpretability/vega_fcn_sweep/fcn_100
REACTOME_CROSS_PRESENTATION_OF_SOLUBLE_EXOGENOUS_ANTIGENS_ENDOSOMES,-0.0243050381541252,0.4278379521377917,test,1.0,674,674,0.5,/Users/charlottejob/Code/Evaluation_neuron_interpretability/vega_fcn_sweep/fcn_100
REACTOME_SIGNALING_BY_NODAL,,0.6601614099376172,test,1.0,674,674,0.5,/Users/charlottejob/Code/Evaluation_neuron_interpretability/vega_fcn_sweep/fcn_100
REACTOME_DAG_AND_IP3_SIGNALING,-0.0081507032737135,0.4394652180792152,test,1.0,674,674,0.5,/Users/charlottejob/Code/Evaluation_neuron_interpretability/vega_fcn_sweep/fcn_100
REACTOME_SPRY_REGULATION_OF_FGF_SIGNALING,-0.0289226546883583,0.592431744285281,test,1.0,674,674,0.5,/Users/charlottejob/Code/Evaluation_neuron_interpretability/vega_fcn_sweep/fcn_100
REACTOME_TCA_CYCLE_AND_RESPIRATORY_ELECTRON_TRANSPORT,0.0327823758125305,0.43232263388417513,test,1.0,674,674,0.5,/Users/charlottejob/Code/Evaluation_neuron_interpretability/vega_fcn_sweep/fcn_100
REACTOME_BMAL1_CLOCK_NPAS2_ACTIVATES_CIRCADIAN_EXPRESSION,0.1387268751859665,0.4135837901695516,test,1.0,674,674,0.5,/Users/charlottejob/Code/Evaluation_neuron_interpretability/vega_fcn_sweep/fcn_100
REACTOME_ANTIGEN_PROCESSING_CROSS_PRESENTATION,0.0233587883412837,0.6236979028498463,test,1.0,674,674,0.5,/Users/charlottejob/Code/Evaluation_neuron_interpretability/vega_fcn_sweep/fcn_100
REACTOME_GROWTH_HORMONE_RECEPTOR_SIGNALING,0.004452790133655,0.5672563022386344,test,1.0,674,674,0.5,/Users/charlottejob/Code/Evaluation_neuron_interpretability/vega_fcn_sweep/fcn_100
REACTOME_TRIF_MEDIATED_TLR3_SIGNALING,0.0606684163212776,0.46100789814072146,test,1.0,674,674,0.5,/Users/charlottejob/Code/Evaluation_neuron_interpretability/vega_fcn_sweep/fcn_100
REACTOME_CELL_CELL_COMMUNICATION,0.2022061794996261,0.6876009559101675,test,1.0,674,674,0.5,/Users/charlottejob/Code/Evaluation_neuron_interpretability/vega_fcn_sweep/fcn_100
REACTOME_ABCA_TRANSPORTERS_IN_LIPID_HOMEOSTASIS,0.029285691678524,0.4580655195674437,test,1.0,674,674,0.5,/Users/charlottejob/Code/Evaluation_neuron_interpretability/vega_fcn_sweep/fcn_100
REACTOME_ENDOSOMAL_VACUOLAR_PATHWAY,0.0302125848829746,0.6356398220909586,test,1.0,674,674,0.5,/Users/charlottejob/Code/Evaluation_neuron_interpretability/vega_fcn_sweep/fcn_100
REACTOME_TETRAHYDROBIOPTERIN_BH4_SYNTHESIS_RECYCLING_SALVAGE_AND_REGULATION,,0.4635204816123544,test,1.0,674,674,0.5,/Users/charlottejob/Code/Evaluation_neuron_interpretability/vega_fcn_sweep/fcn_100
REACTOME_ER_PHAGOSOME_PATHWAY,0.0393950529396534,0.39394817081198363,test,1.0,674,674,0.5,/Users/charlottejob/Code/Evaluation_neuron_interpretability/vega_fcn_sweep/fcn_100
REACTOME_MEIOSIS,-0.020891735330224,0.48604542753336977,test,1.0,674,674,0.5,/Users/charlottejob/Code/Evaluation_neuron_interpretability/vega_fcn_sweep/fcn_100
REACTOME_NEGATIVE_REGULATION_OF_FGFR_SIGNALING,-0.0445138216018676,0.5558535888924582,test,1.0,674,674,0.5,/Users/charlottejob/Code/Evaluation_neuron_interpretability/vega_fcn_sweep/fcn_100
REACTOME_G0_AND_EARLY_G1,0.3005744516849518,0.5495416146767187,test,1.0,674,674,0.5,/Users/charlottejob/Code/Evaluation_neuron_interpretability/vega_fcn_sweep/fcn_100
REACTOME_REGULATION_OF_KIT_SIGNALING,0.0741732940077781,0.5736865491631578,test,1.0,674,674,0.5,/Users/charlottejob/Code/Evaluation_neuron_interpretability/vega_fcn_sweep/fcn_100
REACTOME_MEMBRANE_TRAFFICKING,0.0621540024876594,0.4594032194738908,test,1.0,674,674,0.5,/Users/charlottejob/Code/Evaluation_neuron_interpretability/vega_fcn_sweep/fcn_100
REACTOME_NEF_MEDIATES_DOWN_MODULATION_OF_CELL_SURFACE_RECEPTORS_BY_RECRUITING_THEM_TO_CLATHRIN_ADAPTERS,0.0328204557299613,0.7250410839099186,test,1.0,674,674,0.5,/Users/charlottejob/Code/Evaluation_neuron_interpretability/vega_fcn_sweep/fcn_100
REACTOME_IMMUNOREGULATORY_INTERACTIONS_BETWEEN_A_LYMPHOID_AND_A_NON_LYMPHOID_CELL,0.1149875745177269,0.363653406056233,test,1.0,674,674,0.5,/Users/charlottejob/Code/Evaluation_neuron_interpretability/vega_fcn_sweep/fcn_100
REACTOME_ACTIVATED_AMPK_STIMULATES_FATTY_ACID_OXIDATION_IN_MUSCLE,0.0166256036609411,0.4418821827731056,test,1.0,674,674,0.5,/Users/charlottejob/Code/Evaluation_neuron_interpretability/vega_fcn_sweep/fcn_100
REACTOME_VITAMIN_B5_PANTOTHENATE_METABOLISM,,0.6512603062426384,test,1.0,674,674,0.5,/Users/charlottejob/Code/Evaluation_neuron_interpretability/vega_fcn_sweep/fcn_100
REACTOME_BOTULINUM_NEUROTOXICITY,0.0568382889032363,0.5060130802180272,test,1.0,674,674,0.5,/Users/charlottejob/Code/Evaluation_neuron_interpretability/vega_fcn_sweep/fcn_100
REACTOME_METABOLISM_OF_VITAMINS_AND_COFACTORS,0.0637599825859069,0.476806031744365,test,1.0,674,674,0.5,/Users/charlottejob/Code/Evaluation_neuron_interpretability/vega_fcn_sweep/fcn_100
REACTOME_TRANS_GOLGI_NETWORK_VESICLE_BUDDING,0.1316595077514648,0.5029993837003759,test,1.0,674,674,0.5,/Users/charlottejob/Code/Evaluation_neuron_interpretability/vega_fcn_sweep/fcn_100
REACTOME_PROTEOLYTIC_CLEAVAGE_OF_SNARE_COMPLEX_PROTEINS,0.0897859260439872,0.3875200288627851,test,1.0,674,674,0.5,/Users/charlottejob/Code/Evaluation_neuron_interpretability/vega_fcn_sweep/fcn_100
REACTOME_RESOLUTION_OF_AP_SITES_VIA_THE_MULTIPLE_NUCLEOTIDE_PATCH_REPLACEMENT_PATHWAY,,0.6254713606421498,test,1.0,674,674,0.5,/Users/charlottejob/Code/Evaluation_neuron_interpretability/vega_fcn_sweep/fcn_100
REACTOME_GAMMA_CARBOXYLATION_TRANSPORT_AND_AMINO_TERMINAL_CLEAVAGE_OF_PROTEINS,-0.0194298755377531,0.43631863817376193,test,1.0,674,674,0.5,/Users/charlottejob/Code/Evaluation_neuron_interpretability/vega_fcn_sweep/fcn_100
REACTOME_IL_7_SIGNALING,0.0369567908346653,0.5594308373663063,test,1.0,674,674,0.5,/Users/charlottejob/Code/Evaluation_neuron_interpretability/vega_fcn_sweep/fcn_100
REACTOME_CELL_CYCLE,0.0268276110291481,0.5932520478854902,test,1.0,674,674,0.5,/Users/charlottejob/Code/Evaluation_neuron_interpretability/vega_fcn_sweep/fcn_100
REACTOME_SIGNALING_BY_ERBB4,0.00731698051095,0.5124156761965949,test,1.0,674,674,0.5,/Users/charlottejob/Code/Evaluation_neuron_interpretability/vega_fcn_sweep/fcn_100
REACTOME_ORC1_REMOVAL_FROM_CHROMATIN,-0.0131330229341983,0.6954271668676781,test,1.0,674,674,0.5,/Users/charlottejob/Code/Evaluation_neuron_interpretability/vega_fcn_sweep/fcn_100
REACTOME_O_LINKED_GLYCOSYLATION_OF_MUCINS,0.0063814874738454,0.3924148850279435,test,1.0,674,674,0.5,/Users/charlottejob/Code/Evaluation_neuron_interpretability/vega_fcn_sweep/fcn_100
REACTOME_SULFUR_AMINO_ACID_METABOLISM,-0.000203859526664,0.5941428736198635,test,1.0,674,674,0.5,/Users/charlottejob/Code/Evaluation_neuron_interpretability/vega_fcn_sweep/fcn_100
REACTOME_DOWNREGULATION_OF_ERBB2_ERBB3_SIGNALING,0.0069683617912232,0.55722257622275,test,1.0,674,674,0.5,/Users/charlottejob/Code/Evaluation_neuron_interpretability/vega_fcn_sweep/fcn_100
REACTOME_ANTIVIRAL_MECHANISM_BY_IFN_STIMULATED_GENES,0.0268524028360843,0.5161776778384553,test,1.0,674,674,0.5,/Users/charlottejob/Code/Evaluation_neuron_interpretability/vega_fcn_sweep/fcn_100
REACTOME_PROLACTIN_RECEPTOR_SIGNALING,,0.4576870392182524,test,1.0,674,674,0.5,/Users/charlottejob/Code/Evaluation_neuron_interpretability/vega_fcn_sweep/fcn_100
REACTOME_SIGNALING_BY_ERBB2,0.059610016644001,0.406063670185581,test,1.0,674,674,0.5,/Users/charlottejob/Code/Evaluation_neuron_interpretability/vega_fcn_sweep/fcn_100
REACTOME_SPHINGOLIPID_DE_NOVO_BIOSYNTHESIS,-0.0058751935139298,0.5034136830848984,test,1.0,674,674,0.5,/Users/charlottejob/Code/Evaluation_neuron_interpretability/vega_fcn_sweep/fcn_100
REACTOME_TERMINATION_OF_O_GLYCAN_BIOSYNTHESIS,,0.5422117523884308,test,1.0,674,674,0.5,/Users/charlottejob/Code/Evaluation_neuron_interpretability/vega_fcn_sweep/fcn_100
REACTOME_DEFENSINS,0.1817155927419662,0.5688835291453608,test,1.0,674,674,0.5,/Users/charlottejob/Code/Evaluation_neuron_interpretability/vega_fcn_sweep/fcn_100
REACTOME_SIGNALING_BY_CONSTITUTIVELY_ACTIVE_EGFR,-0.0208337269723415,0.4852226218312345,test,1.0,674,674,0.5,/Users/charlottejob/Code/Evaluation_neuron_interpretability/vega_fcn_sweep/fcn_100
REACTOME_GRB2_EVENTS_IN_ERBB2_SIGNALING,0.1688912659883499,0.5006860527333507,test,1.0,674,674,0.5,/Users/charlottejob/Code/Evaluation_neuron_interpretability/vega_fcn_sweep/fcn_100
REACTOME_SIGNALING_BY_EGFR_IN_CANCER,0.0038163885474205,0.5547830221723736,test,1.0,674,674,0.5,/Users/charlottejob/Code/Evaluation_neuron_interpretability/vega_fcn_sweep/fcn_100
REACTOME_MEMBRANE_BINDING_AND_TARGETTING_OF_GAG_PROTEINS,-0.0173265524208545,0.5332735667376177,test,1.0,674,674,0.5,/Users/charlottejob/Code/Evaluation_neuron_interpretability/vega_fcn_sweep/fcn_100
REACTOME_BETA_DEFENSINS,0.0770807564258575,0.4997628535975372,test,1.0,674,674,0.5,/Users/charlottejob/Code/Evaluation_neuron_interpretability/vega_fcn_sweep/fcn_100
REACTOME_SRP_DEPENDENT_COTRANSLATIONAL_PROTEIN_TARGETING_TO_MEMBRANE,0.0056809317320585,0.457593625384932,test,1.0,674,674,0.5,/Users/charlottejob/Code/Evaluation_neuron_interpretability/vega_fcn_sweep/fcn_100
REACTOME_PI3K_EVENTS_IN_ERBB4_SIGNALING,-0.0284759700298309,0.59589177999072,test,1.0,674,674,0.5,/Users/charlottejob/Code/Evaluation_neuron_interpretability/vega_fcn_sweep/fcn_100
REACTOME_SHC1_EVENTS_IN_ERBB4_SIGNALING,0.0286516360938549,0.4650557542159497,test,1.0,674,674,0.5,/Users/charlottejob/Code/Evaluation_neuron_interpretability/vega_fcn_sweep/fcn_100
REACTOME_PI3K_EVENTS_IN_ERBB2_SIGNALING,0.0050942450761795,0.5539713148898273,test,1.0,674,674,0.5,/Users/charlottejob/Code/Evaluation_neuron_interpretability/vega_fcn_sweep/fcn_100
REACTOME_NUCLEAR_SIGNALING_BY_ERBB4,0.0033846965525299,0.505843436801309,test,1.0,674,674,0.5,/Users/charlottejob/Code/Evaluation_neuron_interpretability/vega_fcn_sweep/fcn_100
REACTOME_GLYCOSPHINGOLIPID_METABOLISM,0.0493850596249103,0.455768950584452,test,1.0,674,674,0.5,/Users/charlottejob/Code/Evaluation_neuron_interpretability/vega_fcn_sweep/fcn_100
REACTOME_PPARA_ACTIVATES_GENE_EXPRESSION,0.0248606447130441,0.4635448169017073,test,1.0,674,674,0.5,/Users/charlottejob/Code/Evaluation_neuron_interpretability/vega_fcn_sweep/fcn_100
REACTOME_ASSOCIATION_OF_LICENSING_FACTORS_WITH_THE_PRE_REPLICATIVE_COMPLEX,,0.5792889237883349,test,1.0,674,674,0.5,/Users/charlottejob/Code/Evaluation_neuron_interpretability/vega_fcn_sweep/fcn_100
REACTOME_RIP_MEDIATED_NFKB_ACTIVATION_VIA_DAI,0.0837345644831657,0.41707061663514533,test,1.0,674,674,0.5,/Users/charlottejob/Code/Evaluation_neuron_interpretability/vega_fcn_sweep/fcn_100
REACTOME_PRE_NOTCH_TRANSCRIPTION_AND_TRANSLATION,,0.4996553679710335,test,1.0,674,674,0.5,/Users/charlottejob/Code/Evaluation_neuron_interpretability/vega_fcn_sweep/fcn_100
REACTOME_DEGRADATION_OF_THE_EXTRACELLULAR_MATRIX,0.1011756435036659,0.5627125348062662,test,1.0,674,674,0.5,/Users/charlottejob/Code/Evaluation_neuron_interpretability/vega_fcn_sweep/fcn_100
REACTOME_MITOCHONDRIAL_PROTEIN_IMPORT,,0.5424700082886185,test,1.0,674,674,0.5,/Users/charlottejob/Code/Evaluation_neuron_interpretability/vega_fcn_sweep/fcn_100
REACTOME_SIGNALING_BY_HIPPO,-0.0071413503028452,0.4880976830811737,test,1.0,674,674,0.5,/Users/charlottejob/Code/Evaluation_neuron_interpretability/vega_fcn_sweep/fcn_100
REACTOME_ACTIVATED_NOTCH1_TRANSMITS_SIGNAL_TO_THE_NUCLEUS,0.0082566877827048,0.4914614155945379,test,1.0,674,674,0.5,/Users/charlottejob/Code/Evaluation_neuron_interpretability/vega_fcn_sweep/fcn_100
REACTOME_TRAFFICKING_AND_PROCESSING_OF_ENDOSOMAL_TLR,0.2946069240570068,0.4850985449804798,test,1.0,674,674,0.5,/Users/charlottejob/Code/Evaluation_neuron_interpretability/vega_fcn_sweep/fcn_100
REACTOME_SIGNALING_BY_NOTCH4,,0.5308135933342059,test,1.0,674,674,0.5,/Users/charlottejob/Code/Evaluation_neuron_interpretability/vega_fcn_sweep/fcn_100
REACTOME_DOWNSTREAM_SIGNALING_EVENTS_OF_B_CELL_RECEPTOR_BCR,0.0493755079805851,0.4620826349819764,test,1.0,674,674,0.5,/Users/charlottejob/Code/Evaluation_neuron_interpretability/vega_fcn_sweep/fcn_100
REACTOME_ACTIVATION_OF_NF_KAPPAB_IN_B_CELLS,-0.008154148235917,0.44253568624151657,test,1.0,674,674,0.5,/Users/charlottejob/Code/Evaluation_neuron_interpretability/vega_fcn_sweep/fcn_100
REACTOME_RORA_ACTIVATES_CIRCADIAN_EXPRESSION,0.0100123509764671,0.5478907257838352,test,1.0,674,674,0.5,/Users/charlottejob/Code/Evaluation_neuron_interpretability/vega_fcn_sweep/fcn_100
REACTOME_ANTIGEN_ACTIVATES_B_CELL_RECEPTOR_LEADING_TO_GENERATION_OF_SECOND_MESSENGERS,-0.023038113489747,0.4953842427051024,test,1.0,674,674,0.5,/Users/charlottejob/Code/Evaluation_neuron_interpretability/vega_fcn_sweep/fcn_100
REACTOME_REGULATION_OF_COMPLEMENT_CASCADE,-0.0031243753619492,0.4305976218520387,test,1.0,674,674,0.5,/Users/charlottejob/Code/Evaluation_neuron_interpretability/vega_fcn_sweep/fcn_100
REACTOME_YAP1_AND_WWTR1_TAZ_STIMULATED_GENE_EXPRESSION,,0.46996815425555116,test,1.0,674,674,0.5,/Users/charlottejob/Code/Evaluation_neuron_interpretability/vega_fcn_sweep/fcn_100
REACTOME_SIGNALING_BY_NOTCH2,,0.4809091305675523,test,1.0,674,674,0.5,/Users/charlottejob/Code/Evaluation_neuron_interpretability/vega_fcn_sweep/fcn_100
REACTOME_PRE_NOTCH_EXPRESSION_AND_PROCESSING,,0.389275400253021,test,1.0,674,674,0.5,/Users/charlottejob/Code/Evaluation_neuron_interpretability/vega_fcn_sweep/fcn_100
REACTOME_SIGNALING_BY_THE_B_CELL_RECEPTOR_BCR,0.0093006789684295,0.7121412281926529,test,1.0,674,674,0.5,/Users/charlottejob/Code/Evaluation_neuron_interpretability/vega_fcn_sweep/fcn_100
REACTOME_EXTRACELLULAR_MATRIX_ORGANIZATION,0.0760117098689079,0.4225590200797291,test,1.0,674,674,0.5,/Users/charlottejob/Code/Evaluation_neuron_interpretability/vega_fcn_sweep/fcn_100
REACTOME_NOTCH1_INTRACELLULAR_DOMAIN_REGULATES_TRANSCRIPTION,0.0100314412266016,0.505137103526723,test,1.0,674,674,0.5,/Users/charlottejob/Code/Evaluation_neuron_interpretability/vega_fcn_sweep/fcn_100
REACTOME_CIRCADIAN_REPRESSION_OF_EXPRESSION_BY_REV_ERBA,0.0601965673267841,0.5508739273094396,test,1.0,674,674,0.5,/Users/charlottejob/Code/Evaluation_neuron_interpretability/vega_fcn_sweep/fcn_100
REACTOME_PRE_NOTCH_PROCESSING_IN_GOLGI,,0.515044278672076,test,1.0,674,674,0.5,/Users/charlottejob/Code/Evaluation_neuron_interpretability/vega_fcn_sweep/fcn_100
REACTOME_SIGNALING_BY_NOTCH1,0.0359623283147811,0.5710405569326512,test,1.0,674,674,0.5,/Users/charlottejob/Code/Evaluation_neuron_interpretability/vega_fcn_sweep/fcn_100
REACTOME_SIGNALING_BY_NOTCH3,,0.41789643589408026,test,1.0,674,674,0.5,/Users/charlottejob/Code/Evaluation_neuron_interpretability/vega_fcn_sweep/fcn_100
REACTOME_TRIGLYCERIDE_BIOSYNTHESIS,0.0123204113915562,0.5328794707404978,test,1.0,674,674,0.5,/Users/charlottejob/Code/Evaluation_neuron_interpretability/vega_fcn_sweep/fcn_100
REACTOME_INSULIN_RECEPTOR_SIGNALLING_CASCADE,0.0066427872516214,0.460648727009151,test,1.0,674,674,0.5,/Users/charlottejob/Code/Evaluation_neuron_interpretability/vega_fcn_sweep/fcn_100
REACTOME_ARMS_MEDIATED_ACTIVATION,,0.4166034114208437,test,1.0,674,674,0.5,/Users/charlottejob/Code/Evaluation_neuron_interpretability/vega_fcn_sweep/fcn_100
REACTOME_PROLONGED_ERK_ACTIVATION_EVENTS,,0.3674946560223356,test,1.0,674,674,0.5,/Users/charlottejob/Code/Evaluation_neuron_interpretability/vega_fcn_sweep/fcn_100
REACTOME_SIGNALLING_TO_RAS,-0.0029757295269519,0.44653782432863076,test,1.0,674,674,0.5,/Users/charlottejob/Code/Evaluation_neuron_interpretability/vega_fcn_sweep/fcn_100
REACTOME_SIGNALING_BY_BMP,0.0276440642774105,0.6373688018370364,test,1.0,674,674,0.5,/Users/charlottejob/Code/Evaluation_neuron_interpretability/vega_fcn_sweep/fcn_100
REACTOME_CELL_SURFACE_INTERACTIONS_AT_THE_VASCULAR_WALL,0.04172008857131,0.4201245683320753,test,1.0,674,674,0.5,/Users/charlottejob/Code/Evaluation_neuron_interpretability/vega_fcn_sweep/fcn_100
REACTOME_NGF_SIGNALLING_VIA_TRKA_FROM_THE_PLASMA_MEMBRANE,0.0111603029072284,0.48926083055484787,test,1.0,674,674,0.5,/Users/charlottejob/Code/Evaluation_neuron_interpretability/vega_fcn_sweep/fcn_100
REACTOME_SIGNALLING_TO_ERKS,-0.0198928751051425,0.5264665016257238,test,1.0,674,674,0.5,/Users/charlottejob/Code/Evaluation_neuron_interpretability/vega_fcn_sweep/fcn_100
REACTOME_P38MAPK_EVENTS,-0.0391170419752597,0.49134213996594966,test,1.0,674,674,0.5,/Users/charlottejob/Code/Evaluation_neuron_interpretability/vega_fcn_sweep/fcn_100
REACTOME_ACYL_CHAIN_REMODELLING_OF_PI,0.0045097195543348,0.43387190768705297,test,1.0,674,674,0.5,/Users/charlottejob/Code/Evaluation_neuron_interpretability/vega_fcn_sweep/fcn_100
REACTOME_TGF_BETA_RECEPTOR_SIGNALING_IN_EMT_EPITHELIAL_TO_MESENCHYMAL_TRANSITION,,0.493270514330585,test,1.0,674,674,0.5,/Users/charlottejob/Code/Evaluation_neuron_interpretability/vega_fcn_sweep/fcn_100
REACTOME_DOWNREGULATION_OF_TGF_BETA_RECEPTOR_SIGNALING,,0.5541299131876282,test,1.0,674,674,0.5,/Users/charlottejob/Code/Evaluation_neuron_interpretability/vega_fcn_sweep/fcn_100
REACTOME_COLLAGEN_FORMATION,-0.0025147285778075,0.37828439016621257,test,1.0,674,674,0.5,/Users/charlottejob/Code/Evaluation_neuron_interpretability/vega_fcn_sweep/fcn_100
REACTOME_SMAD2_SMAD3_SMAD4_HETEROTRIMER_REGULATES_TRANSCRIPTION,-0.0241149961948394,0.39968765774861187,test,1.0,674,674,0.5,/Users/charlottejob/Code/Evaluation_neuron_interpretability/vega_fcn_sweep/fcn_100
REACTOME_SIGNALING_BY_FGFR_IN_DISEASE,0.0032981615513563,0.617325731644151,test,1.0,674,674,0.5,/Users/charlottejob/Code/Evaluation_neuron_interpretability/vega_fcn_sweep/fcn_100
REACTOME_HS_GAG_DEGRADATION,-0.0288746356964111,0.5383677078636763,test,1.0,674,674,0.5,/Users/charlottejob/Code/Evaluation_neuron_interpretability/vega_fcn_sweep/fcn_100
REACTOME_SYNTHESIS_OF_PIPS_AT_THE_EARLY_ENDOSOME_MEMBRANE,,0.4792636216900057,test,1.0,674,674,0.5,/Users/charlottejob/Code/Evaluation_neuron_interpretability/vega_fcn_sweep/fcn_100
REACTOME_SIGNALLING_TO_P38_VIA_RIT_AND_RIN,0.0304052494466304,0.6600399142995949,test,1.0,674,674,0.5,/Users/charlottejob/Code/Evaluation_neuron_interpretability/vega_fcn_sweep/fcn_100
REACTOME_P53_INDEPENDENT_G1_S_DNA_DAMAGE_CHECKPOINT,,0.3856458578720063,test,1.0,674,674,0.5,/Users/charlottejob/Code/Evaluation_neuron_interpretability/vega_fcn_sweep/fcn_100
REACTOME_REGULATION_OF_HYPOXIA_INDUCIBLE_FACTOR_HIF_BY_OXYGEN,,0.5320542686384854,test,1.0,674,674,0.5,/Users/charlottejob/Code/Evaluation_neuron_interpretability/vega_fcn_sweep/fcn_100
REACTOME_ACYL_CHAIN_REMODELLING_OF_PC,0.0429620184004306,0.47919531960813366,test,1.0,674,674,0.5,/Users/charlottejob/Code/Evaluation_neuron_interpretability/vega_fcn_sweep/fcn_100
REACTOME_SYNTHESIS_OF_PIPS_AT_THE_GOLGI_MEMBRANE,,0.5714086288880164,test,1.0,674,674,0.5,/Users/charlottejob/Code/Evaluation_neuron_interpretability/vega_fcn_sweep/fcn_100
REACTOME_TGF_BETA_RECEPTOR_SIGNALING_ACTIVATES_SMADS,,0.5422745713911791,test,1.0,674,674,0.5,/Users/charlottejob/Code/Evaluation_neuron_interpretability/vega_fcn_sweep/fcn_100
REACTOME_ACTIVATED_POINT_MUTANTS_OF_FGFR2,,0.46768049557213276,test,1.0,674,674,0.5,/Users/charlottejob/Code/Evaluation_neuron_interpretability/vega_fcn_sweep/fcn_100
REACTOME_PHOSPHOLIPID_METABOLISM,0.0374583005905151,0.4242407869664977,test,1.0,674,674,0.5,/Users/charlottejob/Code/Evaluation_neuron_interpretability/vega_fcn_sweep/fcn_100
REACTOME_CS_DS_DEGRADATION,0.0341131798923015,0.4311847972404509,test,1.0,674,674,0.5,/Users/charlottejob/Code/Evaluation_neuron_interpretability/vega_fcn_sweep/fcn_100
REACTOME_SYNTHESIS_OF_PA,0.0033181544858962,0.521593446196579,test,1.0,674,674,0.5,/Users/charlottejob/Code/Evaluation_neuron_interpretability/vega_fcn_sweep/fcn_100
REACTOME_OXYGEN_DEPENDENT_PROLINE_HYDROXYLATION_OF_HYPOXIA_INDUCIBLE_FACTOR_ALPHA,,0.43389259695502347,test,1.0,674,674,0.5,/Users/charlottejob/Code/Evaluation_neuron_interpretability/vega_fcn_sweep/fcn_100
REACTOME_SYNTHESIS_OF_PIPS_AT_THE_LATE_ENDOSOME_MEMBRANE,,0.35911704401692623,test,1.0,674,674,0.5,/Users/charlottejob/Code/Evaluation_neuron_interpretability/vega_fcn_sweep/fcn_100
REACTOME_SYNTHESIS_OF_PE,,0.4697622475243205,test,1.0,674,674,0.5,/Users/charlottejob/Code/Evaluation_neuron_interpretability/vega_fcn_sweep/fcn_100
REACTOME_GASTRIN_CREB_SIGNALLING_PATHWAY_VIA_PKC_AND_MAPK,0.0467583388090133,0.446803253410024,test,1.0,674,674,0.5,/Users/charlottejob/Code/Evaluation_neuron_interpretability/vega_fcn_sweep/fcn_100
REACTOME_CHONDROITIN_SULFATE_BIOSYNTHESIS,0.0684678480029106,0.5562009482533146,test,1.0,674,674,0.5,/Users/charlottejob/Code/Evaluation_neuron_interpretability/vega_fcn_sweep/fcn_100
REACTOME_HYALURONAN_UPTAKE_AND_DEGRADATION,,0.7246608210094665,test,1.0,674,674,0.5,/Users/charlottejob/Code/Evaluation_neuron_interpretability/vega_fcn_sweep/fcn_100
REACTOME_SIGNALING_BY_FGFR1_MUTANTS,0.0161512363702058,0.4955356589353241,test,1.0,674,674,0.5,/Users/charlottejob/Code/Evaluation_neuron_interpretability/vega_fcn_sweep/fcn_100
REACTOME_SYNTHESIS_OF_PIPS_AT_THE_PLASMA_MEMBRANE,0.0021665687672793,0.4120457781762566,test,1.0,674,674,0.5,/Users/charlottejob/Code/Evaluation_neuron_interpretability/vega_fcn_sweep/fcn_100
REACTOME_THE_ACTIVATION_OF_ARYLSULFATASES,-0.0116612343117594,0.4981282060705979,test,1.0,674,674,0.5,/Users/charlottejob/Code/Evaluation_neuron_interpretability/vega_fcn_sweep/fcn_100
REACTOME_TRANSCRIPTIONAL_ACTIVITY_OF_SMAD2_SMAD3_SMAD4_HETEROTRIMER,-0.0019337832927703,0.8588600184789431,test,1.0,674,674,0.5,/Users/charlottejob/Code/Evaluation_neuron_interpretability/vega_fcn_sweep/fcn_100
REACTOME_HYALURONAN_METABOLISM,,0.5605182567726738,test,1.0,674,674,0.5,/Users/charlottejob/Code/Evaluation_neuron_interpretability/vega_fcn_sweep/fcn_100
REACTOME_DOWNREGULATION_OF_SMAD2_3_SMAD4_TRANSCRIPTIONAL_ACTIVITY,-0.0083780698478221,0.5945927443349676,test,1.0,674,674,0.5,/Users/charlottejob/Code/Evaluation_neuron_interpretability/vega_fcn_sweep/fcn_100
REACTOME_KERATAN_SULFATE_BIOSYNTHESIS,-0.0139671377837657,0.4881680571671593,test,1.0,674,674,0.5,/Users/charlottejob/Code/Evaluation_neuron_interpretability/vega_fcn_sweep/fcn_100
REACTOME_REVERSIBLE_HYDRATION_OF_CARBON_DIOXIDE,0.0907230004668235,0.578411326993181,test,1.0,674,674,0.5,/Users/charlottejob/Code/Evaluation_neuron_interpretability/vega_fcn_sweep/fcn_100
REACTOME_SIGNALING_BY_FGFR1_FUSION_MUTANTS,-0.015151435509324,0.5568403303606484,test,1.0,674,674,0.5,/Users/charlottejob/Code/Evaluation_neuron_interpretability/vega_fcn_sweep/fcn_100
REACTOME_ALPHA_LINOLENIC_ACID_ALA_METABOLISM,-0.0231274496763944,0.4661870983483681,test,1.0,674,674,0.5,/Users/charlottejob/Code/Evaluation_neuron_interpretability/vega_fcn_sweep/fcn_100
REACTOME_SIGNALING_BY_ACTIVATED_POINT_MUTANTS_OF_FGFR1,0.0098243635147809,0.494689067095491,test,1.0,674,674,0.5,/Users/charlottejob/Code/Evaluation_neuron_interpretability/vega_fcn_sweep/fcn_100
REACTOME_PI_METABOLISM,0.0070269322022795,0.44852767962308593,test,1.0,674,674,0.5,/Users/charlottejob/Code/Evaluation_neuron_interpretability/vega_fcn_sweep/fcn_100
REACTOME_ABACAVIR_TRANSPORT_AND_METABOLISM,,0.48764995855690796,test,1.0,674,674,0.5,/Users/charlottejob/Code/Evaluation_neuron_interpretability/vega_fcn_sweep/fcn_100
REACTOME_CHONDROITIN_SULFATE_DERMATAN_SULFATE_METABOLISM,-0.0272813718765974,0.6073332525861055,test,1.0,674,674,0.5,/Users/charlottejob/Code/Evaluation_neuron_interpretability/vega_fcn_sweep/fcn_100
REACTOME_LATENT_INFECTION_OF_HOMO_SAPIENS_WITH_MYCOBACTERIUM_TUBERCULOSIS,0.0226468034088611,0.5004191628294454,test,1.0,674,674,0.5,/Users/charlottejob/Code/Evaluation_neuron_interpretability/vega_fcn_sweep/fcn_100
REACTOME_SYNTHESIS_OF_PC,,0.40901452689438567,test,1.0,674,674,0.5,/Users/charlottejob/Code/Evaluation_neuron_interpretability/vega_fcn_sweep/fcn_100
REACTOME_HS_GAG_BIOSYNTHESIS,-0.0283823162317276,0.6233725835596425,test,1.0,674,674,0.5,/Users/charlottejob/Code/Evaluation_neuron_interpretability/vega_fcn_sweep/fcn_100
REACTOME_SIGNALING_BY_FGFR3_MUTANTS,,0.5140042751821314,test,1.0,674,674,0.5,/Users/charlottejob/Code/Evaluation_neuron_interpretability/vega_fcn_sweep/fcn_100
REACTOME_KERATAN_SULFATE_KERATIN_METABOLISM,-0.0123049821704626,0.6109007796286947,test,1.0,674,674,0.5,/Users/charlottejob/Code/Evaluation_neuron_interpretability/vega_fcn_sweep/fcn_100
REACTOME_APOPTOSIS_INDUCED_DNA_FRAGMENTATION,0.0409830808639526,0.43883686250068227,test,1.0,674,674,0.5,/Users/charlottejob/Code/Evaluation_neuron_interpretability/vega_fcn_sweep/fcn_100
REACTOME_KERATAN_SULFATE_DEGRADATION,-0.0143887242302298,0.4592852004893442,test,1.0,674,674,0.5,/Users/charlottejob/Code/Evaluation_neuron_interpretability/vega_fcn_sweep/fcn_100
REACTOME_HEPARAN_SULFATE_HEPARIN_HS_GAG_METABOLISM,0.0608547180891037,0.5252903583543918,test,1.0,674,674,0.5,/Users/charlottejob/Code/Evaluation_neuron_interpretability/vega_fcn_sweep/fcn_100
REACTOME_GLYCOSAMINOGLYCAN_METABOLISM,0.0962792560458183,0.5764425186582743,test,1.0,674,674,0.5,/Users/charlottejob/Code/Evaluation_neuron_interpretability/vega_fcn_sweep/fcn_100
REACTOME_ACYL_CHAIN_REMODELLING_OF_PG,-0.0184055957943201,0.3937028637730078,test,1.0,674,674,0.5,/Users/charlottejob/Code/Evaluation_neuron_interpretability/vega_fcn_sweep/fcn_100
REACTOME_ACYL_CHAIN_REMODELLING_OF_PE,0.0140797169879078,0.4739196518623531,test,1.0,674,674,0.5,/Users/charlottejob/Code/Evaluation_neuron_interpretability/vega_fcn_sweep/fcn_100
REACTOME_ACYL_CHAIN_REMODELLING_OF_PS,-0.0289184749126434,0.48719717595347556,test,1.0,674,674,0.5,/Users/charlottejob/Code/Evaluation_neuron_interpretability/vega_fcn_sweep/fcn_100
REACTOME_SIGNALING_BY_FGFR_MUTANTS,-0.0273973606526851,0.5348641906774987,test,1.0,674,674,0.5,/Users/charlottejob/Code/Evaluation_neuron_interpretability/vega_fcn_sweep/fcn_100
REACTOME_MHC_CLASS_II_ANTIGEN_PRESENTATION,0.0552848987281322,0.8221525147584691,test,1.0,674,674,0.5,/Users/charlottejob/Code/Evaluation_neuron_interpretability/vega_fcn_sweep/fcn_100
REACTOME_GLYCEROPHOSPHOLIPID_BIOSYNTHESIS,-0.0106488214805722,0.4714374261632436,test,1.0,674,674,0.5,/Users/charlottejob/Code/Evaluation_neuron_interpretability/vega_fcn_sweep/fcn_100
REACTOME_A_TETRASACCHARIDE_LINKER_SEQUENCE_IS_REQUIRED_FOR_GAG_SYNTHESIS,0.0216260328888893,0.5170525857544337,test,1.0,674,674,0.5,/Users/charlottejob/Code/Evaluation_neuron_interpretability/vega_fcn_sweep/fcn_100
REACTOME_CDK_MEDIATED_PHOSPHORYLATION_AND_REMOVAL_OF_CDC6,,0.5902176852942459,test,1.0,674,674,0.5,/Users/charlottejob/Code/Evaluation_neuron_interpretability/vega_fcn_sweep/fcn_100
REACTOME_PLATELET_ADHESION_TO_EXPOSED_COLLAGEN,0.0618283599615097,0.4875375771320078,test,1.0,674,674,0.5,/Users/charlottejob/Code/Evaluation_neuron_interpretability/vega_fcn_sweep/fcn_100
REACTOME_VEGF_LIGAND_RECEPTOR_INTERACTIONS,0.0679983422160148,0.6705846990524722,test,1.0,674,674,0.5,/Users/charlottejob/Code/Evaluation_neuron_interpretability/vega_fcn_sweep/fcn_100
REACTOME_ENOS_ACTIVATION_AND_REGULATION,0.0337990671396255,0.3448738748672068,test,1.0,674,674,0.5,/Users/charlottejob/Code/Evaluation_neuron_interpretability/vega_fcn_sweep/fcn_100
REACTOME_MICRORNA_MIRNA_BIOGENESIS,,0.379941543427998,test,1.0,674,674,0.5,/Users/charlottejob/Code/Evaluation_neuron_interpretability/vega_fcn_sweep/fcn_100
REACTOME_NUCLEAR_EVENTS_KINASE_AND_TRANSCRIPTION_FACTOR_ACTIVATION,0.1407498717308044,0.6077087085659556,test,1.0,674,674,0.5,/Users/charlottejob/Code/Evaluation_neuron_interpretability/vega_fcn_sweep/fcn_100
REACTOME_RETROGRADE_NEUROTROPHIN_SIGNALLING,,0.3840736378309994,test,1.0,674,674,0.5,/Users/charlottejob/Code/Evaluation_neuron_interpretability/vega_fcn_sweep/fcn_100
REACTOME_ERKS_ARE_INACTIVATED,-0.0501197949051857,0.6991403406993302,test,1.0,674,674,0.5,/Users/charlottejob/Code/Evaluation_neuron_interpretability/vega_fcn_sweep/fcn_100
REACTOME_NEGATIVE_REGULATION_OF_THE_PI3K_AKT_NETWORK,,0.4228032979976444,test,1.0,674,674,0.5,/Users/charlottejob/Code/Evaluation_neuron_interpretability/vega_fcn_sweep/fcn_100
REACTOME_PI3K_AKT_ACTIVATION,0.1161062717437744,0.5239770264644027,test,1.0,674,674,0.5,/Users/charlottejob/Code/Evaluation_neuron_interpretability/vega_fcn_sweep/fcn_100
REACTOME_REGULATORY_RNA_PATHWAYS,,0.44469223051084067,test,1.0,674,674,0.5,/Users/charlottejob/Code/Evaluation_neuron_interpretability/vega_fcn_sweep/fcn_100
REACTOME_EGFR_DOWNREGULATION,-0.0103937312960624,0.5059234095877152,test,1.0,674,674,0.5,/Users/charlottejob/Code/Evaluation_neuron_interpretability/vega_fcn_sweep/fcn_100
REACTOME_PROCESSING_OF_CAPPED_INTRON_CONTAINING_PRE_MRNA,0.0242224633693695,0.650766492202237,test,1.0,674,674,0.5,/Users/charlottejob/Code/Evaluation_neuron_interpretability/vega_fcn_sweep/fcn_100
REACTOME_PECAM1_INTERACTIONS,-0.0033171081449836,0.5032960551526356,test,1.0,674,674,0.5,/Users/charlottejob/Code/Evaluation_neuron_interpretability/vega_fcn_sweep/fcn_100
REACTOME_TCR_SIGNALING,0.0135201159864664,0.4590601099928327,test,1.0,674,674,0.5,/Users/charlottejob/Code/Evaluation_neuron_interpretability/vega_fcn_sweep/fcn_100
REACTOME_REGULATION_OF_PYRUVATE_DEHYDROGENASE_PDH_COMPLEX,-0.0223971232771873,0.5418751542326695,test,1.0,674,674,0.5,/Users/charlottejob/Code/Evaluation_neuron_interpretability/vega_fcn_sweep/fcn_100
REACTOME_DOWNSTREAM_TCR_SIGNALING,0.0200369488447904,0.599952456786615,test,1.0,674,674,0.5,/Users/charlottejob/Code/Evaluation_neuron_interpretability/vega_fcn_sweep/fcn_100
REACTOME_BASIGIN_INTERACTIONS,0.0196756329387426,0.5373687254466333,test,1.0,674,674,0.5,/Users/charlottejob/Code/Evaluation_neuron_interpretability/vega_fcn_sweep/fcn_100
REACTOME_AKT_PHOSPHORYLATES_TARGETS_IN_THE_CYTOSOL,0.0099560339003801,0.43134049921358697,test,1.0,674,674,0.5,/Users/charlottejob/Code/Evaluation_neuron_interpretability/vega_fcn_sweep/fcn_100
REACTOME_GAB1_SIGNALOSOME,-0.01107410620898,0.3995796950462013,test,1.0,674,674,0.5,/Users/charlottejob/Code/Evaluation_neuron_interpretability/vega_fcn_sweep/fcn_100
REACTOME_SHC1_EVENTS_IN_EGFR_SIGNALING,,0.5775265017667844,test,1.0,674,674,0.5,/Users/charlottejob/Code/Evaluation_neuron_interpretability/vega_fcn_sweep/fcn_100
REACTOME_ACTIVATION_OF_THE_MRNA_UPON_BINDING_OF_THE_CAP_BINDING_COMPLEX_AND_EIFS_AND_SUBSEQUENT_BINDING_TO_43S,0.0774778053164482,0.397503441327146,test,1.0,674,674,0.5,/Users/charlottejob/Code/Evaluation_neuron_interpretability/vega_fcn_sweep/fcn_100
REACTOME_PHOSPHORYLATION_OF_CD3_AND_TCR_ZETA_CHAINS,0.0487444102764129,0.6017324745239939,test,1.0,674,674,0.5,/Users/charlottejob/Code/Evaluation_neuron_interpretability/vega_fcn_sweep/fcn_100
REACTOME_GLUTAMATE_NEUROTRANSMITTER_RELEASE_CYCLE,-0.0050490410067141,0.5420484120099025,test,1.0,674,674,0.5,/Users/charlottejob/Code/Evaluation_neuron_interpretability/vega_fcn_sweep/fcn_100
REACTOME_TRANSLOCATION_OF_ZAP_70_TO_IMMUNOLOGICAL_SYNAPSE,0.0378265120089054,0.4651789598786066,test,1.0,674,674,0.5,/Users/charlottejob/Code/Evaluation_neuron_interpretability/vega_fcn_sweep/fcn_100
REACTOME_ERK_MAPK_TARGETS,0.0334550179541111,0.4867328308517362,test,1.0,674,674,0.5,/Users/charlottejob/Code/Evaluation_neuron_interpretability/vega_fcn_sweep/fcn_100
REACTOME_TIE2_SIGNALING,0.0015476089902222,0.4905981827359919,test,1.0,674,674,0.5,/Users/charlottejob/Code/Evaluation_neuron_interpretability/vega_fcn_sweep/fcn_100
REACTOME_GENERATION_OF_SECOND_MESSENGER_MOLECULES,0.0164050124585628,0.5117759061965869,test,1.0,674,674,0.5,/Users/charlottejob/Code/Evaluation_neuron_interpretability/vega_fcn_sweep/fcn_100
REACTOME_GENERIC_TRANSCRIPTION_PATHWAY,-0.0247958283871412,0.4483120057844648,test,1.0,674,674,0.5,/Users/charlottejob/Code/Evaluation_neuron_interpretability/vega_fcn_sweep/fcn_100
REACTOME_RESPONSE_TO_ELEVATED_PLATELET_CYTOSOLIC_CA2_,0.0298209376633167,0.4541966452381966,test,1.0,674,674,0.5,/Users/charlottejob/Code/Evaluation_neuron_interpretability/vega_fcn_sweep/fcn_100
REACTOME_TRANSPORT_OF_MATURE_TRANSCRIPT_TO_CYTOPLASM,0.0188679061830043,0.5946367685999451,test,1.0,674,674,0.5,/Users/charlottejob/Code/Evaluation_neuron_interpretability/vega_fcn_sweep/fcn_100
REACTOME_METABOLISM_OF_AMINO_ACIDS_AND_DERIVATIVES,0.1851361393928527,0.5073827609798071,test,1.0,674,674,0.5,/Users/charlottejob/Code/Evaluation_neuron_interpretability/vega_fcn_sweep/fcn_100
REACTOME_RNA_POL_I_TRANSCRIPTION,0.0151309026405215,0.38555042131013867,test,1.0,674,674,0.5,/Users/charlottejob/Code/Evaluation_neuron_interpretability/vega_fcn_sweep/fcn_100
REACTOME_FATTY_ACYL_COA_BIOSYNTHESIS,0.0357581637799739,0.4884329596140984,test,1.0,674,674,0.5,/Users/charlottejob/Code/Evaluation_neuron_interpretability/vega_fcn_sweep/fcn_100
REACTOME_E2F_ENABLED_INHIBITION_OF_PRE_REPLICATION_COMPLEX_FORMATION,,0.5680513021855778,test,1.0,674,674,0.5,/Users/charlottejob/Code/Evaluation_neuron_interpretability/vega_fcn_sweep/fcn_100
REACTOME_P75NTR_RECRUITS_SIGNALLING_COMPLEXES,,0.4629865200889935,test,1.0,674,674,0.5,/Users/charlottejob/Code/Evaluation_neuron_interpretability/vega_fcn_sweep/fcn_100
REACTOME_BIOLOGICAL_OXIDATIONS,0.1894862353801727,0.5902356956191918,test,1.0,674,674,0.5,/Users/charlottejob/Code/Evaluation_neuron_interpretability/vega_fcn_sweep/fcn_100
REACTOME_REGULATED_PROTEOLYSIS_OF_P75NTR,,0.6087335863543166,test,1.0,674,674,0.5,/Users/charlottejob/Code/Evaluation_neuron_interpretability/vega_fcn_sweep/fcn_100
REACTOME_TRANSMISSION_ACROSS_CHEMICAL_SYNAPSES,0.007434815634042,0.3948379980182102,test,1.0,674,674,0.5,/Users/charlottejob/Code/Evaluation_neuron_interpretability/vega_fcn_sweep/fcn_100
REACTOME_P75NTR_SIGNALS_VIA_NFKB,0.0304682236164808,0.3809734141006226,test,1.0,674,674,0.5,/Users/charlottejob/Code/Evaluation_neuron_interpretability/vega_fcn_sweep/fcn_100
REACTOME_CASPASE_MEDIATED_CLEAVAGE_OF_CYTOSKELETAL_PROTEINS,0.0467617325484752,0.7632156709467394,test,1.0,674,674,0.5,/Users/charlottejob/Code/Evaluation_neuron_interpretability/vega_fcn_sweep/fcn_100
REACTOME_XENOBIOTICS,-0.015898386016488,0.5197212290248957,test,1.0,674,674,0.5,/Users/charlottejob/Code/Evaluation_neuron_interpretability/vega_fcn_sweep/fcn_100
REACTOME_INTEGRIN_CELL_SURFACE_INTERACTIONS,-0.0033181665930896,0.5036071849234393,test,1.0,674,674,0.5,/Users/charlottejob/Code/Evaluation_neuron_interpretability/vega_fcn_sweep/fcn_100
REACTOME_REGULATION_OF_ORNITHINE_DECARBOXYLASE_ODC,0.0011484188726171,0.37579033458808236,test,1.0,674,674,0.5,/Users/charlottejob/Code/Evaluation_neuron_interpretability/vega_fcn_sweep/fcn_100
REACTOME_CYTOCHROME_P450_ARRANGED_BY_SUBSTRATE_TYPE,0.03922114148736,0.6579498257864259,test,1.0,674,674,0.5,/Users/charlottejob/Code/Evaluation_neuron_interpretability/vega_fcn_sweep/fcn_100
REACTOME_BASE_FREE_SUGAR_PHOSPHATE_REMOVAL_VIA_THE_SINGLE_NUCLEOTIDE_REPLACEMENT_PATHWAY,,0.5879684160013959,test,1.0,674,674,0.5,/Users/charlottejob/Code/Evaluation_neuron_interpretability/vega_fcn_sweep/fcn_100
REACTOME_APOPTOTIC_CLEAVAGE_OF_CELL_ADHESION_PROTEINS,-0.0002931928029283,0.3924912099621015,test,1.0,674,674,0.5,/Users/charlottejob/Code/Evaluation_neuron_interpretability/vega_fcn_sweep/fcn_100
REACTOME_HDL_MEDIATED_LIPID_TRANSPORT,-0.0106290839612483,0.5584914324976162,test,1.0,674,674,0.5,/Users/charlottejob/Code/Evaluation_neuron_interpretability/vega_fcn_sweep/fcn_100
REACTOME_NRAGE_SIGNALS_DEATH_THROUGH_JNK,0.0180034078657627,0.5206054532988766,test,1.0,674,674,0.5,/Users/charlottejob/Code/Evaluation_neuron_interpretability/vega_fcn_sweep/fcn_100
REACTOME_SLBP_DEPENDENT_PROCESSING_OF_REPLICATION_DEPENDENT_HISTONE_PRE_MRNAS,,0.36224228940365577,test,1.0,674,674,0.5,/Users/charlottejob/Code/Evaluation_neuron_interpretability/vega_fcn_sweep/fcn_100
REACTOME_NRIF_SIGNALS_CELL_DEATH_FROM_THE_NUCLEUS,,0.4019316843345111,test,1.0,674,674,0.5,/Users/charlottejob/Code/Evaluation_neuron_interpretability/vega_fcn_sweep/fcn_100
REACTOME_REGULATION_OF_APOPTOSIS,0.0104457549750804,0.4757205373552474,test,1.0,674,674,0.5,/Users/charlottejob/Code/Evaluation_neuron_interpretability/vega_fcn_sweep/fcn_100
REACTOME_RNA_POL_II_TRANSCRIPTION,0.0007587508298456,0.6761377021094335,test,1.0,674,674,0.5,/Users/charlottejob/Code/Evaluation_neuron_interpretability/vega_fcn_sweep/fcn_100
REACTOME_NEURONAL_SYSTEM,0.0036987313069403,0.4678878680800942,test,1.0,674,674,0.5,/Users/charlottejob/Code/Evaluation_neuron_interpretability/vega_fcn_sweep/fcn_100
REACTOME_NFKB_IS_ACTIVATED_AND_SIGNALS_SURVIVAL,0.124502308666706,0.4696106063155533,test,1.0,674,674,0.5,/Users/charlottejob/Code/Evaluation_neuron_interpretability/vega_fcn_sweep/fcn_100
REACTOME_REGULATION_OF_BETA_CELL_DEVELOPMENT,0.0083323009312152,0.47972630200516436,test,1.0,674,674,0.5,/Users/charlottejob/Code/Evaluation_neuron_interpretability/vega_fcn_sweep/fcn_100
REACTOME_PHASE1_FUNCTIONALIZATION_OF_COMPOUNDS,0.0445912480354309,0.5468843401705593,test,1.0,674,674,0.5,/Users/charlottejob/Code/Evaluation_neuron_interpretability/vega_fcn_sweep/fcn_100
REACTOME_RNA_POL_III_TRANSCRIPTION,,0.3463054574008637,test,1.0,674,674,0.5,/Users/charlottejob/Code/Evaluation_neuron_interpretability/vega_fcn_sweep/fcn_100
REACTOME_CELL_DEATH_SIGNALLING_VIA_NRAGE_NRIF_AND_NADE,-0.0308977589011192,0.4390326722482199,test,1.0,674,674,0.5,/Users/charlottejob/Code/Evaluation_neuron_interpretability/vega_fcn_sweep/fcn_100
REACTOME_NEUROTRANSMITTER_RELEASE_CYCLE,-0.0244891662150621,0.47637213184916366,test,1.0,674,674,0.5,/Users/charlottejob/Code/Evaluation_neuron_interpretability/vega_fcn_sweep/fcn_100
REACTOME_P75_NTR_RECEPTOR_MEDIATED_SIGNALLING,0.012105168774724,0.46066813987666316,test,1.0,674,674,0.5,/Users/charlottejob/Code/Evaluation_neuron_interpretability/vega_fcn_sweep/fcn_100
REACTOME_AMINO_ACID_TRANSPORT_ACROSS_THE_PLASMA_MEMBRANE,0.0959769263863563,0.5660523855551505,test,1.0,674,674,0.5,/Users/charlottejob/Code/Evaluation_neuron_interpretability/vega_fcn_sweep/fcn_100
REACTOME_ENDOGENOUS_STEROLS,0.0912422239780426,0.5873916635901764,test,1.0,674,674,0.5,/Users/charlottejob/Code/Evaluation_neuron_interpretability/vega_fcn_sweep/fcn_100
REACTOME_REGULATION_OF_GENE_EXPRESSION_IN_BETA_CELLS,,0.4207562504498147,test,1.0,674,674,0.5,/Users/charlottejob/Code/Evaluation_neuron_interpretability/vega_fcn_sweep/fcn_100
REACTOME_GLYCOLYSIS,0.0116821806877851,0.4437455480357102,test,1.0,674,674,0.5,/Users/charlottejob/Code/Evaluation_neuron_interpretability/vega_fcn_sweep/fcn_100
REACTOME_PROCESSIVE_SYNTHESIS_ON_THE_LAGGING_STRAND,,0.47347205863106917,test,1.0,674,674,0.5,/Users/charlottejob/Code/Evaluation_neuron_interpretability/vega_fcn_sweep/fcn_100
REACTOME_PEPTIDE_CHAIN_ELONGATION,0.0759620890021324,0.4179775639661118,test,1.0,674,674,0.5,/Users/charlottejob/Code/Evaluation_neuron_interpretability/vega_fcn_sweep/fcn_100
REACTOME_COMMON_PATHWAY,0.0097352284938097,0.4473199374153965,test,1.0,674,674,0.5,/Users/charlottejob/Code/Evaluation_neuron_interpretability/vega_fcn_sweep/fcn_100
REACTOME_MRNA_CAPPING,0.018400901928544,0.5026662383552842,test,1.0,674,674,0.5,/Users/charlottejob/Code/Evaluation_neuron_interpretability/vega_fcn_sweep/fcn_100
REACTOME_MITOCHONDRIAL_FATTY_ACID_BETA_OXIDATION,,0.4224368538149458,test,1.0,674,674,0.5,/Users/charlottejob/Code/Evaluation_neuron_interpretability/vega_fcn_sweep/fcn_100
REACTOME_SIGNALING_BY_GPCR,0.094517558813095,0.48445716399458766,test,1.0,674,674,0.5,/Users/charlottejob/Code/Evaluation_neuron_interpretability/vega_fcn_sweep/fcn_100
REACTOME_PEPTIDE_LIGAND_BINDING_RECEPTORS,0.0821739211678505,0.4770194593145864,test,1.0,674,674,0.5,/Users/charlottejob/Code/Evaluation_neuron_interpretability/vega_fcn_sweep/fcn_100
REACTOME_METABOLISM_OF_POLYAMINES,0.0215483047068119,0.5116884298807968,test,1.0,674,674,0.5,/Users/charlottejob/Code/Evaluation_neuron_interpretability/vega_fcn_sweep/fcn_100
REACTOME_CLASS_A1_RHODOPSIN_LIKE_RECEPTORS,0.0440057441592216,0.5104875541038759,test,1.0,674,674,0.5,/Users/charlottejob/Code/Evaluation_neuron_interpretability/vega_fcn_sweep/fcn_100
REACTOME_NOTCH_HLH_TRANSCRIPTION_PATHWAY,,0.4902831217554421,test,1.0,674,674,0.5,/Users/charlottejob/Code/Evaluation_neuron_interpretability/vega_fcn_sweep/fcn_100
REACTOME_INTEGRATION_OF_ENERGY_METABOLISM,0.0319495946168899,0.4496685762498624,test,1.0,674,674,0.5,/Users/charlottejob/Code/Evaluation_neuron_interpretability/vega_fcn_sweep/fcn_100
REACTOME_CELL_CYCLE_MITOTIC,0.0327636785805225,0.45136949165217727,test,1.0,674,674,0.5,/Users/charlottejob/Code/Evaluation_neuron_interpretability/vega_fcn_sweep/fcn_100
REACTOME_GLUCONEOGENESIS,0.0239723958075046,0.6485472813921457,test,1.0,674,674,0.5,/Users/charlottejob/Code/Evaluation_neuron_interpretability/vega_fcn_sweep/fcn_100
REACTOME_DOPAMINE_NEUROTRANSMITTER_RELEASE_CYCLE,-0.0204200483858585,0.4671099497118836,test,1.0,674,674,0.5,/Users/charlottejob/Code/Evaluation_neuron_interpretability/vega_fcn_sweep/fcn_100
REACTOME_OPIOID_SIGNALLING,0.0358973331749439,0.471592715298718,test,1.0,674,674,0.5,/Users/charlottejob/Code/Evaluation_neuron_interpretability/vega_fcn_sweep/fcn_100
REACTOME_RECRUITMENT_OF_MITOTIC_CENTROSOME_PROTEINS_AND_COMPLEXES,-0.015235187485814,0.4286973121213244,test,1.0,674,674,0.5,/Users/charlottejob/Code/Evaluation_neuron_interpretability/vega_fcn_sweep/fcn_100
REACTOME_MITOCHONDRIAL_TRNA_AMINOACYLATION,0.0017489830497652,0.5348990246369735,test,1.0,674,674,0.5,/Users/charlottejob/Code/Evaluation_neuron_interpretability/vega_fcn_sweep/fcn_100
REACTOME_CYTOSOLIC_TRNA_AMINOACYLATION,-0.0234374348074197,0.46119637297266086,test,1.0,674,674,0.5,/Users/charlottejob/Code/Evaluation_neuron_interpretability/vega_fcn_sweep/fcn_100
REACTOME_CA_DEPENDENT_EVENTS,0.0222756452858448,0.46624826398045116,test,1.0,674,674,0.5,/Users/charlottejob/Code/Evaluation_neuron_interpretability/vega_fcn_sweep/fcn_100
REACTOME_ACETYLCHOLINE_NEUROTRANSMITTER_RELEASE_CYCLE,-0.0118971178308129,0.5793113419803503,test,1.0,674,674,0.5,/Users/charlottejob/Code/Evaluation_neuron_interpretability/vega_fcn_sweep/fcn_100
REACTOME_ADENYLATE_CYCLASE_ACTIVATING_PATHWAY,,0.6751228024255115,test,1.0,674,674,0.5,/Users/charlottejob/Code/Evaluation_neuron_interpretability/vega_fcn_sweep/fcn_100
REACTOME_ADENYLATE_CYCLASE_INHIBITORY_PATHWAY,,0.4751158225363173,test,1.0,674,674,0.5,/Users/charlottejob/Code/Evaluation_neuron_interpretability/vega_fcn_sweep/fcn_100
REACTOME_DARPP_32_EVENTS,0.0299443919211626,0.4689731554242921,test,1.0,674,674,0.5,/Users/charlottejob/Code/Evaluation_neuron_interpretability/vega_fcn_sweep/fcn_100
REACTOME_CHEMOKINE_RECEPTORS_BIND_CHEMOKINES,0.0194138959050178,0.4870971196059536,test,1.0,674,674,0.5,/Users/charlottejob/Code/Evaluation_neuron_interpretability/vega_fcn_sweep/fcn_100
REACTOME_LOSS_OF_NLP_FROM_MITOTIC_CENTROSOMES,0.006230030208826,0.6075442843949049,test,1.0,674,674,0.5,/Users/charlottejob/Code/Evaluation_neuron_interpretability/vega_fcn_sweep/fcn_100
REACTOME_NEUROTRANSMITTER_RECEPTOR_BINDING_AND_DOWNSTREAM_TRANSMISSION_IN_THE_POSTSYNAPTIC_CELL,0.0256665088236331,0.4272449336608616,test,1.0,674,674,0.5,/Users/charlottejob/Code/Evaluation_neuron_interpretability/vega_fcn_sweep/fcn_100
REACTOME_CELL_CYCLE_CHECKPOINTS,0.042706474661827,0.4658790314604519,test,1.0,674,674,0.5,/Users/charlottejob/Code/Evaluation_neuron_interpretability/vega_fcn_sweep/fcn_100
REACTOME_DIABETES_PATHWAYS,0.0023598158732056,0.4830725477512923,test,1.0,674,674,0.5,/Users/charlottejob/Code/Evaluation_neuron_interpretability/vega_fcn_sweep/fcn_100
REACTOME_P130CAS_LINKAGE_TO_MAPK_SIGNALING_FOR_INTEGRINS,-0.0032373396679759,0.4870898409004373,test,1.0,674,674,0.5,/Users/charlottejob/Code/Evaluation_neuron_interpretability/vega_fcn_sweep/fcn_100
REACTOME_GLYCOPROTEIN_HORMONES,,0.49973563669676746,test,1.0,674,674,0.5,/Users/charlottejob/Code/Evaluation_neuron_interpretability/vega_fcn_sweep/fcn_100
REACTOME_NOREPINEPHRINE_NEUROTRANSMITTER_RELEASE_CYCLE,-0.022191883996129,0.5579071538900996,test,1.0,674,674,0.5,/Users/charlottejob/Code/Evaluation_neuron_interpretability/vega_fcn_sweep/fcn_100
REACTOME_PLC_BETA_MEDIATED_EVENTS,-0.0208171084523201,0.5722128028930545,test,1.0,674,674,0.5,/Users/charlottejob/Code/Evaluation_neuron_interpretability/vega_fcn_sweep/fcn_100
REACTOME_REGULATION_OF_INSULIN_LIKE_GROWTH_FACTOR_IGF_ACTIVITY_BY_INSULIN_LIKE_GROWTH_FACTOR_BINDING_PROTEINS_IGFBPS,-0.0283103864639997,0.463853442520962,test,1.0,674,674,0.5,/Users/charlottejob/Code/Evaluation_neuron_interpretability/vega_fcn_sweep/fcn_100
REACTOME_GRB2_SOS_PROVIDES_LINKAGE_TO_MAPK_SIGNALING_FOR_INTERGRINS_,-0.0022297170944511,0.4730249556079838,test,1.0,674,674,0.5,/Users/charlottejob/Code/Evaluation_neuron_interpretability/vega_fcn_sweep/fcn_100
REACTOME_PEPTIDE_HORMONE_BIOSYNTHESIS,,0.4880355974348908,test,1.0,674,674,0.5,/Users/charlottejob/Code/Evaluation_neuron_interpretability/vega_fcn_sweep/fcn_100
REACTOME_G_PROTEIN_ACTIVATION,-0.0050355205312371,0.44741116622292887,test,1.0,674,674,0.5,/Users/charlottejob/Code/Evaluation_neuron_interpretability/vega_fcn_sweep/fcn_100
REACTOME_ACETYLCHOLINE_BINDING_AND_DOWNSTREAM_EVENTS,0.0342787690460681,0.4066579508800669,test,1.0,674,674,0.5,/Users/charlottejob/Code/Evaluation_neuron_interpretability/vega_fcn_sweep/fcn_100
REACTOME_ABC_FAMILY_PROTEINS_MEDIATED_TRANSPORT,0.0349208675324916,0.4276231841382018,test,1.0,674,674,0.5,/Users/charlottejob/Code/Evaluation_neuron_interpretability/vega_fcn_sweep/fcn_100
REACTOME_TRNA_AMINOACYLATION,0.0321117229759693,0.4425987856862415,test,1.0,674,674,0.5,/Users/charlottejob/Code/Evaluation_neuron_interpretability/vega_fcn_sweep/fcn_100
REACTOME_OLFACTORY_SIGNALING_PATHWAY,,0.46914627230292727,test,1.0,674,674,0.5,/Users/charlottejob/Code/Evaluation_neuron_interpretability/vega_fcn_sweep/fcn_100
REACTOME_STEROID_HORMONES,,0.3808768485800288,test,1.0,674,674,0.5,/Users/charlottejob/Code/Evaluation_neuron_interpretability/vega_fcn_sweep/fcn_100
REACTOME_PKA_MEDIATED_PHOSPHORYLATION_OF_CREB,-0.0022268900647759,0.4178541919378373,test,1.0,674,674,0.5,/Users/charlottejob/Code/Evaluation_neuron_interpretability/vega_fcn_sweep/fcn_100
REACTOME_RECRUITMENT_OF_NUMA_TO_MITOTIC_CENTROSOMES,,0.4232901452689438,test,1.0,674,674,0.5,/Users/charlottejob/Code/Evaluation_neuron_interpretability/vega_fcn_sweep/fcn_100
REACTOME_AMINE_DERIVED_HORMONES,-0.0039424709975719,0.5079776172351483,test,1.0,674,674,0.5,/Users/charlottejob/Code/Evaluation_neuron_interpretability/vega_fcn_sweep/fcn_100
REACTOME_TRANSMEMBRANE_TRANSPORT_OF_SMALL_MOLECULES,0.0603310167789459,0.424092303572572,test,1.0,674,674,0.5,/Users/charlottejob/Code/Evaluation_neuron_interpretability/vega_fcn_sweep/fcn_100
REACTOME_INTEGRIN_ALPHAIIB_BETA3_SIGNALING,-0.0078472811728715,0.5825595298553606,test,1.0,674,674,0.5,/Users/charlottejob/Code/Evaluation_neuron_interpretability/vega_fcn_sweep/fcn_100
REACTOME_NUCLEAR_RECEPTOR_TRANSCRIPTION_PATHWAY,-0.0201461091637611,0.4954480761680409,test,1.0,674,674,0.5,/Users/charlottejob/Code/Evaluation_neuron_interpretability/vega_fcn_sweep/fcn_100
REACTOME_INSULIN_SYNTHESIS_AND_PROCESSING,-0.01055802218616,0.520765888717265,test,1.0,674,674,0.5,/Users/charlottejob/Code/Evaluation_neuron_interpretability/vega_fcn_sweep/fcn_100
REACTOME_CYCLIN_E_ASSOCIATED_EVENTS_DURING_G1_S_TRANSITION_,-0.0136380959302186,0.4530903229805964,test,1.0,674,674,0.5,/Users/charlottejob/Code/Evaluation_neuron_interpretability/vega_fcn_sweep/fcn_100
REACTOME_HOMOLOGOUS_RECOMBINATION_REPAIR_OF_REPLICATION_INDEPENDENT_DOUBLE_STRAND_BREAKS,,0.42963835449112253,test,1.0,674,674,0.5,/Users/charlottejob/Code/Evaluation_neuron_interpretability/vega_fcn_sweep/fcn_100
REACTOME_G1_PHASE,0.0023904282134026,0.5364165661609642,test,1.0,674,674,0.5,/Users/charlottejob/Code/Evaluation_neuron_interpretability/vega_fcn_sweep/fcn_100
REACTOME_ELEVATION_OF_CYTOSOLIC_CA2_LEVELS,-0.0187407098710536,0.4731963087984636,test,1.0,674,674,0.5,/Users/charlottejob/Code/Evaluation_neuron_interpretability/vega_fcn_sweep/fcn_100
REACTOME_P53_DEPENDENT_G1_DNA_DAMAGE_RESPONSE,0.0467317029833793,0.62072498113314,test,1.0,674,674,0.5,/Users/charlottejob/Code/Evaluation_neuron_interpretability/vega_fcn_sweep/fcn_100
REACTOME_TRANSCRIPTION_COUPLED_NER_TC_NER,-0.0194688607007265,0.5030602912970298,test,1.0,674,674,0.5,/Users/charlottejob/Code/Evaluation_neuron_interpretability/vega_fcn_sweep/fcn_100
REACTOME_RNA_POL_II_TRANSCRIPTION_PRE_INITIATION_AND_PROMOTER_OPENING,-0.0278449915349483,0.3950035406858612,test,1.0,674,674,0.5,/Users/charlottejob/Code/Evaluation_neuron_interpretability/vega_fcn_sweep/fcn_100
REACTOME_GLUCAGON_SIGNALING_IN_METABOLIC_REGULATION,-0.0067646438255906,0.5048072972306681,test,1.0,674,674,0.5,/Users/charlottejob/Code/Evaluation_neuron_interpretability/vega_fcn_sweep/fcn_100
REACTOME_MRNA_PROCESSING,0.0513669773936271,0.5527195050462703,test,1.0,674,674,0.5,/Users/charlottejob/Code/Evaluation_neuron_interpretability/vega_fcn_sweep/fcn_100
REACTOME_SIGNALING_BY_PDGF,0.0162005312740802,0.5350549849740762,test,1.0,674,674,0.5,/Users/charlottejob/Code/Evaluation_neuron_interpretability/vega_fcn_sweep/fcn_100
REACTOME_ASSOCIATION_OF_TRIC_CCT_WITH_TARGET_PROTEINS_DURING_BIOSYNTHESIS,0.0424073040485382,0.4834443808553722,test,1.0,674,674,0.5,/Users/charlottejob/Code/Evaluation_neuron_interpretability/vega_fcn_sweep/fcn_100
REACTOME_PREFOLDIN_MEDIATED_TRANSFER_OF_SUBSTRATE_TO_CCT_TRIC,-0.0046506156213581,0.5542823239052168,test,1.0,674,674,0.5,/Users/charlottejob/Code/Evaluation_neuron_interpretability/vega_fcn_sweep/fcn_100
REACTOME_HORMONE_LIGAND_BINDING_RECEPTORS,,0.4164393840247786,test,1.0,674,674,0.5,/Users/charlottejob/Code/Evaluation_neuron_interpretability/vega_fcn_sweep/fcn_100
REACTOME_GPVI_MEDIATED_ACTIVATION_CASCADE,0.071664772927761,0.6584251938004968,test,1.0,674,674,0.5,/Users/charlottejob/Code/Evaluation_neuron_interpretability/vega_fcn_sweep/fcn_100
REACTOME_PROTEIN_FOLDING,0.0417530387639999,0.40354871025615296,test,1.0,674,674,0.5,/Users/charlottejob/Code/Evaluation_neuron_interpretability/vega_fcn_sweep/fcn_100
REACTOME_FORMATION_OF_TUBULIN_FOLDING_INTERMEDIATES_BY_CCT_TRIC,-0.0010268467012792,0.4644615651972426,test,1.0,674,674,0.5,/Users/charlottejob/Code/Evaluation_neuron_interpretability/vega_fcn_sweep/fcn_100
REACTOME_PEROXISOMAL_LIPID_METABOLISM,0.012407774105668,0.3633853450802996,test,1.0,674,674,0.5,/Users/charlottejob/Code/Evaluation_neuron_interpretability/vega_fcn_sweep/fcn_100
REACTOME_POST_CHAPERONIN_TUBULIN_FOLDING_PATHWAY,-0.0106328893452882,0.4007081180805332,test,1.0,674,674,0.5,/Users/charlottejob/Code/Evaluation_neuron_interpretability/vega_fcn_sweep/fcn_100
REACTOME_STRIATED_MUSCLE_CONTRACTION,0.0049186265096068,0.42239712134020097,test,1.0,674,674,0.5,/Users/charlottejob/Code/Evaluation_neuron_interpretability/vega_fcn_sweep/fcn_100
REACTOME_METABOLISM_OF_NUCLEOTIDES,0.1998747438192367,0.517660770310947,test,1.0,674,674,0.5,/Users/charlottejob/Code/Evaluation_neuron_interpretability/vega_fcn_sweep/fcn_100
REACTOME_AMINE_LIGAND_BINDING_RECEPTORS,0.0325812697410583,0.4070454680493373,test,1.0,674,674,0.5,/Users/charlottejob/Code/Evaluation_neuron_interpretability/vega_fcn_sweep/fcn_100
REACTOME_METABOLISM_OF_PROTEINS,0.0967933982610702,0.5355873054075637,test,1.0,674,674,0.5,/Users/charlottejob/Code/Evaluation_neuron_interpretability/vega_fcn_sweep/fcn_100
REACTOME_DOWNSTREAM_SIGNAL_TRANSDUCTION,0.0207394808530807,0.48522924302613957,test,1.0,674,674,0.5,/Users/charlottejob/Code/Evaluation_neuron_interpretability/vega_fcn_sweep/fcn_100
REACTOME_MUSCLE_CONTRACTION,0.0196597762405872,0.5208526137192214,test,1.0,674,674,0.5,/Users/charlottejob/Code/Evaluation_neuron_interpretability/vega_fcn_sweep/fcn_100
REACTOME_SEROTONIN_RECEPTORS,,0.5751795140252148,test,1.0,674,674,0.5,/Users/charlottejob/Code/Evaluation_neuron_interpretability/vega_fcn_sweep/fcn_100
REACTOME_CDC6_ASSOCIATION_WITH_THE_ORC_ORIGIN_COMPLEX,,0.5014945687737207,test,1.0,674,674,0.5,/Users/charlottejob/Code/Evaluation_neuron_interpretability/vega_fcn_sweep/fcn_100
REACTOME_M_G1_TRANSITION,0.0376703441143035,0.3939290520969517,test,1.0,674,674,0.5,/Users/charlottejob/Code/Evaluation_neuron_interpretability/vega_fcn_sweep/fcn_100
REACTOME_MRNA_SPLICING,,0.3201518125899751,test,1.0,674,674,0.5,/Users/charlottejob/Code/Evaluation_neuron_interpretability/vega_fcn_sweep/fcn_100
REACTOME_MRNA_SPLICING_MINOR_PATHWAY,,0.3147807878549928,test,1.0,674,674,0.5,/Users/charlottejob/Code/Evaluation_neuron_interpretability/vega_fcn_sweep/fcn_100
REACTOME_3_UTR_MEDIATED_TRANSLATIONAL_REGULATION,0.0641970187425613,0.3636542636979011,test,1.0,674,674,0.5,/Users/charlottejob/Code/Evaluation_neuron_interpretability/vega_fcn_sweep/fcn_100
REACTOME_PROCESSING_OF_CAPPED_INTRONLESS_PRE_MRNA,,0.3999581206648344,test,1.0,674,674,0.5,/Users/charlottejob/Code/Evaluation_neuron_interpretability/vega_fcn_sweep/fcn_100
REACTOME_PURINE_RIBONUCLEOSIDE_MONOPHOSPHATE_BIOSYNTHESIS,,0.5268298215765825,test,1.0,674,674,0.5,/Users/charlottejob/Code/Evaluation_neuron_interpretability/vega_fcn_sweep/fcn_100
REACTOME_G1_S_TRANSITION,-0.0087494105100631,0.4998954406773299,test,1.0,674,674,0.5,/Users/charlottejob/Code/Evaluation_neuron_interpretability/vega_fcn_sweep/fcn_100
REACTOME_CITRIC_ACID_CYCLE_TCA_CYCLE,,0.5230694062731754,test,1.0,674,674,0.5,/Users/charlottejob/Code/Evaluation_neuron_interpretability/vega_fcn_sweep/fcn_100
REACTOME_TRANSCRIPTION,0.0203444380313158,0.9420360191365296,test,1.0,674,674,0.5,/Users/charlottejob/Code/Evaluation_neuron_interpretability/vega_fcn_sweep/fcn_100
REACTOME_POL_SWITCHING,,0.4000488592243598,test,1.0,674,674,0.5,/Users/charlottejob/Code/Evaluation_neuron_interpretability/vega_fcn_sweep/fcn_100
REACTOME_NUCLEOTIDE_EXCISION_REPAIR,0.0384606756269931,0.5207227981026193,test,1.0,674,674,0.5,/Users/charlottejob/Code/Evaluation_neuron_interpretability/vega_fcn_sweep/fcn_100
REACTOME_REGULATION_OF_THE_FANCONI_ANEMIA_PATHWAY,,0.4533734676962003,test,1.0,674,674,0.5,/Users/charlottejob/Code/Evaluation_neuron_interpretability/vega_fcn_sweep/fcn_100
REACTOME_AXON_GUIDANCE,-0.0137082561850547,0.4841063478305962,test,1.0,674,674,0.5,/Users/charlottejob/Code/Evaluation_neuron_interpretability/vega_fcn_sweep/fcn_100
REACTOME_ACTIVATION_OF_CHAPERONE_GENES_BY_XBP1S,0.0120887337252497,0.47328121362952996,test,1.0,674,674,0.5,/Users/charlottejob/Code/Evaluation_neuron_interpretability/vega_fcn_sweep/fcn_100
REACTOME_REGULATION_OF_INSULIN_SECRETION_BY_GLUCAGON_LIKE_PEPTIDE1,0.0397011823952198,0.5545902401467083,test,1.0,674,674,0.5,/Users/charlottejob/Code/Evaluation_neuron_interpretability/vega_fcn_sweep/fcn_100
REACTOME_PERK_REGULATED_GENE_EXPRESSION,0.0286947451531887,0.5545880307364407,test,1.0,674,674,0.5,/Users/charlottejob/Code/Evaluation_neuron_interpretability/vega_fcn_sweep/fcn_100
REACTOME_G_ALPHA_Q_SIGNALLING_EVENTS,0.0418763943016529,0.47775263531413836,test,1.0,674,674,0.5,/Users/charlottejob/Code/Evaluation_neuron_interpretability/vega_fcn_sweep/fcn_100
REACTOME_P2Y_RECEPTORS,0.057641003280878,0.47365924774710916,test,1.0,674,674,0.5,/Users/charlottejob/Code/Evaluation_neuron_interpretability/vega_fcn_sweep/fcn_100
REACTOME_TRAFFICKING_OF_AMPA_RECEPTORS,-0.0050459546037018,0.6198516916151683,test,1.0,674,674,0.5,/Users/charlottejob/Code/Evaluation_neuron_interpretability/vega_fcn_sweep/fcn_100
REACTOME_NCAM1_INTERACTIONS,-0.0117870829999446,0.6342616378843324,test,1.0,674,674,0.5,/Users/charlottejob/Code/Evaluation_neuron_interpretability/vega_fcn_sweep/fcn_100
REACTOME_CLASS_C_3_METABOTROPIC_GLUTAMATE_PHEROMONE_RECEPTORS,,0.5634096758713956,test,1.0,674,674,0.5,/Users/charlottejob/Code/Evaluation_neuron_interpretability/vega_fcn_sweep/fcn_100
REACTOME_REGULATION_OF_INSULIN_SECRETION,0.0632505565881729,0.4959932352595296,test,1.0,674,674,0.5,/Users/charlottejob/Code/Evaluation_neuron_interpretability/vega_fcn_sweep/fcn_100
REACTOME_NCAM_SIGNALING_FOR_NEURITE_OUT_GROWTH,0.0332783386111259,0.5424028268551236,test,1.0,674,674,0.5,/Users/charlottejob/Code/Evaluation_neuron_interpretability/vega_fcn_sweep/fcn_100
REACTOME_INHIBITION_OF_INSULIN_SECRETION_BY_ADRENALINE_NORADRENALINE,0.0177387353032827,0.5456233291772611,test,1.0,674,674,0.5,/Users/charlottejob/Code/Evaluation_neuron_interpretability/vega_fcn_sweep/fcn_100
REACTOME_NUCLEOTIDE_LIKE_PURINERGIC_RECEPTORS,0.0263263694941997,0.4606275716383403,test,1.0,674,674,0.5,/Users/charlottejob/Code/Evaluation_neuron_interpretability/vega_fcn_sweep/fcn_100
REACTOME_ACTIVATION_OF_CHAPERONES_BY_ATF6_ALPHA,,0.4722470880774768,test,1.0,674,674,0.5,/Users/charlottejob/Code/Evaluation_neuron_interpretability/vega_fcn_sweep/fcn_100
REACTOME_TRANSPORT_OF_MATURE_MRNA_DERIVED_FROM_AN_INTRONLESS_TRANSCRIPT,0.0060766069218516,0.5542655224634023,test,1.0,674,674,0.5,/Users/charlottejob/Code/Evaluation_neuron_interpretability/vega_fcn_sweep/fcn_100
REACTOME_EICOSANOID_LIGAND_BINDING_RECEPTORS,0.0613375306129455,0.6228812150296565,test,1.0,674,674,0.5,/Users/charlottejob/Code/Evaluation_neuron_interpretability/vega_fcn_sweep/fcn_100
REACTOME_ACTIVATION_OF_GENES_BY_ATF4,0.0115534085780382,0.5594291603567222,test,1.0,674,674,0.5,/Users/charlottejob/Code/Evaluation_neuron_interpretability/vega_fcn_sweep/fcn_100
REACTOME_UNFOLDED_PROTEIN_RESPONSE,-0.009136757813394,0.6124343709352109,test,1.0,674,674,0.5,/Users/charlottejob/Code/Evaluation_neuron_interpretability/vega_fcn_sweep/fcn_100
REACTOME_CLASS_B_2_SECRETIN_FAMILY_RECEPTORS,0.037533089518547,0.4698701449781151,test,1.0,674,674,0.5,/Users/charlottejob/Code/Evaluation_neuron_interpretability/vega_fcn_sweep/fcn_100
REACTOME_GLUCAGON_TYPE_LIGAND_RECEPTORS,0.0256734434515237,0.5264527650585026,test,1.0,674,674,0.5,/Users/charlottejob/Code/Evaluation_neuron_interpretability/vega_fcn_sweep/fcn_100
REACTOME_REGULATION_OF_INSULIN_SECRETION_BY_ACETYLCHOLINE,-0.0043115997686982,0.4387776857395504,test,1.0,674,674,0.5,/Users/charlottejob/Code/Evaluation_neuron_interpretability/vega_fcn_sweep/fcn_100
REACTOME_G_ALPHA1213_SIGNALLING_EVENTS,0.1028393059968948,0.4173679256970524,test,1.0,674,674,0.5,/Users/charlottejob/Code/Evaluation_neuron_interpretability/vega_fcn_sweep/fcn_100
REACTOME_FANCONI_ANEMIA_PATHWAY,0.0229351948946714,0.45294341746093336,test,1.0,674,674,0.5,/Users/charlottejob/Code/Evaluation_neuron_interpretability/vega_fcn_sweep/fcn_100
REACTOME_TRAFFICKING_OF_GLUR2_CONTAINING_AMPA_RECEPTORS,0.0359147042036056,0.5361573882042854,test,1.0,674,674,0.5,/Users/charlottejob/Code/Evaluation_neuron_interpretability/vega_fcn_sweep/fcn_100
REACTOME_ACTIVATION_OF_CHAPERONE_GENES_BY_ATF6_ALPHA,,0.35700911748026,test,1.0,674,674,0.5,/Users/charlottejob/Code/Evaluation_neuron_interpretability/vega_fcn_sweep/fcn_100
REACTOME_PROSTANOID_LIGAND_RECEPTORS,-0.0057055139914155,0.4786909518584054,test,1.0,674,674,0.5,/Users/charlottejob/Code/Evaluation_neuron_interpretability/vega_fcn_sweep/fcn_100
REACTOME_OPSINS,,0.4465698207040963,test,1.0,674,674,0.5,/Users/charlottejob/Code/Evaluation_neuron_interpretability/vega_fcn_sweep/fcn_100
REACTOME_FORMATION_OF_RNA_POL_II_ELONGATION_COMPLEX_,-0.0011228865478187,0.49402709425341357,test,1.0,674,674,0.5,/Users/charlottejob/Code/Evaluation_neuron_interpretability/vega_fcn_sweep/fcn_100
REACTOME_MRNA_3_END_PROCESSING,,0.4260594163067661,test,1.0,674,674,0.5,/Users/charlottejob/Code/Evaluation_neuron_interpretability/vega_fcn_sweep/fcn_100
REACTOME_POST_TRANSLATIONAL_MODIFICATION_SYNTHESIS_OF_GPI_ANCHORED_PROTEINS,-0.0091057810932397,0.4629499533401138,test,1.0,674,674,0.5,/Users/charlottejob/Code/Evaluation_neuron_interpretability/vega_fcn_sweep/fcn_100
REACTOME_CYCLIN_A_B1_ASSOCIATED_EVENTS_DURING_G2_M_TRANSITION,-0.0030323043465614,0.4073772657982383,test,1.0,674,674,0.5,/Users/charlottejob/Code/Evaluation_neuron_interpretability/vega_fcn_sweep/fcn_100
REACTOME_ELONGATION_ARREST_AND_RECOVERY,,0.5496226497404354,test,1.0,674,674,0.5,/Users/charlottejob/Code/Evaluation_neuron_interpretability/vega_fcn_sweep/fcn_100
REACTOME_SLC_MEDIATED_TRANSMEMBRANE_TRANSPORT,0.1444415599107742,0.44683832831653797,test,1.0,674,674,0.5,/Users/charlottejob/Code/Evaluation_neuron_interpretability/vega_fcn_sweep/fcn_100
REACTOME_ADP_SIGNALLING_THROUGH_P2RY1,0.0042273690924048,0.47896802935298516,test,1.0,674,674,0.5,/Users/charlottejob/Code/Evaluation_neuron_interpretability/vega_fcn_sweep/fcn_100
REACTOME_G_BETA_GAMMA_SIGNALLING_THROUGH_PLC_BETA,0.0498731769621372,0.4654404600910293,test,1.0,674,674,0.5,/Users/charlottejob/Code/Evaluation_neuron_interpretability/vega_fcn_sweep/fcn_100
REACTOME_CD28_CO_STIMULATION,-0.0094373682513833,0.4273732381084553,test,1.0,674,674,0.5,/Users/charlottejob/Code/Evaluation_neuron_interpretability/vega_fcn_sweep/fcn_100
REACTOME_GPCR_DOWNSTREAM_SIGNALING,0.1712245196104049,0.5224754998190875,test,1.0,674,674,0.5,/Users/charlottejob/Code/Evaluation_neuron_interpretability/vega_fcn_sweep/fcn_100
REACTOME_SYNTHESIS_SECRETION_AND_DEACYLATION_OF_GHRELIN,0.0772320479154586,0.491921024210714,test,1.0,674,674,0.5,/Users/charlottejob/Code/Evaluation_neuron_interpretability/vega_fcn_sweep/fcn_100
REACTOME_ADHERENS_JUNCTIONS_INTERACTIONS,,0.5530254105433016,test,1.0,674,674,0.5,/Users/charlottejob/Code/Evaluation_neuron_interpretability/vega_fcn_sweep/fcn_100
REACTOME_CRMPS_IN_SEMA3A_SIGNALING,0.0142312357202172,0.4061994094967071,test,1.0,674,674,0.5,/Users/charlottejob/Code/Evaluation_neuron_interpretability/vega_fcn_sweep/fcn_100
REACTOME_OTHER_SEMAPHORIN_INTERACTIONS,0.0160906612873077,0.5782364358383344,test,1.0,674,674,0.5,/Users/charlottejob/Code/Evaluation_neuron_interpretability/vega_fcn_sweep/fcn_100
REACTOME_ACTIVATION_OF_RAC,-0.0226152054965496,0.5665086274036232,test,1.0,674,674,0.5,/Users/charlottejob/Code/Evaluation_neuron_interpretability/vega_fcn_sweep/fcn_100
REACTOME_PURINE_SALVAGE,-0.0310937017202377,0.5746188593520565,test,1.0,674,674,0.5,/Users/charlottejob/Code/Evaluation_neuron_interpretability/vega_fcn_sweep/fcn_100
REACTOME_G_ALPHA_I_SIGNALLING_EVENTS,0.0377156622707843,0.43088744110718497,test,1.0,674,674,0.5,/Users/charlottejob/Code/Evaluation_neuron_interpretability/vega_fcn_sweep/fcn_100
REACTOME_SEMA3A_PAK_DEPENDENT_AXON_REPULSION,,0.5206700693626489,test,1.0,674,674,0.5,/Users/charlottejob/Code/Evaluation_neuron_interpretability/vega_fcn_sweep/fcn_100
REACTOME_CD28_DEPENDENT_VAV1_PATHWAY,,0.4151795140252148,test,1.0,674,674,0.5,/Users/charlottejob/Code/Evaluation_neuron_interpretability/vega_fcn_sweep/fcn_100
REACTOME_SEMA4D_IN_SEMAPHORIN_SIGNALING,0.0593291595578193,0.4767250687082842,test,1.0,674,674,0.5,/Users/charlottejob/Code/Evaluation_neuron_interpretability/vega_fcn_sweep/fcn_100
REACTOME_SEMAPHORIN_INTERACTIONS,0.113047607243061,0.5758729890043235,test,1.0,674,674,0.5,/Users/charlottejob/Code/Evaluation_neuron_interpretability/vega_fcn_sweep/fcn_100
REACTOME_SEMA4D_INDUCED_CELL_MIGRATION_AND_GROWTH_CONE_COLLAPSE,0.0351785980165004,0.464639772281115,test,1.0,674,674,0.5,/Users/charlottejob/Code/Evaluation_neuron_interpretability/vega_fcn_sweep/fcn_100
REACTOME_SEMA3A_PLEXIN_REPULSION_SIGNALING_BY_INHIBITING_INTEGRIN_ADHESION,,0.391348427343716,test,1.0,674,674,0.5,/Users/charlottejob/Code/Evaluation_neuron_interpretability/vega_fcn_sweep/fcn_100
REACTOME_LYSOSOME_VESICLE_BIOGENESIS,0.3042014539241791,0.4933199222720164,test,1.0,674,674,0.5,/Users/charlottejob/Code/Evaluation_neuron_interpretability/vega_fcn_sweep/fcn_100
REACTOME_G_BETA_GAMMA_SIGNALLING_THROUGH_PI3KGAMMA,-0.0086754187941551,0.4902967508225938,test,1.0,674,674,0.5,/Users/charlottejob/Code/Evaluation_neuron_interpretability/vega_fcn_sweep/fcn_100
REACTOME_TRANSPORT_OF_GLUCOSE_AND_OTHER_SUGARS_BILE_SALTS_AND_ORGANIC_ACIDS_METAL_IONS_AND_AMINE_COMPOUNDS,0.0763447508215904,0.4637853401104285,test,1.0,674,674,0.5,/Users/charlottejob/Code/Evaluation_neuron_interpretability/vega_fcn_sweep/fcn_100
REACTOME_SPHINGOLIPID_METABOLISM,0.1192479133605957,0.4971099385366764,test,1.0,674,674,0.5,/Users/charlottejob/Code/Evaluation_neuron_interpretability/vega_fcn_sweep/fcn_100
REACTOME_PD1_SIGNALING,0.0157023351639509,0.4407378871206284,test,1.0,674,674,0.5,/Users/charlottejob/Code/Evaluation_neuron_interpretability/vega_fcn_sweep/fcn_100
REACTOME_G_ALPHA_S_SIGNALLING_EVENTS,0.0855358615517616,0.48538271199130767,test,1.0,674,674,0.5,/Users/charlottejob/Code/Evaluation_neuron_interpretability/vega_fcn_sweep/fcn_100
REACTOME_CELL_CELL_JUNCTION_ORGANIZATION,-0.0058896467089653,0.527314505186254,test,1.0,674,674,0.5,/Users/charlottejob/Code/Evaluation_neuron_interpretability/vega_fcn_sweep/fcn_100
REACTOME_G_ALPHA_Z_SIGNALLING_EVENTS,-0.0120193408802151,0.4819283449576316,test,1.0,674,674,0.5,/Users/charlottejob/Code/Evaluation_neuron_interpretability/vega_fcn_sweep/fcn_100
REACTOME_FACILITATIVE_NA_INDEPENDENT_GLUCOSE_TRANSPORTERS,,0.6457584085852637,test,1.0,674,674,0.5,/Users/charlottejob/Code/Evaluation_neuron_interpretability/vega_fcn_sweep/fcn_100
REACTOME_COSTIMULATION_BY_THE_CD28_FAMILY,0.0307616759091615,0.4084054138033197,test,1.0,674,674,0.5,/Users/charlottejob/Code/Evaluation_neuron_interpretability/vega_fcn_sweep/fcn_100
REACTOME_SIGNALING_BY_ROBO_RECEPTOR,-0.0038451431319117,0.5918176615439543,test,1.0,674,674,0.5,/Users/charlottejob/Code/Evaluation_neuron_interpretability/vega_fcn_sweep/fcn_100
REACTOME_CD28_DEPENDENT_PI3K_AKT_SIGNALING,0.065271146595478,0.5359614252061249,test,1.0,674,674,0.5,/Users/charlottejob/Code/Evaluation_neuron_interpretability/vega_fcn_sweep/fcn_100
REACTOME_TIGHT_JUNCTION_INTERACTIONS,0.01524368673563,0.5388368800284226,test,1.0,674,674,0.5,/Users/charlottejob/Code/Evaluation_neuron_interpretability/vega_fcn_sweep/fcn_100
REACTOME_G_PROTEIN_BETA_GAMMA_SIGNALLING,0.022745182737708,0.4620504878651719,test,1.0,674,674,0.5,/Users/charlottejob/Code/Evaluation_neuron_interpretability/vega_fcn_sweep/fcn_100
REACTOME_TRANSPORT_OF_INORGANIC_CATIONS_ANIONS_AND_AMINO_ACIDS_OLIGOPEPTIDES,-0.0022846558131277,0.4559434063886785,test,1.0,674,674,0.5,/Users/charlottejob/Code/Evaluation_neuron_interpretability/vega_fcn_sweep/fcn_100
REACTOME_GOLGI_ASSOCIATED_VESICLE_BIOGENESIS,0.0236293449997901,0.4149675650018459,test,1.0,674,674,0.5,/Users/charlottejob/Code/Evaluation_neuron_interpretability/vega_fcn_sweep/fcn_100
REACTOME_CTLA4_INHIBITORY_SIGNALING,0.1180618405342102,0.5194557880705022,test,1.0,674,674,0.5,/Users/charlottejob/Code/Evaluation_neuron_interpretability/vega_fcn_sweep/fcn_100
REACTOME_FORMATION_OF_TRANSCRIPTION_COUPLED_NER_TC_NER_REPAIR_COMPLEX,-0.0255816355347633,0.4096039769552949,test,1.0,674,674,0.5,/Users/charlottejob/Code/Evaluation_neuron_interpretability/vega_fcn_sweep/fcn_100
REACTOME_AMINO_ACID_AND_OLIGOPEPTIDE_SLC_TRANSPORTERS,-0.0407228581607341,0.6387437139854566,test,1.0,674,674,0.5,/Users/charlottejob/Code/Evaluation_neuron_interpretability/vega_fcn_sweep/fcn_100
REACTOME_CDT1_ASSOCIATION_WITH_THE_CDC6_ORC_ORIGIN_COMPLEX,,0.5877607642978667,test,1.0,674,674,0.5,/Users/charlottejob/Code/Evaluation_neuron_interpretability/vega_fcn_sweep/fcn_100
REACTOME_BRANCHED_CHAIN_AMINO_ACID_CATABOLISM,,0.6323797059721677,test,1.0,674,674,0.5,/Users/charlottejob/Code/Evaluation_neuron_interpretability/vega_fcn_sweep/fcn_100
REACTOME_REPAIR_SYNTHESIS_FOR_GAP_FILLING_BY_DNA_POL_IN_TC_NER,,0.3264441826985996,test,1.0,674,674,0.5,/Users/charlottejob/Code/Evaluation_neuron_interpretability/vega_fcn_sweep/fcn_100
REACTOME_RECEPTOR_LIGAND_BINDING_INITIATES_THE_SECOND_PROTEOLYTIC_CLEAVAGE_OF_NOTCH_RECEPTOR,,0.5762422021550407,test,1.0,674,674,0.5,/Users/charlottejob/Code/Evaluation_neuron_interpretability/vega_fcn_sweep/fcn_100
REACTOME_SYNTHESIS_OF_DNA,0.0406582094728946,0.5367163200101563,test,1.0,674,674,0.5,/Users/charlottejob/Code/Evaluation_neuron_interpretability/vega_fcn_sweep/fcn_100
REACTOME_NA_CL_DEPENDENT_NEUROTRANSMITTER_TRANSPORTERS,,0.5540944988317982,test,1.0,674,674,0.5,/Users/charlottejob/Code/Evaluation_neuron_interpretability/vega_fcn_sweep/fcn_100
REACTOME_FORMATION_OF_FIBRIN_CLOT_CLOTTING_CASCADE,-0.0256258361041545,0.6862599888562099,test,1.0,674,674,0.5,/Users/charlottejob/Code/Evaluation_neuron_interpretability/vega_fcn_sweep/fcn_100
REACTOME_DEADENYLATION_OF_MRNA,,0.4939493085547267,test,1.0,674,674,0.5,/Users/charlottejob/Code/Evaluation_neuron_interpretability/vega_fcn_sweep/fcn_100
REACTOME_MRNA_DECAY_BY_5_TO_3_EXORIBONUCLEASE,,0.4675129782314705,test,1.0,674,674,0.5,/Users/charlottejob/Code/Evaluation_neuron_interpretability/vega_fcn_sweep/fcn_100
REACTOME_SIGNAL_AMPLIFICATION,5.943787982687354e-05,0.5550286037731702,test,1.0,674,674,0.5,/Users/charlottejob/Code/Evaluation_neuron_interpretability/vega_fcn_sweep/fcn_100
REACTOME_ZINC_TRANSPORTERS,,0.369754395148977,test,1.0,674,674,0.5,/Users/charlottejob/Code/Evaluation_neuron_interpretability/vega_fcn_sweep/fcn_100
REACTOME_DOUBLE_STRAND_BREAK_REPAIR,0.0577127188444137,0.395996340232206,test,1.0,674,674,0.5,/Users/charlottejob/Code/Evaluation_neuron_interpretability/vega_fcn_sweep/fcn_100
REACTOME_RAS_ACTIVATION_UOPN_CA2_INFUX_THROUGH_NMDA_RECEPTOR,,0.572312524538673,test,1.0,674,674,0.5,/Users/charlottejob/Code/Evaluation_neuron_interpretability/vega_fcn_sweep/fcn_100
REACTOME_METAL_ION_SLC_TRANSPORTERS,0.0133990515023469,0.4751287078881421,test,1.0,674,674,0.5,/Users/charlottejob/Code/Evaluation_neuron_interpretability/vega_fcn_sweep/fcn_100
REACTOME_AUTODEGRADATION_OF_THE_E3_UBIQUITIN_LIGASE_COP1,,0.6428530297081534,test,1.0,674,674,0.5,/Users/charlottejob/Code/Evaluation_neuron_interpretability/vega_fcn_sweep/fcn_100
REACTOME_SMOOTH_MUSCLE_CONTRACTION,0.0064923288300633,0.4057111154281674,test,1.0,674,674,0.5,/Users/charlottejob/Code/Evaluation_neuron_interpretability/vega_fcn_sweep/fcn_100
REACTOME_ACTIVATION_OF_NMDA_RECEPTOR_UPON_GLUTAMATE_BINDING_AND_POSTSYNAPTIC_EVENTS,,0.528475330454129,test,1.0,674,674,0.5,/Users/charlottejob/Code/Evaluation_neuron_interpretability/vega_fcn_sweep/fcn_100
REACTOME_CREB_PHOSPHORYLATION_THROUGH_THE_ACTIVATION_OF_RAS,,0.5339283688871439,test,1.0,674,674,0.5,/Users/charlottejob/Code/Evaluation_neuron_interpretability/vega_fcn_sweep/fcn_100
REACTOME_POST_NMDA_RECEPTOR_ACTIVATION_EVENTS,,0.5995428172577761,test,1.0,674,674,0.5,/Users/charlottejob/Code/Evaluation_neuron_interpretability/vega_fcn_sweep/fcn_100
REACTOME_UNBLOCKING_OF_NMDA_RECEPTOR_GLUTAMATE_BINDING_AND_ACTIVATION,,0.5245735723945383,test,1.0,674,674,0.5,/Users/charlottejob/Code/Evaluation_neuron_interpretability/vega_fcn_sweep/fcn_100
REACTOME_METABOLISM_OF_MRNA,0.0871023908257484,0.3534055920216018,test,1.0,674,674,0.5,/Users/charlottejob/Code/Evaluation_neuron_interpretability/vega_fcn_sweep/fcn_100
REACTOME_MRNA_DECAY_BY_3_TO_5_EXORIBONUCLEASE,,0.3993316756096496,test,1.0,674,674,0.5,/Users/charlottejob/Code/Evaluation_neuron_interpretability/vega_fcn_sweep/fcn_100
REACTOME_BILE_SALT_AND_ORGANIC_ANION_SLC_TRANSPORTERS,0.0185092687606811,0.5169319031042552,test,1.0,674,674,0.5,/Users/charlottejob/Code/Evaluation_neuron_interpretability/vega_fcn_sweep/fcn_100
REACTOME_DEADENYLATION_DEPENDENT_MRNA_DECAY,,0.5387235527636,test,1.0,674,674,0.5,/Users/charlottejob/Code/Evaluation_neuron_interpretability/vega_fcn_sweep/fcn_100
REACTOME_CREB_PHOSPHORYLATION_THROUGH_THE_ACTIVATION_OF_CAMKII,,0.5069127077607644,test,1.0,674,674,0.5,/Users/charlottejob/Code/Evaluation_neuron_interpretability/vega_fcn_sweep/fcn_100
REACTOME_THROMBOXANE_SIGNALLING_THROUGH_TP_RECEPTOR,0.0018493204843252,0.45933123936657516,test,1.0,674,674,0.5,/Users/charlottejob/Code/Evaluation_neuron_interpretability/vega_fcn_sweep/fcn_100
REACTOME_CELL_EXTRACELLULAR_MATRIX_INTERACTIONS,-0.0174823962152004,0.41386925795053,test,1.0,674,674,0.5,/Users/charlottejob/Code/Evaluation_neuron_interpretability/vega_fcn_sweep/fcn_100
REACTOME_ADP_SIGNALLING_THROUGH_P2RY12,0.0580852590501308,0.41998653359975757,test,1.0,674,674,0.5,/Users/charlottejob/Code/Evaluation_neuron_interpretability/vega_fcn_sweep/fcn_100
REACTOME_CELL_JUNCTION_ORGANIZATION,0.0148659544065594,0.5281620335891517,test,1.0,674,674,0.5,/Users/charlottejob/Code/Evaluation_neuron_interpretability/vega_fcn_sweep/fcn_100
REACTOME_AMINE_COMPOUND_SLC_TRANSPORTERS,,0.3940289180398084,test,1.0,674,674,0.5,/Users/charlottejob/Code/Evaluation_neuron_interpretability/vega_fcn_sweep/fcn_100
REACTOME_PYRUVATE_METABOLISM,0.0412611439824104,0.548596241407802,test,1.0,674,674,0.5,/Users/charlottejob/Code/Evaluation_neuron_interpretability/vega_fcn_sweep/fcn_100
REACTOME_PURINE_CATABOLISM,0.0267652161419391,0.44887876130820803,test,1.0,674,674,0.5,/Users/charlottejob/Code/Evaluation_neuron_interpretability/vega_fcn_sweep/fcn_100
REACTOME_GLUCOSE_TRANSPORT,0.0912588983774185,0.5201683463998991,test,1.0,674,674,0.5,/Users/charlottejob/Code/Evaluation_neuron_interpretability/vega_fcn_sweep/fcn_100
REACTOME_FRS2_MEDIATED_CASCADE,0.0129279261454939,0.52765670073281,test,1.0,674,674,0.5,/Users/charlottejob/Code/Evaluation_neuron_interpretability/vega_fcn_sweep/fcn_100
REACTOME_METABOLISM_OF_RNA,0.0865716636180877,0.5662873356096804,test,1.0,674,674,0.5,/Users/charlottejob/Code/Evaluation_neuron_interpretability/vega_fcn_sweep/fcn_100
REACTOME_MITOTIC_G1_G1_S_PHASES,0.0003446475602686,0.4224494398917374,test,1.0,674,674,0.5,/Users/charlottejob/Code/Evaluation_neuron_interpretability/vega_fcn_sweep/fcn_100
REACTOME_PI_3K_CASCADE,-0.0235926248133182,0.5072478623256818,test,1.0,674,674,0.5,/Users/charlottejob/Code/Evaluation_neuron_interpretability/vega_fcn_sweep/fcn_100
REACTOME_DOWNSTREAM_SIGNALING_OF_ACTIVATED_FGFR,0.0307084359228611,0.510356075020386,test,1.0,674,674,0.5,/Users/charlottejob/Code/Evaluation_neuron_interpretability/vega_fcn_sweep/fcn_100
REACTOME_REGULATION_OF_MITOTIC_CELL_CYCLE,-0.0249973088502883,0.5149289738459136,test,1.0,674,674,0.5,/Users/charlottejob/Code/Evaluation_neuron_interpretability/vega_fcn_sweep/fcn_100
REACTOME_TAK1_ACTIVATES_NFKB_BY_PHOSPHORYLATION_AND_ACTIVATION_OF_IKKS_COMPLEX,0.106164164841175,0.44761718080888896,test,1.0,674,674,0.5,/Users/charlottejob/Code/Evaluation_neuron_interpretability/vega_fcn_sweep/fcn_100
REACTOME_REGULATION_OF_AMPK_ACTIVITY_VIA_LKB1,-0.017637001350522,0.5418999120557365,test,1.0,674,674,0.5,/Users/charlottejob/Code/Evaluation_neuron_interpretability/vega_fcn_sweep/fcn_100
REACTOME_MITOTIC_M_M_G1_PHASES,0.0252445992082357,0.5641559169540352,test,1.0,674,674,0.5,/Users/charlottejob/Code/Evaluation_neuron_interpretability/vega_fcn_sweep/fcn_100
REACTOME_MYOGENESIS,0.0007226376328617,0.426929220273109,test,1.0,674,674,0.5,/Users/charlottejob/Code/Evaluation_neuron_interpretability/vega_fcn_sweep/fcn_100
REACTOME_MAP_KINASE_ACTIVATION_IN_TLR_CASCADE,0.0061906464397907,0.9248630255697392,test,1.0,674,674,0.5,/Users/charlottejob/Code/Evaluation_neuron_interpretability/vega_fcn_sweep/fcn_100
REACTOME_PHOSPHOLIPASE_C_MEDIATED_CASCADE,-0.0118807386606931,0.5164606750555618,test,1.0,674,674,0.5,/Users/charlottejob/Code/Evaluation_neuron_interpretability/vega_fcn_sweep/fcn_100
REACTOME_ACTIVATION_OF_KAINATE_RECEPTORS_UPON_GLUTAMATE_BINDING,0.0171348731964826,0.5586656051418517,test,1.0,674,674,0.5,/Users/charlottejob/Code/Evaluation_neuron_interpretability/vega_fcn_sweep/fcn_100
REACTOME_IONOTROPIC_ACTIVITY_OF_KAINATE_RECEPTORS,,0.4955424682633163,test,1.0,674,674,0.5,/Users/charlottejob/Code/Evaluation_neuron_interpretability/vega_fcn_sweep/fcn_100
REACTOME_ACTIVATION_OF_THE_AP1_FAMILY_OF_TRANSCRIPTION_FACTORS,0.029935423284769,0.42088790093424633,test,1.0,674,674,0.5,/Users/charlottejob/Code/Evaluation_neuron_interpretability/vega_fcn_sweep/fcn_100
REACTOME_MAPK_TARGETS_NUCLEAR_EVENTS_MEDIATED_BY_MAP_KINASES,0.0736780613660812,0.3493811833034448,test,1.0,674,674,0.5,/Users/charlottejob/Code/Evaluation_neuron_interpretability/vega_fcn_sweep/fcn_100
REACTOME_SYNTHESIS_AND_INTERCONVERSION_OF_NUCLEOTIDE_DI_AND_TRIPHOSPHATES,0.0527401939034462,0.5943582085366538,test,1.0,674,674,0.5,/Users/charlottejob/Code/Evaluation_neuron_interpretability/vega_fcn_sweep/fcn_100
REACTOME_GPCR_LIGAND_BINDING,0.0435995757579803,0.5165496265151853,test,1.0,674,674,0.5,/Users/charlottejob/Code/Evaluation_neuron_interpretability/vega_fcn_sweep/fcn_100
REACTOME_RNA_POL_I_RNA_POL_III_AND_MITOCHONDRIAL_TRANSCRIPTION,-0.0112797990441322,0.41380447585394586,test,1.0,674,674,0.5,/Users/charlottejob/Code/Evaluation_neuron_interpretability/vega_fcn_sweep/fcn_100
REACTOME_JNK_C_JUN_KINASES_PHOSPHORYLATION_AND_ACTIVATION_MEDIATED_BY_ACTIVATED_HUMAN_TAK1,,0.6415128909828556,test,1.0,674,674,0.5,/Users/charlottejob/Code/Evaluation_neuron_interpretability/vega_fcn_sweep/fcn_100
REACTOME_SHC_MEDIATED_CASCADE,-0.0184544958174228,0.48913127807988266,test,1.0,674,674,0.5,/Users/charlottejob/Code/Evaluation_neuron_interpretability/vega_fcn_sweep/fcn_100
REACTOME_THROMBIN_SIGNALLING_THROUGH_PROTEINASE_ACTIVATED_RECEPTORS_PARS,0.0190714783966541,0.575988217773357,test,1.0,674,674,0.5,/Users/charlottejob/Code/Evaluation_neuron_interpretability/vega_fcn_sweep/fcn_100
REACTOME_ENERGY_DEPENDENT_REGULATION_OF_MTOR_BY_LKB1_AMPK,0.0033917885739356,0.42562565936255337,test,1.0,674,674,0.5,/Users/charlottejob/Code/Evaluation_neuron_interpretability/vega_fcn_sweep/fcn_100
REACTOME_MITOTIC_G2_G2_M_PHASES,-0.0043016159906983,0.5568514926893204,test,1.0,674,674,0.5,/Users/charlottejob/Code/Evaluation_neuron_interpretability/vega_fcn_sweep/fcn_100
REACTOME_REGULATION_OF_RHEB_GTPASE_ACTIVITY_BY_AMPK,,0.518328316537975,test,1.0,674,674,0.5,/Users/charlottejob/Code/Evaluation_neuron_interpretability/vega_fcn_sweep/fcn_100
REACTOME_ACTIVATED_TAK1_MEDIATES_P38_MAPK_ACTIVATION,,0.6768625398071806,test,1.0,674,674,0.5,/Users/charlottejob/Code/Evaluation_neuron_interpretability/vega_fcn_sweep/fcn_100
REACTOME_DNA_REPAIR,0.0104890428483486,0.4083808868164355,test,1.0,674,674,0.5,/Users/charlottejob/Code/Evaluation_neuron_interpretability/vega_fcn_sweep/fcn_100
REACTOME_EFFECTS_OF_PIP2_HYDROLYSIS,0.0083591872826218,0.5758996536750876,test,1.0,674,674,0.5,/Users/charlottejob/Code/Evaluation_neuron_interpretability/vega_fcn_sweep/fcn_100
REACTOME_RNA_POL_II_PRE_TRANSCRIPTION_EVENTS,-0.0267712585628032,0.3370163583245261,test,1.0,674,674,0.5,/Users/charlottejob/Code/Evaluation_neuron_interpretability/vega_fcn_sweep/fcn_100
REACTOME_ROLE_OF_DCC_IN_REGULATING_APOPTOSIS,0.0348872020840644,0.5799687192260904,test,1.0,674,674,0.5,/Users/charlottejob/Code/Evaluation_neuron_interpretability/vega_fcn_sweep/fcn_100
REACTOME_POST_TRANSLATIONAL_PROTEIN_MODIFICATION,0.0075917793437838,0.500702115543105,test,1.0,674,674,0.5,/Users/charlottejob/Code/Evaluation_neuron_interpretability/vega_fcn_sweep/fcn_100
REACTOME_CHROMOSOME_MAINTENANCE,0.0304294098168611,0.46518918649628677,test,1.0,674,674,0.5,/Users/charlottejob/Code/Evaluation_neuron_interpretability/vega_fcn_sweep/fcn_100
REACTOME_DEPOSITION_OF_NEW_CENPA_CONTAINING_NUCLEOSOMES_AT_THE_CENTROMERE,0.0033162569161504,0.662498867445864,test,1.0,674,674,0.5,/Users/charlottejob/Code/Evaluation_neuron_interpretability/vega_fcn_sweep/fcn_100
REACTOME_L1CAM_INTERACTIONS,0.034328568726778,0.5598417945391614,test,1.0,674,674,0.5,/Users/charlottejob/Code/Evaluation_neuron_interpretability/vega_fcn_sweep/fcn_100
REACTOME_ROLE_OF_SECOND_MESSENGERS_IN_NETRIN1_SIGNALING,0.003866669954732,0.6402307264266367,test,1.0,674,674,0.5,/Users/charlottejob/Code/Evaluation_neuron_interpretability/vega_fcn_sweep/fcn_100
REACTOME_SIGNALING_BY_ILS,0.0497479699552059,0.5004165589359074,test,1.0,674,674,0.5,/Users/charlottejob/Code/Evaluation_neuron_interpretability/vega_fcn_sweep/fcn_100
REACTOME_NETRIN1_SIGNALING,-0.0190851390361785,0.460653568336952,test,1.0,674,674,0.5,/Users/charlottejob/Code/Evaluation_neuron_interpretability/vega_fcn_sweep/fcn_100
REACTOME_METABOLISM_OF_LIPIDS_AND_LIPOPROTEINS,0.0751857161521911,0.5856443172160845,test,1.0,674,674,0.5,/Users/charlottejob/Code/Evaluation_neuron_interpretability/vega_fcn_sweep/fcn_100
REACTOME_INTERACTION_BETWEEN_L1_AND_ANKYRINS,0.0032612094655632,0.35766462901021623,test,1.0,674,674,0.5,/Users/charlottejob/Code/Evaluation_neuron_interpretability/vega_fcn_sweep/fcn_100
REACTOME_SIGNAL_TRANSDUCTION_BY_L1,-0.0117929372936487,0.6267456878556442,test,1.0,674,674,0.5,/Users/charlottejob/Code/Evaluation_neuron_interpretability/vega_fcn_sweep/fcn_100
REACTOME_FATTY_ACID_TRIACYLGLYCEROL_AND_KETONE_BODY_METABOLISM,0.0399763584136962,0.4879274170481819,test,1.0,674,674,0.5,/Users/charlottejob/Code/Evaluation_neuron_interpretability/vega_fcn_sweep/fcn_100
REACTOME_TRANSPORT_OF_VITAMINS_NUCLEOSIDES_AND_RELATED_MOLECULES,,0.42082673628950806,test,1.0,674,674,0.5,/Users/charlottejob/Code/Evaluation_neuron_interpretability/vega_fcn_sweep/fcn_100
REACTOME_HIGHLY_CALCIUM_PERMEABLE_POSTSYNAPTIC_NICOTINIC_ACETYLCHOLINE_RECEPTORS,,0.6303572830781311,test,1.0,674,674,0.5,/Users/charlottejob/Code/Evaluation_neuron_interpretability/vega_fcn_sweep/fcn_100
REACTOME_RNA_POL_I_PROMOTER_OPENING,0.0074262241832911,0.7504063870723608,test,1.0,674,674,0.5,/Users/charlottejob/Code/Evaluation_neuron_interpretability/vega_fcn_sweep/fcn_100
REACTOME_PRESYNAPTIC_NICOTINIC_ACETYLCHOLINE_RECEPTORS,0.0910690277814865,0.5522395896229635,test,1.0,674,674,0.5,/Users/charlottejob/Code/Evaluation_neuron_interpretability/vega_fcn_sweep/fcn_100
REACTOME_ORGANIC_CATION_ANION_ZWITTERION_TRANSPORT,-0.0206438060849905,0.4312789002946388,test,1.0,674,674,0.5,/Users/charlottejob/Code/Evaluation_neuron_interpretability/vega_fcn_sweep/fcn_100
REACTOME_DCC_MEDIATED_ATTRACTIVE_SIGNALING,-0.0089937876909971,0.5074779769083742,test,1.0,674,674,0.5,/Users/charlottejob/Code/Evaluation_neuron_interpretability/vega_fcn_sweep/fcn_100
REACTOME_RECYCLING_PATHWAY_OF_L1,0.0614801496267318,0.5470147769027485,test,1.0,674,674,0.5,/Users/charlottejob/Code/Evaluation_neuron_interpretability/vega_fcn_sweep/fcn_100
REACTOME_SYNTHESIS_OF_SUBSTRATES_IN_N_GLYCAN_BIOSYTHESIS,,0.48101557387776467,test,1.0,674,674,0.5,/Users/charlottejob/Code/Evaluation_neuron_interpretability/vega_fcn_sweep/fcn_100
REACTOME_RESPIRATORY_ELECTRON_TRANSPORT,,0.5221201413427562,test,1.0,674,674,0.5,/Users/charlottejob/Code/Evaluation_neuron_interpretability/vega_fcn_sweep/fcn_100
REACTOME_ASPARAGINE_N_LINKED_GLYCOSYLATION,-0.0115039972588419,0.6203172336303351,test,1.0,674,674,0.5,/Users/charlottejob/Code/Evaluation_neuron_interpretability/vega_fcn_sweep/fcn_100
REACTOME_ASSEMBLY_OF_THE_PRE_REPLICATIVE_COMPLEX,,0.4905605723509139,test,1.0,674,674,0.5,/Users/charlottejob/Code/Evaluation_neuron_interpretability/vega_fcn_sweep/fcn_100
REACTOME_BIOSYNTHESIS_OF_THE_N_GLYCAN_PRECURSOR_DOLICHOL_LIPID_LINKED_OLIGOSACCHARIDE_LLO_AND_TRANSFER_TO_A_NASCENT_PROTEIN,-0.0105892196297645,0.4847377475817192,test,1.0,674,674,0.5,/Users/charlottejob/Code/Evaluation_neuron_interpretability/vega_fcn_sweep/fcn_100
REACTOME_IL1_SIGNALING,0.0770744085311889,0.6868879916412456,test,1.0,674,674,0.5,/Users/charlottejob/Code/Evaluation_neuron_interpretability/vega_fcn_sweep/fcn_100
REACTOME_GLOBAL_GENOMIC_NER_GG_NER,-0.0124368658289313,0.5090812365000231,test,1.0,674,674,0.5,/Users/charlottejob/Code/Evaluation_neuron_interpretability/vega_fcn_sweep/fcn_100
REACTOME_CGMP_EFFECTS,0.0065865153446793,0.4424364298877973,test,1.0,674,674,0.5,/Users/charlottejob/Code/Evaluation_neuron_interpretability/vega_fcn_sweep/fcn_100
REACTOME_REGULATION_OF_SIGNALING_BY_CBL,0.0487947277724742,0.4956120457781762,test,1.0,674,674,0.5,/Users/charlottejob/Code/Evaluation_neuron_interpretability/vega_fcn_sweep/fcn_100
REACTOME_AMINO_ACID_SYNTHESIS_AND_INTERCONVERSION_TRANSAMINATION,0.0212846919894218,0.3585087011076043,test,1.0,674,674,0.5,/Users/charlottejob/Code/Evaluation_neuron_interpretability/vega_fcn_sweep/fcn_100
REACTOME_CALNEXIN_CALRETICULIN_CYCLE,,0.4286768747546133,test,1.0,674,674,0.5,/Users/charlottejob/Code/Evaluation_neuron_interpretability/vega_fcn_sweep/fcn_100
REACTOME_SYNTHESIS_SECRETION_AND_INACTIVATION_OF_GIP,,0.4896723814509444,test,1.0,674,674,0.5,/Users/charlottejob/Code/Evaluation_neuron_interpretability/vega_fcn_sweep/fcn_100
REACTOME_PASSIVE_TRANSPORT_BY_AQUAPORINS,-0.0538723692297935,0.5206352035734133,test,1.0,674,674,0.5,/Users/charlottejob/Code/Evaluation_neuron_interpretability/vega_fcn_sweep/fcn_100
REACTOME_NEPHRIN_INTERACTIONS,0.0240738820284605,0.4781675921251893,test,1.0,674,674,0.5,/Users/charlottejob/Code/Evaluation_neuron_interpretability/vega_fcn_sweep/fcn_100
REACTOME_IL_3_5_AND_GM_CSF_SIGNALING,0.1015612930059433,0.5509007240456004,test,1.0,674,674,0.5,/Users/charlottejob/Code/Evaluation_neuron_interpretability/vega_fcn_sweep/fcn_100
REACTOME_NITRIC_OXIDE_STIMULATES_GUANYLATE_CYCLASE,-0.0167454089969396,0.459715739345476,test,1.0,674,674,0.5,/Users/charlottejob/Code/Evaluation_neuron_interpretability/vega_fcn_sweep/fcn_100
REACTOME_PLATELET_HOMEOSTASIS,0.0726777985692024,0.4135561888906652,test,1.0,674,674,0.5,/Users/charlottejob/Code/Evaluation_neuron_interpretability/vega_fcn_sweep/fcn_100
REACTOME_N_GLYCAN_TRIMMING_IN_THE_ER_AND_CALNEXIN_CALRETICULIN_CYCLE,,0.5672887492911051,test,1.0,674,674,0.5,/Users/charlottejob/Code/Evaluation_neuron_interpretability/vega_fcn_sweep/fcn_100
REACTOME_PLATELET_SENSITIZATION_BY_LDL,0.0357177890837192,0.52105461828019,test,1.0,674,674,0.5,/Users/charlottejob/Code/Evaluation_neuron_interpretability/vega_fcn_sweep/fcn_100
REACTOME_AQUAPORIN_MEDIATED_TRANSPORT,0.0151458382606506,0.5078890686862683,test,1.0,674,674,0.5,/Users/charlottejob/Code/Evaluation_neuron_interpretability/vega_fcn_sweep/fcn_100
REACTOME_IL_RECEPTOR_SHC_SIGNALING,0.043423868715763,0.5067334998882005,test,1.0,674,674,0.5,/Users/charlottejob/Code/Evaluation_neuron_interpretability/vega_fcn_sweep/fcn_100
REACTOME_RAP1_SIGNALLING,0.1130425333976745,0.5058919067445837,test,1.0,674,674,0.5,/Users/charlottejob/Code/Evaluation_neuron_interpretability/vega_fcn_sweep/fcn_100
REACTOME_PLATELET_CALCIUM_HOMEOSTASIS,-0.0179288983345031,0.4194133889435981,test,1.0,674,674,0.5,/Users/charlottejob/Code/Evaluation_neuron_interpretability/vega_fcn_sweep/fcn_100
REACTOME_SIGNAL_REGULATORY_PROTEIN_SIRP_FAMILY_INTERACTIONS,0.0245258547365665,0.4888741287848596,test,1.0,674,674,0.5,/Users/charlottejob/Code/Evaluation_neuron_interpretability/vega_fcn_sweep/fcn_100
REACTOME_PROSTACYCLIN_SIGNALLING_THROUGH_PROSTACYCLIN_RECEPTOR,0.0340143851935863,0.4338812452246002,test,1.0,674,674,0.5,/Users/charlottejob/Code/Evaluation_neuron_interpretability/vega_fcn_sweep/fcn_100
REACTOME_GABA_SYNTHESIS_RELEASE_REUPTAKE_AND_DEGRADATION,0.0143509870395064,0.5777898039382139,test,1.0,674,674,0.5,/Users/charlottejob/Code/Evaluation_neuron_interpretability/vega_fcn_sweep/fcn_100
REACTOME_INCRETIN_SYNTHESIS_SECRETION_AND_INACTIVATION,,0.4250630371242857,test,1.0,674,674,0.5,/Users/charlottejob/Code/Evaluation_neuron_interpretability/vega_fcn_sweep/fcn_100
REACTOME_TRANSPORT_OF_ORGANIC_ANIONS,,0.5978728787680496,test,1.0,674,674,0.5,/Users/charlottejob/Code/Evaluation_neuron_interpretability/vega_fcn_sweep/fcn_100
REACTOME_SYNTHESIS_SECRETION_AND_INACTIVATION_OF_GLP1,,0.3243606857741133,test,1.0,674,674,0.5,/Users/charlottejob/Code/Evaluation_neuron_interpretability/vega_fcn_sweep/fcn_100
REACTOME_REGULATION_OF_WATER_BALANCE_BY_RENAL_AQUAPORINS,-0.0235213693231344,0.6219557543684181,test,1.0,674,674,0.5,/Users/charlottejob/Code/Evaluation_neuron_interpretability/vega_fcn_sweep/fcn_100
REACTOME_DESTABILIZATION_OF_MRNA_BY_BRF1,0.065877690911293,0.6328361134592396,test,1.0,674,674,0.5,/Users/charlottejob/Code/Evaluation_neuron_interpretability/vega_fcn_sweep/fcn_100
REACTOME_IRAK1_RECRUITS_IKK_COMPLEX,,0.5199127513850716,test,1.0,674,674,0.5,/Users/charlottejob/Code/Evaluation_neuron_interpretability/vega_fcn_sweep/fcn_100
REACTOME_TRAF6_MEDIATED_IRF7_ACTIVATION,0.0613773688673973,0.56796686578047,test,1.0,674,674,0.5,/Users/charlottejob/Code/Evaluation_neuron_interpretability/vega_fcn_sweep/fcn_100
REACTOME_CIRCADIAN_CLOCK,0.0333677269518375,0.49859536241056207,test,1.0,674,674,0.5,/Users/charlottejob/Code/Evaluation_neuron_interpretability/vega_fcn_sweep/fcn_100
REACTOME_TRAF6_MEDIATED_NFKB_ACTIVATION,-0.0210119932889938,0.4699752597199633,test,1.0,674,674,0.5,/Users/charlottejob/Code/Evaluation_neuron_interpretability/vega_fcn_sweep/fcn_100
REACTOME_FACTORS_INVOLVED_IN_MEGAKARYOCYTE_DEVELOPMENT_AND_PLATELET_PRODUCTION,-0.0228401273488998,0.3799392474118158,test,1.0,674,674,0.5,/Users/charlottejob/Code/Evaluation_neuron_interpretability/vega_fcn_sweep/fcn_100
REACTOME_REGULATION_OF_IFNG_SIGNALING,-0.0043082660995423,0.5046446214158887,test,1.0,674,674,0.5,/Users/charlottejob/Code/Evaluation_neuron_interpretability/vega_fcn_sweep/fcn_100
REACTOME_GABA_A_RECEPTOR_ACTIVATION,,0.3760188457008245,test,1.0,674,674,0.5,/Users/charlottejob/Code/Evaluation_neuron_interpretability/vega_fcn_sweep/fcn_100
REACTOME_REGULATION_OF_MRNA_STABILITY_BY_PROTEINS_THAT_BIND_AU_RICH_ELEMENTS,0.0041890032589435,0.5790706997601714,test,1.0,674,674,0.5,/Users/charlottejob/Code/Evaluation_neuron_interpretability/vega_fcn_sweep/fcn_100
REACTOME_INHIBITION_OF_VOLTAGE_GATED_CA2_CHANNELS_VIA_GBETA_GAMMA_SUBUNITS,0.0082727884873747,0.47061605453831606,test,1.0,674,674,0.5,/Users/charlottejob/Code/Evaluation_neuron_interpretability/vega_fcn_sweep/fcn_100
REACTOME_IRAK2_MEDIATED_ACTIVATION_OF_TAK1_COMPLEX_UPON_TLR7_8_OR_9_STIMULATION,,0.4908345330017886,test,1.0,674,674,0.5,/Users/charlottejob/Code/Evaluation_neuron_interpretability/vega_fcn_sweep/fcn_100
REACTOME_TRAF6_MEDIATED_INDUCTION_OF_NFKB_AND_MAP_KINASES_UPON_TLR7_8_OR_9_ACTIVATION,0.040437962859869,0.6023593091108533,test,1.0,674,674,0.5,/Users/charlottejob/Code/Evaluation_neuron_interpretability/vega_fcn_sweep/fcn_100
REACTOME_TRAF3_DEPENDENT_IRF_ACTIVATION_PATHWAY,0.0057559944689273,0.5481045627909585,test,1.0,674,674,0.5,/Users/charlottejob/Code/Evaluation_neuron_interpretability/vega_fcn_sweep/fcn_100
REACTOME_GABA_B_RECEPTOR_ACTIVATION,-0.0017524040304124,0.585324981261377,test,1.0,674,674,0.5,/Users/charlottejob/Code/Evaluation_neuron_interpretability/vega_fcn_sweep/fcn_100
REACTOME_NFKB_ACTIVATION_THROUGH_FADD_RIP1_PATHWAY_MEDIATED_BY_CASPASE_8_AND10,,0.5830772586485189,test,1.0,674,674,0.5,/Users/charlottejob/Code/Evaluation_neuron_interpretability/vega_fcn_sweep/fcn_100
REACTOME_DESTABILIZATION_OF_MRNA_BY_KSRP,,0.5746612572525412,test,1.0,674,674,0.5,/Users/charlottejob/Code/Evaluation_neuron_interpretability/vega_fcn_sweep/fcn_100
REACTOME_TRANSPORT_TO_THE_GOLGI_AND_SUBSEQUENT_MODIFICATION,,0.5465131091043929,test,1.0,674,674,0.5,/Users/charlottejob/Code/Evaluation_neuron_interpretability/vega_fcn_sweep/fcn_100
REACTOME_IRON_UPTAKE_AND_TRANSPORT,0.0451172292232513,0.44695264737225876,test,1.0,674,674,0.5,/Users/charlottejob/Code/Evaluation_neuron_interpretability/vega_fcn_sweep/fcn_100
REACTOME_DESTABILIZATION_OF_MRNA_BY_TRISTETRAPROLIN_TTP,,0.4932513196353008,test,1.0,674,674,0.5,/Users/charlottejob/Code/Evaluation_neuron_interpretability/vega_fcn_sweep/fcn_100
REACTOME_INTERFERON_GAMMA_SIGNALING,0.0158882122486829,0.46761792927116547,test,1.0,674,674,0.5,/Users/charlottejob/Code/Evaluation_neuron_interpretability/vega_fcn_sweep/fcn_100
REACTOME_N_GLYCAN_ANTENNAE_ELONGATION,,0.5397338917244688,test,1.0,674,674,0.5,/Users/charlottejob/Code/Evaluation_neuron_interpretability/vega_fcn_sweep/fcn_100
REACTOME_TRAF6_MEDIATED_IRF7_ACTIVATION_IN_TLR7_8_OR_9_SIGNALING,-0.0011081853881478,0.4003133939088003,test,1.0,674,674,0.5,/Users/charlottejob/Code/Evaluation_neuron_interpretability/vega_fcn_sweep/fcn_100
REACTOME_ACTIVATION_OF_IRF3_IRF7_MEDIATED_BY_TBK1_IKK_EPSILON,0.0086925765499472,0.45642371839903106,test,1.0,674,674,0.5,/Users/charlottejob/Code/Evaluation_neuron_interpretability/vega_fcn_sweep/fcn_100
REACTOME_ION_TRANSPORT_BY_P_TYPE_ATPASES,0.003866501385346,0.504224006216561,test,1.0,674,674,0.5,/Users/charlottejob/Code/Evaluation_neuron_interpretability/vega_fcn_sweep/fcn_100
REACTOME_INTERFERON_ALPHA_BETA_SIGNALING,0.0547311790287494,0.4142604617411183,test,1.0,674,674,0.5,/Users/charlottejob/Code/Evaluation_neuron_interpretability/vega_fcn_sweep/fcn_100
REACTOME_ADVANCED_GLYCOSYLATION_ENDPRODUCT_RECEPTOR_SIGNALING,0.0332895144820213,0.4787345154025336,test,1.0,674,674,0.5,/Users/charlottejob/Code/Evaluation_neuron_interpretability/vega_fcn_sweep/fcn_100
REACTOME_GABA_RECEPTOR_ACTIVATION,0.1068461388349533,0.4776207302709069,test,1.0,674,674,0.5,/Users/charlottejob/Code/Evaluation_neuron_interpretability/vega_fcn_sweep/fcn_100
REACTOME_KINESINS,0.0019437494920566,0.5110585677686788,test,1.0,674,674,0.5,/Users/charlottejob/Code/Evaluation_neuron_interpretability/vega_fcn_sweep/fcn_100
REACTOME_N_GLYCAN_ANTENNAE_ELONGATION_IN_THE_MEDIAL_TRANS_GOLGI,,0.445135453474676,test,1.0,674,674,0.5,/Users/charlottejob/Code/Evaluation_neuron_interpretability/vega_fcn_sweep/fcn_100
REACTOME_REGULATION_OF_IFNA_SIGNALING,0.0111513352021574,0.5749960445124203,test,1.0,674,674,0.5,/Users/charlottejob/Code/Evaluation_neuron_interpretability/vega_fcn_sweep/fcn_100
REACTOME_INTERFERON_SIGNALING,0.0594292357563972,0.5526732934843631,test,1.0,674,674,0.5,/Users/charlottejob/Code/Evaluation_neuron_interpretability/vega_fcn_sweep/fcn_100
REACTOME_NEGATIVE_REGULATORS_OF_RIG_I_MDA5_SIGNALING,0.0173783861100673,0.5272508343878035,test,1.0,674,674,0.5,/Users/charlottejob/Code/Evaluation_neuron_interpretability/vega_fcn_sweep/fcn_100
REACTOME_NFKB_AND_MAP_KINASES_ACTIVATION_MEDIATED_BY_TLR4_SIGNALING_REPERTOIRE,0.1214813515543937,0.39302405106577,test,1.0,674,674,0.5,/Users/charlottejob/Code/Evaluation_neuron_interpretability/vega_fcn_sweep/fcn_100
REACTOME_TRANSFERRIN_ENDOCYTOSIS_AND_RECYCLING,,0.5643467259957248,test,1.0,674,674,0.5,/Users/charlottejob/Code/Evaluation_neuron_interpretability/vega_fcn_sweep/fcn_100
REACTOME_DSCAM_INTERACTIONS,,0.4298983553636086,test,1.0,674,674,0.5,/Users/charlottejob/Code/Evaluation_neuron_interpretability/vega_fcn_sweep/fcn_100
REACTOME_ION_CHANNEL_TRANSPORT,-0.0157375372946262,0.5840749627653896,test,1.0,674,674,0.5,/Users/charlottejob/Code/Evaluation_neuron_interpretability/vega_fcn_sweep/fcn_100
REACTOME_DESTABILIZATION_OF_MRNA_BY_AUF1_HNRNP_D0,,0.4371050909566811,test,1.0,674,674,0.5,/Users/charlottejob/Code/Evaluation_neuron_interpretability/vega_fcn_sweep/fcn_100
REACTOME_TRAF6_MEDIATED_INDUCTION_OF_TAK1_COMPLEX,0.0357896611094474,0.5936360704470245,test,1.0,674,674,0.5,/Users/charlottejob/Code/Evaluation_neuron_interpretability/vega_fcn_sweep/fcn_100
REACTOME_RIG_I_MDA5_MEDIATED_INDUCTION_OF_IFN_ALPHA_BETA_PATHWAYS,-0.0052526439540088,0.5606578175979928,test,1.0,674,674,0.5,/Users/charlottejob/Code/Evaluation_neuron_interpretability/vega_fcn_sweep/fcn_100
REACTOME_IKK_COMPLEX_RECRUITMENT_MEDIATED_BY_RIP1,0.2086843848228454,0.5663981434741152,test,1.0,674,674,0.5,/Users/charlottejob/Code/Evaluation_neuron_interpretability/vega_fcn_sweep/fcn_100
REACTOME_LIGAND_GATED_ION_CHANNEL_TRANSPORT,,0.5463211621515509,test,1.0,674,674,0.5,/Users/charlottejob/Code/Evaluation_neuron_interpretability/vega_fcn_sweep/fcn_100
REACTOME_FORMATION_OF_INCISION_COMPLEX_IN_GG_NER,-0.0042933067306876,0.3413256754881343,test,1.0,674,674,0.5,/Users/charlottejob/Code/Evaluation_neuron_interpretability/vega_fcn_sweep/fcn_100
REACTOME_TRANSCRIPTIONAL_REGULATION_OF_WHITE_ADIPOCYTE_DIFFERENTIATION,0.0253540929406881,0.47016768263335756,test,1.0,674,674,0.5,/Users/charlottejob/Code/Evaluation_neuron_interpretability/vega_fcn_sweep/fcn_100
REACTOME_ENDOSOMAL_SORTING_COMPLEX_REQUIRED_FOR_TRANSPORT_ESCRT,,0.4034777297910396,test,1.0,674,674,0.5,/Users/charlottejob/Code/Evaluation_neuron_interpretability/vega_fcn_sweep/fcn_100
REACTOME_MEIOTIC_RECOMBINATION,0.0067887012846767,0.8791800130399173,test,1.0,674,674,0.5,/Users/charlottejob/Code/Evaluation_neuron_interpretability/vega_fcn_sweep/fcn_100
REACTOME_IL_2_SIGNALING,0.098750501871109,0.5096262022849356,test,1.0,674,674,0.5,/Users/charlottejob/Code/Evaluation_neuron_interpretability/vega_fcn_sweep/fcn_100
REACTOME_IL_6_SIGNALING,-0.0171562917530536,0.4197036021306893,test,1.0,674,674,0.5,/Users/charlottejob/Code/Evaluation_neuron_interpretability/vega_fcn_sweep/fcn_100
REACTOME_PLATELET_AGGREGATION_PLUG_FORMATION,-0.0159869566559791,0.4873590459900159,test,1.0,674,674,0.5,/Users/charlottejob/Code/Evaluation_neuron_interpretability/vega_fcn_sweep/fcn_100
REACTOME_SIGNALING_BY_NOTCH,-0.0211045369505882,0.4219274651477595,test,1.0,674,674,0.5,/Users/charlottejob/Code/Evaluation_neuron_interpretability/vega_fcn_sweep/fcn_100
REACTOME_LAGGING_STRAND_SYNTHESIS,,0.6721022553766959,test,1.0,674,674,0.5,/Users/charlottejob/Code/Evaluation_neuron_interpretability/vega_fcn_sweep/fcn_100
REACTOME_INTRINSIC_PATHWAY,0.0297747459262609,0.3671953893838919,test,1.0,674,674,0.5,/Users/charlottejob/Code/Evaluation_neuron_interpretability/vega_fcn_sweep/fcn_100
REACTOME_INHIBITION_OF_REPLICATION_INITIATION_OF_DAMAGED_DNA_BY_RB1_E2F1,,0.4073480783492562,test,1.0,674,674,0.5,/Users/charlottejob/Code/Evaluation_neuron_interpretability/vega_fcn_sweep/fcn_100
REACTOME_ETHANOL_OXIDATION,0.0779450386762619,0.5255510934490918,test,1.0,674,674,0.5,/Users/charlottejob/Code/Evaluation_neuron_interpretability/vega_fcn_sweep/fcn_100
REACTOME_SYNTHESIS_OF_VERY_LONG_CHAIN_FATTY_ACYL_COAS,0.0645367801189422,0.4430635498236727,test,1.0,674,674,0.5,/Users/charlottejob/Code/Evaluation_neuron_interpretability/vega_fcn_sweep/fcn_100
REACTOME_DNA_REPLICATION,0.1144113838672638,0.43614310504500137,test,1.0,674,674,0.5,/Users/charlottejob/Code/Evaluation_neuron_interpretability/vega_fcn_sweep/fcn_100
REACTOME_CLEAVAGE_OF_GROWING_TRANSCRIPT_IN_THE_TERMINATION_REGION_,,0.6319801073157963,test,1.0,674,674,0.5,/Users/charlottejob/Code/Evaluation_neuron_interpretability/vega_fcn_sweep/fcn_100
REACTOME_PKB_MEDIATED_EVENTS,0.0966064780950546,0.561266107624422,test,1.0,674,674,0.5,/Users/charlottejob/Code/Evaluation_neuron_interpretability/vega_fcn_sweep/fcn_100
REACTOME_E2F_MEDIATED_REGULATION_OF_DNA_REPLICATION,-0.0234422031790018,0.46548460373548717,test,1.0,674,674,0.5,/Users/charlottejob/Code/Evaluation_neuron_interpretability/vega_fcn_sweep/fcn_100
REACTOME_METABOLISM_OF_CARBOHYDRATES,0.0664930194616317,0.6262044809513146,test,1.0,674,674,0.5,/Users/charlottejob/Code/Evaluation_neuron_interpretability/vega_fcn_sweep/fcn_100
REACTOME_HORMONE_SENSITIVE_LIPASE_HSL_MEDIATED_TRIACYLGLYCEROL_HYDROLYSIS,-0.0196661762893199,0.6052116203487365,test,1.0,674,674,0.5,/Users/charlottejob/Code/Evaluation_neuron_interpretability/vega_fcn_sweep/fcn_100
REACTOME_SIGNALING_BY_INSULIN_RECEPTOR,-0.0150113329291343,0.4933297091600978,test,1.0,674,674,0.5,/Users/charlottejob/Code/Evaluation_neuron_interpretability/vega_fcn_sweep/fcn_100
REACTOME_SIGNAL_ATTENUATION,0.0146078979596495,0.4333776123295128,test,1.0,674,674,0.5,/Users/charlottejob/Code/Evaluation_neuron_interpretability/vega_fcn_sweep/fcn_100
REACTOME_PURINE_METABOLISM,0.0293257068842649,0.4673916091760615,test,1.0,674,674,0.5,/Users/charlottejob/Code/Evaluation_neuron_interpretability/vega_fcn_sweep/fcn_100
REACTOME_SOS_MEDIATED_SIGNALLING,-0.0292966701090335,0.5271948293333474,test,1.0,674,674,0.5,/Users/charlottejob/Code/Evaluation_neuron_interpretability/vega_fcn_sweep/fcn_100
REACTOME_RNA_POL_III_TRANSCRIPTION_INITIATION_FROM_TYPE_3_PROMOTER,,0.6375692535880992,test,1.0,674,674,0.5,/Users/charlottejob/Code/Evaluation_neuron_interpretability/vega_fcn_sweep/fcn_100
REACTOME_APOPTOSIS,0.0607244372367858,0.4982474494607126,test,1.0,674,674,0.5,/Users/charlottejob/Code/Evaluation_neuron_interpretability/vega_fcn_sweep/fcn_100
REACTOME_LIPID_DIGESTION_MOBILIZATION_AND_TRANSPORT,0.0056170173920691,0.646794523056229,test,1.0,674,674,0.5,/Users/charlottejob/Code/Evaluation_neuron_interpretability/vega_fcn_sweep/fcn_100
REACTOME_HEMOSTASIS,0.012889401987195,0.8830492801195413,test,1.0,674,674,0.5,/Users/charlottejob/Code/Evaluation_neuron_interpretability/vega_fcn_sweep/fcn_100
REACTOME_INFLUENZA_LIFE_CYCLE,0.0535793453454971,0.7989395691279181,test,1.0,674,674,0.5,/Users/charlottejob/Code/Evaluation_neuron_interpretability/vega_fcn_sweep/fcn_100
REACTOME_INFLUENZA_VIRAL_RNA_TRANSCRIPTION_AND_REPLICATION,0.0446599647402763,0.4094381057800105,test,1.0,674,674,0.5,/Users/charlottejob/Code/Evaluation_neuron_interpretability/vega_fcn_sweep/fcn_100
REACTOME_NEP_NS2_INTERACTS_WITH_THE_CELLULAR_EXPORT_MACHINERY,0.0013859726022928,0.4074904575927451,test,1.0,674,674,0.5,/Users/charlottejob/Code/Evaluation_neuron_interpretability/vega_fcn_sweep/fcn_100
REACTOME_HIV_INFECTION,0.0099730109795928,0.44555428804614966,test,1.0,674,674,0.5,/Users/charlottejob/Code/Evaluation_neuron_interpretability/vega_fcn_sweep/fcn_100
REACTOME_TRANSPORT_OF_RIBONUCLEOPROTEINS_INTO_THE_HOST_NUCLEUS,0.0033683013170957,0.5347042517955667,test,1.0,674,674,0.5,/Users/charlottejob/Code/Evaluation_neuron_interpretability/vega_fcn_sweep/fcn_100
REACTOME_HIV_LIFE_CYCLE,0.0481598898768425,0.5937443151436305,test,1.0,674,674,0.5,/Users/charlottejob/Code/Evaluation_neuron_interpretability/vega_fcn_sweep/fcn_100
REACTOME_ABORTIVE_ELONGATION_OF_HIV1_TRANSCRIPT_IN_THE_ABSENCE_OF_TAT,,0.5086786197269119,test,1.0,674,674,0.5,/Users/charlottejob/Code/Evaluation_neuron_interpretability/vega_fcn_sweep/fcn_100
REACTOME_EARLY_PHASE_OF_HIV_LIFE_CYCLE,-0.0132340304553508,0.583989944271575,test,1.0,674,674,0.5,/Users/charlottejob/Code/Evaluation_neuron_interpretability/vega_fcn_sweep/fcn_100
REACTOME_HOST_INTERACTIONS_OF_HIV_FACTORS,0.0699378699064254,0.5239662287918431,test,1.0,674,674,0.5,/Users/charlottejob/Code/Evaluation_neuron_interpretability/vega_fcn_sweep/fcn_100
REACTOME_RNA_POL_III_TRANSCRIPTION_TERMINATION,,0.6155267635126292,test,1.0,674,674,0.5,/Users/charlottejob/Code/Evaluation_neuron_interpretability/vega_fcn_sweep/fcn_100
REACTOME_RESPIRATORY_ELECTRON_TRANSPORT_ATP_SYNTHESIS_BY_CHEMIOSMOTIC_COUPLING_AND_HEAT_PRODUCTION_BY_UNCOUPLING_PROTEINS_,-0.0083743156865239,0.537018590556878,test,1.0,674,674,0.5,/Users/charlottejob/Code/Evaluation_neuron_interpretability/vega_fcn_sweep/fcn_100
REACTOME_FORMATION_OF_THE_HIV1_EARLY_ELONGATION_COMPLEX,-0.013340363278985,0.5593678719232508,test,1.0,674,674,0.5,/Users/charlottejob/Code/Evaluation_neuron_interpretability/vega_fcn_sweep/fcn_100
REACTOME_RAF_MAP_KINASE_CASCADE,,0.44258604894647297,test,1.0,674,674,0.5,/Users/charlottejob/Code/Evaluation_neuron_interpretability/vega_fcn_sweep/fcn_100
REACTOME_VIRAL_MESSENGER_RNA_SYNTHESIS,,0.5170003926187672,test,1.0,674,674,0.5,/Users/charlottejob/Code/Evaluation_neuron_interpretability/vega_fcn_sweep/fcn_100
REACTOME_LATE_PHASE_OF_HIV_LIFE_CYCLE,0.0299135185778141,0.3935803196207593,test,1.0,674,674,0.5,/Users/charlottejob/Code/Evaluation_neuron_interpretability/vega_fcn_sweep/fcn_100
REACTOME_SHC_MEDIATED_SIGNALLING,,0.7181538193081185,test,1.0,674,674,0.5,/Users/charlottejob/Code/Evaluation_neuron_interpretability/vega_fcn_sweep/fcn_100
REACTOME_INTERACTIONS_OF_VPR_WITH_HOST_CELLULAR_PROTEINS,0.0248476229608058,0.6050886934651115,test,1.0,674,674,0.5,/Users/charlottejob/Code/Evaluation_neuron_interpretability/vega_fcn_sweep/fcn_100
REACTOME_FORMATION_OF_ATP_BY_CHEMIOSMOTIC_COUPLING,,0.6497997644287397,test,1.0,674,674,0.5,/Users/charlottejob/Code/Evaluation_neuron_interpretability/vega_fcn_sweep/fcn_100
REACTOME_APC_C_CDH1_MEDIATED_DEGRADATION_OF_CDC20_AND_OTHER_APC_C_CDH1_TARGETED_PROTEINS_IN_LATE_MITOSIS_EARLY_G1,-0.017477098852396,0.4627201385045482,test,1.0,674,674,0.5,/Users/charlottejob/Code/Evaluation_neuron_interpretability/vega_fcn_sweep/fcn_100
REACTOME_ACTIVATION_OF_ATR_IN_RESPONSE_TO_REPLICATION_STRESS,,0.4323378266370021,test,1.0,674,674,0.5,/Users/charlottejob/Code/Evaluation_neuron_interpretability/vega_fcn_sweep/fcn_100
REACTOME_UNWINDING_OF_DNA,,0.47192252322994377,test,1.0,674,674,0.5,/Users/charlottejob/Code/Evaluation_neuron_interpretability/vega_fcn_sweep/fcn_100
REACTOME_APC_C_CDC20_MEDIATED_DEGRADATION_OF_MITOTIC_PROTEINS,-0.0151586020365357,0.5289727815857068,test,1.0,674,674,0.5,/Users/charlottejob/Code/Evaluation_neuron_interpretability/vega_fcn_sweep/fcn_100
REACTOME_GLUCURONIDATION,,0.5611342319940672,test,1.0,674,674,0.5,/Users/charlottejob/Code/Evaluation_neuron_interpretability/vega_fcn_sweep/fcn_100
REACTOME_AUTODEGRADATION_OF_CDH1_BY_CDH1_APC_C,0.0013553781900554,0.3879513575278047,test,1.0,674,674,0.5,/Users/charlottejob/Code/Evaluation_neuron_interpretability/vega_fcn_sweep/fcn_100
REACTOME_MYD88_MAL_CASCADE_INITIATED_ON_PLASMA_MEMBRANE,-0.0004373141564428,0.8340474881170813,test,1.0,674,674,0.5,/Users/charlottejob/Code/Evaluation_neuron_interpretability/vega_fcn_sweep/fcn_100
REACTOME_INNATE_IMMUNE_SYSTEM,0.0874106958508491,0.4850468338100847,test,1.0,674,674,0.5,/Users/charlottejob/Code/Evaluation_neuron_interpretability/vega_fcn_sweep/fcn_100
REACTOME_REGULATION_OF_GLUCOKINASE_BY_GLUCOKINASE_REGULATORY_PROTEIN,-0.0012855547247454,0.4474326108082084,test,1.0,674,674,0.5,/Users/charlottejob/Code/Evaluation_neuron_interpretability/vega_fcn_sweep/fcn_100
REACTOME_MITOTIC_PROMETAPHASE,0.0337004177272319,0.4298980959758345,test,1.0,674,674,0.5,/Users/charlottejob/Code/Evaluation_neuron_interpretability/vega_fcn_sweep/fcn_100
REACTOME_APC_C_CDC20_MEDIATED_DEGRADATION_OF_CYCLIN_B,-0.016465026885271,0.4313969659556955,test,1.0,674,674,0.5,/Users/charlottejob/Code/Evaluation_neuron_interpretability/vega_fcn_sweep/fcn_100
REACTOME_SCF_BETA_TRCP_MEDIATED_DEGRADATION_OF_EMI1,-0.0099366288632154,0.5092470509642599,test,1.0,674,674,0.5,/Users/charlottejob/Code/Evaluation_neuron_interpretability/vega_fcn_sweep/fcn_100
REACTOME_LIPOPROTEIN_METABOLISM,0.0421420074999332,0.4617916405554708,test,1.0,674,674,0.5,/Users/charlottejob/Code/Evaluation_neuron_interpretability/vega_fcn_sweep/fcn_100
REACTOME_G1_S_SPECIFIC_TRANSCRIPTION,0.0035784656647592,0.5146443294632339,test,1.0,674,674,0.5,/Users/charlottejob/Code/Evaluation_neuron_interpretability/vega_fcn_sweep/fcn_100
REACTOME_THE_ROLE_OF_NEF_IN_HIV1_REPLICATION_AND_DISEASE_PATHOGENESIS,0.1236846297979354,0.9604190837443468,test,1.0,674,674,0.5,/Users/charlottejob/Code/Evaluation_neuron_interpretability/vega_fcn_sweep/fcn_100
REACTOME_CHYLOMICRON_MEDIATED_LIPID_TRANSPORT,-0.0376385375857353,0.4882563882102526,test,1.0,674,674,0.5,/Users/charlottejob/Code/Evaluation_neuron_interpretability/vega_fcn_sweep/fcn_100
REACTOME_SIGNALING_BY_TGF_BETA_RECEPTOR_COMPLEX,-0.0171250030398368,0.3934851145765007,test,1.0,674,674,0.5,/Users/charlottejob/Code/Evaluation_neuron_interpretability/vega_fcn_sweep/fcn_100
REACTOME_CONVERSION_FROM_APC_C_CDC20_TO_APC_C_CDH1_IN_LATE_ANAPHASE,0.0003649761201813,0.3911440816268607,test,1.0,674,674,0.5,/Users/charlottejob/Code/Evaluation_neuron_interpretability/vega_fcn_sweep/fcn_100
REACTOME_ACTIVATED_TLR4_SIGNALLING,0.0501422621309757,0.4600404044824179,test,1.0,674,674,0.5,/Users/charlottejob/Code/Evaluation_neuron_interpretability/vega_fcn_sweep/fcn_100
REACTOME_IMMUNE_SYSTEM,0.1305849254131317,0.8685118272713586,test,1.0,674,674,0.5,/Users/charlottejob/Code/Evaluation_neuron_interpretability/vega_fcn_sweep/fcn_100
REACTOME_BINDING_AND_ENTRY_OF_HIV_VIRION,0.0630523785948753,0.5612152251949072,test,1.0,674,674,0.5,/Users/charlottejob/Code/Evaluation_neuron_interpretability/vega_fcn_sweep/fcn_100
REACTOME_PHOSPHORYLATION_OF_THE_APC_C,-0.0281468741595745,0.49930543451277426,test,1.0,674,674,0.5,/Users/charlottejob/Code/Evaluation_neuron_interpretability/vega_fcn_sweep/fcn_100
REACTOME_CYTOSOLIC_SULFONATION_OF_SMALL_MOLECULES,0.0644792541861534,0.5240062492791309,test,1.0,674,674,0.5,/Users/charlottejob/Code/Evaluation_neuron_interpretability/vega_fcn_sweep/fcn_100
REACTOME_INTEGRATION_OF_PROVIRUS,0.0064215222373604,0.4644066548881036,test,1.0,674,674,0.5,/Users/charlottejob/Code/Evaluation_neuron_interpretability/vega_fcn_sweep/fcn_100
REACTOME_GLUTATHIONE_CONJUGATION,0.0382845476269722,0.5353943193373202,test,1.0,674,674,0.5,/Users/charlottejob/Code/Evaluation_neuron_interpretability/vega_fcn_sweep/fcn_100
REACTOME_COMPLEMENT_CASCADE,0.0038595264777541,0.5222445821251063,test,1.0,674,674,0.5,/Users/charlottejob/Code/Evaluation_neuron_interpretability/vega_fcn_sweep/fcn_100
REACTOME_PHASE_II_CONJUGATION,0.1527423411607742,0.4402080178361097,test,1.0,674,674,0.5,/Users/charlottejob/Code/Evaluation_neuron_interpretability/vega_fcn_sweep/fcn_100
REACTOME_MTORC1_MEDIATED_SIGNALLING,0.0627915114164352,0.3989415044707785,test,1.0,674,674,0.5,/Users/charlottejob/Code/Evaluation_neuron_interpretability/vega_fcn_sweep/fcn_100
REACTOME_TOLL_RECEPTOR_CASCADES,0.0169749502092599,0.6990119907234672,test,1.0,674,674,0.5,/Users/charlottejob/Code/Evaluation_neuron_interpretability/vega_fcn_sweep/fcn_100
REACTOME_ACTIVATION_OF_BH3_ONLY_PROTEINS,0.0281548667699098,0.4738955190705961,test,1.0,674,674,0.5,/Users/charlottejob/Code/Evaluation_neuron_interpretability/vega_fcn_sweep/fcn_100
REACTOME_GLUCOSE_METABOLISM,0.0360498763620853,0.4765701386219256,test,1.0,674,674,0.5,/Users/charlottejob/Code/Evaluation_neuron_interpretability/vega_fcn_sweep/fcn_100
REACTOME_RNA_POL_III_CHAIN_ELONGATION,,0.3937652139772281,test,1.0,674,674,0.5,/Users/charlottejob/Code/Evaluation_neuron_interpretability/vega_fcn_sweep/fcn_100
REACTOME_VOLTAGE_GATED_POTASSIUM_CHANNELS,0.0353602394461631,0.4706392229643532,test,1.0,674,674,0.5,/Users/charlottejob/Code/Evaluation_neuron_interpretability/vega_fcn_sweep/fcn_100
REACTOME_ADAPTIVE_IMMUNE_SYSTEM,0.0506963618099689,0.4955698100339245,test,1.0,674,674,0.5,/Users/charlottejob/Code/Evaluation_neuron_interpretability/vega_fcn_sweep/fcn_100
REACTOME_NOD1_2_SIGNALING_PATHWAY,0.0298025924712419,0.5040647418429514,test,1.0,674,674,0.5,/Users/charlottejob/Code/Evaluation_neuron_interpretability/vega_fcn_sweep/fcn_100
REACTOME_CYTOKINE_SIGNALING_IN_IMMUNE_SYSTEM,0.0783604085445404,0.4195490169430099,test,1.0,674,674,0.5,/Users/charlottejob/Code/Evaluation_neuron_interpretability/vega_fcn_sweep/fcn_100
REACTOME_MEIOTIC_SYNAPSIS,0.0071488115936517,0.6197677025396859,test,1.0,674,674,0.5,/Users/charlottejob/Code/Evaluation_neuron_interpretability/vega_fcn_sweep/fcn_100
REACTOME_ANTIGEN_PRESENTATION_FOLDING_ASSEMBLY_AND_PEPTIDE_LOADING_OF_CLASS_I_MHC,0.053070742636919,0.3445852839932664,test,1.0,674,674,0.5,/Users/charlottejob/Code/Evaluation_neuron_interpretability/vega_fcn_sweep/fcn_100
REACTOME_THE_NLRP3_INFLAMMASOME,0.0139868501573801,0.5338020219866509,test,1.0,674,674,0.5,/Users/charlottejob/Code/Evaluation_neuron_interpretability/vega_fcn_sweep/fcn_100
REACTOME_CLASS_I_MHC_MEDIATED_ANTIGEN_PROCESSING_PRESENTATION,0.0591357126832008,0.359132534988465,test,1.0,674,674,0.5,/Users/charlottejob/Code/Evaluation_neuron_interpretability/vega_fcn_sweep/fcn_100
REACTOME_NONSENSE_MEDIATED_DECAY_ENHANCED_BY_THE_EXON_JUNCTION_COMPLEX,0.1924321055412292,0.4840137936906638,test,1.0,674,674,0.5,/Users/charlottejob/Code/Evaluation_neuron_interpretability/vega_fcn_sweep/fcn_100
REACTOME_PIP3_ACTIVATES_AKT_SIGNALING,-0.0299575664103031,0.49699540847633367,test,1.0,674,674,0.5,/Users/charlottejob/Code/Evaluation_neuron_interpretability/vega_fcn_sweep/fcn_100
REACTOME_ANTIGEN_PROCESSING_UBIQUITINATION_PROTEASOME_DEGRADATION,-0.023696007207036,0.4219981567082653,test,1.0,674,674,0.5,/Users/charlottejob/Code/Evaluation_neuron_interpretability/vega_fcn_sweep/fcn_100
REACTOME_TANDEM_PORE_DOMAIN_POTASSIUM_CHANNELS,,0.6016420189329494,test,1.0,674,674,0.5,/Users/charlottejob/Code/Evaluation_neuron_interpretability/vega_fcn_sweep/fcn_100
REACTOME_INFLAMMASOMES,0.0746931284666061,0.5169753492756447,test,1.0,674,674,0.5,/Users/charlottejob/Code/Evaluation_neuron_interpretability/vega_fcn_sweep/fcn_100
REACTOME_POTASSIUM_CHANNELS,0.0591415725648403,0.492179248964453,test,1.0,674,674,0.5,/Users/charlottejob/Code/Evaluation_neuron_interpretability/vega_fcn_sweep/fcn_100
REACTOME_NUCLEOTIDE_BINDING_DOMAIN_LEUCINE_RICH_REPEAT_CONTAINING_RECEPTOR_NLR_SIGNALING_PATHWAYS,0.0612235404551029,0.4876289875893737,test,1.0,674,674,0.5,/Users/charlottejob/Code/Evaluation_neuron_interpretability/vega_fcn_sweep/fcn_100
REACTOME_INWARDLY_RECTIFYING_K_CHANNELS,-0.0110654970631003,0.4004729271513724,test,1.0,674,674,0.5,/Users/charlottejob/Code/Evaluation_neuron_interpretability/vega_fcn_sweep/fcn_100
REACTOME_AMYLOIDS,0.1667041629552841,0.5403784418542265,test,1.0,674,674,0.5,/Users/charlottejob/Code/Evaluation_neuron_interpretability/vega_fcn_sweep/fcn_100
REACTOME_PACKAGING_OF_TELOMERE_ENDS,0.0305638816207647,0.4880499993782056,test,1.0,674,674,0.5,/Users/charlottejob/Code/Evaluation_neuron_interpretability/vega_fcn_sweep/fcn_100
REACTOME_TELOMERE_MAINTENANCE,0.0068192286416888,0.5269050448846749,test,1.0,674,674,0.5,/Users/charlottejob/Code/Evaluation_neuron_interpretability/vega_fcn_sweep/fcn_100
REACTOME_PLATELET_ACTIVATION_SIGNALING_AND_AGGREGATION,0.0384619385004043,0.44130024415167046,test,1.0,674,674,0.5,/Users/charlottejob/Code/Evaluation_neuron_interpretability/vega_fcn_sweep/fcn_100
REACTOME_REMOVAL_OF_THE_FLAP_INTERMEDIATE_FROM_THE_C_STRAND,,0.5422187322776251,test,1.0,674,674,0.5,/Users/charlottejob/Code/Evaluation_neuron_interpretability/vega_fcn_sweep/fcn_100
REACTOME_CREATION_OF_C4_AND_C2_ACTIVATORS,-0.0160357467830181,0.414975250995569,test,1.0,674,674,0.5,/Users/charlottejob/Code/Evaluation_neuron_interpretability/vega_fcn_sweep/fcn_100
REACTOME_APC_CDC20_MEDIATED_DEGRADATION_OF_NEK2A,0.0030446837190538,0.4117689840634623,test,1.0,674,674,0.5,/Users/charlottejob/Code/Evaluation_neuron_interpretability/vega_fcn_sweep/fcn_100
REACTOME_INITIAL_TRIGGERING_OF_COMPLEMENT,0.0794666856527328,0.5193943154411352,test,1.0,674,674,0.5,/Users/charlottejob/Code/Evaluation_neuron_interpretability/vega_fcn_sweep/fcn_100
REACTOME_EXTENSION_OF_TELOMERES,,0.4092727827945732,test,1.0,674,674,0.5,/Users/charlottejob/Code/Evaluation_neuron_interpretability/vega_fcn_sweep/fcn_100
REACTOME_G2_M_CHECKPOINTS,0.0266363322734832,0.5502549105056731,test,1.0,674,674,0.5,/Users/charlottejob/Code/Evaluation_neuron_interpretability/vega_fcn_sweep/fcn_100
REACTOME_G2_M_DNA_DAMAGE_CHECKPOINT,,0.4661117654757231,test,1.0,674,674,0.5,/Users/charlottejob/Code/Evaluation_neuron_interpretability/vega_fcn_sweep/fcn_100
REACTOME_S_PHASE,-0.0081243282184004,0.5401896968569835,test,1.0,674,674,0.5,/Users/charlottejob/Code/Evaluation_neuron_interpretability/vega_fcn_sweep/fcn_100
REACTOME_SCFSKP2_MEDIATED_DEGRADATION_OF_P27_P21,0.0158597212284803,0.4846808150483485,test,1.0,674,674,0.5,/Users/charlottejob/Code/Evaluation_neuron_interpretability/vega_fcn_sweep/fcn_100
REACTOME_TRYPTOPHAN_CATABOLISM,-0.0185863468796014,0.44224834243812766,test,1.0,674,674,0.5,/Users/charlottejob/Code/Evaluation_neuron_interpretability/vega_fcn_sweep/fcn_100
REACTOME_DNA_STRAND_ELONGATION,,0.47543864241155176,test,1.0,674,674,0.5,/Users/charlottejob/Code/Evaluation_neuron_interpretability/vega_fcn_sweep/fcn_100
REACTOME_RESOLUTION_OF_AP_SITES_VIA_THE_SINGLE_NUCLEOTIDE_REPLACEMENT_PATHWAY,,0.5167718012476552,test,1.0,674,674,0.5,/Users/charlottejob/Code/Evaluation_neuron_interpretability/vega_fcn_sweep/fcn_100
REACTOME_FGFR_LIGAND_BINDING_AND_ACTIVATION,-0.0313196182250976,0.4911396288694695,test,1.0,674,674,0.5,/Users/charlottejob/Code/Evaluation_neuron_interpretability/vega_fcn_sweep/fcn_100
REACTOME_CHOLESTEROL_BIOSYNTHESIS,,0.4948340095100991,test,1.0,674,674,0.5,/Users/charlottejob/Code/Evaluation_neuron_interpretability/vega_fcn_sweep/fcn_100
REACTOME_APOBEC3G_MEDIATED_RESISTANCE_TO_HIV1_INFECTION,-0.0083605702966451,0.4576435523305979,test,1.0,674,674,0.5,/Users/charlottejob/Code/Evaluation_neuron_interpretability/vega_fcn_sweep/fcn_100
REACTOME_GAP_JUNCTION_TRAFFICKING,-0.0055035976693034,0.5588394352590321,test,1.0,674,674,0.5,/Users/charlottejob/Code/Evaluation_neuron_interpretability/vega_fcn_sweep/fcn_100
REACTOME_FGFR2C_LIGAND_BINDING_AND_ACTIVATION,,0.4831496749989094,test,1.0,674,674,0.5,/Users/charlottejob/Code/Evaluation_neuron_interpretability/vega_fcn_sweep/fcn_100
REACTOME_METABOLISM_OF_PORPHYRINS,0.0243435427546501,0.431953458948038,test,1.0,674,674,0.5,/Users/charlottejob/Code/Evaluation_neuron_interpretability/vega_fcn_sweep/fcn_100
REACTOME_FGFR4_LIGAND_BINDING_AND_ACTIVATION,,0.6867478078785499,test,1.0,674,674,0.5,/Users/charlottejob/Code/Evaluation_neuron_interpretability/vega_fcn_sweep/fcn_100
REACTOME_VIF_MEDIATED_DEGRADATION_OF_APOBEC3G,-0.000883889850229,0.465461507901088,test,1.0,674,674,0.5,/Users/charlottejob/Code/Evaluation_neuron_interpretability/vega_fcn_sweep/fcn_100
REACTOME_SIGNALING_BY_FGFR,0.0672141462564468,0.6266947737671954,test,1.0,674,674,0.5,/Users/charlottejob/Code/Evaluation_neuron_interpretability/vega_fcn_sweep/fcn_100
REACTOME_DIGESTION_OF_DIETARY_CARBOHYDRATE,,0.503803167124722,test,1.0,674,674,0.5,/Users/charlottejob/Code/Evaluation_neuron_interpretability/vega_fcn_sweep/fcn_100
REACTOME_FGFR1_LIGAND_BINDING_AND_ACTIVATION,-0.0457576774060726,0.6096852231931895,test,1.0,674,674,0.5,/Users/charlottejob/Code/Evaluation_neuron_interpretability/vega_fcn_sweep/fcn_100
REACTOME_GAP_JUNCTION_ASSEMBLY,,0.4792042926318545,test,1.0,674,674,0.5,/Users/charlottejob/Code/Evaluation_neuron_interpretability/vega_fcn_sweep/fcn_100
REACTOME_SYNTHESIS_OF_GLYCOSYLPHOSPHATIDYLINOSITOL_GPI,,0.5300004362430746,test,1.0,674,674,0.5,/Users/charlottejob/Code/Evaluation_neuron_interpretability/vega_fcn_sweep/fcn_100
REACTOME_RNA_POL_I_TRANSCRIPTION_INITIATION,0.0166044197976589,0.5362875819784427,test,1.0,674,674,0.5,/Users/charlottejob/Code/Evaluation_neuron_interpretability/vega_fcn_sweep/fcn_100
REACTOME_PYRIMIDINE_METABOLISM,0.0027962590102106,0.4681047061512227,test,1.0,674,674,0.5,/Users/charlottejob/Code/Evaluation_neuron_interpretability/vega_fcn_sweep/fcn_100
REACTOME_INTRINSIC_PATHWAY_FOR_APOPTOSIS,-0.0332099869847297,0.47116892994660037,test,1.0,674,674,0.5,/Users/charlottejob/Code/Evaluation_neuron_interpretability/vega_fcn_sweep/fcn_100
REACTOME_PI3K_CASCADE,0.0361944399774074,0.5109939295098306,test,1.0,674,674,0.5,/Users/charlottejob/Code/Evaluation_neuron_interpretability/vega_fcn_sweep/fcn_100
REACTOME_APOPTOTIC_EXECUTION_PHASE,0.063084453344345,0.4634678569214556,test,1.0,674,674,0.5,/Users/charlottejob/Code/Evaluation_neuron_interpretability/vega_fcn_sweep/fcn_100
REACTOME_SHC_RELATED_EVENTS,,0.604325786328142,test,1.0,674,674,0.5,/Users/charlottejob/Code/Evaluation_neuron_interpretability/vega_fcn_sweep/fcn_100
