pathway,distance_corr,reduction_score_probability,eval_split,fully_connected_neuron_fraction,n_fully_connected_neurons_selected,n_pathway_nodes,overlap_threshold,run_dir
REACTOME_GLYCOGEN_BREAKDOWN_GLYCOGENOLYSIS,-0.0046269157901406,0.3640101019116976,test,0.7,472,674,0.5,/Users/charlottejob/Code/Evaluation_neuron_interpretability/vega_fcn_sweep/fcn_070
REACTOME_TRANSLATION,0.7201475501060486,0.9999964415217476,test,0.7,472,674,0.5,/Users/charlottejob/Code/Evaluation_neuron_interpretability/vega_fcn_sweep/fcn_070
REACTOME_PYRIMIDINE_CATABOLISM,0.0428852587938308,0.37483092344633073,test,0.7,472,674,0.5,/Users/charlottejob/Code/Evaluation_neuron_interpretability/vega_fcn_sweep/fcn_070
REACTOME_RNA_POL_III_TRANSCRIPTION_INITIATION_FROM_TYPE_2_PROMOTER,,0.3452724338001134,test,0.7,472,674,0.5,/Users/charlottejob/Code/Evaluation_neuron_interpretability/vega_fcn_sweep/fcn_070
REACTOME_INHIBITION_OF_THE_PROTEOLYTIC_ACTIVITY_OF_APC_C_REQUIRED_FOR_THE_ONSET_OF_ANAPHASE_BY_MITOTIC_SPINDLE_CHECKPOINT_COMPONENTS,0.0567809864878654,0.911155221593086,test,0.7,472,674,0.5,/Users/charlottejob/Code/Evaluation_neuron_interpretability/vega_fcn_sweep/fcn_070
REACTOME_PYRUVATE_METABOLISM_AND_CITRIC_ACID_TCA_CYCLE,0.023023784160614,0.39641995066736396,test,0.7,472,674,0.5,/Users/charlottejob/Code/Evaluation_neuron_interpretability/vega_fcn_sweep/fcn_070
REACTOME_EXTRINSIC_PATHWAY_FOR_APOPTOSIS,0.0580355934798717,0.3923344972091446,test,0.7,472,674,0.5,/Users/charlottejob/Code/Evaluation_neuron_interpretability/vega_fcn_sweep/fcn_070
REACTOME_PTM_GAMMA_CARBOXYLATION_HYPUSINE_FORMATION_AND_ARYLSULFATASE_ACTIVATION,-0.0151536520570516,0.39370066300495543,test,0.7,472,674,0.5,/Users/charlottejob/Code/Evaluation_neuron_interpretability/vega_fcn_sweep/fcn_070
REACTOME_APOPTOTIC_CLEAVAGE_OF_CELLULAR_PROTEINS,0.0019080787897109,0.4064699099213644,test,0.7,472,674,0.5,/Users/charlottejob/Code/Evaluation_neuron_interpretability/vega_fcn_sweep/fcn_070
REACTOME_RNA_POL_I_TRANSCRIPTION_TERMINATION,-0.0063981325365602,0.3864649721193229,test,0.7,472,674,0.5,/Users/charlottejob/Code/Evaluation_neuron_interpretability/vega_fcn_sweep/fcn_070
REACTOME_FORMATION_OF_THE_TERNARY_COMPLEX_AND_SUBSEQUENTLY_THE_43S_COMPLEX,0.0346493273973465,0.6021353280956695,test,0.7,472,674,0.5,/Users/charlottejob/Code/Evaluation_neuron_interpretability/vega_fcn_sweep/fcn_070
REACTOME_ACTIVATION_OF_THE_PRE_REPLICATIVE_COMPLEX,-0.0252649169415235,0.3877352431056902,test,0.7,472,674,0.5,/Users/charlottejob/Code/Evaluation_neuron_interpretability/vega_fcn_sweep/fcn_070
REACTOME_PROCESSING_OF_INTRONLESS_PRE_MRNAS,,0.38677834489377483,test,0.7,472,674,0.5,/Users/charlottejob/Code/Evaluation_neuron_interpretability/vega_fcn_sweep/fcn_070
REACTOME_GAP_JUNCTION_DEGRADATION,0.2382859587669372,0.791442427679098,test,0.7,472,674,0.5,/Users/charlottejob/Code/Evaluation_neuron_interpretability/vega_fcn_sweep/fcn_070
REACTOME_BASE_EXCISION_REPAIR,,0.9211272521048728,test,0.7,472,674,0.5,/Users/charlottejob/Code/Evaluation_neuron_interpretability/vega_fcn_sweep/fcn_070
REACTOME_BILE_ACID_AND_BILE_SALT_METABOLISM,0.0174809787422418,0.3789558691803673,test,0.7,472,674,0.5,/Users/charlottejob/Code/Evaluation_neuron_interpretability/vega_fcn_sweep/fcn_070
REACTOME_SYNTHESIS_OF_BILE_ACIDS_AND_BILE_SALTS_VIA_7ALPHA_HYDROXYCHOLESTEROL,-0.0332851037383079,0.3879020601041232,test,0.7,472,674,0.5,/Users/charlottejob/Code/Evaluation_neuron_interpretability/vega_fcn_sweep/fcn_070
REACTOME_RECYCLING_OF_BILE_ACIDS_AND_SALTS,0.0349473319947719,0.3719352144082932,test,0.7,472,674,0.5,/Users/charlottejob/Code/Evaluation_neuron_interpretability/vega_fcn_sweep/fcn_070
REACTOME_SIGNALING_BY_RHO_GTPASES,0.0669053494930267,0.3729451914860354,test,0.7,472,674,0.5,/Users/charlottejob/Code/Evaluation_neuron_interpretability/vega_fcn_sweep/fcn_070
REACTOME_SIGNALING_BY_WNT,,0.37050647820965843,test,0.7,472,674,0.5,/Users/charlottejob/Code/Evaluation_neuron_interpretability/vega_fcn_sweep/fcn_070
REACTOME_METABOLISM_OF_NON_CODING_RNA,0.7524981498718262,0.8164333094219649,test,0.7,472,674,0.5,/Users/charlottejob/Code/Evaluation_neuron_interpretability/vega_fcn_sweep/fcn_070
REACTOME_SYNTHESIS_OF_BILE_ACIDS_AND_BILE_SALTS_VIA_24_HYDROXYCHOLESTEROL,-0.0172180105000734,0.8727070095654608,test,0.7,472,674,0.5,/Users/charlottejob/Code/Evaluation_neuron_interpretability/vega_fcn_sweep/fcn_070
REACTOME_SYNTHESIS_OF_BILE_ACIDS_AND_BILE_SALTS,0.0269694961607456,0.3740336384491735,test,0.7,472,674,0.5,/Users/charlottejob/Code/Evaluation_neuron_interpretability/vega_fcn_sweep/fcn_070
REACTOME_METABOLISM_OF_STEROID_HORMONES_AND_VITAMINS_A_AND_D,,0.3912646686733849,test,0.7,472,674,0.5,/Users/charlottejob/Code/Evaluation_neuron_interpretability/vega_fcn_sweep/fcn_070
REACTOME_ANDROGEN_BIOSYNTHESIS,,0.3939519260131746,test,0.7,472,674,0.5,/Users/charlottejob/Code/Evaluation_neuron_interpretability/vega_fcn_sweep/fcn_070
REACTOME_SIGNALLING_BY_NGF,0.0428380891680717,0.4029854127027272,test,0.7,472,674,0.5,/Users/charlottejob/Code/Evaluation_neuron_interpretability/vega_fcn_sweep/fcn_070
REACTOME_CTNNB1_PHOSPHORYLATION_CASCADE,,0.359446843781355,test,0.7,472,674,0.5,/Users/charlottejob/Code/Evaluation_neuron_interpretability/vega_fcn_sweep/fcn_070
REACTOME_INSULIN_RECEPTOR_RECYCLING,,0.9188954325350086,test,0.7,472,674,0.5,/Users/charlottejob/Code/Evaluation_neuron_interpretability/vega_fcn_sweep/fcn_070
REACTOME_COPI_MEDIATED_TRANSPORT,,0.38978318719190347,test,0.7,472,674,0.5,/Users/charlottejob/Code/Evaluation_neuron_interpretability/vega_fcn_sweep/fcn_070
REACTOME_NEF_MEDIATED_DOWNREGULATION_OF_MHC_CLASS_I_COMPLEX_CELL_SURFACE_EXPRESSION,0.0519502311944961,0.4077465491260587,test,0.7,472,674,0.5,/Users/charlottejob/Code/Evaluation_neuron_interpretability/vega_fcn_sweep/fcn_070
REACTOME_SIGNALING_BY_SCF_KIT,0.0318109542131423,0.3649394465708774,test,0.7,472,674,0.5,/Users/charlottejob/Code/Evaluation_neuron_interpretability/vega_fcn_sweep/fcn_070
REACTOME_DEVELOPMENTAL_BIOLOGY,0.1580548137426376,0.4010591343786105,test,0.7,472,674,0.5,/Users/charlottejob/Code/Evaluation_neuron_interpretability/vega_fcn_sweep/fcn_070
REACTOME_CROSS_PRESENTATION_OF_SOLUBLE_EXOGENOUS_ANTIGENS_ENDOSOMES,0.4963653683662414,0.6906257317912852,test,0.7,472,674,0.5,/Users/charlottejob/Code/Evaluation_neuron_interpretability/vega_fcn_sweep/fcn_070
REACTOME_SIGNALING_BY_NODAL,,0.3928159490468089,test,0.7,472,674,0.5,/Users/charlottejob/Code/Evaluation_neuron_interpretability/vega_fcn_sweep/fcn_070
REACTOME_DAG_AND_IP3_SIGNALING,-0.0060774562880396,0.9092083750857022,test,0.7,472,674,0.5,/Users/charlottejob/Code/Evaluation_neuron_interpretability/vega_fcn_sweep/fcn_070
REACTOME_SPRY_REGULATION_OF_FGF_SIGNALING,-0.0341707468032836,0.8983076250326203,test,0.7,472,674,0.5,/Users/charlottejob/Code/Evaluation_neuron_interpretability/vega_fcn_sweep/fcn_070
REACTOME_TCA_CYCLE_AND_RESPIRATORY_ELECTRON_TRANSPORT,0.0377912297844886,0.3709154129902738,test,0.7,472,674,0.5,/Users/charlottejob/Code/Evaluation_neuron_interpretability/vega_fcn_sweep/fcn_070
REACTOME_BMAL1_CLOCK_NPAS2_ACTIVATES_CIRCADIAN_EXPRESSION,0.1844670176506042,0.3539133441815479,test,0.7,472,674,0.5,/Users/charlottejob/Code/Evaluation_neuron_interpretability/vega_fcn_sweep/fcn_070
REACTOME_ANTIGEN_PROCESSING_CROSS_PRESENTATION,0.1435401886701584,0.38160245050704417,test,0.7,472,674,0.5,/Users/charlottejob/Code/Evaluation_neuron_interpretability/vega_fcn_sweep/fcn_070
REACTOME_GROWTH_HORMONE_RECEPTOR_SIGNALING,-0.0066490098834037,0.4005135877927396,test,0.7,472,674,0.5,/Users/charlottejob/Code/Evaluation_neuron_interpretability/vega_fcn_sweep/fcn_070
REACTOME_TRIF_MEDIATED_TLR3_SIGNALING,0.3827777802944183,0.9805960820019219,test,0.7,472,674,0.5,/Users/charlottejob/Code/Evaluation_neuron_interpretability/vega_fcn_sweep/fcn_070
REACTOME_CELL_CELL_COMMUNICATION,0.0532071515917778,0.40963583264759507,test,0.7,472,674,0.5,/Users/charlottejob/Code/Evaluation_neuron_interpretability/vega_fcn_sweep/fcn_070
REACTOME_ABCA_TRANSPORTERS_IN_LIPID_HOMEOSTASIS,-0.014461264014244,0.3832087322141951,test,0.7,472,674,0.5,/Users/charlottejob/Code/Evaluation_neuron_interpretability/vega_fcn_sweep/fcn_070
REACTOME_ENDOSOMAL_VACUOLAR_PATHWAY,0.037101324647665,0.4431605224759595,test,0.7,472,674,0.5,/Users/charlottejob/Code/Evaluation_neuron_interpretability/vega_fcn_sweep/fcn_070
REACTOME_TETRAHYDROBIOPTERIN_BH4_SYNTHESIS_RECYCLING_SALVAGE_AND_REGULATION,,0.3928142040745103,test,0.7,472,674,0.5,/Users/charlottejob/Code/Evaluation_neuron_interpretability/vega_fcn_sweep/fcn_070
REACTOME_ER_PHAGOSOME_PATHWAY,0.0533065870404243,0.3651565179688912,test,0.7,472,674,0.5,/Users/charlottejob/Code/Evaluation_neuron_interpretability/vega_fcn_sweep/fcn_070
REACTOME_MEIOSIS,0.0143625829368829,0.3436564787434301,test,0.7,472,674,0.5,/Users/charlottejob/Code/Evaluation_neuron_interpretability/vega_fcn_sweep/fcn_070
REACTOME_NEGATIVE_REGULATION_OF_FGFR_SIGNALING,0.0760517492890358,0.8010868401327765,test,0.7,472,674,0.5,/Users/charlottejob/Code/Evaluation_neuron_interpretability/vega_fcn_sweep/fcn_070
REACTOME_G0_AND_EARLY_G1,0.0353485122323036,0.3868296791827005,test,0.7,472,674,0.5,/Users/charlottejob/Code/Evaluation_neuron_interpretability/vega_fcn_sweep/fcn_070
REACTOME_REGULATION_OF_KIT_SIGNALING,0.0811481997370719,0.42103778309106177,test,0.7,472,674,0.5,/Users/charlottejob/Code/Evaluation_neuron_interpretability/vega_fcn_sweep/fcn_070
REACTOME_MEMBRANE_TRAFFICKING,0.2618966400623321,0.3666309740514687,test,0.7,472,674,0.5,/Users/charlottejob/Code/Evaluation_neuron_interpretability/vega_fcn_sweep/fcn_070
REACTOME_NEF_MEDIATES_DOWN_MODULATION_OF_CELL_SURFACE_RECEPTORS_BY_RECRUITING_THEM_TO_CLATHRIN_ADAPTERS,0.0948686003684997,0.4884224483894401,test,0.7,472,674,0.5,/Users/charlottejob/Code/Evaluation_neuron_interpretability/vega_fcn_sweep/fcn_070
REACTOME_IMMUNOREGULATORY_INTERACTIONS_BETWEEN_A_LYMPHOID_AND_A_NON_LYMPHOID_CELL,0.2638974785804748,0.9933820746541594,test,0.7,472,674,0.5,/Users/charlottejob/Code/Evaluation_neuron_interpretability/vega_fcn_sweep/fcn_070
REACTOME_ACTIVATED_AMPK_STIMULATES_FATTY_ACID_OXIDATION_IN_MUSCLE,0.4542514085769653,0.7126662559090294,test,0.7,472,674,0.5,/Users/charlottejob/Code/Evaluation_neuron_interpretability/vega_fcn_sweep/fcn_070
REACTOME_VITAMIN_B5_PANTOTHENATE_METABOLISM,,0.3823513501723161,test,0.7,472,674,0.5,/Users/charlottejob/Code/Evaluation_neuron_interpretability/vega_fcn_sweep/fcn_070
REACTOME_BOTULINUM_NEUROTOXICITY,-0.0218334626406431,0.38214893338568257,test,0.7,472,674,0.5,/Users/charlottejob/Code/Evaluation_neuron_interpretability/vega_fcn_sweep/fcn_070
REACTOME_METABOLISM_OF_VITAMINS_AND_COFACTORS,0.038419310003519,0.3828102986294514,test,0.7,472,674,0.5,/Users/charlottejob/Code/Evaluation_neuron_interpretability/vega_fcn_sweep/fcn_070
REACTOME_TRANS_GOLGI_NETWORK_VESICLE_BUDDING,0.3575986623764038,0.3055751276305311,test,0.7,472,674,0.5,/Users/charlottejob/Code/Evaluation_neuron_interpretability/vega_fcn_sweep/fcn_070
REACTOME_PROTEOLYTIC_CLEAVAGE_OF_SNARE_COMPLEX_PROTEINS,0.6160140037536621,0.661804914455091,test,0.7,472,674,0.5,/Users/charlottejob/Code/Evaluation_neuron_interpretability/vega_fcn_sweep/fcn_070
REACTOME_RESOLUTION_OF_AP_SITES_VIA_THE_MULTIPLE_NUCLEOTIDE_PATCH_REPLACEMENT_PATHWAY,,0.409176809318152,test,0.7,472,674,0.5,/Users/charlottejob/Code/Evaluation_neuron_interpretability/vega_fcn_sweep/fcn_070
REACTOME_GAMMA_CARBOXYLATION_TRANSPORT_AND_AMINO_TERMINAL_CLEAVAGE_OF_PROTEINS,0.0002354241441935,0.4083585731112232,test,0.7,472,674,0.5,/Users/charlottejob/Code/Evaluation_neuron_interpretability/vega_fcn_sweep/fcn_070
REACTOME_IL_7_SIGNALING,-0.0159265808761119,0.4252324554705369,test,0.7,472,674,0.5,/Users/charlottejob/Code/Evaluation_neuron_interpretability/vega_fcn_sweep/fcn_070
REACTOME_CELL_CYCLE,0.2308728843927383,0.6726838515328358,test,0.7,472,674,0.5,/Users/charlottejob/Code/Evaluation_neuron_interpretability/vega_fcn_sweep/fcn_070
REACTOME_SIGNALING_BY_ERBB4,0.0244987420737743,0.41734482635542713,test,0.7,472,674,0.5,/Users/charlottejob/Code/Evaluation_neuron_interpretability/vega_fcn_sweep/fcn_070
REACTOME_ORC1_REMOVAL_FROM_CHROMATIN,0.5568966269493103,0.727828794707405,test,0.7,472,674,0.5,/Users/charlottejob/Code/Evaluation_neuron_interpretability/vega_fcn_sweep/fcn_070
REACTOME_O_LINKED_GLYCOSYLATION_OF_MUCINS,0.0026939653325825,0.39728184318783133,test,0.7,472,674,0.5,/Users/charlottejob/Code/Evaluation_neuron_interpretability/vega_fcn_sweep/fcn_070
REACTOME_SULFUR_AMINO_ACID_METABOLISM,0.0577261894941329,0.428624354712998,test,0.7,472,674,0.5,/Users/charlottejob/Code/Evaluation_neuron_interpretability/vega_fcn_sweep/fcn_070
REACTOME_DOWNREGULATION_OF_ERBB2_ERBB3_SIGNALING,0.0226562786847352,0.399575901516468,test,0.7,472,674,0.5,/Users/charlottejob/Code/Evaluation_neuron_interpretability/vega_fcn_sweep/fcn_070
REACTOME_ANTIVIRAL_MECHANISM_BY_IFN_STIMULATED_GENES,0.0350705087184906,0.3853231966306171,test,0.7,472,674,0.5,/Users/charlottejob/Code/Evaluation_neuron_interpretability/vega_fcn_sweep/fcn_070
REACTOME_PROLACTIN_RECEPTOR_SIGNALING,,0.386040221611482,test,0.7,472,674,0.5,/Users/charlottejob/Code/Evaluation_neuron_interpretability/vega_fcn_sweep/fcn_070
REACTOME_SIGNALING_BY_ERBB2,0.0814213007688522,0.4042520062941124,test,0.7,472,674,0.5,/Users/charlottejob/Code/Evaluation_neuron_interpretability/vega_fcn_sweep/fcn_070
REACTOME_SPHINGOLIPID_DE_NOVO_BIOSYNTHESIS,0.0943150147795677,0.7518678560740106,test,0.7,472,674,0.5,/Users/charlottejob/Code/Evaluation_neuron_interpretability/vega_fcn_sweep/fcn_070
REACTOME_TERMINATION_OF_O_GLYCAN_BIOSYNTHESIS,,0.3704837935697771,test,0.7,472,674,0.5,/Users/charlottejob/Code/Evaluation_neuron_interpretability/vega_fcn_sweep/fcn_070
REACTOME_DEFENSINS,0.0160444471985101,0.3745003765278341,test,0.7,472,674,0.5,/Users/charlottejob/Code/Evaluation_neuron_interpretability/vega_fcn_sweep/fcn_070
REACTOME_SIGNALING_BY_CONSTITUTIVELY_ACTIVE_EGFR,-0.0357073955237865,0.383533778611947,test,0.7,472,674,0.5,/Users/charlottejob/Code/Evaluation_neuron_interpretability/vega_fcn_sweep/fcn_070
REACTOME_GRB2_EVENTS_IN_ERBB2_SIGNALING,-0.0200727526098489,0.4124174661785715,test,0.7,472,674,0.5,/Users/charlottejob/Code/Evaluation_neuron_interpretability/vega_fcn_sweep/fcn_070
REACTOME_SIGNALING_BY_EGFR_IN_CANCER,0.0471547096967697,0.41255642004279497,test,0.7,472,674,0.5,/Users/charlottejob/Code/Evaluation_neuron_interpretability/vega_fcn_sweep/fcn_070
REACTOME_MEMBRANE_BINDING_AND_TARGETTING_OF_GAG_PROTEINS,-0.0090515073388814,0.39660728453443217,test,0.7,472,674,0.5,/Users/charlottejob/Code/Evaluation_neuron_interpretability/vega_fcn_sweep/fcn_070
REACTOME_BETA_DEFENSINS,-0.0010883715003728,0.38123340631492,test,0.7,472,674,0.5,/Users/charlottejob/Code/Evaluation_neuron_interpretability/vega_fcn_sweep/fcn_070
REACTOME_SRP_DEPENDENT_COTRANSLATIONAL_PROTEIN_TARGETING_TO_MEMBRANE,0.0768637880682945,0.3250581832630878,test,0.7,472,674,0.5,/Users/charlottejob/Code/Evaluation_neuron_interpretability/vega_fcn_sweep/fcn_070
REACTOME_PI3K_EVENTS_IN_ERBB4_SIGNALING,0.4055810570716858,0.6741888853196274,test,0.7,472,674,0.5,/Users/charlottejob/Code/Evaluation_neuron_interpretability/vega_fcn_sweep/fcn_070
REACTOME_SHC1_EVENTS_IN_ERBB4_SIGNALING,0.0335569940507411,0.3717053525457918,test,0.7,472,674,0.5,/Users/charlottejob/Code/Evaluation_neuron_interpretability/vega_fcn_sweep/fcn_070
REACTOME_PI3K_EVENTS_IN_ERBB2_SIGNALING,0.0167531929910182,0.39537727311902093,test,0.7,472,674,0.5,/Users/charlottejob/Code/Evaluation_neuron_interpretability/vega_fcn_sweep/fcn_070
REACTOME_NUCLEAR_SIGNALING_BY_ERBB4,0.0525161735713481,0.3840798967436152,test,0.7,472,674,0.5,/Users/charlottejob/Code/Evaluation_neuron_interpretability/vega_fcn_sweep/fcn_070
REACTOME_GLYCOSPHINGOLIPID_METABOLISM,0.0515045225620269,0.38250312895507826,test,0.7,472,674,0.5,/Users/charlottejob/Code/Evaluation_neuron_interpretability/vega_fcn_sweep/fcn_070
REACTOME_PPARA_ACTIVATES_GENE_EXPRESSION,0.4005668461322784,0.6945019224171167,test,0.7,472,674,0.5,/Users/charlottejob/Code/Evaluation_neuron_interpretability/vega_fcn_sweep/fcn_070
REACTOME_ASSOCIATION_OF_LICENSING_FACTORS_WITH_THE_PRE_REPLICATIVE_COMPLEX,,0.37016969855603543,test,0.7,472,674,0.5,/Users/charlottejob/Code/Evaluation_neuron_interpretability/vega_fcn_sweep/fcn_070
REACTOME_RIP_MEDIATED_NFKB_ACTIVATION_VIA_DAI,0.436678946018219,0.7507606620717909,test,0.7,472,674,0.5,/Users/charlottejob/Code/Evaluation_neuron_interpretability/vega_fcn_sweep/fcn_070
REACTOME_PRE_NOTCH_TRANSCRIPTION_AND_TRANSLATION,,0.38123107795663747,test,0.7,472,674,0.5,/Users/charlottejob/Code/Evaluation_neuron_interpretability/vega_fcn_sweep/fcn_070
REACTOME_DEGRADATION_OF_THE_EXTRACELLULAR_MATRIX,0.0633449554443359,0.5257789515503775,test,0.7,472,674,0.5,/Users/charlottejob/Code/Evaluation_neuron_interpretability/vega_fcn_sweep/fcn_070
REACTOME_MITOCHONDRIAL_PROTEIN_IMPORT,,0.3599057714958775,test,0.7,472,674,0.5,/Users/charlottejob/Code/Evaluation_neuron_interpretability/vega_fcn_sweep/fcn_070
REACTOME_SIGNALING_BY_HIPPO,0.2862421572208404,0.7184063305826613,test,0.7,472,674,0.5,/Users/charlottejob/Code/Evaluation_neuron_interpretability/vega_fcn_sweep/fcn_070
REACTOME_ACTIVATED_NOTCH1_TRANSMITS_SIGNAL_TO_THE_NUCLEUS,0.0258498080074787,0.3866828840353287,test,0.7,472,674,0.5,/Users/charlottejob/Code/Evaluation_neuron_interpretability/vega_fcn_sweep/fcn_070
REACTOME_TRAFFICKING_AND_PROCESSING_OF_ENDOSOMAL_TLR,0.0189306605607271,0.3336111955765728,test,0.7,472,674,0.5,/Users/charlottejob/Code/Evaluation_neuron_interpretability/vega_fcn_sweep/fcn_070
REACTOME_SIGNALING_BY_NOTCH4,,0.3870505605723509,test,0.7,472,674,0.5,/Users/charlottejob/Code/Evaluation_neuron_interpretability/vega_fcn_sweep/fcn_070
REACTOME_DOWNSTREAM_SIGNALING_EVENTS_OF_B_CELL_RECEPTOR_BCR,0.3574059605598449,0.6855657446649516,test,0.7,472,674,0.5,/Users/charlottejob/Code/Evaluation_neuron_interpretability/vega_fcn_sweep/fcn_070
REACTOME_ACTIVATION_OF_NF_KAPPAB_IN_B_CELLS,0.5490343570709229,0.8378011245723259,test,0.7,472,674,0.5,/Users/charlottejob/Code/Evaluation_neuron_interpretability/vega_fcn_sweep/fcn_070
REACTOME_RORA_ACTIVATES_CIRCADIAN_EXPRESSION,0.7911406755447388,0.7264148297717202,test,0.7,472,674,0.5,/Users/charlottejob/Code/Evaluation_neuron_interpretability/vega_fcn_sweep/fcn_070
REACTOME_ANTIGEN_ACTIVATES_B_CELL_RECEPTOR_LEADING_TO_GENERATION_OF_SECOND_MESSENGERS,0.590428352355957,0.712678543530655,test,0.7,472,674,0.5,/Users/charlottejob/Code/Evaluation_neuron_interpretability/vega_fcn_sweep/fcn_070
REACTOME_REGULATION_OF_COMPLEMENT_CASCADE,-0.0009939514566212,0.9150979443603118,test,0.7,472,674,0.5,/Users/charlottejob/Code/Evaluation_neuron_interpretability/vega_fcn_sweep/fcn_070
REACTOME_YAP1_AND_WWTR1_TAZ_STIMULATED_GENE_EXPRESSION,,0.4178615364481088,test,0.7,472,674,0.5,/Users/charlottejob/Code/Evaluation_neuron_interpretability/vega_fcn_sweep/fcn_070
REACTOME_SIGNALING_BY_NOTCH2,,0.36238886707673523,test,0.7,472,674,0.5,/Users/charlottejob/Code/Evaluation_neuron_interpretability/vega_fcn_sweep/fcn_070
REACTOME_PRE_NOTCH_EXPRESSION_AND_PROCESSING,,0.9055184748942112,test,0.7,472,674,0.5,/Users/charlottejob/Code/Evaluation_neuron_interpretability/vega_fcn_sweep/fcn_070
REACTOME_SIGNALING_BY_THE_B_CELL_RECEPTOR_BCR,0.025736853480339,0.3645841164824699,test,0.7,472,674,0.5,/Users/charlottejob/Code/Evaluation_neuron_interpretability/vega_fcn_sweep/fcn_070
REACTOME_EXTRACELLULAR_MATRIX_ORGANIZATION,0.0254565477371215,0.4036062414096358,test,0.7,472,674,0.5,/Users/charlottejob/Code/Evaluation_neuron_interpretability/vega_fcn_sweep/fcn_070
REACTOME_NOTCH1_INTRACELLULAR_DOMAIN_REGULATES_TRANSCRIPTION,0.570866048336029,0.7194630660424555,test,0.7,472,674,0.5,/Users/charlottejob/Code/Evaluation_neuron_interpretability/vega_fcn_sweep/fcn_070
REACTOME_CIRCADIAN_REPRESSION_OF_EXPRESSION_BY_REV_ERBA,0.76242995262146,0.744137009927646,test,0.7,472,674,0.5,/Users/charlottejob/Code/Evaluation_neuron_interpretability/vega_fcn_sweep/fcn_070
REACTOME_PRE_NOTCH_PROCESSING_IN_GOLGI,,0.34456223007459763,test,0.7,472,674,0.5,/Users/charlottejob/Code/Evaluation_neuron_interpretability/vega_fcn_sweep/fcn_070
REACTOME_SIGNALING_BY_NOTCH1,0.0280465818941593,0.3858868203153842,test,0.7,472,674,0.5,/Users/charlottejob/Code/Evaluation_neuron_interpretability/vega_fcn_sweep/fcn_070
REACTOME_SIGNALING_BY_NOTCH3,,0.36763774375081804,test,0.7,472,674,0.5,/Users/charlottejob/Code/Evaluation_neuron_interpretability/vega_fcn_sweep/fcn_070
REACTOME_TRIGLYCERIDE_BIOSYNTHESIS,0.004979939199984,0.4084269623297574,test,0.7,472,674,0.5,/Users/charlottejob/Code/Evaluation_neuron_interpretability/vega_fcn_sweep/fcn_070
REACTOME_INSULIN_RECEPTOR_SIGNALLING_CASCADE,0.0065937917679548,0.3995433541723295,test,0.7,472,674,0.5,/Users/charlottejob/Code/Evaluation_neuron_interpretability/vega_fcn_sweep/fcn_070
REACTOME_ARMS_MEDIATED_ACTIVATION,,0.9178519391004668,test,0.7,472,674,0.5,/Users/charlottejob/Code/Evaluation_neuron_interpretability/vega_fcn_sweep/fcn_070
REACTOME_PROLONGED_ERK_ACTIVATION_EVENTS,,0.3662330410504733,test,0.7,472,674,0.5,/Users/charlottejob/Code/Evaluation_neuron_interpretability/vega_fcn_sweep/fcn_070
REACTOME_SIGNALLING_TO_RAS,-0.0065432684496045,0.3955466820192929,test,0.7,472,674,0.5,/Users/charlottejob/Code/Evaluation_neuron_interpretability/vega_fcn_sweep/fcn_070
REACTOME_SIGNALING_BY_BMP,-0.0214034412056207,0.41341882403106467,test,0.7,472,674,0.5,/Users/charlottejob/Code/Evaluation_neuron_interpretability/vega_fcn_sweep/fcn_070
REACTOME_CELL_SURFACE_INTERACTIONS_AT_THE_VASCULAR_WALL,0.0008531907806172,0.4058061387099009,test,0.7,472,674,0.5,/Users/charlottejob/Code/Evaluation_neuron_interpretability/vega_fcn_sweep/fcn_070
REACTOME_NGF_SIGNALLING_VIA_TRKA_FROM_THE_PLASMA_MEMBRANE,0.0526792854070663,0.3703933449272794,test,0.7,472,674,0.5,/Users/charlottejob/Code/Evaluation_neuron_interpretability/vega_fcn_sweep/fcn_070
REACTOME_SIGNALLING_TO_ERKS,-0.0087163327261805,0.3675987248118604,test,0.7,472,674,0.5,/Users/charlottejob/Code/Evaluation_neuron_interpretability/vega_fcn_sweep/fcn_070
REACTOME_P38MAPK_EVENTS,0.0610474199056625,0.3971506089112137,test,0.7,472,674,0.5,/Users/charlottejob/Code/Evaluation_neuron_interpretability/vega_fcn_sweep/fcn_070
REACTOME_ACYL_CHAIN_REMODELLING_OF_PI,0.0440089292824268,0.3749333164313595,test,0.7,472,674,0.5,/Users/charlottejob/Code/Evaluation_neuron_interpretability/vega_fcn_sweep/fcn_070
REACTOME_TGF_BETA_RECEPTOR_SIGNALING_IN_EMT_EPITHELIAL_TO_MESENCHYMAL_TRANSITION,,0.92077825764516,test,0.7,472,674,0.5,/Users/charlottejob/Code/Evaluation_neuron_interpretability/vega_fcn_sweep/fcn_070
REACTOME_DOWNREGULATION_OF_TGF_BETA_RECEPTOR_SIGNALING,,0.9153199842952494,test,0.7,472,674,0.5,/Users/charlottejob/Code/Evaluation_neuron_interpretability/vega_fcn_sweep/fcn_070
REACTOME_COLLAGEN_FORMATION,0.0091426642611622,0.4296760282615506,test,0.7,472,674,0.5,/Users/charlottejob/Code/Evaluation_neuron_interpretability/vega_fcn_sweep/fcn_070
REACTOME_SMAD2_SMAD3_SMAD4_HETEROTRIMER_REGULATES_TRANSCRIPTION,0.0446141213178634,0.638426159627573,test,0.7,472,674,0.5,/Users/charlottejob/Code/Evaluation_neuron_interpretability/vega_fcn_sweep/fcn_070
REACTOME_SIGNALING_BY_FGFR_IN_DISEASE,0.1697186827659607,0.8638368622940363,test,0.7,472,674,0.5,/Users/charlottejob/Code/Evaluation_neuron_interpretability/vega_fcn_sweep/fcn_070
REACTOME_HS_GAG_DEGRADATION,0.0354907028377056,0.3973587358840739,test,0.7,472,674,0.5,/Users/charlottejob/Code/Evaluation_neuron_interpretability/vega_fcn_sweep/fcn_070
REACTOME_SYNTHESIS_OF_PIPS_AT_THE_EARLY_ENDOSOME_MEMBRANE,,0.410660035771932,test,0.7,472,674,0.5,/Users/charlottejob/Code/Evaluation_neuron_interpretability/vega_fcn_sweep/fcn_070
REACTOME_SIGNALLING_TO_P38_VIA_RIT_AND_RIN,0.6653779149055481,0.6600416618608731,test,0.7,472,674,0.5,/Users/charlottejob/Code/Evaluation_neuron_interpretability/vega_fcn_sweep/fcn_070
REACTOME_P53_INDEPENDENT_G1_S_DNA_DAMAGE_CHECKPOINT,,0.919218252410243,test,0.7,472,674,0.5,/Users/charlottejob/Code/Evaluation_neuron_interpretability/vega_fcn_sweep/fcn_070
REACTOME_REGULATION_OF_HYPOXIA_INDUCIBLE_FACTOR_HIF_BY_OXYGEN,,0.9165187802643632,test,0.7,472,674,0.5,/Users/charlottejob/Code/Evaluation_neuron_interpretability/vega_fcn_sweep/fcn_070
REACTOME_ACYL_CHAIN_REMODELLING_OF_PC,0.0682917237281799,0.3705151534387056,test,0.7,472,674,0.5,/Users/charlottejob/Code/Evaluation_neuron_interpretability/vega_fcn_sweep/fcn_070
REACTOME_SYNTHESIS_OF_PIPS_AT_THE_GOLGI_MEMBRANE,,0.3356052872660647,test,0.7,472,674,0.5,/Users/charlottejob/Code/Evaluation_neuron_interpretability/vega_fcn_sweep/fcn_070
REACTOME_TGF_BETA_RECEPTOR_SIGNALING_ACTIVATES_SMADS,,0.3625755791126817,test,0.7,472,674,0.5,/Users/charlottejob/Code/Evaluation_neuron_interpretability/vega_fcn_sweep/fcn_070
REACTOME_ACTIVATED_POINT_MUTANTS_OF_FGFR2,,0.9205217467172708,test,0.7,472,674,0.5,/Users/charlottejob/Code/Evaluation_neuron_interpretability/vega_fcn_sweep/fcn_070
REACTOME_PHOSPHOLIPID_METABOLISM,0.0266842953860759,0.3894976280783652,test,0.7,472,674,0.5,/Users/charlottejob/Code/Evaluation_neuron_interpretability/vega_fcn_sweep/fcn_070
REACTOME_CS_DS_DEGRADATION,0.0808471143245697,0.3687303690616412,test,0.7,472,674,0.5,/Users/charlottejob/Code/Evaluation_neuron_interpretability/vega_fcn_sweep/fcn_070
REACTOME_SYNTHESIS_OF_PA,0.0632238462567329,0.3731659722588472,test,0.7,472,674,0.5,/Users/charlottejob/Code/Evaluation_neuron_interpretability/vega_fcn_sweep/fcn_070
REACTOME_OXYGEN_DEPENDENT_PROLINE_HYDROXYLATION_OF_HYPOXIA_INDUCIBLE_FACTOR_ALPHA,,0.915155956899184,test,0.7,472,674,0.5,/Users/charlottejob/Code/Evaluation_neuron_interpretability/vega_fcn_sweep/fcn_070
REACTOME_SYNTHESIS_OF_PIPS_AT_THE_LATE_ENDOSOME_MEMBRANE,,0.4093547964926057,test,0.7,472,674,0.5,/Users/charlottejob/Code/Evaluation_neuron_interpretability/vega_fcn_sweep/fcn_070
REACTOME_SYNTHESIS_OF_PE,,0.4239253151856214,test,0.7,472,674,0.5,/Users/charlottejob/Code/Evaluation_neuron_interpretability/vega_fcn_sweep/fcn_070
REACTOME_GASTRIN_CREB_SIGNALLING_PATHWAY_VIA_PKC_AND_MAPK,0.1029747575521469,0.41178153552332863,test,0.7,472,674,0.5,/Users/charlottejob/Code/Evaluation_neuron_interpretability/vega_fcn_sweep/fcn_070
REACTOME_CHONDROITIN_SULFATE_BIOSYNTHESIS,0.0584053806960582,0.36178619889446517,test,0.7,472,674,0.5,/Users/charlottejob/Code/Evaluation_neuron_interpretability/vega_fcn_sweep/fcn_070
REACTOME_HYALURONAN_UPTAKE_AND_DEGRADATION,,0.9169236138376304,test,0.7,472,674,0.5,/Users/charlottejob/Code/Evaluation_neuron_interpretability/vega_fcn_sweep/fcn_070
REACTOME_SIGNALING_BY_FGFR1_MUTANTS,-0.0257489942014217,0.38705952159550827,test,0.7,472,674,0.5,/Users/charlottejob/Code/Evaluation_neuron_interpretability/vega_fcn_sweep/fcn_070
REACTOME_SYNTHESIS_OF_PIPS_AT_THE_PLASMA_MEMBRANE,0.0285833366215229,0.4034948930260358,test,0.7,472,674,0.5,/Users/charlottejob/Code/Evaluation_neuron_interpretability/vega_fcn_sweep/fcn_070
REACTOME_THE_ACTIVATION_OF_ARYLSULFATASES,0.0221001543104648,0.4000091008213491,test,0.7,472,674,0.5,/Users/charlottejob/Code/Evaluation_neuron_interpretability/vega_fcn_sweep/fcn_070
REACTOME_TRANSCRIPTIONAL_ACTIVITY_OF_SMAD2_SMAD3_SMAD4_HETEROTRIMER,0.0424346476793289,0.3818405591643568,test,0.7,472,674,0.5,/Users/charlottejob/Code/Evaluation_neuron_interpretability/vega_fcn_sweep/fcn_070
REACTOME_HYALURONAN_METABOLISM,,0.3795070453256555,test,0.7,472,674,0.5,/Users/charlottejob/Code/Evaluation_neuron_interpretability/vega_fcn_sweep/fcn_070
REACTOME_DOWNREGULATION_OF_SMAD2_3_SMAD4_TRANSCRIPTIONAL_ACTIVITY,0.0084232175722718,0.41095599451621007,test,0.7,472,674,0.5,/Users/charlottejob/Code/Evaluation_neuron_interpretability/vega_fcn_sweep/fcn_070
REACTOME_KERATAN_SULFATE_BIOSYNTHESIS,0.0042868433520197,0.4041149713761666,test,0.7,472,674,0.5,/Users/charlottejob/Code/Evaluation_neuron_interpretability/vega_fcn_sweep/fcn_070
REACTOME_REVERSIBLE_HYDRATION_OF_CARBON_DIOXIDE,-0.0280958041548728,0.37094958984736803,test,0.7,472,674,0.5,/Users/charlottejob/Code/Evaluation_neuron_interpretability/vega_fcn_sweep/fcn_070
REACTOME_SIGNALING_BY_FGFR1_FUSION_MUTANTS,-0.0263486746698617,0.374148157496214,test,0.7,472,674,0.5,/Users/charlottejob/Code/Evaluation_neuron_interpretability/vega_fcn_sweep/fcn_070
REACTOME_ALPHA_LINOLENIC_ACID_ALA_METABOLISM,-0.0181610696017742,0.4055020458890007,test,0.7,472,674,0.5,/Users/charlottejob/Code/Evaluation_neuron_interpretability/vega_fcn_sweep/fcn_070
REACTOME_SIGNALING_BY_ACTIVATED_POINT_MUTANTS_OF_FGFR1,-0.0074743945151567,0.3877774486362964,test,0.7,472,674,0.5,/Users/charlottejob/Code/Evaluation_neuron_interpretability/vega_fcn_sweep/fcn_070
REACTOME_PI_METABOLISM,-0.0242336224764585,0.3910025842518855,test,0.7,472,674,0.5,/Users/charlottejob/Code/Evaluation_neuron_interpretability/vega_fcn_sweep/fcn_070
REACTOME_ABACAVIR_TRANSPORT_AND_METABOLISM,,0.9196004013436287,test,0.7,472,674,0.5,/Users/charlottejob/Code/Evaluation_neuron_interpretability/vega_fcn_sweep/fcn_070
REACTOME_CHONDROITIN_SULFATE_DERMATAN_SULFATE_METABOLISM,-0.0004471335560083,0.364229680223424,test,0.7,472,674,0.5,/Users/charlottejob/Code/Evaluation_neuron_interpretability/vega_fcn_sweep/fcn_070
REACTOME_LATENT_INFECTION_OF_HOMO_SAPIENS_WITH_MYCOBACTERIUM_TUBERCULOSIS,0.2056117951869964,0.45332766282156967,test,0.7,472,674,0.5,/Users/charlottejob/Code/Evaluation_neuron_interpretability/vega_fcn_sweep/fcn_070
REACTOME_SYNTHESIS_OF_PC,,0.92296645290756,test,0.7,472,674,0.5,/Users/charlottejob/Code/Evaluation_neuron_interpretability/vega_fcn_sweep/fcn_070
REACTOME_HS_GAG_BIOSYNTHESIS,-0.0284610111266374,0.9086846805283229,test,0.7,472,674,0.5,/Users/charlottejob/Code/Evaluation_neuron_interpretability/vega_fcn_sweep/fcn_070
REACTOME_SIGNALING_BY_FGFR3_MUTANTS,,0.920970204598002,test,0.7,472,674,0.5,/Users/charlottejob/Code/Evaluation_neuron_interpretability/vega_fcn_sweep/fcn_070
REACTOME_KERATAN_SULFATE_KERATIN_METABOLISM,0.0157245658338069,0.3872710892366369,test,0.7,472,674,0.5,/Users/charlottejob/Code/Evaluation_neuron_interpretability/vega_fcn_sweep/fcn_070
REACTOME_APOPTOSIS_INDUCED_DNA_FRAGMENTATION,0.0155444089323282,0.35876904333067483,test,0.7,472,674,0.5,/Users/charlottejob/Code/Evaluation_neuron_interpretability/vega_fcn_sweep/fcn_070
REACTOME_KERATAN_SULFATE_DEGRADATION,0.0097550144419074,0.4026290872751266,test,0.7,472,674,0.5,/Users/charlottejob/Code/Evaluation_neuron_interpretability/vega_fcn_sweep/fcn_070
REACTOME_HEPARAN_SULFATE_HEPARIN_HS_GAG_METABOLISM,0.0530870929360389,0.374584792409449,test,0.7,472,674,0.5,/Users/charlottejob/Code/Evaluation_neuron_interpretability/vega_fcn_sweep/fcn_070
REACTOME_GLYCOSAMINOGLYCAN_METABOLISM,0.2562950253486633,0.7018851030491023,test,0.7,472,674,0.5,/Users/charlottejob/Code/Evaluation_neuron_interpretability/vega_fcn_sweep/fcn_070
REACTOME_ACYL_CHAIN_REMODELLING_OF_PG,-0.0402198135852813,0.3928080445827401,test,0.7,472,674,0.5,/Users/charlottejob/Code/Evaluation_neuron_interpretability/vega_fcn_sweep/fcn_070
REACTOME_ACYL_CHAIN_REMODELLING_OF_PE,0.1160185486078262,0.3953929596637113,test,0.7,472,674,0.5,/Users/charlottejob/Code/Evaluation_neuron_interpretability/vega_fcn_sweep/fcn_070
REACTOME_ACYL_CHAIN_REMODELLING_OF_PS,0.0582328215241432,0.38327900449200347,test,0.7,472,674,0.5,/Users/charlottejob/Code/Evaluation_neuron_interpretability/vega_fcn_sweep/fcn_070
REACTOME_SIGNALING_BY_FGFR_MUTANTS,0.7308921813964844,0.6706521623093101,test,0.7,472,674,0.5,/Users/charlottejob/Code/Evaluation_neuron_interpretability/vega_fcn_sweep/fcn_070
REACTOME_MHC_CLASS_II_ANTIGEN_PRESENTATION,0.5078782439231873,0.9834324284293604,test,0.7,472,674,0.5,/Users/charlottejob/Code/Evaluation_neuron_interpretability/vega_fcn_sweep/fcn_070
REACTOME_GLYCEROPHOSPHOLIPID_BIOSYNTHESIS,0.0601475350558757,0.38848950083262257,test,0.7,472,674,0.5,/Users/charlottejob/Code/Evaluation_neuron_interpretability/vega_fcn_sweep/fcn_070
REACTOME_A_TETRASACCHARIDE_LINKER_SEQUENCE_IS_REQUIRED_FOR_GAG_SYNTHESIS,0.0611576661467552,0.3420996736758771,test,0.7,472,674,0.5,/Users/charlottejob/Code/Evaluation_neuron_interpretability/vega_fcn_sweep/fcn_070
REACTOME_CDK_MEDIATED_PHOSPHORYLATION_AND_REMOVAL_OF_CDC6,,0.42057671334467567,test,0.7,472,674,0.5,/Users/charlottejob/Code/Evaluation_neuron_interpretability/vega_fcn_sweep/fcn_070
REACTOME_PLATELET_ADHESION_TO_EXPOSED_COLLAGEN,0.0342568084597587,0.35565810523354957,test,0.7,472,674,0.5,/Users/charlottejob/Code/Evaluation_neuron_interpretability/vega_fcn_sweep/fcn_070
REACTOME_VEGF_LIGAND_RECEPTOR_INTERACTIONS,0.0499187856912612,0.37720585922345373,test,0.7,472,674,0.5,/Users/charlottejob/Code/Evaluation_neuron_interpretability/vega_fcn_sweep/fcn_070
REACTOME_ENOS_ACTIVATION_AND_REGULATION,-0.0073589654639363,0.3708864725041434,test,0.7,472,674,0.5,/Users/charlottejob/Code/Evaluation_neuron_interpretability/vega_fcn_sweep/fcn_070
REACTOME_MICRORNA_MIRNA_BIOGENESIS,,0.3827108144658203,test,0.7,472,674,0.5,/Users/charlottejob/Code/Evaluation_neuron_interpretability/vega_fcn_sweep/fcn_070
REACTOME_NUCLEAR_EVENTS_KINASE_AND_TRANSCRIPTION_FACTOR_ACTIVATION,0.1375216841697693,0.45392011352492423,test,0.7,472,674,0.5,/Users/charlottejob/Code/Evaluation_neuron_interpretability/vega_fcn_sweep/fcn_070
REACTOME_RETROGRADE_NEUROTROPHIN_SIGNALLING,,0.3631636347772979,test,0.7,472,674,0.5,/Users/charlottejob/Code/Evaluation_neuron_interpretability/vega_fcn_sweep/fcn_070
REACTOME_ERKS_ARE_INACTIVATED,0.0278039630502462,0.40486085473691613,test,0.7,472,674,0.5,/Users/charlottejob/Code/Evaluation_neuron_interpretability/vega_fcn_sweep/fcn_070
REACTOME_NEGATIVE_REGULATION_OF_THE_PI3K_AKT_NETWORK,,0.3936971600575841,test,0.7,472,674,0.5,/Users/charlottejob/Code/Evaluation_neuron_interpretability/vega_fcn_sweep/fcn_070
REACTOME_PI3K_AKT_ACTIVATION,0.0481734164059162,0.9089670093481224,test,0.7,472,674,0.5,/Users/charlottejob/Code/Evaluation_neuron_interpretability/vega_fcn_sweep/fcn_070
REACTOME_REGULATORY_RNA_PATHWAYS,,0.4082589538891071,test,0.7,472,674,0.5,/Users/charlottejob/Code/Evaluation_neuron_interpretability/vega_fcn_sweep/fcn_070
REACTOME_EGFR_DOWNREGULATION,-0.0009568987879902,0.3986544785666907,test,0.7,472,674,0.5,/Users/charlottejob/Code/Evaluation_neuron_interpretability/vega_fcn_sweep/fcn_070
REACTOME_PROCESSING_OF_CAPPED_INTRON_CONTAINING_PRE_MRNA,0.7526106834411621,0.8251777854530318,test,0.7,472,674,0.5,/Users/charlottejob/Code/Evaluation_neuron_interpretability/vega_fcn_sweep/fcn_070
REACTOME_PECAM1_INTERACTIONS,0.4872245192527771,0.706410045860462,test,0.7,472,674,0.5,/Users/charlottejob/Code/Evaluation_neuron_interpretability/vega_fcn_sweep/fcn_070
REACTOME_TCR_SIGNALING,0.0688005462288856,0.3825977540300023,test,0.7,472,674,0.5,/Users/charlottejob/Code/Evaluation_neuron_interpretability/vega_fcn_sweep/fcn_070
REACTOME_REGULATION_OF_PYRUVATE_DEHYDROGENASE_PDH_COMPLEX,-7.376819849014282e-05,0.8464411413130034,test,0.7,472,674,0.5,/Users/charlottejob/Code/Evaluation_neuron_interpretability/vega_fcn_sweep/fcn_070
REACTOME_DOWNSTREAM_TCR_SIGNALING,0.0383343659341335,0.4031593001496002,test,0.7,472,674,0.5,/Users/charlottejob/Code/Evaluation_neuron_interpretability/vega_fcn_sweep/fcn_070
REACTOME_BASIGIN_INTERACTIONS,0.4453845024108886,0.7659045865865443,test,0.7,472,674,0.5,/Users/charlottejob/Code/Evaluation_neuron_interpretability/vega_fcn_sweep/fcn_070
REACTOME_AKT_PHOSPHORYLATES_TARGETS_IN_THE_CYTOSOL,-0.0030164823401719,0.3781976682677048,test,0.7,472,674,0.5,/Users/charlottejob/Code/Evaluation_neuron_interpretability/vega_fcn_sweep/fcn_070
REACTOME_GAB1_SIGNALOSOME,0.0411069132387638,0.4038471865702902,test,0.7,472,674,0.5,/Users/charlottejob/Code/Evaluation_neuron_interpretability/vega_fcn_sweep/fcn_070
REACTOME_SHC1_EVENTS_IN_EGFR_SIGNALING,,0.35274266021026923,test,0.7,472,674,0.5,/Users/charlottejob/Code/Evaluation_neuron_interpretability/vega_fcn_sweep/fcn_070
REACTOME_ACTIVATION_OF_THE_MRNA_UPON_BINDING_OF_THE_CAP_BINDING_COMPLEX_AND_EIFS_AND_SUBSEQUENT_BINDING_TO_43S,0.113994188606739,0.4412295826415202,test,0.7,472,674,0.5,/Users/charlottejob/Code/Evaluation_neuron_interpretability/vega_fcn_sweep/fcn_070
REACTOME_PHOSPHORYLATION_OF_CD3_AND_TCR_ZETA_CHAINS,0.0050870832055807,0.4265290025007339,test,0.7,472,674,0.5,/Users/charlottejob/Code/Evaluation_neuron_interpretability/vega_fcn_sweep/fcn_070
REACTOME_GLUTAMATE_NEUROTRANSMITTER_RELEASE_CYCLE,-0.0008844332187436,0.916721327662696,test,0.7,472,674,0.5,/Users/charlottejob/Code/Evaluation_neuron_interpretability/vega_fcn_sweep/fcn_070
REACTOME_TRANSLOCATION_OF_ZAP_70_TO_IMMUNOLOGICAL_SYNAPSE,0.1023087352514267,0.3869540919010884,test,0.7,472,674,0.5,/Users/charlottejob/Code/Evaluation_neuron_interpretability/vega_fcn_sweep/fcn_070
REACTOME_ERK_MAPK_TARGETS,0.1544691026210785,0.34960852563730127,test,0.7,472,674,0.5,/Users/charlottejob/Code/Evaluation_neuron_interpretability/vega_fcn_sweep/fcn_070
REACTOME_TIE2_SIGNALING,0.0021729851141572,0.917886589264681,test,0.7,472,674,0.5,/Users/charlottejob/Code/Evaluation_neuron_interpretability/vega_fcn_sweep/fcn_070
REACTOME_GENERATION_OF_SECOND_MESSENGER_MOLECULES,0.1914712637662887,0.9586492733600784,test,0.7,472,674,0.5,/Users/charlottejob/Code/Evaluation_neuron_interpretability/vega_fcn_sweep/fcn_070
REACTOME_GENERIC_TRANSCRIPTION_PATHWAY,0.5778996348381042,0.9843556522001752,test,0.7,472,674,0.5,/Users/charlottejob/Code/Evaluation_neuron_interpretability/vega_fcn_sweep/fcn_070
REACTOME_RESPONSE_TO_ELEVATED_PLATELET_CYTOSOLIC_CA2_,0.0773330107331276,0.38622511246399027,test,0.7,472,674,0.5,/Users/charlottejob/Code/Evaluation_neuron_interpretability/vega_fcn_sweep/fcn_070
REACTOME_TRANSPORT_OF_MATURE_TRANSCRIPT_TO_CYTOPLASM,0.0325190834701061,0.37519062674353737,test,0.7,472,674,0.5,/Users/charlottejob/Code/Evaluation_neuron_interpretability/vega_fcn_sweep/fcn_070
REACTOME_METABOLISM_OF_AMINO_ACIDS_AND_DERIVATIVES,0.5177886486053467,0.889281507656066,test,0.7,472,674,0.5,/Users/charlottejob/Code/Evaluation_neuron_interpretability/vega_fcn_sweep/fcn_070
REACTOME_RNA_POL_I_TRANSCRIPTION,0.4989548921585083,0.991198695297635,test,0.7,472,674,0.5,/Users/charlottejob/Code/Evaluation_neuron_interpretability/vega_fcn_sweep/fcn_070
REACTOME_FATTY_ACYL_COA_BIOSYNTHESIS,0.0055415499955415,0.40895837831480547,test,0.7,472,674,0.5,/Users/charlottejob/Code/Evaluation_neuron_interpretability/vega_fcn_sweep/fcn_070
REACTOME_E2F_ENABLED_INHIBITION_OF_PRE_REPLICATION_COMPLEX_FORMATION,,0.3703581555642804,test,0.7,472,674,0.5,/Users/charlottejob/Code/Evaluation_neuron_interpretability/vega_fcn_sweep/fcn_070
REACTOME_P75NTR_RECRUITS_SIGNALLING_COMPLEXES,,0.38847096802338277,test,0.7,472,674,0.5,/Users/charlottejob/Code/Evaluation_neuron_interpretability/vega_fcn_sweep/fcn_070
REACTOME_BIOLOGICAL_OXIDATIONS,0.2265335321426391,0.4482231780090853,test,0.7,472,674,0.5,/Users/charlottejob/Code/Evaluation_neuron_interpretability/vega_fcn_sweep/fcn_070
REACTOME_REGULATED_PROTEOLYSIS_OF_P75NTR,,0.38485364044845793,test,0.7,472,674,0.5,/Users/charlottejob/Code/Evaluation_neuron_interpretability/vega_fcn_sweep/fcn_070
REACTOME_TRANSMISSION_ACROSS_CHEMICAL_SYNAPSES,0.0229456759989261,0.4090358404846038,test,0.7,472,674,0.5,/Users/charlottejob/Code/Evaluation_neuron_interpretability/vega_fcn_sweep/fcn_070
REACTOME_P75NTR_SIGNALS_VIA_NFKB,0.0274996422231197,0.3795221268719502,test,0.7,472,674,0.5,/Users/charlottejob/Code/Evaluation_neuron_interpretability/vega_fcn_sweep/fcn_070
REACTOME_CASPASE_MEDIATED_CLEAVAGE_OF_CYTOSKELETAL_PROTEINS,0.6036182045936584,0.936769011639474,test,0.7,472,674,0.5,/Users/charlottejob/Code/Evaluation_neuron_interpretability/vega_fcn_sweep/fcn_070
REACTOME_XENOBIOTICS,0.0138658760115504,0.37145463505677834,test,0.7,472,674,0.5,/Users/charlottejob/Code/Evaluation_neuron_interpretability/vega_fcn_sweep/fcn_070
REACTOME_INTEGRIN_CELL_SURFACE_INTERACTIONS,0.3005315363407135,0.8021488695452326,test,0.7,472,674,0.5,/Users/charlottejob/Code/Evaluation_neuron_interpretability/vega_fcn_sweep/fcn_070
REACTOME_REGULATION_OF_ORNITHINE_DECARBOXYLASE_ODC,0.7751795053482056,0.712522674607585,test,0.7,472,674,0.5,/Users/charlottejob/Code/Evaluation_neuron_interpretability/vega_fcn_sweep/fcn_070
REACTOME_CYTOCHROME_P450_ARRANGED_BY_SUBSTRATE_TYPE,0.0559160746634006,0.3903299582204335,test,0.7,472,674,0.5,/Users/charlottejob/Code/Evaluation_neuron_interpretability/vega_fcn_sweep/fcn_070
REACTOME_BASE_FREE_SUGAR_PHOSPHATE_REMOVAL_VIA_THE_SINGLE_NUCLEOTIDE_REPLACEMENT_PATHWAY,,0.9129293722462156,test,0.7,472,674,0.5,/Users/charlottejob/Code/Evaluation_neuron_interpretability/vega_fcn_sweep/fcn_070
REACTOME_APOPTOTIC_CLEAVAGE_OF_CELL_ADHESION_PROTEINS,-0.0083182463422417,0.3846411751179173,test,0.7,472,674,0.5,/Users/charlottejob/Code/Evaluation_neuron_interpretability/vega_fcn_sweep/fcn_070
REACTOME_HDL_MEDIATED_LIPID_TRANSPORT,-0.0048412573523819,0.4500340035896573,test,0.7,472,674,0.5,/Users/charlottejob/Code/Evaluation_neuron_interpretability/vega_fcn_sweep/fcn_070
REACTOME_NRAGE_SIGNALS_DEATH_THROUGH_JNK,0.0379969514906406,0.426830511752193,test,0.7,472,674,0.5,/Users/charlottejob/Code/Evaluation_neuron_interpretability/vega_fcn_sweep/fcn_070
REACTOME_SLBP_DEPENDENT_PROCESSING_OF_REPLICATION_DEPENDENT_HISTONE_PRE_MRNAS,,0.9199703354709244,test,0.7,472,674,0.5,/Users/charlottejob/Code/Evaluation_neuron_interpretability/vega_fcn_sweep/fcn_070
REACTOME_NRIF_SIGNALS_CELL_DEATH_FROM_THE_NUCLEUS,,0.913116084282162,test,0.7,472,674,0.5,/Users/charlottejob/Code/Evaluation_neuron_interpretability/vega_fcn_sweep/fcn_070
REACTOME_REGULATION_OF_APOPTOSIS,0.0112268226221203,0.417677323545365,test,0.7,472,674,0.5,/Users/charlottejob/Code/Evaluation_neuron_interpretability/vega_fcn_sweep/fcn_070
REACTOME_RNA_POL_II_TRANSCRIPTION,-0.0057648057118058,0.38526073455402077,test,0.7,472,674,0.5,/Users/charlottejob/Code/Evaluation_neuron_interpretability/vega_fcn_sweep/fcn_070
REACTOME_NEURONAL_SYSTEM,0.0142466444522142,0.3760188457008245,test,0.7,472,674,0.5,/Users/charlottejob/Code/Evaluation_neuron_interpretability/vega_fcn_sweep/fcn_070
REACTOME_NFKB_IS_ACTIVATED_AND_SIGNALS_SURVIVAL,0.2105535119771957,0.3956194963262101,test,0.7,472,674,0.5,/Users/charlottejob/Code/Evaluation_neuron_interpretability/vega_fcn_sweep/fcn_070
REACTOME_REGULATION_OF_BETA_CELL_DEVELOPMENT,0.0592570789158344,0.3841777562451837,test,0.7,472,674,0.5,/Users/charlottejob/Code/Evaluation_neuron_interpretability/vega_fcn_sweep/fcn_070
REACTOME_PHASE1_FUNCTIONALIZATION_OF_COMPOUNDS,0.4983822107315063,0.6978462561501431,test,0.7,472,674,0.5,/Users/charlottejob/Code/Evaluation_neuron_interpretability/vega_fcn_sweep/fcn_070
REACTOME_RNA_POL_III_TRANSCRIPTION,,0.3773380447585395,test,0.7,472,674,0.5,/Users/charlottejob/Code/Evaluation_neuron_interpretability/vega_fcn_sweep/fcn_070
REACTOME_CELL_DEATH_SIGNALLING_VIA_NRAGE_NRIF_AND_NADE,0.4044127762317657,0.7002072744122214,test,0.7,472,674,0.5,/Users/charlottejob/Code/Evaluation_neuron_interpretability/vega_fcn_sweep/fcn_070
REACTOME_NEUROTRANSMITTER_RELEASE_CYCLE,-0.0216531530022621,0.9118252528146522,test,0.7,472,674,0.5,/Users/charlottejob/Code/Evaluation_neuron_interpretability/vega_fcn_sweep/fcn_070
REACTOME_P75_NTR_RECEPTOR_MEDIATED_SIGNALLING,0.0056097083725035,0.4049779552272267,test,0.7,472,674,0.5,/Users/charlottejob/Code/Evaluation_neuron_interpretability/vega_fcn_sweep/fcn_070
REACTOME_AMINO_ACID_TRANSPORT_ACROSS_THE_PLASMA_MEMBRANE,0.0383971221745014,0.37325016153709367,test,0.7,472,674,0.5,/Users/charlottejob/Code/Evaluation_neuron_interpretability/vega_fcn_sweep/fcn_070
REACTOME_ENDOGENOUS_STEROLS,-0.0331788174808025,0.3524198794015787,test,0.7,472,674,0.5,/Users/charlottejob/Code/Evaluation_neuron_interpretability/vega_fcn_sweep/fcn_070
REACTOME_REGULATION_OF_GENE_EXPRESSION_IN_BETA_CELLS,,0.3663378850194583,test,0.7,472,674,0.5,/Users/charlottejob/Code/Evaluation_neuron_interpretability/vega_fcn_sweep/fcn_070
REACTOME_GLYCOLYSIS,0.105268508195877,0.3987419864642784,test,0.7,472,674,0.5,/Users/charlottejob/Code/Evaluation_neuron_interpretability/vega_fcn_sweep/fcn_070
REACTOME_PROCESSIVE_SYNTHESIS_ON_THE_LAGGING_STRAND,,0.9218775901932554,test,0.7,472,674,0.5,/Users/charlottejob/Code/Evaluation_neuron_interpretability/vega_fcn_sweep/fcn_070
REACTOME_PEPTIDE_CHAIN_ELONGATION,0.7543295621871948,0.999998226120028,test,0.7,472,674,0.5,/Users/charlottejob/Code/Evaluation_neuron_interpretability/vega_fcn_sweep/fcn_070
REACTOME_COMMON_PATHWAY,0.2817930579185486,0.7228398642828261,test,0.7,472,674,0.5,/Users/charlottejob/Code/Evaluation_neuron_interpretability/vega_fcn_sweep/fcn_070
REACTOME_MRNA_CAPPING,0.6646245718002319,0.714075382803298,test,0.7,472,674,0.5,/Users/charlottejob/Code/Evaluation_neuron_interpretability/vega_fcn_sweep/fcn_070
REACTOME_MITOCHONDRIAL_FATTY_ACID_BETA_OXIDATION,,0.916075557300528,test,0.7,472,674,0.5,/Users/charlottejob/Code/Evaluation_neuron_interpretability/vega_fcn_sweep/fcn_070
REACTOME_SIGNALING_BY_GPCR,0.1106871739029884,0.4019585511394056,test,0.7,472,674,0.5,/Users/charlottejob/Code/Evaluation_neuron_interpretability/vega_fcn_sweep/fcn_070
REACTOME_PEPTIDE_LIGAND_BINDING_RECEPTORS,0.0472860671579837,0.4095818962781152,test,0.7,472,674,0.5,/Users/charlottejob/Code/Evaluation_neuron_interpretability/vega_fcn_sweep/fcn_070
REACTOME_METABOLISM_OF_POLYAMINES,0.611846387386322,0.906900347756385,test,0.7,472,674,0.5,/Users/charlottejob/Code/Evaluation_neuron_interpretability/vega_fcn_sweep/fcn_070
REACTOME_CLASS_A1_RHODOPSIN_LIKE_RECEPTORS,0.035799354314804,0.3521879438121559,test,0.7,472,674,0.5,/Users/charlottejob/Code/Evaluation_neuron_interpretability/vega_fcn_sweep/fcn_070
REACTOME_NOTCH_HLH_TRANSCRIPTION_PATHWAY,,0.3651930375605288,test,0.7,472,674,0.5,/Users/charlottejob/Code/Evaluation_neuron_interpretability/vega_fcn_sweep/fcn_070
REACTOME_INTEGRATION_OF_ENERGY_METABOLISM,0.0351555608212947,0.3952818548530106,test,0.7,472,674,0.5,/Users/charlottejob/Code/Evaluation_neuron_interpretability/vega_fcn_sweep/fcn_070
REACTOME_CELL_CYCLE_MITOTIC,0.0397853590548038,0.47265316805952856,test,0.7,472,674,0.5,/Users/charlottejob/Code/Evaluation_neuron_interpretability/vega_fcn_sweep/fcn_070
REACTOME_GLUCONEOGENESIS,0.6188409328460693,0.9619743181822158,test,0.7,472,674,0.5,/Users/charlottejob/Code/Evaluation_neuron_interpretability/vega_fcn_sweep/fcn_070
REACTOME_DOPAMINE_NEUROTRANSMITTER_RELEASE_CYCLE,-0.0161686986684799,0.9220816317894248,test,0.7,472,674,0.5,/Users/charlottejob/Code/Evaluation_neuron_interpretability/vega_fcn_sweep/fcn_070
REACTOME_OPIOID_SIGNALLING,0.0228423345834016,0.4020734680977346,test,0.7,472,674,0.5,/Users/charlottejob/Code/Evaluation_neuron_interpretability/vega_fcn_sweep/fcn_070
REACTOME_RECRUITMENT_OF_MITOTIC_CENTROSOME_PROTEINS_AND_COMPLEXES,0.732273280620575,0.7100866527866808,test,0.7,472,674,0.5,/Users/charlottejob/Code/Evaluation_neuron_interpretability/vega_fcn_sweep/fcn_070
REACTOME_MITOCHONDRIAL_TRNA_AMINOACYLATION,0.0289697460830211,0.39512090966209706,test,0.7,472,674,0.5,/Users/charlottejob/Code/Evaluation_neuron_interpretability/vega_fcn_sweep/fcn_070
REACTOME_CYTOSOLIC_TRNA_AMINOACYLATION,0.0664321184158325,0.3963040164374835,test,0.7,472,674,0.5,/Users/charlottejob/Code/Evaluation_neuron_interpretability/vega_fcn_sweep/fcn_070
REACTOME_CA_DEPENDENT_EVENTS,-0.0345660001039505,0.3521702441854333,test,0.7,472,674,0.5,/Users/charlottejob/Code/Evaluation_neuron_interpretability/vega_fcn_sweep/fcn_070
REACTOME_ACETYLCHOLINE_NEUROTRANSMITTER_RELEASE_CYCLE,-0.0258789621293544,0.9206375235394936,test,0.7,472,674,0.5,/Users/charlottejob/Code/Evaluation_neuron_interpretability/vega_fcn_sweep/fcn_070
REACTOME_ADENYLATE_CYCLASE_ACTIVATING_PATHWAY,,0.3638860533089038,test,0.7,472,674,0.5,/Users/charlottejob/Code/Evaluation_neuron_interpretability/vega_fcn_sweep/fcn_070
REACTOME_ADENYLATE_CYCLASE_INHIBITORY_PATHWAY,,0.38086637874623747,test,0.7,472,674,0.5,/Users/charlottejob/Code/Evaluation_neuron_interpretability/vega_fcn_sweep/fcn_070
REACTOME_DARPP_32_EVENTS,0.0014311022823676,0.4084788073765448,test,0.7,472,674,0.5,/Users/charlottejob/Code/Evaluation_neuron_interpretability/vega_fcn_sweep/fcn_070
REACTOME_CHEMOKINE_RECEPTORS_BIND_CHEMOKINES,0.0535596013069152,0.3818115113950137,test,0.7,472,674,0.5,/Users/charlottejob/Code/Evaluation_neuron_interpretability/vega_fcn_sweep/fcn_070
REACTOME_LOSS_OF_NLP_FROM_MITOTIC_CENTROSOMES,-0.0342590734362602,0.40222115090864463,test,0.7,472,674,0.5,/Users/charlottejob/Code/Evaluation_neuron_interpretability/vega_fcn_sweep/fcn_070
REACTOME_NEUROTRANSMITTER_RECEPTOR_BINDING_AND_DOWNSTREAM_TRANSMISSION_IN_THE_POSTSYNAPTIC_CELL,-0.0222576260566711,0.3770165980652382,test,0.7,472,674,0.5,/Users/charlottejob/Code/Evaluation_neuron_interpretability/vega_fcn_sweep/fcn_070
REACTOME_CELL_CYCLE_CHECKPOINTS,0.0168936979025602,0.3796078008253986,test,0.7,472,674,0.5,/Users/charlottejob/Code/Evaluation_neuron_interpretability/vega_fcn_sweep/fcn_070
REACTOME_DIABETES_PATHWAYS,0.0442411601543426,0.4606701129209589,test,0.7,472,674,0.5,/Users/charlottejob/Code/Evaluation_neuron_interpretability/vega_fcn_sweep/fcn_070
REACTOME_P130CAS_LINKAGE_TO_MAPK_SIGNALING_FOR_INTEGRINS,0.6574612855911255,0.825602539330081,test,0.7,472,674,0.5,/Users/charlottejob/Code/Evaluation_neuron_interpretability/vega_fcn_sweep/fcn_070
REACTOME_GLYCOPROTEIN_HORMONES,,0.3344658203551018,test,0.7,472,674,0.5,/Users/charlottejob/Code/Evaluation_neuron_interpretability/vega_fcn_sweep/fcn_070
REACTOME_NOREPINEPHRINE_NEUROTRANSMITTER_RELEASE_CYCLE,0.0242802761495113,0.915732139960362,test,0.7,472,674,0.5,/Users/charlottejob/Code/Evaluation_neuron_interpretability/vega_fcn_sweep/fcn_070
REACTOME_PLC_BETA_MEDIATED_EVENTS,0.0470310859382152,0.880950243053905,test,0.7,472,674,0.5,/Users/charlottejob/Code/Evaluation_neuron_interpretability/vega_fcn_sweep/fcn_070
REACTOME_REGULATION_OF_INSULIN_LIKE_GROWTH_FACTOR_IGF_ACTIVITY_BY_INSULIN_LIKE_GROWTH_FACTOR_BINDING_PROTEINS_IGFBPS,-0.0026211671065539,0.3748501466203913,test,0.7,472,674,0.5,/Users/charlottejob/Code/Evaluation_neuron_interpretability/vega_fcn_sweep/fcn_070
REACTOME_GRB2_SOS_PROVIDES_LINKAGE_TO_MAPK_SIGNALING_FOR_INTERGRINS_,0.0443376973271369,0.3853120251655582,test,0.7,472,674,0.5,/Users/charlottejob/Code/Evaluation_neuron_interpretability/vega_fcn_sweep/fcn_070
REACTOME_PEPTIDE_HORMONE_BIOSYNTHESIS,,0.9180561008593988,test,0.7,472,674,0.5,/Users/charlottejob/Code/Evaluation_neuron_interpretability/vega_fcn_sweep/fcn_070
REACTOME_G_PROTEIN_ACTIVATION,-0.0435531437397003,0.40471432901210713,test,0.7,472,674,0.5,/Users/charlottejob/Code/Evaluation_neuron_interpretability/vega_fcn_sweep/fcn_070
REACTOME_ACETYLCHOLINE_BINDING_AND_DOWNSTREAM_EVENTS,-0.0117478976026177,0.3481589213426512,test,0.7,472,674,0.5,/Users/charlottejob/Code/Evaluation_neuron_interpretability/vega_fcn_sweep/fcn_070
REACTOME_ABC_FAMILY_PROTEINS_MEDIATED_TRANSPORT,0.0459596067667007,0.7805226036233105,test,0.7,472,674,0.5,/Users/charlottejob/Code/Evaluation_neuron_interpretability/vega_fcn_sweep/fcn_070
REACTOME_TRNA_AMINOACYLATION,0.0404335036873817,0.3822301447080599,test,0.7,472,674,0.5,/Users/charlottejob/Code/Evaluation_neuron_interpretability/vega_fcn_sweep/fcn_070
REACTOME_OLFACTORY_SIGNALING_PATHWAY,,0.3664825720891681,test,0.7,472,674,0.5,/Users/charlottejob/Code/Evaluation_neuron_interpretability/vega_fcn_sweep/fcn_070
REACTOME_STEROID_HORMONES,,0.9146813244339748,test,0.7,472,674,0.5,/Users/charlottejob/Code/Evaluation_neuron_interpretability/vega_fcn_sweep/fcn_070
REACTOME_PKA_MEDIATED_PHOSPHORYLATION_OF_CREB,0.0144329816102981,0.3466202556123974,test,0.7,472,674,0.5,/Users/charlottejob/Code/Evaluation_neuron_interpretability/vega_fcn_sweep/fcn_070
REACTOME_RECRUITMENT_OF_NUMA_TO_MITOTIC_CENTROSOMES,,0.37364917331937364,test,0.7,472,674,0.5,/Users/charlottejob/Code/Evaluation_neuron_interpretability/vega_fcn_sweep/fcn_070
REACTOME_AMINE_DERIVED_HORMONES,-0.0103627573698759,0.9194339299507536,test,0.7,472,674,0.5,/Users/charlottejob/Code/Evaluation_neuron_interpretability/vega_fcn_sweep/fcn_070
REACTOME_TRANSMEMBRANE_TRANSPORT_OF_SMALL_MOLECULES,0.2344516962766647,0.3238095792511007,test,0.7,472,674,0.5,/Users/charlottejob/Code/Evaluation_neuron_interpretability/vega_fcn_sweep/fcn_070
REACTOME_INTEGRIN_ALPHAIIB_BETA3_SIGNALING,-0.0027305653784424,0.3971816981444754,test,0.7,472,674,0.5,/Users/charlottejob/Code/Evaluation_neuron_interpretability/vega_fcn_sweep/fcn_070
REACTOME_NUCLEAR_RECEPTOR_TRANSCRIPTION_PATHWAY,0.0125376880168914,0.4103654860059453,test,0.7,472,674,0.5,/Users/charlottejob/Code/Evaluation_neuron_interpretability/vega_fcn_sweep/fcn_070
REACTOME_INSULIN_SYNTHESIS_AND_PROCESSING,-0.0297705791890621,0.3703353011291904,test,0.7,472,674,0.5,/Users/charlottejob/Code/Evaluation_neuron_interpretability/vega_fcn_sweep/fcn_070
REACTOME_CYCLIN_E_ASSOCIATED_EVENTS_DURING_G1_S_TRANSITION_,0.0065893307328224,0.3620588573908269,test,0.7,472,674,0.5,/Users/charlottejob/Code/Evaluation_neuron_interpretability/vega_fcn_sweep/fcn_070
REACTOME_HOMOLOGOUS_RECOMBINATION_REPAIR_OF_REPLICATION_INDEPENDENT_DOUBLE_STRAND_BREAKS,,0.9190367752911924,test,0.7,472,674,0.5,/Users/charlottejob/Code/Evaluation_neuron_interpretability/vega_fcn_sweep/fcn_070
REACTOME_G1_PHASE,-0.0101379277184605,0.38931853607273087,test,0.7,472,674,0.5,/Users/charlottejob/Code/Evaluation_neuron_interpretability/vega_fcn_sweep/fcn_070
REACTOME_ELEVATION_OF_CYTOSOLIC_CA2_LEVELS,0.0038664895109832,0.41897103456507967,test,0.7,472,674,0.5,/Users/charlottejob/Code/Evaluation_neuron_interpretability/vega_fcn_sweep/fcn_070
REACTOME_P53_DEPENDENT_G1_DNA_DAMAGE_RESPONSE,0.0134432762861251,0.40418103721884857,test,0.7,472,674,0.5,/Users/charlottejob/Code/Evaluation_neuron_interpretability/vega_fcn_sweep/fcn_070
REACTOME_TRANSCRIPTION_COUPLED_NER_TC_NER,-0.0245807077735662,0.3976119052448411,test,0.7,472,674,0.5,/Users/charlottejob/Code/Evaluation_neuron_interpretability/vega_fcn_sweep/fcn_070
REACTOME_RNA_POL_II_TRANSCRIPTION_PRE_INITIATION_AND_PROMOTER_OPENING,-0.009909494780004,0.912105587166704,test,0.7,472,674,0.5,/Users/charlottejob/Code/Evaluation_neuron_interpretability/vega_fcn_sweep/fcn_070
REACTOME_GLUCAGON_SIGNALING_IN_METABOLIC_REGULATION,0.0240396447479724,0.3724673806849828,test,0.7,472,674,0.5,/Users/charlottejob/Code/Evaluation_neuron_interpretability/vega_fcn_sweep/fcn_070
REACTOME_MRNA_PROCESSING,0.0975120738148689,0.7678915283275348,test,0.7,472,674,0.5,/Users/charlottejob/Code/Evaluation_neuron_interpretability/vega_fcn_sweep/fcn_070
REACTOME_SIGNALING_BY_PDGF,0.0269733499735593,0.3832142634361847,test,0.7,472,674,0.5,/Users/charlottejob/Code/Evaluation_neuron_interpretability/vega_fcn_sweep/fcn_070
REACTOME_ASSOCIATION_OF_TRIC_CCT_WITH_TARGET_PROTEINS_DURING_BIOSYNTHESIS,0.0718872025609016,0.3884930614988002,test,0.7,472,674,0.5,/Users/charlottejob/Code/Evaluation_neuron_interpretability/vega_fcn_sweep/fcn_070
REACTOME_PREFOLDIN_MEDIATED_TRANSFER_OF_SUBSTRATE_TO_CCT_TRIC,0.0601256117224693,0.40857570666989657,test,0.7,472,674,0.5,/Users/charlottejob/Code/Evaluation_neuron_interpretability/vega_fcn_sweep/fcn_070
REACTOME_HORMONE_LIGAND_BINDING_RECEPTORS,,0.3827020896043275,test,0.7,472,674,0.5,/Users/charlottejob/Code/Evaluation_neuron_interpretability/vega_fcn_sweep/fcn_070
REACTOME_GPVI_MEDIATED_ACTIVATION_CASCADE,0.0414388105273246,0.3591581408533032,test,0.7,472,674,0.5,/Users/charlottejob/Code/Evaluation_neuron_interpretability/vega_fcn_sweep/fcn_070
REACTOME_PROTEIN_FOLDING,0.0128923738375306,0.3308755046383593,test,0.7,472,674,0.5,/Users/charlottejob/Code/Evaluation_neuron_interpretability/vega_fcn_sweep/fcn_070
REACTOME_FORMATION_OF_TUBULIN_FOLDING_INTERMEDIATES_BY_CCT_TRIC,0.0245712753385305,0.355117531100848,test,0.7,472,674,0.5,/Users/charlottejob/Code/Evaluation_neuron_interpretability/vega_fcn_sweep/fcn_070
REACTOME_PEROXISOMAL_LIPID_METABOLISM,-0.049303725361824,0.3549279506529116,test,0.7,472,674,0.5,/Users/charlottejob/Code/Evaluation_neuron_interpretability/vega_fcn_sweep/fcn_070
REACTOME_POST_CHAPERONIN_TUBULIN_FOLDING_PATHWAY,0.0026505049318075,0.3469445073453647,test,0.7,472,674,0.5,/Users/charlottejob/Code/Evaluation_neuron_interpretability/vega_fcn_sweep/fcn_070
REACTOME_STRIATED_MUSCLE_CONTRACTION,0.0519942827522754,0.41233196295965713,test,0.7,472,674,0.5,/Users/charlottejob/Code/Evaluation_neuron_interpretability/vega_fcn_sweep/fcn_070
REACTOME_METABOLISM_OF_NUCLEOTIDES,0.2701743543148041,0.45453934499870896,test,0.7,472,674,0.5,/Users/charlottejob/Code/Evaluation_neuron_interpretability/vega_fcn_sweep/fcn_070
REACTOME_AMINE_LIGAND_BINDING_RECEPTORS,0.0040459721349179,0.3892185954500495,test,0.7,472,674,0.5,/Users/charlottejob/Code/Evaluation_neuron_interpretability/vega_fcn_sweep/fcn_070
REACTOME_METABOLISM_OF_PROTEINS,0.4748587012290954,0.9999799436233485,test,0.7,472,674,0.5,/Users/charlottejob/Code/Evaluation_neuron_interpretability/vega_fcn_sweep/fcn_070
REACTOME_DOWNSTREAM_SIGNAL_TRANSDUCTION,0.0050404779613018,0.4277081550088156,test,0.7,472,674,0.5,/Users/charlottejob/Code/Evaluation_neuron_interpretability/vega_fcn_sweep/fcn_070
REACTOME_MUSCLE_CONTRACTION,0.0990493670105934,0.36395233888608447,test,0.7,472,674,0.5,/Users/charlottejob/Code/Evaluation_neuron_interpretability/vega_fcn_sweep/fcn_070
REACTOME_SEROTONIN_RECEPTORS,,0.41318152074335823,test,0.7,472,674,0.5,/Users/charlottejob/Code/Evaluation_neuron_interpretability/vega_fcn_sweep/fcn_070
REACTOME_CDC6_ASSOCIATION_WITH_THE_ORC_ORIGIN_COMPLEX,,0.3569986476464686,test,0.7,472,674,0.5,/Users/charlottejob/Code/Evaluation_neuron_interpretability/vega_fcn_sweep/fcn_070
REACTOME_M_G1_TRANSITION,0.0210393480956554,0.8535712848084538,test,0.7,472,674,0.5,/Users/charlottejob/Code/Evaluation_neuron_interpretability/vega_fcn_sweep/fcn_070
REACTOME_MRNA_SPLICING,,0.378550800506042,test,0.7,472,674,0.5,/Users/charlottejob/Code/Evaluation_neuron_interpretability/vega_fcn_sweep/fcn_070
REACTOME_MRNA_SPLICING_MINOR_PATHWAY,,0.922064302229202,test,0.7,472,674,0.5,/Users/charlottejob/Code/Evaluation_neuron_interpretability/vega_fcn_sweep/fcn_070
REACTOME_3_UTR_MEDIATED_TRANSLATIONAL_REGULATION,0.113065592944622,0.4276239232548569,test,0.7,472,674,0.5,/Users/charlottejob/Code/Evaluation_neuron_interpretability/vega_fcn_sweep/fcn_070
REACTOME_PROCESSING_OF_CAPPED_INTRONLESS_PRE_MRNA,,0.9149221306111764,test,0.7,472,674,0.5,/Users/charlottejob/Code/Evaluation_neuron_interpretability/vega_fcn_sweep/fcn_070
REACTOME_PURINE_RIBONUCLEOSIDE_MONOPHOSPHATE_BIOSYNTHESIS,,0.3715604414779915,test,0.7,472,674,0.5,/Users/charlottejob/Code/Evaluation_neuron_interpretability/vega_fcn_sweep/fcn_070
REACTOME_G1_S_TRANSITION,-0.0261622574180364,0.4120495235848298,test,0.7,472,674,0.5,/Users/charlottejob/Code/Evaluation_neuron_interpretability/vega_fcn_sweep/fcn_070
REACTOME_CITRIC_ACID_CYCLE_TCA_CYCLE,,0.3774008637612878,test,0.7,472,674,0.5,/Users/charlottejob/Code/Evaluation_neuron_interpretability/vega_fcn_sweep/fcn_070
REACTOME_TRANSCRIPTION,0.027799604460597,0.3835249167502799,test,0.7,472,674,0.5,/Users/charlottejob/Code/Evaluation_neuron_interpretability/vega_fcn_sweep/fcn_070
REACTOME_POL_SWITCHING,,0.3829079963355583,test,0.7,472,674,0.5,/Users/charlottejob/Code/Evaluation_neuron_interpretability/vega_fcn_sweep/fcn_070
REACTOME_NUCLEOTIDE_EXCISION_REPAIR,-0.0161980148404836,0.920681519754892,test,0.7,472,674,0.5,/Users/charlottejob/Code/Evaluation_neuron_interpretability/vega_fcn_sweep/fcn_070
REACTOME_REGULATION_OF_THE_FANCONI_ANEMIA_PATHWAY,,0.914178772411988,test,0.7,472,674,0.5,/Users/charlottejob/Code/Evaluation_neuron_interpretability/vega_fcn_sweep/fcn_070
REACTOME_AXON_GUIDANCE,0.3785658478736877,0.405769643902186,test,0.7,472,674,0.5,/Users/charlottejob/Code/Evaluation_neuron_interpretability/vega_fcn_sweep/fcn_070
REACTOME_ACTIVATION_OF_CHAPERONE_GENES_BY_XBP1S,-0.0062521048821508,0.4047765310819301,test,0.7,472,674,0.5,/Users/charlottejob/Code/Evaluation_neuron_interpretability/vega_fcn_sweep/fcn_070
REACTOME_REGULATION_OF_INSULIN_SECRETION_BY_GLUCAGON_LIKE_PEPTIDE1,-0.0138052571564912,0.387746251899546,test,0.7,472,674,0.5,/Users/charlottejob/Code/Evaluation_neuron_interpretability/vega_fcn_sweep/fcn_070
REACTOME_PERK_REGULATED_GENE_EXPRESSION,0.0092187840491533,0.3707670789163722,test,0.7,472,674,0.5,/Users/charlottejob/Code/Evaluation_neuron_interpretability/vega_fcn_sweep/fcn_070
REACTOME_G_ALPHA_Q_SIGNALLING_EVENTS,0.0735516846179962,0.4448785544693516,test,0.7,472,674,0.5,/Users/charlottejob/Code/Evaluation_neuron_interpretability/vega_fcn_sweep/fcn_070
REACTOME_P2Y_RECEPTORS,0.587527871131897,0.743230826582099,test,0.7,472,674,0.5,/Users/charlottejob/Code/Evaluation_neuron_interpretability/vega_fcn_sweep/fcn_070
REACTOME_TRAFFICKING_OF_AMPA_RECEPTORS,0.0505122020840644,0.36555724154104907,test,0.7,472,674,0.5,/Users/charlottejob/Code/Evaluation_neuron_interpretability/vega_fcn_sweep/fcn_070
REACTOME_NCAM1_INTERACTIONS,0.0216270424425601,0.3982132933491313,test,0.7,472,674,0.5,/Users/charlottejob/Code/Evaluation_neuron_interpretability/vega_fcn_sweep/fcn_070
REACTOME_CLASS_C_3_METABOTROPIC_GLUTAMATE_PHEROMONE_RECEPTORS,,0.35167822710814467,test,0.7,472,674,0.5,/Users/charlottejob/Code/Evaluation_neuron_interpretability/vega_fcn_sweep/fcn_070
REACTOME_REGULATION_OF_INSULIN_SECRETION,0.026269469410181,0.3871693929093424,test,0.7,472,674,0.5,/Users/charlottejob/Code/Evaluation_neuron_interpretability/vega_fcn_sweep/fcn_070
REACTOME_NCAM_SIGNALING_FOR_NEURITE_OUT_GROWTH,-0.0102251395583152,0.4157975948818742,test,0.7,472,674,0.5,/Users/charlottejob/Code/Evaluation_neuron_interpretability/vega_fcn_sweep/fcn_070
REACTOME_INHIBITION_OF_INSULIN_SECRETION_BY_ADRENALINE_NORADRENALINE,0.0602283477783203,0.3722987798570238,test,0.7,472,674,0.5,/Users/charlottejob/Code/Evaluation_neuron_interpretability/vega_fcn_sweep/fcn_070
REACTOME_NUCLEOTIDE_LIKE_PURINERGIC_RECEPTORS,0.6134967803955078,0.7302726571073039,test,0.7,472,674,0.5,/Users/charlottejob/Code/Evaluation_neuron_interpretability/vega_fcn_sweep/fcn_070
REACTOME_ACTIVATION_OF_CHAPERONES_BY_ATF6_ALPHA,,0.4000663089473454,test,0.7,472,674,0.5,/Users/charlottejob/Code/Evaluation_neuron_interpretability/vega_fcn_sweep/fcn_070
REACTOME_TRANSPORT_OF_MATURE_MRNA_DERIVED_FROM_AN_INTRONLESS_TRANSCRIPT,0.7532460689544678,0.8198499783026472,test,0.7,472,674,0.5,/Users/charlottejob/Code/Evaluation_neuron_interpretability/vega_fcn_sweep/fcn_070
REACTOME_EICOSANOID_LIGAND_BINDING_RECEPTORS,0.034768246114254,0.39173785434135433,test,0.7,472,674,0.5,/Users/charlottejob/Code/Evaluation_neuron_interpretability/vega_fcn_sweep/fcn_070
REACTOME_ACTIVATION_OF_GENES_BY_ATF4,0.0037937914021313,0.38266658253407376,test,0.7,472,674,0.5,/Users/charlottejob/Code/Evaluation_neuron_interpretability/vega_fcn_sweep/fcn_070
REACTOME_UNFOLDED_PROTEIN_RESPONSE,0.6297870874404907,0.7268128191490295,test,0.7,472,674,0.5,/Users/charlottejob/Code/Evaluation_neuron_interpretability/vega_fcn_sweep/fcn_070
REACTOME_CLASS_B_2_SECRETIN_FAMILY_RECEPTORS,0.4242875874042511,0.6218499614651951,test,0.7,472,674,0.5,/Users/charlottejob/Code/Evaluation_neuron_interpretability/vega_fcn_sweep/fcn_070
REACTOME_GLUCAGON_TYPE_LIGAND_RECEPTORS,0.0345986038446426,0.35781060288456834,test,0.7,472,674,0.5,/Users/charlottejob/Code/Evaluation_neuron_interpretability/vega_fcn_sweep/fcn_070
REACTOME_REGULATION_OF_INSULIN_SECRETION_BY_ACETYLCHOLINE,0.5231301188468933,0.6877544886111432,test,0.7,472,674,0.5,/Users/charlottejob/Code/Evaluation_neuron_interpretability/vega_fcn_sweep/fcn_070
REACTOME_G_ALPHA1213_SIGNALLING_EVENTS,0.045162696391344,0.369820991729119,test,0.7,472,674,0.5,/Users/charlottejob/Code/Evaluation_neuron_interpretability/vega_fcn_sweep/fcn_070
REACTOME_FANCONI_ANEMIA_PATHWAY,-0.0230673849582672,0.908658467109149,test,0.7,472,674,0.5,/Users/charlottejob/Code/Evaluation_neuron_interpretability/vega_fcn_sweep/fcn_070
REACTOME_TRAFFICKING_OF_GLUR2_CONTAINING_AMPA_RECEPTORS,-0.0145337022840976,0.42417703197713597,test,0.7,472,674,0.5,/Users/charlottejob/Code/Evaluation_neuron_interpretability/vega_fcn_sweep/fcn_070
REACTOME_ACTIVATION_OF_CHAPERONE_GENES_BY_ATF6_ALPHA,,0.4228818217510797,test,0.7,472,674,0.5,/Users/charlottejob/Code/Evaluation_neuron_interpretability/vega_fcn_sweep/fcn_070
REACTOME_PROSTANOID_LIGAND_RECEPTORS,0.0312401242554187,0.3918813672933982,test,0.7,472,674,0.5,/Users/charlottejob/Code/Evaluation_neuron_interpretability/vega_fcn_sweep/fcn_070
REACTOME_OPSINS,,0.3744501156044147,test,0.7,472,674,0.5,/Users/charlottejob/Code/Evaluation_neuron_interpretability/vega_fcn_sweep/fcn_070
REACTOME_FORMATION_OF_RNA_POL_II_ELONGATION_COMPLEX_,-0.0025417488068342,0.39891252904607877,test,0.7,472,674,0.5,/Users/charlottejob/Code/Evaluation_neuron_interpretability/vega_fcn_sweep/fcn_070
REACTOME_MRNA_3_END_PROCESSING,,0.3675958644156524,test,0.7,472,674,0.5,/Users/charlottejob/Code/Evaluation_neuron_interpretability/vega_fcn_sweep/fcn_070
REACTOME_POST_TRANSLATIONAL_MODIFICATION_SYNTHESIS_OF_GPI_ANCHORED_PROTEINS,-0.0305563379079103,0.39898746299539006,test,0.7,472,674,0.5,/Users/charlottejob/Code/Evaluation_neuron_interpretability/vega_fcn_sweep/fcn_070
REACTOME_CYCLIN_A_B1_ASSOCIATED_EVENTS_DURING_G2_M_TRANSITION,0.0436858721077442,0.41772244945106307,test,0.7,472,674,0.5,/Users/charlottejob/Code/Evaluation_neuron_interpretability/vega_fcn_sweep/fcn_070
REACTOME_ELONGATION_ARREST_AND_RECOVERY,,0.3835833006151027,test,0.7,472,674,0.5,/Users/charlottejob/Code/Evaluation_neuron_interpretability/vega_fcn_sweep/fcn_070
REACTOME_SLC_MEDIATED_TRANSMEMBRANE_TRANSPORT,0.1226559653878212,0.4310826826040803,test,0.7,472,674,0.5,/Users/charlottejob/Code/Evaluation_neuron_interpretability/vega_fcn_sweep/fcn_070
REACTOME_ADP_SIGNALLING_THROUGH_P2RY1,0.3780334889888763,0.6551079213126046,test,0.7,472,674,0.5,/Users/charlottejob/Code/Evaluation_neuron_interpretability/vega_fcn_sweep/fcn_070
REACTOME_G_BETA_GAMMA_SIGNALLING_THROUGH_PLC_BETA,0.0057640615850687,0.35841912780467944,test,0.7,472,674,0.5,/Users/charlottejob/Code/Evaluation_neuron_interpretability/vega_fcn_sweep/fcn_070
REACTOME_CD28_CO_STIMULATION,0.0053711924701929,0.38816236624569866,test,0.7,472,674,0.5,/Users/charlottejob/Code/Evaluation_neuron_interpretability/vega_fcn_sweep/fcn_070
REACTOME_GPCR_DOWNSTREAM_SIGNALING,0.1941983997821808,0.4924728823606396,test,0.7,472,674,0.5,/Users/charlottejob/Code/Evaluation_neuron_interpretability/vega_fcn_sweep/fcn_070
REACTOME_SYNTHESIS_SECRETION_AND_DEACYLATION_OF_GHRELIN,0.0387405045330524,0.3791875937129735,test,0.7,472,674,0.5,/Users/charlottejob/Code/Evaluation_neuron_interpretability/vega_fcn_sweep/fcn_070
REACTOME_ADHERENS_JUNCTIONS_INTERACTIONS,,0.3864873804860889,test,0.7,472,674,0.5,/Users/charlottejob/Code/Evaluation_neuron_interpretability/vega_fcn_sweep/fcn_070
REACTOME_CRMPS_IN_SEMA3A_SIGNALING,0.0277997273951768,0.3797510225297833,test,0.7,472,674,0.5,/Users/charlottejob/Code/Evaluation_neuron_interpretability/vega_fcn_sweep/fcn_070
REACTOME_OTHER_SEMAPHORIN_INTERACTIONS,0.1323310434818267,0.4114131300349856,test,0.7,472,674,0.5,/Users/charlottejob/Code/Evaluation_neuron_interpretability/vega_fcn_sweep/fcn_070
REACTOME_ACTIVATION_OF_RAC,0.1057347282767295,0.8972779793376352,test,0.7,472,674,0.5,/Users/charlottejob/Code/Evaluation_neuron_interpretability/vega_fcn_sweep/fcn_070
REACTOME_PURINE_SALVAGE,0.0274901278316974,0.36282174466245587,test,0.7,472,674,0.5,/Users/charlottejob/Code/Evaluation_neuron_interpretability/vega_fcn_sweep/fcn_070
REACTOME_G_ALPHA_I_SIGNALLING_EVENTS,0.0185309369117021,0.4520299617196702,test,0.7,472,674,0.5,/Users/charlottejob/Code/Evaluation_neuron_interpretability/vega_fcn_sweep/fcn_070
REACTOME_SEMA3A_PAK_DEPENDENT_AXON_REPULSION,,0.3638022946385726,test,0.7,472,674,0.5,/Users/charlottejob/Code/Evaluation_neuron_interpretability/vega_fcn_sweep/fcn_070
REACTOME_CD28_DEPENDENT_VAV1_PATHWAY,,0.3774619377917376,test,0.7,472,674,0.5,/Users/charlottejob/Code/Evaluation_neuron_interpretability/vega_fcn_sweep/fcn_070
REACTOME_SEMA4D_IN_SEMAPHORIN_SIGNALING,0.4577431678771972,0.6629402939031914,test,0.7,472,674,0.5,/Users/charlottejob/Code/Evaluation_neuron_interpretability/vega_fcn_sweep/fcn_070
REACTOME_SEMAPHORIN_INTERACTIONS,0.4762976169586181,0.8153974736040286,test,0.7,472,674,0.5,/Users/charlottejob/Code/Evaluation_neuron_interpretability/vega_fcn_sweep/fcn_070
REACTOME_SEMA4D_INDUCED_CELL_MIGRATION_AND_GROWTH_CONE_COLLAPSE,0.4702291786670685,0.6576048852992317,test,0.7,472,674,0.5,/Users/charlottejob/Code/Evaluation_neuron_interpretability/vega_fcn_sweep/fcn_070
REACTOME_SEMA3A_PLEXIN_REPULSION_SIGNALING_BY_INHIBITING_INTEGRIN_ADHESION,,0.3904201020808794,test,0.7,472,674,0.5,/Users/charlottejob/Code/Evaluation_neuron_interpretability/vega_fcn_sweep/fcn_070
REACTOME_LYSOSOME_VESICLE_BIOGENESIS,0.2371448874473571,0.450504582405179,test,0.7,472,674,0.5,/Users/charlottejob/Code/Evaluation_neuron_interpretability/vega_fcn_sweep/fcn_070
REACTOME_G_BETA_GAMMA_SIGNALLING_THROUGH_PI3KGAMMA,0.4429007470607757,0.6543980863918577,test,0.7,472,674,0.5,/Users/charlottejob/Code/Evaluation_neuron_interpretability/vega_fcn_sweep/fcn_070
REACTOME_TRANSPORT_OF_GLUCOSE_AND_OTHER_SUGARS_BILE_SALTS_AND_ORGANIC_ACIDS_METAL_IONS_AND_AMINE_COMPOUNDS,0.1029048338532447,0.4172900816010356,test,0.7,472,674,0.5,/Users/charlottejob/Code/Evaluation_neuron_interpretability/vega_fcn_sweep/fcn_070
REACTOME_SPHINGOLIPID_METABOLISM,0.3734862804412842,0.8470459399170043,test,0.7,472,674,0.5,/Users/charlottejob/Code/Evaluation_neuron_interpretability/vega_fcn_sweep/fcn_070
REACTOME_PD1_SIGNALING,0.3792667090892792,0.908640860100782,test,0.7,472,674,0.5,/Users/charlottejob/Code/Evaluation_neuron_interpretability/vega_fcn_sweep/fcn_070
REACTOME_G_ALPHA_S_SIGNALLING_EVENTS,0.0450260266661644,0.3772262853699291,test,0.7,472,674,0.5,/Users/charlottejob/Code/Evaluation_neuron_interpretability/vega_fcn_sweep/fcn_070
REACTOME_CELL_CELL_JUNCTION_ORGANIZATION,-0.0064012906514108,0.40924625973574597,test,0.7,472,674,0.5,/Users/charlottejob/Code/Evaluation_neuron_interpretability/vega_fcn_sweep/fcn_070
REACTOME_G_ALPHA_Z_SIGNALLING_EVENTS,0.0062139863148331,0.3608468950147095,test,0.7,472,674,0.5,/Users/charlottejob/Code/Evaluation_neuron_interpretability/vega_fcn_sweep/fcn_070
REACTOME_FACILITATIVE_NA_INDEPENDENT_GLUCOSE_TRANSPORTERS,,0.3645596126161498,test,0.7,472,674,0.5,/Users/charlottejob/Code/Evaluation_neuron_interpretability/vega_fcn_sweep/fcn_070
REACTOME_COSTIMULATION_BY_THE_CD28_FAMILY,0.5804831981658936,0.8964407783968147,test,0.7,472,674,0.5,/Users/charlottejob/Code/Evaluation_neuron_interpretability/vega_fcn_sweep/fcn_070
REACTOME_SIGNALING_BY_ROBO_RECEPTOR,0.5975500345230103,0.6700689737248786,test,0.7,472,674,0.5,/Users/charlottejob/Code/Evaluation_neuron_interpretability/vega_fcn_sweep/fcn_070
REACTOME_CD28_DEPENDENT_PI3K_AKT_SIGNALING,0.7043503522872925,0.6324299596163554,test,0.7,472,674,0.5,/Users/charlottejob/Code/Evaluation_neuron_interpretability/vega_fcn_sweep/fcn_070
REACTOME_TIGHT_JUNCTION_INTERACTIONS,0.1451477259397506,0.8560950125748847,test,0.7,472,674,0.5,/Users/charlottejob/Code/Evaluation_neuron_interpretability/vega_fcn_sweep/fcn_070
REACTOME_G_PROTEIN_BETA_GAMMA_SIGNALLING,0.0567576736211776,0.3836194360831189,test,0.7,472,674,0.5,/Users/charlottejob/Code/Evaluation_neuron_interpretability/vega_fcn_sweep/fcn_070
REACTOME_TRANSPORT_OF_INORGANIC_CATIONS_ANIONS_AND_AMINO_ACIDS_OLIGOPEPTIDES,0.462605357170105,0.6567317048189687,test,0.7,472,674,0.5,/Users/charlottejob/Code/Evaluation_neuron_interpretability/vega_fcn_sweep/fcn_070
REACTOME_GOLGI_ASSOCIATED_VESICLE_BIOGENESIS,0.1798168122768402,0.3911959636446742,test,0.7,472,674,0.5,/Users/charlottejob/Code/Evaluation_neuron_interpretability/vega_fcn_sweep/fcn_070
REACTOME_CTLA4_INHIBITORY_SIGNALING,0.5866246819496155,0.6890318303322684,test,0.7,472,674,0.5,/Users/charlottejob/Code/Evaluation_neuron_interpretability/vega_fcn_sweep/fcn_070
REACTOME_FORMATION_OF_TRANSCRIPTION_COUPLED_NER_TC_NER_REPAIR_COMPLEX,0.018783688545227,0.9245122215935576,test,0.7,472,674,0.5,/Users/charlottejob/Code/Evaluation_neuron_interpretability/vega_fcn_sweep/fcn_070
REACTOME_AMINO_ACID_AND_OLIGOPEPTIDE_SLC_TRANSPORTERS,-0.01775480248034,0.3903412256758567,test,0.7,472,674,0.5,/Users/charlottejob/Code/Evaluation_neuron_interpretability/vega_fcn_sweep/fcn_070
REACTOME_CDT1_ASSOCIATION_WITH_THE_CDC6_ORC_ORIGIN_COMPLEX,,0.9166269685468744,test,0.7,472,674,0.5,/Users/charlottejob/Code/Evaluation_neuron_interpretability/vega_fcn_sweep/fcn_070
REACTOME_BRANCHED_CHAIN_AMINO_ACID_CATABOLISM,,0.3582375779784496,test,0.7,472,674,0.5,/Users/charlottejob/Code/Evaluation_neuron_interpretability/vega_fcn_sweep/fcn_070
REACTOME_REPAIR_SYNTHESIS_FOR_GAP_FILLING_BY_DNA_POL_IN_TC_NER,,0.37622649740435377,test,0.7,472,674,0.5,/Users/charlottejob/Code/Evaluation_neuron_interpretability/vega_fcn_sweep/fcn_070
REACTOME_RECEPTOR_LIGAND_BINDING_INITIATES_THE_SECOND_PROTEOLYTIC_CLEAVAGE_OF_NOTCH_RECEPTOR,,0.9181538193081183,test,0.7,472,674,0.5,/Users/charlottejob/Code/Evaluation_neuron_interpretability/vega_fcn_sweep/fcn_070
REACTOME_SYNTHESIS_OF_DNA,0.017280239611864,0.3851713534062617,test,0.7,472,674,0.5,/Users/charlottejob/Code/Evaluation_neuron_interpretability/vega_fcn_sweep/fcn_070
REACTOME_NA_CL_DEPENDENT_NEUROTRANSMITTER_TRANSPORTERS,,0.3889067351964878,test,0.7,472,674,0.5,/Users/charlottejob/Code/Evaluation_neuron_interpretability/vega_fcn_sweep/fcn_070
REACTOME_FORMATION_OF_FIBRIN_CLOT_CLOTTING_CASCADE,0.2464569509029388,0.7678618028959747,test,0.7,472,674,0.5,/Users/charlottejob/Code/Evaluation_neuron_interpretability/vega_fcn_sweep/fcn_070
REACTOME_DEADENYLATION_OF_MRNA,,0.91398159054225,test,0.7,472,674,0.5,/Users/charlottejob/Code/Evaluation_neuron_interpretability/vega_fcn_sweep/fcn_070
REACTOME_MRNA_DECAY_BY_5_TO_3_EXORIBONUCLEASE,,0.9174802600008723,test,0.7,472,674,0.5,/Users/charlottejob/Code/Evaluation_neuron_interpretability/vega_fcn_sweep/fcn_070
REACTOME_SIGNAL_AMPLIFICATION,-0.0315940640866756,0.35750778062930133,test,0.7,472,674,0.5,/Users/charlottejob/Code/Evaluation_neuron_interpretability/vega_fcn_sweep/fcn_070
REACTOME_ZINC_TRANSPORTERS,,0.3785717401736247,test,0.7,472,674,0.5,/Users/charlottejob/Code/Evaluation_neuron_interpretability/vega_fcn_sweep/fcn_070
REACTOME_DOUBLE_STRAND_BREAK_REPAIR,0.002575573278591,0.37260572662516134,test,0.7,472,674,0.5,/Users/charlottejob/Code/Evaluation_neuron_interpretability/vega_fcn_sweep/fcn_070
REACTOME_RAS_ACTIVATION_UOPN_CA2_INFUX_THROUGH_NMDA_RECEPTOR,,0.9163355581730142,test,0.7,472,674,0.5,/Users/charlottejob/Code/Evaluation_neuron_interpretability/vega_fcn_sweep/fcn_070
REACTOME_METAL_ION_SLC_TRANSPORTERS,0.0451736897230148,0.41361280333294886,test,0.7,472,674,0.5,/Users/charlottejob/Code/Evaluation_neuron_interpretability/vega_fcn_sweep/fcn_070
REACTOME_AUTODEGRADATION_OF_THE_E3_UBIQUITIN_LIGASE_COP1,,0.4247122976922741,test,0.7,472,674,0.5,/Users/charlottejob/Code/Evaluation_neuron_interpretability/vega_fcn_sweep/fcn_070
REACTOME_SMOOTH_MUSCLE_CONTRACTION,0.0196846444159746,0.367923455091822,test,0.7,472,674,0.5,/Users/charlottejob/Code/Evaluation_neuron_interpretability/vega_fcn_sweep/fcn_070
REACTOME_ACTIVATION_OF_NMDA_RECEPTOR_UPON_GLUTAMATE_BINDING_AND_POSTSYNAPTIC_EVENTS,,0.917305762771016,test,0.7,472,674,0.5,/Users/charlottejob/Code/Evaluation_neuron_interpretability/vega_fcn_sweep/fcn_070
REACTOME_CREB_PHOSPHORYLATION_THROUGH_THE_ACTIVATION_OF_RAS,,0.4021201413427562,test,0.7,472,674,0.5,/Users/charlottejob/Code/Evaluation_neuron_interpretability/vega_fcn_sweep/fcn_070
REACTOME_POST_NMDA_RECEPTOR_ACTIVATION_EVENTS,,0.3366295860053221,test,0.7,472,674,0.5,/Users/charlottejob/Code/Evaluation_neuron_interpretability/vega_fcn_sweep/fcn_070
REACTOME_UNBLOCKING_OF_NMDA_RECEPTOR_GLUTAMATE_BINDING_AND_ACTIVATION,,0.9152030711512456,test,0.7,472,674,0.5,/Users/charlottejob/Code/Evaluation_neuron_interpretability/vega_fcn_sweep/fcn_070
REACTOME_METABOLISM_OF_MRNA,0.032765194773674,0.42363144100707617,test,0.7,472,674,0.5,/Users/charlottejob/Code/Evaluation_neuron_interpretability/vega_fcn_sweep/fcn_070
REACTOME_MRNA_DECAY_BY_3_TO_5_EXORIBONUCLEASE,,0.9194293940583694,test,0.7,472,674,0.5,/Users/charlottejob/Code/Evaluation_neuron_interpretability/vega_fcn_sweep/fcn_070
REACTOME_BILE_SALT_AND_ORGANIC_ANION_SLC_TRANSPORTERS,0.0265702214092016,0.3598814793035071,test,0.7,472,674,0.5,/Users/charlottejob/Code/Evaluation_neuron_interpretability/vega_fcn_sweep/fcn_070
REACTOME_DEADENYLATION_DEPENDENT_MRNA_DECAY,,0.3822990010033591,test,0.7,472,674,0.5,/Users/charlottejob/Code/Evaluation_neuron_interpretability/vega_fcn_sweep/fcn_070
REACTOME_CREB_PHOSPHORYLATION_THROUGH_THE_ACTIVATION_OF_CAMKII,,0.9213802730881648,test,0.7,472,674,0.5,/Users/charlottejob/Code/Evaluation_neuron_interpretability/vega_fcn_sweep/fcn_070
REACTOME_THROMBOXANE_SIGNALLING_THROUGH_TP_RECEPTOR,0.0577942244708538,0.3888779828120229,test,0.7,472,674,0.5,/Users/charlottejob/Code/Evaluation_neuron_interpretability/vega_fcn_sweep/fcn_070
REACTOME_CELL_EXTRACELLULAR_MATRIX_INTERACTIONS,0.0142732188105583,0.40608874586348087,test,0.7,472,674,0.5,/Users/charlottejob/Code/Evaluation_neuron_interpretability/vega_fcn_sweep/fcn_070
REACTOME_ADP_SIGNALLING_THROUGH_P2RY12,-0.0001575497444719,0.3700592194932495,test,0.7,472,674,0.5,/Users/charlottejob/Code/Evaluation_neuron_interpretability/vega_fcn_sweep/fcn_070
REACTOME_CELL_JUNCTION_ORGANIZATION,0.022256376221776,0.38378748584899847,test,0.7,472,674,0.5,/Users/charlottejob/Code/Evaluation_neuron_interpretability/vega_fcn_sweep/fcn_070
REACTOME_AMINE_COMPOUND_SLC_TRANSPORTERS,,0.3605767458516112,test,0.7,472,674,0.5,/Users/charlottejob/Code/Evaluation_neuron_interpretability/vega_fcn_sweep/fcn_070
REACTOME_PYRUVATE_METABOLISM,-0.0150397857651114,0.3612098518010653,test,0.7,472,674,0.5,/Users/charlottejob/Code/Evaluation_neuron_interpretability/vega_fcn_sweep/fcn_070
REACTOME_PURINE_CATABOLISM,0.0323246046900749,0.4414860941199943,test,0.7,472,674,0.5,/Users/charlottejob/Code/Evaluation_neuron_interpretability/vega_fcn_sweep/fcn_070
REACTOME_GLUCOSE_TRANSPORT,0.1073363646864891,0.38784693908368817,test,0.7,472,674,0.5,/Users/charlottejob/Code/Evaluation_neuron_interpretability/vega_fcn_sweep/fcn_070
REACTOME_FRS2_MEDIATED_CASCADE,0.0778510645031929,0.8120807854256152,test,0.7,472,674,0.5,/Users/charlottejob/Code/Evaluation_neuron_interpretability/vega_fcn_sweep/fcn_070
REACTOME_METABOLISM_OF_RNA,0.1259866207838058,0.4029693522872599,test,0.7,472,674,0.5,/Users/charlottejob/Code/Evaluation_neuron_interpretability/vega_fcn_sweep/fcn_070
REACTOME_MITOTIC_G1_G1_S_PHASES,0.0270649567246437,0.3751722928100645,test,0.7,472,674,0.5,/Users/charlottejob/Code/Evaluation_neuron_interpretability/vega_fcn_sweep/fcn_070
REACTOME_PI_3K_CASCADE,-0.0185410622507333,0.411947598881486,test,0.7,472,674,0.5,/Users/charlottejob/Code/Evaluation_neuron_interpretability/vega_fcn_sweep/fcn_070
REACTOME_DOWNSTREAM_SIGNALING_OF_ACTIVATED_FGFR,-0.0014716936275362,0.4046425659146507,test,0.7,472,674,0.5,/Users/charlottejob/Code/Evaluation_neuron_interpretability/vega_fcn_sweep/fcn_070
REACTOME_REGULATION_OF_MITOTIC_CELL_CYCLE,-0.0326789356768131,0.3756066669504875,test,0.7,472,674,0.5,/Users/charlottejob/Code/Evaluation_neuron_interpretability/vega_fcn_sweep/fcn_070
REACTOME_TAK1_ACTIVATES_NFKB_BY_PHOSPHORYLATION_AND_ACTIVATION_OF_IKKS_COMPLEX,0.1138949021697044,0.4381325238440851,test,0.7,472,674,0.5,/Users/charlottejob/Code/Evaluation_neuron_interpretability/vega_fcn_sweep/fcn_070
REACTOME_REGULATION_OF_AMPK_ACTIVITY_VIA_LKB1,0.015621118247509,0.368384651707365,test,0.7,472,674,0.5,/Users/charlottejob/Code/Evaluation_neuron_interpretability/vega_fcn_sweep/fcn_070
REACTOME_MITOTIC_M_M_G1_PHASES,0.1971552073955536,0.9415790369960408,test,0.7,472,674,0.5,/Users/charlottejob/Code/Evaluation_neuron_interpretability/vega_fcn_sweep/fcn_070
REACTOME_MYOGENESIS,0.0560772605240345,0.3785112874982961,test,0.7,472,674,0.5,/Users/charlottejob/Code/Evaluation_neuron_interpretability/vega_fcn_sweep/fcn_070
REACTOME_MAP_KINASE_ACTIVATION_IN_TLR_CASCADE,0.0697927102446556,0.3587103004064135,test,0.7,472,674,0.5,/Users/charlottejob/Code/Evaluation_neuron_interpretability/vega_fcn_sweep/fcn_070
REACTOME_PHOSPHOLIPASE_C_MEDIATED_CASCADE,-0.0236977115273475,0.914869236631864,test,0.7,472,674,0.5,/Users/charlottejob/Code/Evaluation_neuron_interpretability/vega_fcn_sweep/fcn_070
REACTOME_ACTIVATION_OF_KAINATE_RECEPTORS_UPON_GLUTAMATE_BINDING,0.0190136935561895,0.419111445564135,test,0.7,472,674,0.5,/Users/charlottejob/Code/Evaluation_neuron_interpretability/vega_fcn_sweep/fcn_070
REACTOME_IONOTROPIC_ACTIVITY_OF_KAINATE_RECEPTORS,,0.4219116171530777,test,0.7,472,674,0.5,/Users/charlottejob/Code/Evaluation_neuron_interpretability/vega_fcn_sweep/fcn_070
REACTOME_ACTIVATION_OF_THE_AP1_FAMILY_OF_TRANSCRIPTION_FACTORS,0.7430883646011353,0.9821154578785304,test,0.7,472,674,0.5,/Users/charlottejob/Code/Evaluation_neuron_interpretability/vega_fcn_sweep/fcn_070
REACTOME_MAPK_TARGETS_NUCLEAR_EVENTS_MEDIATED_BY_MAP_KINASES,0.0405310466885566,0.4528238485835658,test,0.7,472,674,0.5,/Users/charlottejob/Code/Evaluation_neuron_interpretability/vega_fcn_sweep/fcn_070
REACTOME_SYNTHESIS_AND_INTERCONVERSION_OF_NUCLEOTIDE_DI_AND_TRIPHOSPHATES,-0.0228632669895887,0.3541596556172527,test,0.7,472,674,0.5,/Users/charlottejob/Code/Evaluation_neuron_interpretability/vega_fcn_sweep/fcn_070
REACTOME_GPCR_LIGAND_BINDING,0.0545692145824432,0.44040457127521576,test,0.7,472,674,0.5,/Users/charlottejob/Code/Evaluation_neuron_interpretability/vega_fcn_sweep/fcn_070
REACTOME_RNA_POL_I_RNA_POL_III_AND_MITOCHONDRIAL_TRANSCRIPTION,0.01041548140347,0.3903035245084715,test,0.7,472,674,0.5,/Users/charlottejob/Code/Evaluation_neuron_interpretability/vega_fcn_sweep/fcn_070
REACTOME_JNK_C_JUN_KINASES_PHOSPHORYLATION_AND_ACTIVATION_MEDIATED_BY_ACTIVATED_HUMAN_TAK1,,0.3930270906949353,test,0.7,472,674,0.5,/Users/charlottejob/Code/Evaluation_neuron_interpretability/vega_fcn_sweep/fcn_070
REACTOME_SHC_MEDIATED_CASCADE,0.0544950328767299,0.4026628721355875,test,0.7,472,674,0.5,/Users/charlottejob/Code/Evaluation_neuron_interpretability/vega_fcn_sweep/fcn_070
REACTOME_THROMBIN_SIGNALLING_THROUGH_PROTEINASE_ACTIVATED_RECEPTORS_PARS,0.0460637956857681,0.3813964649656443,test,0.7,472,674,0.5,/Users/charlottejob/Code/Evaluation_neuron_interpretability/vega_fcn_sweep/fcn_070
REACTOME_ENERGY_DEPENDENT_REGULATION_OF_MTOR_BY_LKB1_AMPK,0.0240480341017246,0.3678176657380736,test,0.7,472,674,0.5,/Users/charlottejob/Code/Evaluation_neuron_interpretability/vega_fcn_sweep/fcn_070
REACTOME_MITOTIC_G2_G2_M_PHASES,0.0185511223971843,0.39019456769131317,test,0.7,472,674,0.5,/Users/charlottejob/Code/Evaluation_neuron_interpretability/vega_fcn_sweep/fcn_070
REACTOME_REGULATION_OF_RHEB_GTPASE_ACTIVITY_BY_AMPK,,0.41931509837281333,test,0.7,472,674,0.5,/Users/charlottejob/Code/Evaluation_neuron_interpretability/vega_fcn_sweep/fcn_070
REACTOME_ACTIVATED_TAK1_MEDIATES_P38_MAPK_ACTIVATION,,0.4068263316319853,test,0.7,472,674,0.5,/Users/charlottejob/Code/Evaluation_neuron_interpretability/vega_fcn_sweep/fcn_070
REACTOME_DNA_REPAIR,-0.0224527269601821,0.3784468431837617,test,0.7,472,674,0.5,/Users/charlottejob/Code/Evaluation_neuron_interpretability/vega_fcn_sweep/fcn_070
REACTOME_EFFECTS_OF_PIP2_HYDROLYSIS,0.7754765152931213,0.6818012411441029,test,0.7,472,674,0.5,/Users/charlottejob/Code/Evaluation_neuron_interpretability/vega_fcn_sweep/fcn_070
REACTOME_RNA_POL_II_PRE_TRANSCRIPTION_EVENTS,-0.0040261596441268,0.922558617033012,test,0.7,472,674,0.5,/Users/charlottejob/Code/Evaluation_neuron_interpretability/vega_fcn_sweep/fcn_070
REACTOME_ROLE_OF_DCC_IN_REGULATING_APOPTOSIS,-0.0005144792376086,0.40266184991898957,test,0.7,472,674,0.5,/Users/charlottejob/Code/Evaluation_neuron_interpretability/vega_fcn_sweep/fcn_070
REACTOME_POST_TRANSLATIONAL_PROTEIN_MODIFICATION,0.0476290546357631,0.3721902114128262,test,0.7,472,674,0.5,/Users/charlottejob/Code/Evaluation_neuron_interpretability/vega_fcn_sweep/fcn_070
REACTOME_CHROMOSOME_MAINTENANCE,0.4903899431228637,0.6529095897430423,test,0.7,472,674,0.5,/Users/charlottejob/Code/Evaluation_neuron_interpretability/vega_fcn_sweep/fcn_070
REACTOME_DEPOSITION_OF_NEW_CENPA_CONTAINING_NUCLEOSOMES_AT_THE_CENTROMERE,-0.0406899116933345,0.8968300920078098,test,0.7,472,674,0.5,/Users/charlottejob/Code/Evaluation_neuron_interpretability/vega_fcn_sweep/fcn_070
REACTOME_L1CAM_INTERACTIONS,0.5689515471458435,0.7087673399083407,test,0.7,472,674,0.5,/Users/charlottejob/Code/Evaluation_neuron_interpretability/vega_fcn_sweep/fcn_070
REACTOME_ROLE_OF_SECOND_MESSENGERS_IN_NETRIN1_SIGNALING,-0.0112750427797436,0.919818002769981,test,0.7,472,674,0.5,/Users/charlottejob/Code/Evaluation_neuron_interpretability/vega_fcn_sweep/fcn_070
REACTOME_SIGNALING_BY_ILS,0.0750391483306884,0.3572962452239363,test,0.7,472,674,0.5,/Users/charlottejob/Code/Evaluation_neuron_interpretability/vega_fcn_sweep/fcn_070
REACTOME_NETRIN1_SIGNALING,-0.0220607984811067,0.3799650900421474,test,0.7,472,674,0.5,/Users/charlottejob/Code/Evaluation_neuron_interpretability/vega_fcn_sweep/fcn_070
REACTOME_METABOLISM_OF_LIPIDS_AND_LIPOPROTEINS,0.1828621327877044,0.3713620640813466,test,0.7,472,674,0.5,/Users/charlottejob/Code/Evaluation_neuron_interpretability/vega_fcn_sweep/fcn_070
REACTOME_INTERACTION_BETWEEN_L1_AND_ANKYRINS,0.0191402956843376,0.3621733371080657,test,0.7,472,674,0.5,/Users/charlottejob/Code/Evaluation_neuron_interpretability/vega_fcn_sweep/fcn_070
REACTOME_SIGNAL_TRANSDUCTION_BY_L1,0.7710394859313965,0.7586940185152615,test,0.7,472,674,0.5,/Users/charlottejob/Code/Evaluation_neuron_interpretability/vega_fcn_sweep/fcn_070
REACTOME_FATTY_ACID_TRIACYLGLYCEROL_AND_KETONE_BODY_METABOLISM,-0.0520067363977432,0.4012759221655501,test,0.7,472,674,0.5,/Users/charlottejob/Code/Evaluation_neuron_interpretability/vega_fcn_sweep/fcn_070
REACTOME_TRANSPORT_OF_VITAMINS_NUCLEOSIDES_AND_RELATED_MOLECULES,,0.4181896663206496,test,0.7,472,674,0.5,/Users/charlottejob/Code/Evaluation_neuron_interpretability/vega_fcn_sweep/fcn_070
REACTOME_HIGHLY_CALCIUM_PERMEABLE_POSTSYNAPTIC_NICOTINIC_ACETYLCHOLINE_RECEPTORS,,0.9161418662478732,test,0.7,472,674,0.5,/Users/charlottejob/Code/Evaluation_neuron_interpretability/vega_fcn_sweep/fcn_070
REACTOME_RNA_POL_I_PROMOTER_OPENING,-0.0369088761508464,0.3688466779300287,test,0.7,472,674,0.5,/Users/charlottejob/Code/Evaluation_neuron_interpretability/vega_fcn_sweep/fcn_070
REACTOME_PRESYNAPTIC_NICOTINIC_ACETYLCHOLINE_RECEPTORS,0.0441507846117019,0.7976449874601182,test,0.7,472,674,0.5,/Users/charlottejob/Code/Evaluation_neuron_interpretability/vega_fcn_sweep/fcn_070
REACTOME_ORGANIC_CATION_ANION_ZWITTERION_TRANSPORT,-0.0105814589187502,0.9224344926654852,test,0.7,472,674,0.5,/Users/charlottejob/Code/Evaluation_neuron_interpretability/vega_fcn_sweep/fcn_070
REACTOME_DCC_MEDIATED_ATTRACTIVE_SIGNALING,0.0274245254695415,0.3898616195171495,test,0.7,472,674,0.5,/Users/charlottejob/Code/Evaluation_neuron_interpretability/vega_fcn_sweep/fcn_070
REACTOME_RECYCLING_PATHWAY_OF_L1,0.6531255841255188,0.7018685484197534,test,0.7,472,674,0.5,/Users/charlottejob/Code/Evaluation_neuron_interpretability/vega_fcn_sweep/fcn_070
REACTOME_SYNTHESIS_OF_SUBSTRATES_IN_N_GLYCAN_BIOSYTHESIS,,0.9223016184618068,test,0.7,472,674,0.5,/Users/charlottejob/Code/Evaluation_neuron_interpretability/vega_fcn_sweep/fcn_070
REACTOME_RESPIRATORY_ELECTRON_TRANSPORT,,0.921832220913493,test,0.7,472,674,0.5,/Users/charlottejob/Code/Evaluation_neuron_interpretability/vega_fcn_sweep/fcn_070
REACTOME_ASPARAGINE_N_LINKED_GLYCOSYLATION,0.015811463817954,0.3648064237797461,test,0.7,472,674,0.5,/Users/charlottejob/Code/Evaluation_neuron_interpretability/vega_fcn_sweep/fcn_070
REACTOME_ASSEMBLY_OF_THE_PRE_REPLICATIVE_COMPLEX,,0.3669432447759893,test,0.7,472,674,0.5,/Users/charlottejob/Code/Evaluation_neuron_interpretability/vega_fcn_sweep/fcn_070
REACTOME_BIOSYNTHESIS_OF_THE_N_GLYCAN_PRECURSOR_DOLICHOL_LIPID_LINKED_OLIGOSACCHARIDE_LLO_AND_TRANSFER_TO_A_NASCENT_PROTEIN,-0.0266902111470699,0.4273395673959576,test,0.7,472,674,0.5,/Users/charlottejob/Code/Evaluation_neuron_interpretability/vega_fcn_sweep/fcn_070
REACTOME_IL1_SIGNALING,0.1114479601383209,0.4689355714353219,test,0.7,472,674,0.5,/Users/charlottejob/Code/Evaluation_neuron_interpretability/vega_fcn_sweep/fcn_070
REACTOME_GLOBAL_GENOMIC_NER_GG_NER,0.0050384355708956,0.3660126183638829,test,0.7,472,674,0.5,/Users/charlottejob/Code/Evaluation_neuron_interpretability/vega_fcn_sweep/fcn_070
REACTOME_CGMP_EFFECTS,0.038194116204977,0.3821172360805562,test,0.7,472,674,0.5,/Users/charlottejob/Code/Evaluation_neuron_interpretability/vega_fcn_sweep/fcn_070
REACTOME_REGULATION_OF_SIGNALING_BY_CBL,0.1500662267208099,0.4129827892340418,test,0.7,472,674,0.5,/Users/charlottejob/Code/Evaluation_neuron_interpretability/vega_fcn_sweep/fcn_070
REACTOME_AMINO_ACID_SYNTHESIS_AND_INTERCONVERSION_TRANSAMINATION,0.6813643574714661,0.6494601783211529,test,0.7,472,674,0.5,/Users/charlottejob/Code/Evaluation_neuron_interpretability/vega_fcn_sweep/fcn_070
REACTOME_CALNEXIN_CALRETICULIN_CYCLE,,0.4278340531344065,test,0.7,472,674,0.5,/Users/charlottejob/Code/Evaluation_neuron_interpretability/vega_fcn_sweep/fcn_070
REACTOME_SYNTHESIS_SECRETION_AND_INACTIVATION_OF_GIP,,0.3789137547441434,test,0.7,472,674,0.5,/Users/charlottejob/Code/Evaluation_neuron_interpretability/vega_fcn_sweep/fcn_070
REACTOME_PASSIVE_TRANSPORT_BY_AQUAPORINS,-0.0041625588200986,0.3534477636458322,test,0.7,472,674,0.5,/Users/charlottejob/Code/Evaluation_neuron_interpretability/vega_fcn_sweep/fcn_070
REACTOME_NEPHRIN_INTERACTIONS,-0.0314064472913742,0.4235199674687308,test,0.7,472,674,0.5,/Users/charlottejob/Code/Evaluation_neuron_interpretability/vega_fcn_sweep/fcn_070
REACTOME_IL_3_5_AND_GM_CSF_SIGNALING,0.3599777221679687,0.6539985214896876,test,0.7,472,674,0.5,/Users/charlottejob/Code/Evaluation_neuron_interpretability/vega_fcn_sweep/fcn_070
REACTOME_NITRIC_OXIDE_STIMULATES_GUANYLATE_CYCLASE,-0.0097592063248157,0.3926671882137363,test,0.7,472,674,0.5,/Users/charlottejob/Code/Evaluation_neuron_interpretability/vega_fcn_sweep/fcn_070
REACTOME_PLATELET_HOMEOSTASIS,0.4772990942001343,0.7655275822340314,test,0.7,472,674,0.5,/Users/charlottejob/Code/Evaluation_neuron_interpretability/vega_fcn_sweep/fcn_070
REACTOME_N_GLYCAN_TRIMMING_IN_THE_ER_AND_CALNEXIN_CALRETICULIN_CYCLE,,0.9147615931597084,test,0.7,472,674,0.5,/Users/charlottejob/Code/Evaluation_neuron_interpretability/vega_fcn_sweep/fcn_070
REACTOME_PLATELET_SENSITIZATION_BY_LDL,0.577044665813446,0.7887810061059791,test,0.7,472,674,0.5,/Users/charlottejob/Code/Evaluation_neuron_interpretability/vega_fcn_sweep/fcn_070
REACTOME_AQUAPORIN_MEDIATED_TRANSPORT,-0.062928520143032,0.3773176432599833,test,0.7,472,674,0.5,/Users/charlottejob/Code/Evaluation_neuron_interpretability/vega_fcn_sweep/fcn_070
REACTOME_IL_RECEPTOR_SHC_SIGNALING,0.0447678714990615,0.38769078543120283,test,0.7,472,674,0.5,/Users/charlottejob/Code/Evaluation_neuron_interpretability/vega_fcn_sweep/fcn_070
REACTOME_RAP1_SIGNALLING,0.5901021361351013,0.8079866707970396,test,0.7,472,674,0.5,/Users/charlottejob/Code/Evaluation_neuron_interpretability/vega_fcn_sweep/fcn_070
REACTOME_PLATELET_CALCIUM_HOMEOSTASIS,0.0157823450863361,0.4071994930478392,test,0.7,472,674,0.5,/Users/charlottejob/Code/Evaluation_neuron_interpretability/vega_fcn_sweep/fcn_070
REACTOME_SIGNAL_REGULATORY_PROTEIN_SIRP_FAMILY_INTERACTIONS,0.4411146938800812,0.8300344500828043,test,0.7,472,674,0.5,/Users/charlottejob/Code/Evaluation_neuron_interpretability/vega_fcn_sweep/fcn_070
REACTOME_PROSTACYCLIN_SIGNALLING_THROUGH_PROSTACYCLIN_RECEPTOR,-0.0232066065073013,0.41523336618263856,test,0.7,472,674,0.5,/Users/charlottejob/Code/Evaluation_neuron_interpretability/vega_fcn_sweep/fcn_070
REACTOME_GABA_SYNTHESIS_RELEASE_REUPTAKE_AND_DEGRADATION,-0.0217044353485107,0.38171740645238883,test,0.7,472,674,0.5,/Users/charlottejob/Code/Evaluation_neuron_interpretability/vega_fcn_sweep/fcn_070
REACTOME_INCRETIN_SYNTHESIS_SECRETION_AND_INACTIVATION,,0.4138463551891113,test,0.7,472,674,0.5,/Users/charlottejob/Code/Evaluation_neuron_interpretability/vega_fcn_sweep/fcn_070
REACTOME_TRANSPORT_OF_ORGANIC_ANIONS,,0.913449373991188,test,0.7,472,674,0.5,/Users/charlottejob/Code/Evaluation_neuron_interpretability/vega_fcn_sweep/fcn_070
REACTOME_SYNTHESIS_SECRETION_AND_INACTIVATION_OF_GLP1,,0.3964664310954063,test,0.7,472,674,0.5,/Users/charlottejob/Code/Evaluation_neuron_interpretability/vega_fcn_sweep/fcn_070
REACTOME_REGULATION_OF_WATER_BALANCE_BY_RENAL_AQUAPORINS,0.5154603123664856,0.6861168660596035,test,0.7,472,674,0.5,/Users/charlottejob/Code/Evaluation_neuron_interpretability/vega_fcn_sweep/fcn_070
REACTOME_DESTABILIZATION_OF_MRNA_BY_BRF1,0.736068069934845,0.8259817948569859,test,0.7,472,674,0.5,/Users/charlottejob/Code/Evaluation_neuron_interpretability/vega_fcn_sweep/fcn_070
REACTOME_IRAK1_RECRUITS_IKK_COMPLEX,,0.3545225319548052,test,0.7,472,674,0.5,/Users/charlottejob/Code/Evaluation_neuron_interpretability/vega_fcn_sweep/fcn_070
REACTOME_TRAF6_MEDIATED_IRF7_ACTIVATION,0.0087528713047504,0.3796605950978742,test,0.7,472,674,0.5,/Users/charlottejob/Code/Evaluation_neuron_interpretability/vega_fcn_sweep/fcn_070
REACTOME_CIRCADIAN_CLOCK,0.4578735828399658,0.7275776594061495,test,0.7,472,674,0.5,/Users/charlottejob/Code/Evaluation_neuron_interpretability/vega_fcn_sweep/fcn_070
REACTOME_TRAF6_MEDIATED_NFKB_ACTIVATION,0.4322141110897064,0.8445847747504341,test,0.7,472,674,0.5,/Users/charlottejob/Code/Evaluation_neuron_interpretability/vega_fcn_sweep/fcn_070
REACTOME_FACTORS_INVOLVED_IN_MEGAKARYOCYTE_DEVELOPMENT_AND_PLATELET_PRODUCTION,0.3325693309307098,0.7043332713408964,test,0.7,472,674,0.5,/Users/charlottejob/Code/Evaluation_neuron_interpretability/vega_fcn_sweep/fcn_070
REACTOME_REGULATION_OF_IFNG_SIGNALING,-0.0240026134997606,0.3836225234252765,test,0.7,472,674,0.5,/Users/charlottejob/Code/Evaluation_neuron_interpretability/vega_fcn_sweep/fcn_070
REACTOME_GABA_A_RECEPTOR_ACTIVATION,,0.3842603498669458,test,0.7,472,674,0.5,/Users/charlottejob/Code/Evaluation_neuron_interpretability/vega_fcn_sweep/fcn_070
REACTOME_REGULATION_OF_MRNA_STABILITY_BY_PROTEINS_THAT_BIND_AU_RICH_ELEMENTS,0.5870984792709351,0.8279442859778335,test,0.7,472,674,0.5,/Users/charlottejob/Code/Evaluation_neuron_interpretability/vega_fcn_sweep/fcn_070
REACTOME_INHIBITION_OF_VOLTAGE_GATED_CA2_CHANNELS_VIA_GBETA_GAMMA_SUBUNITS,-0.0185011178255081,0.38181818181818183,test,0.7,472,674,0.5,/Users/charlottejob/Code/Evaluation_neuron_interpretability/vega_fcn_sweep/fcn_070
REACTOME_IRAK2_MEDIATED_ACTIVATION_OF_TAK1_COMPLEX_UPON_TLR7_8_OR_9_STIMULATION,,0.3890921781616717,test,0.7,472,674,0.5,/Users/charlottejob/Code/Evaluation_neuron_interpretability/vega_fcn_sweep/fcn_070
REACTOME_TRAF6_MEDIATED_INDUCTION_OF_NFKB_AND_MAP_KINASES_UPON_TLR7_8_OR_9_ACTIVATION,0.1250808238983154,0.35646427319073193,test,0.7,472,674,0.5,/Users/charlottejob/Code/Evaluation_neuron_interpretability/vega_fcn_sweep/fcn_070
REACTOME_TRAF3_DEPENDENT_IRF_ACTIVATION_PATHWAY,0.1227080523967742,0.3729580318582085,test,0.7,472,674,0.5,/Users/charlottejob/Code/Evaluation_neuron_interpretability/vega_fcn_sweep/fcn_070
REACTOME_GABA_B_RECEPTOR_ACTIVATION,0.0044271480292081,0.3942142270764179,test,0.7,472,674,0.5,/Users/charlottejob/Code/Evaluation_neuron_interpretability/vega_fcn_sweep/fcn_070
REACTOME_NFKB_ACTIVATION_THROUGH_FADD_RIP1_PATHWAY_MEDIATED_BY_CASPASE_8_AND10,,0.3949343454172666,test,0.7,472,674,0.5,/Users/charlottejob/Code/Evaluation_neuron_interpretability/vega_fcn_sweep/fcn_070
REACTOME_DESTABILIZATION_OF_MRNA_BY_KSRP,,0.9216332940714566,test,0.7,472,674,0.5,/Users/charlottejob/Code/Evaluation_neuron_interpretability/vega_fcn_sweep/fcn_070
REACTOME_TRANSPORT_TO_THE_GOLGI_AND_SUBSEQUENT_MODIFICATION,,0.39701086245255857,test,0.7,472,674,0.5,/Users/charlottejob/Code/Evaluation_neuron_interpretability/vega_fcn_sweep/fcn_070
REACTOME_IRON_UPTAKE_AND_TRANSPORT,0.0646250918507576,0.3209150120590051,test,0.7,472,674,0.5,/Users/charlottejob/Code/Evaluation_neuron_interpretability/vega_fcn_sweep/fcn_070
REACTOME_DESTABILIZATION_OF_MRNA_BY_TRISTETRAPROLIN_TTP,,0.4274972734807835,test,0.7,472,674,0.5,/Users/charlottejob/Code/Evaluation_neuron_interpretability/vega_fcn_sweep/fcn_070
REACTOME_INTERFERON_GAMMA_SIGNALING,0.2153635621070861,0.9987988020339569,test,0.7,472,674,0.5,/Users/charlottejob/Code/Evaluation_neuron_interpretability/vega_fcn_sweep/fcn_070
REACTOME_N_GLYCAN_ANTENNAE_ELONGATION,,0.9195114077564018,test,0.7,472,674,0.5,/Users/charlottejob/Code/Evaluation_neuron_interpretability/vega_fcn_sweep/fcn_070
REACTOME_TRAF6_MEDIATED_IRF7_ACTIVATION_IN_TLR7_8_OR_9_SIGNALING,0.0749094784259796,0.4115924196533737,test,0.7,472,674,0.5,/Users/charlottejob/Code/Evaluation_neuron_interpretability/vega_fcn_sweep/fcn_070
REACTOME_ACTIVATION_OF_IRF3_IRF7_MEDIATED_BY_TBK1_IKK_EPSILON,0.0729405581951141,0.3598870384748786,test,0.7,472,674,0.5,/Users/charlottejob/Code/Evaluation_neuron_interpretability/vega_fcn_sweep/fcn_070
REACTOME_ION_TRANSPORT_BY_P_TYPE_ATPASES,-0.0030904908198863,0.3767092480096329,test,0.7,472,674,0.5,/Users/charlottejob/Code/Evaluation_neuron_interpretability/vega_fcn_sweep/fcn_070
REACTOME_INTERFERON_ALPHA_BETA_SIGNALING,0.1037157028913497,0.3375282176120795,test,0.7,472,674,0.5,/Users/charlottejob/Code/Evaluation_neuron_interpretability/vega_fcn_sweep/fcn_070
REACTOME_ADVANCED_GLYCOSYLATION_ENDPRODUCT_RECEPTOR_SIGNALING,0.0829350128769874,0.3732101762571553,test,0.7,472,674,0.5,/Users/charlottejob/Code/Evaluation_neuron_interpretability/vega_fcn_sweep/fcn_070
REACTOME_GABA_RECEPTOR_ACTIVATION,0.0205439645797014,0.3452974979476746,test,0.7,472,674,0.5,/Users/charlottejob/Code/Evaluation_neuron_interpretability/vega_fcn_sweep/fcn_070
REACTOME_KINESINS,-0.0211313236504793,0.3620981919731015,test,0.7,472,674,0.5,/Users/charlottejob/Code/Evaluation_neuron_interpretability/vega_fcn_sweep/fcn_070
REACTOME_N_GLYCAN_ANTENNAE_ELONGATION_IN_THE_MEDIAL_TRANS_GOLGI,,0.919082144570955,test,0.7,472,674,0.5,/Users/charlottejob/Code/Evaluation_neuron_interpretability/vega_fcn_sweep/fcn_070
REACTOME_REGULATION_OF_IFNA_SIGNALING,0.5860881805419922,0.6893008455953448,test,0.7,472,674,0.5,/Users/charlottejob/Code/Evaluation_neuron_interpretability/vega_fcn_sweep/fcn_070
REACTOME_INTERFERON_SIGNALING,0.1021656170487403,0.3503828950313544,test,0.7,472,674,0.5,/Users/charlottejob/Code/Evaluation_neuron_interpretability/vega_fcn_sweep/fcn_070
REACTOME_NEGATIVE_REGULATORS_OF_RIG_I_MDA5_SIGNALING,-0.0055934875272214,0.39319573591516643,test,0.7,472,674,0.5,/Users/charlottejob/Code/Evaluation_neuron_interpretability/vega_fcn_sweep/fcn_070
REACTOME_NFKB_AND_MAP_KINASES_ACTIVATION_MEDIATED_BY_TLR4_SIGNALING_REPERTOIRE,0.0359266921877861,0.3833153307677415,test,0.7,472,674,0.5,/Users/charlottejob/Code/Evaluation_neuron_interpretability/vega_fcn_sweep/fcn_070
REACTOME_TRANSFERRIN_ENDOCYTOSIS_AND_RECYCLING,,0.3967194520786982,test,0.7,472,674,0.5,/Users/charlottejob/Code/Evaluation_neuron_interpretability/vega_fcn_sweep/fcn_070
REACTOME_DSCAM_INTERACTIONS,,0.378414692666754,test,0.7,472,674,0.5,/Users/charlottejob/Code/Evaluation_neuron_interpretability/vega_fcn_sweep/fcn_070
REACTOME_ION_CHANNEL_TRANSPORT,0.0363786108791828,0.8705863204154175,test,0.7,472,674,0.5,/Users/charlottejob/Code/Evaluation_neuron_interpretability/vega_fcn_sweep/fcn_070
REACTOME_DESTABILIZATION_OF_MRNA_BY_AUF1_HNRNP_D0,,0.3931457488112376,test,0.7,472,674,0.5,/Users/charlottejob/Code/Evaluation_neuron_interpretability/vega_fcn_sweep/fcn_070
REACTOME_TRAF6_MEDIATED_INDUCTION_OF_TAK1_COMPLEX,-0.0239500775933265,0.3644115626226933,test,0.7,472,674,0.5,/Users/charlottejob/Code/Evaluation_neuron_interpretability/vega_fcn_sweep/fcn_070
REACTOME_RIG_I_MDA5_MEDIATED_INDUCTION_OF_IFN_ALPHA_BETA_PATHWAYS,-0.0215750895440578,0.3674145430505587,test,0.7,472,674,0.5,/Users/charlottejob/Code/Evaluation_neuron_interpretability/vega_fcn_sweep/fcn_070
REACTOME_IKK_COMPLEX_RECRUITMENT_MEDIATED_BY_RIP1,-0.0068706078454852,0.3871834511189636,test,0.7,472,674,0.5,/Users/charlottejob/Code/Evaluation_neuron_interpretability/vega_fcn_sweep/fcn_070
REACTOME_LIGAND_GATED_ION_CHANNEL_TRANSPORT,,0.9150460236443748,test,0.7,472,674,0.5,/Users/charlottejob/Code/Evaluation_neuron_interpretability/vega_fcn_sweep/fcn_070
REACTOME_FORMATION_OF_INCISION_COMPLEX_IN_GG_NER,-0.016421552747488,0.9236101473565844,test,0.7,472,674,0.5,/Users/charlottejob/Code/Evaluation_neuron_interpretability/vega_fcn_sweep/fcn_070
REACTOME_TRANSCRIPTIONAL_REGULATION_OF_WHITE_ADIPOCYTE_DIFFERENTIATION,0.091493010520935,0.3706134478636697,test,0.7,472,674,0.5,/Users/charlottejob/Code/Evaluation_neuron_interpretability/vega_fcn_sweep/fcn_070
REACTOME_ENDOSOMAL_SORTING_COMPLEX_REQUIRED_FOR_TRANSPORT_ESCRT,,0.3738690398289928,test,0.7,472,674,0.5,/Users/charlottejob/Code/Evaluation_neuron_interpretability/vega_fcn_sweep/fcn_070
REACTOME_MEIOTIC_RECOMBINATION,0.0250633768737316,0.38576836913980966,test,0.7,472,674,0.5,/Users/charlottejob/Code/Evaluation_neuron_interpretability/vega_fcn_sweep/fcn_070
REACTOME_IL_2_SIGNALING,0.5952525734901428,0.655821233456753,test,0.7,472,674,0.5,/Users/charlottejob/Code/Evaluation_neuron_interpretability/vega_fcn_sweep/fcn_070
REACTOME_IL_6_SIGNALING,-0.0231518987566232,0.40645183974122323,test,0.7,472,674,0.5,/Users/charlottejob/Code/Evaluation_neuron_interpretability/vega_fcn_sweep/fcn_070
REACTOME_PLATELET_AGGREGATION_PLUG_FORMATION,0.555869460105896,0.8272840849986863,test,0.7,472,674,0.5,/Users/charlottejob/Code/Evaluation_neuron_interpretability/vega_fcn_sweep/fcn_070
REACTOME_SIGNALING_BY_NOTCH,0.539692759513855,0.7198407257001213,test,0.7,472,674,0.5,/Users/charlottejob/Code/Evaluation_neuron_interpretability/vega_fcn_sweep/fcn_070
REACTOME_LAGGING_STRAND_SYNTHESIS,,0.3641338393753,test,0.7,472,674,0.5,/Users/charlottejob/Code/Evaluation_neuron_interpretability/vega_fcn_sweep/fcn_070
REACTOME_INTRINSIC_PATHWAY,-0.0331282205879688,0.9008658031387332,test,0.7,472,674,0.5,/Users/charlottejob/Code/Evaluation_neuron_interpretability/vega_fcn_sweep/fcn_070
REACTOME_INHIBITION_OF_REPLICATION_INITIATION_OF_DAMAGED_DNA_BY_RB1_E2F1,,0.37447454521659473,test,0.7,472,674,0.5,/Users/charlottejob/Code/Evaluation_neuron_interpretability/vega_fcn_sweep/fcn_070
REACTOME_ETHANOL_OXIDATION,0.0490068718791008,0.380840786682185,test,0.7,472,674,0.5,/Users/charlottejob/Code/Evaluation_neuron_interpretability/vega_fcn_sweep/fcn_070
REACTOME_SYNTHESIS_OF_VERY_LONG_CHAIN_FATTY_ACYL_COAS,0.049444206058979,0.3980680348055659,test,0.7,472,674,0.5,/Users/charlottejob/Code/Evaluation_neuron_interpretability/vega_fcn_sweep/fcn_070
REACTOME_DNA_REPLICATION,-0.0009309779852628,0.3388755518391642,test,0.7,472,674,0.5,/Users/charlottejob/Code/Evaluation_neuron_interpretability/vega_fcn_sweep/fcn_070
REACTOME_CLEAVAGE_OF_GROWING_TRANSCRIPT_IN_THE_TERMINATION_REGION_,,0.913644810888627,test,0.7,472,674,0.5,/Users/charlottejob/Code/Evaluation_neuron_interpretability/vega_fcn_sweep/fcn_070
REACTOME_PKB_MEDIATED_EVENTS,0.4194382727146148,0.6945097832392807,test,0.7,472,674,0.5,/Users/charlottejob/Code/Evaluation_neuron_interpretability/vega_fcn_sweep/fcn_070
REACTOME_E2F_MEDIATED_REGULATION_OF_DNA_REPLICATION,0.320244699716568,0.8559194290201356,test,0.7,472,674,0.5,/Users/charlottejob/Code/Evaluation_neuron_interpretability/vega_fcn_sweep/fcn_070
REACTOME_METABOLISM_OF_CARBOHYDRATES,0.0467886291444301,0.3695628824164441,test,0.7,472,674,0.5,/Users/charlottejob/Code/Evaluation_neuron_interpretability/vega_fcn_sweep/fcn_070
REACTOME_HORMONE_SENSITIVE_LIPASE_HSL_MEDIATED_TRIACYLGLYCEROL_HYDROLYSIS,-0.018751572817564,0.9191969575254167,test,0.7,472,674,0.5,/Users/charlottejob/Code/Evaluation_neuron_interpretability/vega_fcn_sweep/fcn_070
REACTOME_SIGNALING_BY_INSULIN_RECEPTOR,0.4963085055351257,0.7655631059164628,test,0.7,472,674,0.5,/Users/charlottejob/Code/Evaluation_neuron_interpretability/vega_fcn_sweep/fcn_070
REACTOME_SIGNAL_ATTENUATION,0.7757018804550171,0.7579444044825046,test,0.7,472,674,0.5,/Users/charlottejob/Code/Evaluation_neuron_interpretability/vega_fcn_sweep/fcn_070
REACTOME_PURINE_METABOLISM,0.4632230103015899,0.8033873885243142,test,0.7,472,674,0.5,/Users/charlottejob/Code/Evaluation_neuron_interpretability/vega_fcn_sweep/fcn_070
REACTOME_SOS_MEDIATED_SIGNALLING,0.7884842157363892,0.7498201712704572,test,0.7,472,674,0.5,/Users/charlottejob/Code/Evaluation_neuron_interpretability/vega_fcn_sweep/fcn_070
REACTOME_RNA_POL_III_TRANSCRIPTION_INITIATION_FROM_TYPE_3_PROMOTER,,0.37353051520307123,test,0.7,472,674,0.5,/Users/charlottejob/Code/Evaluation_neuron_interpretability/vega_fcn_sweep/fcn_070
REACTOME_APOPTOSIS,0.067009650170803,0.47826303559545796,test,0.7,472,674,0.5,/Users/charlottejob/Code/Evaluation_neuron_interpretability/vega_fcn_sweep/fcn_070
REACTOME_LIPID_DIGESTION_MOBILIZATION_AND_TRANSPORT,0.7488611340522766,0.703754174875568,test,0.7,472,674,0.5,/Users/charlottejob/Code/Evaluation_neuron_interpretability/vega_fcn_sweep/fcn_070
REACTOME_HEMOSTASIS,0.1096959933638572,0.3838831697194987,test,0.7,472,674,0.5,/Users/charlottejob/Code/Evaluation_neuron_interpretability/vega_fcn_sweep/fcn_070
REACTOME_INFLUENZA_LIFE_CYCLE,0.6995843648910522,0.9999927959859234,test,0.7,472,674,0.5,/Users/charlottejob/Code/Evaluation_neuron_interpretability/vega_fcn_sweep/fcn_070
REACTOME_INFLUENZA_VIRAL_RNA_TRANSCRIPTION_AND_REPLICATION,0.1306458413600921,0.43186881802829696,test,0.7,472,674,0.5,/Users/charlottejob/Code/Evaluation_neuron_interpretability/vega_fcn_sweep/fcn_070
REACTOME_NEP_NS2_INTERACTS_WITH_THE_CELLULAR_EXPORT_MACHINERY,0.780396580696106,0.7895781857470532,test,0.7,472,674,0.5,/Users/charlottejob/Code/Evaluation_neuron_interpretability/vega_fcn_sweep/fcn_070
REACTOME_HIV_INFECTION,0.0666806399822235,0.38461552729937026,test,0.7,472,674,0.5,/Users/charlottejob/Code/Evaluation_neuron_interpretability/vega_fcn_sweep/fcn_070
REACTOME_TRANSPORT_OF_RIBONUCLEOPROTEINS_INTO_THE_HOST_NUCLEUS,0.0155679509043693,0.393630719909314,test,0.7,472,674,0.5,/Users/charlottejob/Code/Evaluation_neuron_interpretability/vega_fcn_sweep/fcn_070
REACTOME_HIV_LIFE_CYCLE,0.049131691455841,0.3691228921241655,test,0.7,472,674,0.5,/Users/charlottejob/Code/Evaluation_neuron_interpretability/vega_fcn_sweep/fcn_070
REACTOME_ABORTIVE_ELONGATION_OF_HIV1_TRANSCRIPT_IN_THE_ABSENCE_OF_TAT,,0.3924111154735418,test,0.7,472,674,0.5,/Users/charlottejob/Code/Evaluation_neuron_interpretability/vega_fcn_sweep/fcn_070
REACTOME_EARLY_PHASE_OF_HIV_LIFE_CYCLE,0.0024004678707569,0.3736054708788215,test,0.7,472,674,0.5,/Users/charlottejob/Code/Evaluation_neuron_interpretability/vega_fcn_sweep/fcn_070
REACTOME_HOST_INTERACTIONS_OF_HIV_FACTORS,-0.0004230141639709,0.3416502575998705,test,0.7,472,674,0.5,/Users/charlottejob/Code/Evaluation_neuron_interpretability/vega_fcn_sweep/fcn_070
REACTOME_RNA_POL_III_TRANSCRIPTION_TERMINATION,,0.37679884831828303,test,0.7,472,674,0.5,/Users/charlottejob/Code/Evaluation_neuron_interpretability/vega_fcn_sweep/fcn_070
REACTOME_RESPIRATORY_ELECTRON_TRANSPORT_ATP_SYNTHESIS_BY_CHEMIOSMOTIC_COUPLING_AND_HEAT_PRODUCTION_BY_UNCOUPLING_PROTEINS_,-0.023501668125391,0.3681499966796335,test,0.7,472,674,0.5,/Users/charlottejob/Code/Evaluation_neuron_interpretability/vega_fcn_sweep/fcn_070
REACTOME_FORMATION_OF_THE_HIV1_EARLY_ELONGATION_COMPLEX,-0.0177001971751451,0.9162992537871104,test,0.7,472,674,0.5,/Users/charlottejob/Code/Evaluation_neuron_interpretability/vega_fcn_sweep/fcn_070
REACTOME_RAF_MAP_KINASE_CASCADE,,0.3759350870304934,test,0.7,472,674,0.5,/Users/charlottejob/Code/Evaluation_neuron_interpretability/vega_fcn_sweep/fcn_070
REACTOME_VIRAL_MESSENGER_RNA_SYNTHESIS,,0.3683060681411683,test,0.7,472,674,0.5,/Users/charlottejob/Code/Evaluation_neuron_interpretability/vega_fcn_sweep/fcn_070
REACTOME_LATE_PHASE_OF_HIV_LIFE_CYCLE,0.3343474864959717,0.6568275676540302,test,0.7,472,674,0.5,/Users/charlottejob/Code/Evaluation_neuron_interpretability/vega_fcn_sweep/fcn_070
REACTOME_SHC_MEDIATED_SIGNALLING,,0.33994328840029664,test,0.7,472,674,0.5,/Users/charlottejob/Code/Evaluation_neuron_interpretability/vega_fcn_sweep/fcn_070
REACTOME_INTERACTIONS_OF_VPR_WITH_HOST_CELLULAR_PROTEINS,0.7529259920120239,0.7882710309342261,test,0.7,472,674,0.5,/Users/charlottejob/Code/Evaluation_neuron_interpretability/vega_fcn_sweep/fcn_070
REACTOME_FORMATION_OF_ATP_BY_CHEMIOSMOTIC_COUPLING,,0.3736404484578807,test,0.7,472,674,0.5,/Users/charlottejob/Code/Evaluation_neuron_interpretability/vega_fcn_sweep/fcn_070
REACTOME_APC_C_CDH1_MEDIATED_DEGRADATION_OF_CDC20_AND_OTHER_APC_C_CDH1_TARGETED_PROTEINS_IN_LATE_MITOSIS_EARLY_G1,0.4526482224464416,0.7099901372273546,test,0.7,472,674,0.5,/Users/charlottejob/Code/Evaluation_neuron_interpretability/vega_fcn_sweep/fcn_070
REACTOME_ACTIVATION_OF_ATR_IN_RESPONSE_TO_REPLICATION_STRESS,,0.3773956288443921,test,0.7,472,674,0.5,/Users/charlottejob/Code/Evaluation_neuron_interpretability/vega_fcn_sweep/fcn_070
REACTOME_UNWINDING_OF_DNA,,0.39764952231383327,test,0.7,472,674,0.5,/Users/charlottejob/Code/Evaluation_neuron_interpretability/vega_fcn_sweep/fcn_070
REACTOME_APC_C_CDC20_MEDIATED_DEGRADATION_OF_MITOTIC_PROTEINS,-0.0306952074170112,0.4118931556615153,test,0.7,472,674,0.5,/Users/charlottejob/Code/Evaluation_neuron_interpretability/vega_fcn_sweep/fcn_070
REACTOME_GLUCURONIDATION,,0.3722374907298346,test,0.7,472,674,0.5,/Users/charlottejob/Code/Evaluation_neuron_interpretability/vega_fcn_sweep/fcn_070
REACTOME_AUTODEGRADATION_OF_CDH1_BY_CDH1_APC_C,-0.0190445035696029,0.913747114780248,test,0.7,472,674,0.5,/Users/charlottejob/Code/Evaluation_neuron_interpretability/vega_fcn_sweep/fcn_070
REACTOME_MYD88_MAL_CASCADE_INITIATED_ON_PLASMA_MEMBRANE,0.0232690833508968,0.35787775339790673,test,0.7,472,674,0.5,/Users/charlottejob/Code/Evaluation_neuron_interpretability/vega_fcn_sweep/fcn_070
REACTOME_INNATE_IMMUNE_SYSTEM,0.1126078516244888,0.5244938022323181,test,0.7,472,674,0.5,/Users/charlottejob/Code/Evaluation_neuron_interpretability/vega_fcn_sweep/fcn_070
REACTOME_REGULATION_OF_GLUCOKINASE_BY_GLUCOKINASE_REGULATORY_PROTEIN,0.0080216201022267,0.39456231890237303,test,0.7,472,674,0.5,/Users/charlottejob/Code/Evaluation_neuron_interpretability/vega_fcn_sweep/fcn_070
REACTOME_MITOTIC_PROMETAPHASE,0.2289574295282364,0.9536479942840366,test,0.7,472,674,0.5,/Users/charlottejob/Code/Evaluation_neuron_interpretability/vega_fcn_sweep/fcn_070
REACTOME_APC_C_CDC20_MEDIATED_DEGRADATION_OF_CYCLIN_B,-0.0250280834734439,0.9210073509586048,test,0.7,472,674,0.5,/Users/charlottejob/Code/Evaluation_neuron_interpretability/vega_fcn_sweep/fcn_070
REACTOME_SCF_BETA_TRCP_MEDIATED_DEGRADATION_OF_EMI1,0.0069355675950646,0.3710053970430533,test,0.7,472,674,0.5,/Users/charlottejob/Code/Evaluation_neuron_interpretability/vega_fcn_sweep/fcn_070
REACTOME_LIPOPROTEIN_METABOLISM,-0.0270486548542976,0.3713073502797189,test,0.7,472,674,0.5,/Users/charlottejob/Code/Evaluation_neuron_interpretability/vega_fcn_sweep/fcn_070
REACTOME_G1_S_SPECIFIC_TRANSCRIPTION,0.0514738224446773,0.3951427449660666,test,0.7,472,674,0.5,/Users/charlottejob/Code/Evaluation_neuron_interpretability/vega_fcn_sweep/fcn_070
REACTOME_THE_ROLE_OF_NEF_IN_HIV1_REPLICATION_AND_DISEASE_PATHOGENESIS,0.074219711124897,0.4087832408883897,test,0.7,472,674,0.5,/Users/charlottejob/Code/Evaluation_neuron_interpretability/vega_fcn_sweep/fcn_070
REACTOME_CHYLOMICRON_MEDIATED_LIPID_TRANSPORT,0.0407458618283271,0.3975562103085144,test,0.7,472,674,0.5,/Users/charlottejob/Code/Evaluation_neuron_interpretability/vega_fcn_sweep/fcn_070
REACTOME_SIGNALING_BY_TGF_BETA_RECEPTOR_COMPLEX,0.0163231641054153,0.3565289914869907,test,0.7,472,674,0.5,/Users/charlottejob/Code/Evaluation_neuron_interpretability/vega_fcn_sweep/fcn_070
REACTOME_CONVERSION_FROM_APC_C_CDC20_TO_APC_C_CDH1_IN_LATE_ANAPHASE,-0.0257796682417392,0.3771233343267061,test,0.7,472,674,0.5,/Users/charlottejob/Code/Evaluation_neuron_interpretability/vega_fcn_sweep/fcn_070
REACTOME_ACTIVATED_TLR4_SIGNALLING,0.0902672335505485,0.4185784040229445,test,0.7,472,674,0.5,/Users/charlottejob/Code/Evaluation_neuron_interpretability/vega_fcn_sweep/fcn_070
REACTOME_IMMUNE_SYSTEM,0.1170179694890976,0.3664904310245578,test,0.7,472,674,0.5,/Users/charlottejob/Code/Evaluation_neuron_interpretability/vega_fcn_sweep/fcn_070
REACTOME_BINDING_AND_ENTRY_OF_HIV_VIRION,0.043411087244749,0.3840284788827192,test,0.7,472,674,0.5,/Users/charlottejob/Code/Evaluation_neuron_interpretability/vega_fcn_sweep/fcn_070
REACTOME_PHOSPHORYLATION_OF_THE_APC_C,-0.0074544860981404,0.9174620277790984,test,0.7,472,674,0.5,/Users/charlottejob/Code/Evaluation_neuron_interpretability/vega_fcn_sweep/fcn_070
REACTOME_CYTOSOLIC_SULFONATION_OF_SMALL_MOLECULES,0.0081554949283599,0.34587383306595654,test,0.7,472,674,0.5,/Users/charlottejob/Code/Evaluation_neuron_interpretability/vega_fcn_sweep/fcn_070
REACTOME_INTEGRATION_OF_PROVIRUS,0.5177901983261108,0.64531626843906,test,0.7,472,674,0.5,/Users/charlottejob/Code/Evaluation_neuron_interpretability/vega_fcn_sweep/fcn_070
REACTOME_GLUTATHIONE_CONJUGATION,0.3408550322055816,0.8630658916967257,test,0.7,472,674,0.5,/Users/charlottejob/Code/Evaluation_neuron_interpretability/vega_fcn_sweep/fcn_070
REACTOME_COMPLEMENT_CASCADE,0.0646608620882034,0.3594257554390024,test,0.7,472,674,0.5,/Users/charlottejob/Code/Evaluation_neuron_interpretability/vega_fcn_sweep/fcn_070
REACTOME_PHASE_II_CONJUGATION,0.0790409743785858,0.39906893263783727,test,0.7,472,674,0.5,/Users/charlottejob/Code/Evaluation_neuron_interpretability/vega_fcn_sweep/fcn_070
REACTOME_MTORC1_MEDIATED_SIGNALLING,0.6944567561149597,0.720443770050247,test,0.7,472,674,0.5,/Users/charlottejob/Code/Evaluation_neuron_interpretability/vega_fcn_sweep/fcn_070
REACTOME_TOLL_RECEPTOR_CASCADES,0.0967868193984031,0.3610056405416676,test,0.7,472,674,0.5,/Users/charlottejob/Code/Evaluation_neuron_interpretability/vega_fcn_sweep/fcn_070
REACTOME_ACTIVATION_OF_BH3_ONLY_PROTEINS,0.0168449189513921,0.3818792145991175,test,0.7,472,674,0.5,/Users/charlottejob/Code/Evaluation_neuron_interpretability/vega_fcn_sweep/fcn_070
REACTOME_GLUCOSE_METABOLISM,0.1080072298645973,0.3650898137372099,test,0.7,472,674,0.5,/Users/charlottejob/Code/Evaluation_neuron_interpretability/vega_fcn_sweep/fcn_070
REACTOME_RNA_POL_III_CHAIN_ELONGATION,,0.3545295118439995,test,0.7,472,674,0.5,/Users/charlottejob/Code/Evaluation_neuron_interpretability/vega_fcn_sweep/fcn_070
REACTOME_VOLTAGE_GATED_POTASSIUM_CHANNELS,0.2833805978298187,0.7945339778339329,test,0.7,472,674,0.5,/Users/charlottejob/Code/Evaluation_neuron_interpretability/vega_fcn_sweep/fcn_070
REACTOME_ADAPTIVE_IMMUNE_SYSTEM,0.0557066351175308,0.5067584649847428,test,0.7,472,674,0.5,/Users/charlottejob/Code/Evaluation_neuron_interpretability/vega_fcn_sweep/fcn_070
REACTOME_NOD1_2_SIGNALING_PATHWAY,-0.0053073610179126,0.3729691604667321,test,0.7,472,674,0.5,/Users/charlottejob/Code/Evaluation_neuron_interpretability/vega_fcn_sweep/fcn_070
REACTOME_CYTOKINE_SIGNALING_IN_IMMUNE_SYSTEM,0.1304074376821518,0.4044577330796413,test,0.7,472,674,0.5,/Users/charlottejob/Code/Evaluation_neuron_interpretability/vega_fcn_sweep/fcn_070
REACTOME_MEIOTIC_SYNAPSIS,0.0311443731188774,0.3863386461413641,test,0.7,472,674,0.5,/Users/charlottejob/Code/Evaluation_neuron_interpretability/vega_fcn_sweep/fcn_070
REACTOME_ANTIGEN_PRESENTATION_FOLDING_ASSEMBLY_AND_PEPTIDE_LOADING_OF_CLASS_I_MHC,0.0406184345483779,0.3405391457294371,test,0.7,472,674,0.5,/Users/charlottejob/Code/Evaluation_neuron_interpretability/vega_fcn_sweep/fcn_070
REACTOME_THE_NLRP3_INFLAMMASOME,0.3682018220424652,0.8061620113298558,test,0.7,472,674,0.5,/Users/charlottejob/Code/Evaluation_neuron_interpretability/vega_fcn_sweep/fcn_070
REACTOME_CLASS_I_MHC_MEDIATED_ANTIGEN_PROCESSING_PRESENTATION,0.2528495192527771,1.0,test,0.7,472,674,0.5,/Users/charlottejob/Code/Evaluation_neuron_interpretability/vega_fcn_sweep/fcn_070
REACTOME_NONSENSE_MEDIATED_DECAY_ENHANCED_BY_THE_EXON_JUNCTION_COMPLEX,0.066872201859951,0.3281429605347183,test,0.7,472,674,0.5,/Users/charlottejob/Code/Evaluation_neuron_interpretability/vega_fcn_sweep/fcn_070
REACTOME_PIP3_ACTIVATES_AKT_SIGNALING,0.0127039328217506,0.3952607153184796,test,0.7,472,674,0.5,/Users/charlottejob/Code/Evaluation_neuron_interpretability/vega_fcn_sweep/fcn_070
REACTOME_ANTIGEN_PROCESSING_UBIQUITINATION_PROTEASOME_DEGRADATION,0.0095264632254838,0.3833050434312272,test,0.7,472,674,0.5,/Users/charlottejob/Code/Evaluation_neuron_interpretability/vega_fcn_sweep/fcn_070
REACTOME_TANDEM_PORE_DOMAIN_POTASSIUM_CHANNELS,,0.9202495310386948,test,0.7,472,674,0.5,/Users/charlottejob/Code/Evaluation_neuron_interpretability/vega_fcn_sweep/fcn_070
REACTOME_INFLAMMASOMES,0.1135812178254127,0.3725326016932342,test,0.7,472,674,0.5,/Users/charlottejob/Code/Evaluation_neuron_interpretability/vega_fcn_sweep/fcn_070
REACTOME_POTASSIUM_CHANNELS,0.0340313278138637,0.3906884910192932,test,0.7,472,674,0.5,/Users/charlottejob/Code/Evaluation_neuron_interpretability/vega_fcn_sweep/fcn_070
REACTOME_NUCLEOTIDE_BINDING_DOMAIN_LEUCINE_RICH_REPEAT_CONTAINING_RECEPTOR_NLR_SIGNALING_PATHWAYS,0.0446929186582565,0.4627760435648375,test,0.7,472,674,0.5,/Users/charlottejob/Code/Evaluation_neuron_interpretability/vega_fcn_sweep/fcn_070
REACTOME_INWARDLY_RECTIFYING_K_CHANNELS,-0.0004388050874695,0.3952332512403183,test,0.7,472,674,0.5,/Users/charlottejob/Code/Evaluation_neuron_interpretability/vega_fcn_sweep/fcn_070
REACTOME_AMYLOIDS,0.3987508714199066,0.9450102773736117,test,0.7,472,674,0.5,/Users/charlottejob/Code/Evaluation_neuron_interpretability/vega_fcn_sweep/fcn_070
REACTOME_PACKAGING_OF_TELOMERE_ENDS,0.2665820717811584,0.6792588921044543,test,0.7,472,674,0.5,/Users/charlottejob/Code/Evaluation_neuron_interpretability/vega_fcn_sweep/fcn_070
REACTOME_TELOMERE_MAINTENANCE,-0.0129795614629983,0.394043564694157,test,0.7,472,674,0.5,/Users/charlottejob/Code/Evaluation_neuron_interpretability/vega_fcn_sweep/fcn_070
REACTOME_PLATELET_ACTIVATION_SIGNALING_AND_AGGREGATION,0.0058233453892171,0.4220118721674896,test,0.7,472,674,0.5,/Users/charlottejob/Code/Evaluation_neuron_interpretability/vega_fcn_sweep/fcn_070
REACTOME_REMOVAL_OF_THE_FLAP_INTERMEDIATE_FROM_THE_C_STRAND,,0.3969951577018715,test,0.7,472,674,0.5,/Users/charlottejob/Code/Evaluation_neuron_interpretability/vega_fcn_sweep/fcn_070
REACTOME_CREATION_OF_C4_AND_C2_ACTIVATORS,0.0202884413301944,0.40857416288070003,test,0.7,472,674,0.5,/Users/charlottejob/Code/Evaluation_neuron_interpretability/vega_fcn_sweep/fcn_070
REACTOME_APC_CDC20_MEDIATED_DEGRADATION_OF_NEK2A,-0.028081975877285,0.37641910397774847,test,0.7,472,674,0.5,/Users/charlottejob/Code/Evaluation_neuron_interpretability/vega_fcn_sweep/fcn_070
REACTOME_INITIAL_TRIGGERING_OF_COMPLEMENT,0.0196779705584049,0.41514877446856246,test,0.7,472,674,0.5,/Users/charlottejob/Code/Evaluation_neuron_interpretability/vega_fcn_sweep/fcn_070
REACTOME_EXTENSION_OF_TELOMERES,,0.3735025956462942,test,0.7,472,674,0.5,/Users/charlottejob/Code/Evaluation_neuron_interpretability/vega_fcn_sweep/fcn_070
REACTOME_G2_M_CHECKPOINTS,0.0082277720794081,0.4094039487063707,test,0.7,472,674,0.5,/Users/charlottejob/Code/Evaluation_neuron_interpretability/vega_fcn_sweep/fcn_070
REACTOME_G2_M_DNA_DAMAGE_CHECKPOINT,,0.40712123195044286,test,0.7,472,674,0.5,/Users/charlottejob/Code/Evaluation_neuron_interpretability/vega_fcn_sweep/fcn_070
REACTOME_S_PHASE,0.002251039724797,0.3910057830087586,test,0.7,472,674,0.5,/Users/charlottejob/Code/Evaluation_neuron_interpretability/vega_fcn_sweep/fcn_070
REACTOME_SCFSKP2_MEDIATED_DEGRADATION_OF_P27_P21,0.0049343132413923,0.3659342093198761,test,0.7,472,674,0.5,/Users/charlottejob/Code/Evaluation_neuron_interpretability/vega_fcn_sweep/fcn_070
REACTOME_TRYPTOPHAN_CATABOLISM,-0.0159860085695981,0.3715682265398636,test,0.7,472,674,0.5,/Users/charlottejob/Code/Evaluation_neuron_interpretability/vega_fcn_sweep/fcn_070
REACTOME_DNA_STRAND_ELONGATION,,0.9178868385464382,test,0.7,472,674,0.5,/Users/charlottejob/Code/Evaluation_neuron_interpretability/vega_fcn_sweep/fcn_070
REACTOME_RESOLUTION_OF_AP_SITES_VIA_THE_SINGLE_NUCLEOTIDE_REPLACEMENT_PATHWAY,,0.3526606465122366,test,0.7,472,674,0.5,/Users/charlottejob/Code/Evaluation_neuron_interpretability/vega_fcn_sweep/fcn_070
REACTOME_FGFR_LIGAND_BINDING_AND_ACTIVATION,0.024528119713068,0.3852648060768922,test,0.7,472,674,0.5,/Users/charlottejob/Code/Evaluation_neuron_interpretability/vega_fcn_sweep/fcn_070
REACTOME_CHOLESTEROL_BIOSYNTHESIS,,0.9227518213148366,test,0.7,472,674,0.5,/Users/charlottejob/Code/Evaluation_neuron_interpretability/vega_fcn_sweep/fcn_070
REACTOME_APOBEC3G_MEDIATED_RESISTANCE_TO_HIV1_INFECTION,0.0087070995941758,0.3617523981539334,test,0.7,472,674,0.5,/Users/charlottejob/Code/Evaluation_neuron_interpretability/vega_fcn_sweep/fcn_070
REACTOME_GAP_JUNCTION_TRAFFICKING,-0.0433238297700881,0.9179560955376224,test,0.7,472,674,0.5,/Users/charlottejob/Code/Evaluation_neuron_interpretability/vega_fcn_sweep/fcn_070
REACTOME_FGFR2C_LIGAND_BINDING_AND_ACTIVATION,,0.38986520088993587,test,0.7,472,674,0.5,/Users/charlottejob/Code/Evaluation_neuron_interpretability/vega_fcn_sweep/fcn_070
REACTOME_METABOLISM_OF_PORPHYRINS,0.0105338683351874,0.4066347911489517,test,0.7,472,674,0.5,/Users/charlottejob/Code/Evaluation_neuron_interpretability/vega_fcn_sweep/fcn_070
REACTOME_FGFR4_LIGAND_BINDING_AND_ACTIVATION,,0.42659337783012696,test,0.7,472,674,0.5,/Users/charlottejob/Code/Evaluation_neuron_interpretability/vega_fcn_sweep/fcn_070
REACTOME_VIF_MEDIATED_DEGRADATION_OF_APOBEC3G,-0.0221094377338886,0.3813104132647971,test,0.7,472,674,0.5,/Users/charlottejob/Code/Evaluation_neuron_interpretability/vega_fcn_sweep/fcn_070
REACTOME_SIGNALING_BY_FGFR,0.0349531695246696,0.9185627951520756,test,0.7,472,674,0.5,/Users/charlottejob/Code/Evaluation_neuron_interpretability/vega_fcn_sweep/fcn_070
REACTOME_DIGESTION_OF_DIETARY_CARBOHYDRATE,,0.3925978275094882,test,0.7,472,674,0.5,/Users/charlottejob/Code/Evaluation_neuron_interpretability/vega_fcn_sweep/fcn_070
REACTOME_FGFR1_LIGAND_BINDING_AND_ACTIVATION,0.0047242492437362,0.3303516641628404,test,0.7,472,674,0.5,/Users/charlottejob/Code/Evaluation_neuron_interpretability/vega_fcn_sweep/fcn_070
REACTOME_GAP_JUNCTION_ASSEMBLY,,0.38641190071107623,test,0.7,472,674,0.5,/Users/charlottejob/Code/Evaluation_neuron_interpretability/vega_fcn_sweep/fcn_070
REACTOME_SYNTHESIS_OF_GLYCOSYLPHOSPHATIDYLINOSITOL_GPI,,0.3909907080225101,test,0.7,472,674,0.5,/Users/charlottejob/Code/Evaluation_neuron_interpretability/vega_fcn_sweep/fcn_070
REACTOME_RNA_POL_I_TRANSCRIPTION_INITIATION,0.0035786982625722,0.9198025756265592,test,0.7,472,674,0.5,/Users/charlottejob/Code/Evaluation_neuron_interpretability/vega_fcn_sweep/fcn_070
REACTOME_PYRIMIDINE_METABOLISM,0.0737039074301719,0.3784803895715767,test,0.7,472,674,0.5,/Users/charlottejob/Code/Evaluation_neuron_interpretability/vega_fcn_sweep/fcn_070
REACTOME_INTRINSIC_PATHWAY_FOR_APOPTOSIS,0.0101402886211872,0.3758875737040499,test,0.7,472,674,0.5,/Users/charlottejob/Code/Evaluation_neuron_interpretability/vega_fcn_sweep/fcn_070
REACTOME_PI3K_CASCADE,-0.0187020916491746,0.9011687958684425,test,0.7,472,674,0.5,/Users/charlottejob/Code/Evaluation_neuron_interpretability/vega_fcn_sweep/fcn_070
REACTOME_APOPTOTIC_EXECUTION_PHASE,0.0285436399281024,0.3796098018898837,test,0.7,472,674,0.5,/Users/charlottejob/Code/Evaluation_neuron_interpretability/vega_fcn_sweep/fcn_070
REACTOME_SHC_RELATED_EVENTS,,0.3576198577847577,test,0.7,472,674,0.5,/Users/charlottejob/Code/Evaluation_neuron_interpretability/vega_fcn_sweep/fcn_070
