pathway,distance_corr,reduction_score_probability,eval_split,fully_connected_neuron_fraction,n_fully_connected_neurons_selected,n_pathway_nodes,overlap_threshold,run_dir
REACTOME_GLYCOGEN_BREAKDOWN_GLYCOGENOLYSIS,-0.0032595419324934,0.3297105063732002,test,0.6,404,674,0.5,/Users/charlottejob/Code/Evaluation_neuron_interpretability/vega_fcn_sweep/fcn_060
REACTOME_TRANSLATION,0.7468842267990112,1.0,test,0.6,404,674,0.5,/Users/charlottejob/Code/Evaluation_neuron_interpretability/vega_fcn_sweep/fcn_060
REACTOME_PYRIMIDINE_CATABOLISM,0.0508993081748485,0.4149811438138078,test,0.6,404,674,0.5,/Users/charlottejob/Code/Evaluation_neuron_interpretability/vega_fcn_sweep/fcn_060
REACTOME_RNA_POL_III_TRANSCRIPTION_INITIATION_FROM_TYPE_2_PROMOTER,,0.34864895519783623,test,0.6,404,674,0.5,/Users/charlottejob/Code/Evaluation_neuron_interpretability/vega_fcn_sweep/fcn_060
REACTOME_INHIBITION_OF_THE_PROTEOLYTIC_ACTIVITY_OF_APC_C_REQUIRED_FOR_THE_ONSET_OF_ANAPHASE_BY_MITOTIC_SPINDLE_CHECKPOINT_COMPONENTS,0.0744959115982055,0.8989793094640044,test,0.6,404,674,0.5,/Users/charlottejob/Code/Evaluation_neuron_interpretability/vega_fcn_sweep/fcn_060
REACTOME_PYRUVATE_METABOLISM_AND_CITRIC_ACID_TCA_CYCLE,0.0282602608203887,0.3506525746459829,test,0.6,404,674,0.5,/Users/charlottejob/Code/Evaluation_neuron_interpretability/vega_fcn_sweep/fcn_060
REACTOME_EXTRINSIC_PATHWAY_FOR_APOPTOSIS,0.0569206327199935,0.3603349026433612,test,0.6,404,674,0.5,/Users/charlottejob/Code/Evaluation_neuron_interpretability/vega_fcn_sweep/fcn_060
REACTOME_PTM_GAMMA_CARBOXYLATION_HYPUSINE_FORMATION_AND_ARYLSULFATASE_ACTIVATION,-0.0088918032124638,0.3289694722817587,test,0.6,404,674,0.5,/Users/charlottejob/Code/Evaluation_neuron_interpretability/vega_fcn_sweep/fcn_060
REACTOME_APOPTOTIC_CLEAVAGE_OF_CELLULAR_PROTEINS,0.6637016534805298,0.9260934903572948,test,0.6,404,674,0.5,/Users/charlottejob/Code/Evaluation_neuron_interpretability/vega_fcn_sweep/fcn_060
REACTOME_RNA_POL_I_TRANSCRIPTION_TERMINATION,-0.0202342364937067,0.3344008768090414,test,0.6,404,674,0.5,/Users/charlottejob/Code/Evaluation_neuron_interpretability/vega_fcn_sweep/fcn_060
REACTOME_FORMATION_OF_THE_TERNARY_COMPLEX_AND_SUBSEQUENTLY_THE_43S_COMPLEX,0.0744142606854438,0.5977876785988632,test,0.6,404,674,0.5,/Users/charlottejob/Code/Evaluation_neuron_interpretability/vega_fcn_sweep/fcn_060
REACTOME_ACTIVATION_OF_THE_PRE_REPLICATIVE_COMPLEX,-0.0042393147014081,0.3954096857241366,test,0.6,404,674,0.5,/Users/charlottejob/Code/Evaluation_neuron_interpretability/vega_fcn_sweep/fcn_060
REACTOME_PROCESSING_OF_INTRONLESS_PRE_MRNAS,,0.3280966714653404,test,0.6,404,674,0.5,/Users/charlottejob/Code/Evaluation_neuron_interpretability/vega_fcn_sweep/fcn_060
REACTOME_GAP_JUNCTION_DEGRADATION,0.2066507488489151,0.7437121200188317,test,0.6,404,674,0.5,/Users/charlottejob/Code/Evaluation_neuron_interpretability/vega_fcn_sweep/fcn_060
REACTOME_BASE_EXCISION_REPAIR,,0.9025537669589496,test,0.6,404,674,0.5,/Users/charlottejob/Code/Evaluation_neuron_interpretability/vega_fcn_sweep/fcn_060
REACTOME_BILE_ACID_AND_BILE_SALT_METABOLISM,-0.0142050022259354,0.3254956518059287,test,0.6,404,674,0.5,/Users/charlottejob/Code/Evaluation_neuron_interpretability/vega_fcn_sweep/fcn_060
REACTOME_SYNTHESIS_OF_BILE_ACIDS_AND_BILE_SALTS_VIA_7ALPHA_HYDROXYCHOLESTEROL,-0.0246961582452058,0.3172887825473035,test,0.6,404,674,0.5,/Users/charlottejob/Code/Evaluation_neuron_interpretability/vega_fcn_sweep/fcn_060
REACTOME_RECYCLING_OF_BILE_ACIDS_AND_SALTS,0.0437473691999912,0.3093515499120977,test,0.6,404,674,0.5,/Users/charlottejob/Code/Evaluation_neuron_interpretability/vega_fcn_sweep/fcn_060
REACTOME_SIGNALING_BY_RHO_GTPASES,0.1161239743232727,0.3575389021242274,test,0.6,404,674,0.5,/Users/charlottejob/Code/Evaluation_neuron_interpretability/vega_fcn_sweep/fcn_060
REACTOME_SIGNALING_BY_WNT,,0.3757536099114427,test,0.6,404,674,0.5,/Users/charlottejob/Code/Evaluation_neuron_interpretability/vega_fcn_sweep/fcn_060
REACTOME_METABOLISM_OF_NON_CODING_RNA,0.792373538017273,0.7961051037487713,test,0.6,404,674,0.5,/Users/charlottejob/Code/Evaluation_neuron_interpretability/vega_fcn_sweep/fcn_060
REACTOME_SYNTHESIS_OF_BILE_ACIDS_AND_BILE_SALTS_VIA_24_HYDROXYCHOLESTEROL,0.0112062338739633,0.7950142698435335,test,0.6,404,674,0.5,/Users/charlottejob/Code/Evaluation_neuron_interpretability/vega_fcn_sweep/fcn_060
REACTOME_SYNTHESIS_OF_BILE_ACIDS_AND_BILE_SALTS,0.048193659633398,0.3373440308742722,test,0.6,404,674,0.5,/Users/charlottejob/Code/Evaluation_neuron_interpretability/vega_fcn_sweep/fcn_060
REACTOME_METABOLISM_OF_STEROID_HORMONES_AND_VITAMINS_A_AND_D,,0.3609475199581207,test,0.6,404,674,0.5,/Users/charlottejob/Code/Evaluation_neuron_interpretability/vega_fcn_sweep/fcn_060
REACTOME_ANDROGEN_BIOSYNTHESIS,,0.3617728918553418,test,0.6,404,674,0.5,/Users/charlottejob/Code/Evaluation_neuron_interpretability/vega_fcn_sweep/fcn_060
REACTOME_SIGNALLING_BY_NGF,0.0861895680427551,0.3575813173869711,test,0.6,404,674,0.5,/Users/charlottejob/Code/Evaluation_neuron_interpretability/vega_fcn_sweep/fcn_060
REACTOME_CTNNB1_PHOSPHORYLATION_CASCADE,,0.3176320725908476,test,0.6,404,674,0.5,/Users/charlottejob/Code/Evaluation_neuron_interpretability/vega_fcn_sweep/fcn_060
REACTOME_INSULIN_RECEPTOR_RECYCLING,,0.8911154735418576,test,0.6,404,674,0.5,/Users/charlottejob/Code/Evaluation_neuron_interpretability/vega_fcn_sweep/fcn_060
REACTOME_COPI_MEDIATED_TRANSPORT,,0.34940801814771194,test,0.6,404,674,0.5,/Users/charlottejob/Code/Evaluation_neuron_interpretability/vega_fcn_sweep/fcn_060
REACTOME_NEF_MEDIATED_DOWNREGULATION_OF_MHC_CLASS_I_COMPLEX_CELL_SURFACE_EXPRESSION,0.090226262807846,0.3448336212343164,test,0.6,404,674,0.5,/Users/charlottejob/Code/Evaluation_neuron_interpretability/vega_fcn_sweep/fcn_060
REACTOME_SIGNALING_BY_SCF_KIT,0.0391560494899749,0.3737906101803808,test,0.6,404,674,0.5,/Users/charlottejob/Code/Evaluation_neuron_interpretability/vega_fcn_sweep/fcn_060
REACTOME_DEVELOPMENTAL_BIOLOGY,0.1170201450586319,0.3836609421726861,test,0.6,404,674,0.5,/Users/charlottejob/Code/Evaluation_neuron_interpretability/vega_fcn_sweep/fcn_060
REACTOME_CROSS_PRESENTATION_OF_SOLUBLE_EXOGENOUS_ANTIGENS_ENDOSOMES,0.6807326078414917,0.6888397241649279,test,0.6,404,674,0.5,/Users/charlottejob/Code/Evaluation_neuron_interpretability/vega_fcn_sweep/fcn_060
REACTOME_SIGNALING_BY_NODAL,,0.3195061728395061,test,0.6,404,674,0.5,/Users/charlottejob/Code/Evaluation_neuron_interpretability/vega_fcn_sweep/fcn_060
REACTOME_DAG_AND_IP3_SIGNALING,0.0074727367609739,0.8114181741469331,test,0.6,404,674,0.5,/Users/charlottejob/Code/Evaluation_neuron_interpretability/vega_fcn_sweep/fcn_060
REACTOME_SPRY_REGULATION_OF_FGF_SIGNALING,0.1173195019364357,0.7624962089954368,test,0.6,404,674,0.5,/Users/charlottejob/Code/Evaluation_neuron_interpretability/vega_fcn_sweep/fcn_060
REACTOME_TCA_CYCLE_AND_RESPIRATORY_ELECTRON_TRANSPORT,0.5859353542327881,0.7434971047304685,test,0.6,404,674,0.5,/Users/charlottejob/Code/Evaluation_neuron_interpretability/vega_fcn_sweep/fcn_060
REACTOME_BMAL1_CLOCK_NPAS2_ACTIVATES_CIRCADIAN_EXPRESSION,0.1317123621702194,0.3640716965168104,test,0.6,404,674,0.5,/Users/charlottejob/Code/Evaluation_neuron_interpretability/vega_fcn_sweep/fcn_060
REACTOME_ANTIGEN_PROCESSING_CROSS_PRESENTATION,0.2114316374063491,0.997301188113909,test,0.6,404,674,0.5,/Users/charlottejob/Code/Evaluation_neuron_interpretability/vega_fcn_sweep/fcn_060
REACTOME_GROWTH_HORMONE_RECEPTOR_SIGNALING,-0.0098049733787775,0.3902948885281041,test,0.6,404,674,0.5,/Users/charlottejob/Code/Evaluation_neuron_interpretability/vega_fcn_sweep/fcn_060
REACTOME_TRIF_MEDIATED_TLR3_SIGNALING,0.2983230352401733,0.979524810856511,test,0.6,404,674,0.5,/Users/charlottejob/Code/Evaluation_neuron_interpretability/vega_fcn_sweep/fcn_060
REACTOME_CELL_CELL_COMMUNICATION,0.0526170395314693,0.3671702585009134,test,0.6,404,674,0.5,/Users/charlottejob/Code/Evaluation_neuron_interpretability/vega_fcn_sweep/fcn_060
REACTOME_ABCA_TRANSPORTERS_IN_LIPID_HOMEOSTASIS,0.001241139601916,0.32182913743870434,test,0.6,404,674,0.5,/Users/charlottejob/Code/Evaluation_neuron_interpretability/vega_fcn_sweep/fcn_060
REACTOME_ENDOSOMAL_VACUOLAR_PATHWAY,0.054911270737648,0.369707997116889,test,0.6,404,674,0.5,/Users/charlottejob/Code/Evaluation_neuron_interpretability/vega_fcn_sweep/fcn_060
REACTOME_TETRAHYDROBIOPTERIN_BH4_SYNTHESIS_RECYCLING_SALVAGE_AND_REGULATION,,0.3596841600139598,test,0.6,404,674,0.5,/Users/charlottejob/Code/Evaluation_neuron_interpretability/vega_fcn_sweep/fcn_060
REACTOME_ER_PHAGOSOME_PATHWAY,0.0693474560976028,0.5032272560512148,test,0.6,404,674,0.5,/Users/charlottejob/Code/Evaluation_neuron_interpretability/vega_fcn_sweep/fcn_060
REACTOME_MEIOSIS,-0.0234056767076253,0.4700607432237677,test,0.6,404,674,0.5,/Users/charlottejob/Code/Evaluation_neuron_interpretability/vega_fcn_sweep/fcn_060
REACTOME_NEGATIVE_REGULATION_OF_FGFR_SIGNALING,0.0012449615169316,0.8830781311346683,test,0.6,404,674,0.5,/Users/charlottejob/Code/Evaluation_neuron_interpretability/vega_fcn_sweep/fcn_060
REACTOME_G0_AND_EARLY_G1,0.0424948036670684,0.3562193958331149,test,0.6,404,674,0.5,/Users/charlottejob/Code/Evaluation_neuron_interpretability/vega_fcn_sweep/fcn_060
REACTOME_REGULATION_OF_KIT_SIGNALING,-0.0024896156974136,0.34567437563036474,test,0.6,404,674,0.5,/Users/charlottejob/Code/Evaluation_neuron_interpretability/vega_fcn_sweep/fcn_060
REACTOME_MEMBRANE_TRAFFICKING,0.0548252761363983,0.4085680122782597,test,0.6,404,674,0.5,/Users/charlottejob/Code/Evaluation_neuron_interpretability/vega_fcn_sweep/fcn_060
REACTOME_NEF_MEDIATES_DOWN_MODULATION_OF_CELL_SURFACE_RECEPTORS_BY_RECRUITING_THEM_TO_CLATHRIN_ADAPTERS,0.05699123442173,0.3385631563727668,test,0.6,404,674,0.5,/Users/charlottejob/Code/Evaluation_neuron_interpretability/vega_fcn_sweep/fcn_060
REACTOME_IMMUNOREGULATORY_INTERACTIONS_BETWEEN_A_LYMPHOID_AND_A_NON_LYMPHOID_CELL,0.276297926902771,0.985184831474584,test,0.6,404,674,0.5,/Users/charlottejob/Code/Evaluation_neuron_interpretability/vega_fcn_sweep/fcn_060
REACTOME_ACTIVATED_AMPK_STIMULATES_FATTY_ACID_OXIDATION_IN_MUSCLE,0.6087554693222046,0.6490409511321288,test,0.6,404,674,0.5,/Users/charlottejob/Code/Evaluation_neuron_interpretability/vega_fcn_sweep/fcn_060
REACTOME_VITAMIN_B5_PANTOTHENATE_METABOLISM,,0.3020704096322472,test,0.6,404,674,0.5,/Users/charlottejob/Code/Evaluation_neuron_interpretability/vega_fcn_sweep/fcn_060
REACTOME_BOTULINUM_NEUROTOXICITY,0.041518360376358,0.3559124495520255,test,0.6,404,674,0.5,/Users/charlottejob/Code/Evaluation_neuron_interpretability/vega_fcn_sweep/fcn_060
REACTOME_METABOLISM_OF_VITAMINS_AND_COFACTORS,-0.003316112793982,0.3292169618308052,test,0.6,404,674,0.5,/Users/charlottejob/Code/Evaluation_neuron_interpretability/vega_fcn_sweep/fcn_060
REACTOME_TRANS_GOLGI_NETWORK_VESICLE_BUDDING,0.2755980491638183,0.4215701336610846,test,0.6,404,674,0.5,/Users/charlottejob/Code/Evaluation_neuron_interpretability/vega_fcn_sweep/fcn_060
REACTOME_PROTEOLYTIC_CLEAVAGE_OF_SNARE_COMPLEX_PROTEINS,0.6552765965461731,0.6573923747068624,test,0.6,404,674,0.5,/Users/charlottejob/Code/Evaluation_neuron_interpretability/vega_fcn_sweep/fcn_060
REACTOME_RESOLUTION_OF_AP_SITES_VIA_THE_MULTIPLE_NUCLEOTIDE_PATCH_REPLACEMENT_PATHWAY,,0.8953068970030101,test,0.6,404,674,0.5,/Users/charlottejob/Code/Evaluation_neuron_interpretability/vega_fcn_sweep/fcn_060
REACTOME_GAMMA_CARBOXYLATION_TRANSPORT_AND_AMINO_TERMINAL_CLEAVAGE_OF_PROTEINS,-0.011491248384118,0.2885081889057154,test,0.6,404,674,0.5,/Users/charlottejob/Code/Evaluation_neuron_interpretability/vega_fcn_sweep/fcn_060
REACTOME_IL_7_SIGNALING,-0.0406476370990276,0.3466724242950855,test,0.6,404,674,0.5,/Users/charlottejob/Code/Evaluation_neuron_interpretability/vega_fcn_sweep/fcn_060
REACTOME_CELL_CYCLE,0.2485846579074859,0.6056987627736321,test,0.6,404,674,0.5,/Users/charlottejob/Code/Evaluation_neuron_interpretability/vega_fcn_sweep/fcn_060
REACTOME_SIGNALING_BY_ERBB4,-0.0228072647005319,0.3345094050041046,test,0.6,404,674,0.5,/Users/charlottejob/Code/Evaluation_neuron_interpretability/vega_fcn_sweep/fcn_060
REACTOME_ORC1_REMOVAL_FROM_CHROMATIN,0.7386745810508728,0.6710942073450272,test,0.6,404,674,0.5,/Users/charlottejob/Code/Evaluation_neuron_interpretability/vega_fcn_sweep/fcn_060
REACTOME_O_LINKED_GLYCOSYLATION_OF_MUCINS,-0.0336057245731353,0.34655013928063394,test,0.6,404,674,0.5,/Users/charlottejob/Code/Evaluation_neuron_interpretability/vega_fcn_sweep/fcn_060
REACTOME_SULFUR_AMINO_ACID_METABOLISM,0.0121648516505956,0.3084795168342578,test,0.6,404,674,0.5,/Users/charlottejob/Code/Evaluation_neuron_interpretability/vega_fcn_sweep/fcn_060
REACTOME_DOWNREGULATION_OF_ERBB2_ERBB3_SIGNALING,-0.0107083152979612,0.3142401247018058,test,0.6,404,674,0.5,/Users/charlottejob/Code/Evaluation_neuron_interpretability/vega_fcn_sweep/fcn_060
REACTOME_ANTIVIRAL_MECHANISM_BY_IFN_STIMULATED_GENES,0.1385013163089752,0.3364064675018738,test,0.6,404,674,0.5,/Users/charlottejob/Code/Evaluation_neuron_interpretability/vega_fcn_sweep/fcn_060
REACTOME_PROLACTIN_RECEPTOR_SIGNALING,,0.4024935654146491,test,0.6,404,674,0.5,/Users/charlottejob/Code/Evaluation_neuron_interpretability/vega_fcn_sweep/fcn_060
REACTOME_SIGNALING_BY_ERBB2,0.0283643491566181,0.3565240965952077,test,0.6,404,674,0.5,/Users/charlottejob/Code/Evaluation_neuron_interpretability/vega_fcn_sweep/fcn_060
REACTOME_SPHINGOLIPID_DE_NOVO_BIOSYNTHESIS,0.3519803583621979,0.673597292155617,test,0.6,404,674,0.5,/Users/charlottejob/Code/Evaluation_neuron_interpretability/vega_fcn_sweep/fcn_060
REACTOME_TERMINATION_OF_O_GLYCAN_BIOSYNTHESIS,,0.39313353400514767,test,0.6,404,674,0.5,/Users/charlottejob/Code/Evaluation_neuron_interpretability/vega_fcn_sweep/fcn_060
REACTOME_DEFENSINS,0.1277293413877487,0.41770892028668777,test,0.6,404,674,0.5,/Users/charlottejob/Code/Evaluation_neuron_interpretability/vega_fcn_sweep/fcn_060
REACTOME_SIGNALING_BY_CONSTITUTIVELY_ACTIVE_EGFR,0.0100684408098459,0.7818833817407809,test,0.6,404,674,0.5,/Users/charlottejob/Code/Evaluation_neuron_interpretability/vega_fcn_sweep/fcn_060
REACTOME_GRB2_EVENTS_IN_ERBB2_SIGNALING,0.0422553345561027,0.29724537024773834,test,0.6,404,674,0.5,/Users/charlottejob/Code/Evaluation_neuron_interpretability/vega_fcn_sweep/fcn_060
REACTOME_SIGNALING_BY_EGFR_IN_CANCER,0.0529122166335582,0.3416418481999125,test,0.6,404,674,0.5,/Users/charlottejob/Code/Evaluation_neuron_interpretability/vega_fcn_sweep/fcn_060
REACTOME_MEMBRANE_BINDING_AND_TARGETTING_OF_GAG_PROTEINS,-0.0394120179116725,0.3259201783910553,test,0.6,404,674,0.5,/Users/charlottejob/Code/Evaluation_neuron_interpretability/vega_fcn_sweep/fcn_060
REACTOME_BETA_DEFENSINS,0.0799591466784477,0.3660682876629616,test,0.6,404,674,0.5,/Users/charlottejob/Code/Evaluation_neuron_interpretability/vega_fcn_sweep/fcn_060
REACTOME_SRP_DEPENDENT_COTRANSLATIONAL_PROTEIN_TARGETING_TO_MEMBRANE,0.183312252163887,0.3741414420934621,test,0.6,404,674,0.5,/Users/charlottejob/Code/Evaluation_neuron_interpretability/vega_fcn_sweep/fcn_060
REACTOME_PI3K_EVENTS_IN_ERBB4_SIGNALING,0.5845457315444946,0.6459506728057965,test,0.6,404,674,0.5,/Users/charlottejob/Code/Evaluation_neuron_interpretability/vega_fcn_sweep/fcn_060
REACTOME_SHC1_EVENTS_IN_ERBB4_SIGNALING,0.0027218232862651,0.359166825359881,test,0.6,404,674,0.5,/Users/charlottejob/Code/Evaluation_neuron_interpretability/vega_fcn_sweep/fcn_060
REACTOME_PI3K_EVENTS_IN_ERBB2_SIGNALING,-0.0035911197774112,0.3399677525927203,test,0.6,404,674,0.5,/Users/charlottejob/Code/Evaluation_neuron_interpretability/vega_fcn_sweep/fcn_060
REACTOME_NUCLEAR_SIGNALING_BY_ERBB4,0.004204565193504,0.278550672506577,test,0.6,404,674,0.5,/Users/charlottejob/Code/Evaluation_neuron_interpretability/vega_fcn_sweep/fcn_060
REACTOME_GLYCOSPHINGOLIPID_METABOLISM,0.0605835542082786,0.42332611874406467,test,0.6,404,674,0.5,/Users/charlottejob/Code/Evaluation_neuron_interpretability/vega_fcn_sweep/fcn_060
REACTOME_PPARA_ACTIVATES_GENE_EXPRESSION,0.447094976902008,0.6330570853539051,test,0.6,404,674,0.5,/Users/charlottejob/Code/Evaluation_neuron_interpretability/vega_fcn_sweep/fcn_060
REACTOME_ASSOCIATION_OF_LICENSING_FACTORS_WITH_THE_PRE_REPLICATIVE_COMPLEX,,0.4094560048859225,test,0.6,404,674,0.5,/Users/charlottejob/Code/Evaluation_neuron_interpretability/vega_fcn_sweep/fcn_060
REACTOME_RIP_MEDIATED_NFKB_ACTIVATION_VIA_DAI,0.6021333336830139,0.7693662002920801,test,0.6,404,674,0.5,/Users/charlottejob/Code/Evaluation_neuron_interpretability/vega_fcn_sweep/fcn_060
REACTOME_PRE_NOTCH_TRANSCRIPTION_AND_TRANSLATION,,0.3279815032936352,test,0.6,404,674,0.5,/Users/charlottejob/Code/Evaluation_neuron_interpretability/vega_fcn_sweep/fcn_060
REACTOME_DEGRADATION_OF_THE_EXTRACELLULAR_MATRIX,0.0334322266280651,0.4753761526977809,test,0.6,404,674,0.5,/Users/charlottejob/Code/Evaluation_neuron_interpretability/vega_fcn_sweep/fcn_060
REACTOME_MITOCHONDRIAL_PROTEIN_IMPORT,,0.354435283339877,test,0.6,404,674,0.5,/Users/charlottejob/Code/Evaluation_neuron_interpretability/vega_fcn_sweep/fcn_060
REACTOME_SIGNALING_BY_HIPPO,0.6207494139671326,0.6740146643987228,test,0.6,404,674,0.5,/Users/charlottejob/Code/Evaluation_neuron_interpretability/vega_fcn_sweep/fcn_060
REACTOME_ACTIVATED_NOTCH1_TRANSMITS_SIGNAL_TO_THE_NUCLEUS,0.0186496991664171,0.3763146029715533,test,0.6,404,674,0.5,/Users/charlottejob/Code/Evaluation_neuron_interpretability/vega_fcn_sweep/fcn_060
REACTOME_TRAFFICKING_AND_PROCESSING_OF_ENDOSOMAL_TLR,0.0900792628526687,0.3581015193297753,test,0.6,404,674,0.5,/Users/charlottejob/Code/Evaluation_neuron_interpretability/vega_fcn_sweep/fcn_060
REACTOME_SIGNALING_BY_NOTCH4,,0.3395663743838066,test,0.6,404,674,0.5,/Users/charlottejob/Code/Evaluation_neuron_interpretability/vega_fcn_sweep/fcn_060
REACTOME_DOWNSTREAM_SIGNALING_EVENTS_OF_B_CELL_RECEPTOR_BCR,0.4964761435985565,0.780153655090937,test,0.6,404,674,0.5,/Users/charlottejob/Code/Evaluation_neuron_interpretability/vega_fcn_sweep/fcn_060
REACTOME_ACTIVATION_OF_NF_KAPPAB_IN_B_CELLS,0.3965981304645538,0.7032257838353244,test,0.6,404,674,0.5,/Users/charlottejob/Code/Evaluation_neuron_interpretability/vega_fcn_sweep/fcn_060
REACTOME_RORA_ACTIVATES_CIRCADIAN_EXPRESSION,0.8290917277336121,0.6672485837680183,test,0.6,404,674,0.5,/Users/charlottejob/Code/Evaluation_neuron_interpretability/vega_fcn_sweep/fcn_060
REACTOME_ANTIGEN_ACTIVATES_B_CELL_RECEPTOR_LEADING_TO_GENERATION_OF_SECOND_MESSENGERS,0.5258584022521973,0.6891863663571942,test,0.6,404,674,0.5,/Users/charlottejob/Code/Evaluation_neuron_interpretability/vega_fcn_sweep/fcn_060
REACTOME_REGULATION_OF_COMPLEMENT_CASCADE,-0.0089897690340876,0.9028478882719164,test,0.6,404,674,0.5,/Users/charlottejob/Code/Evaluation_neuron_interpretability/vega_fcn_sweep/fcn_060
REACTOME_YAP1_AND_WWTR1_TAZ_STIMULATED_GENE_EXPRESSION,,0.44069624394712736,test,0.6,404,674,0.5,/Users/charlottejob/Code/Evaluation_neuron_interpretability/vega_fcn_sweep/fcn_060
REACTOME_SIGNALING_BY_NOTCH2,,0.3311678227108144,test,0.6,404,674,0.5,/Users/charlottejob/Code/Evaluation_neuron_interpretability/vega_fcn_sweep/fcn_060
REACTOME_PRE_NOTCH_EXPRESSION_AND_PROCESSING,,0.8999572481786852,test,0.6,404,674,0.5,/Users/charlottejob/Code/Evaluation_neuron_interpretability/vega_fcn_sweep/fcn_060
REACTOME_SIGNALING_BY_THE_B_CELL_RECEPTOR_BCR,0.5923382639884949,0.6598644570225655,test,0.6,404,674,0.5,/Users/charlottejob/Code/Evaluation_neuron_interpretability/vega_fcn_sweep/fcn_060
REACTOME_EXTRACELLULAR_MATRIX_ORGANIZATION,0.0182341057807207,0.3657340361852903,test,0.6,404,674,0.5,/Users/charlottejob/Code/Evaluation_neuron_interpretability/vega_fcn_sweep/fcn_060
REACTOME_NOTCH1_INTRACELLULAR_DOMAIN_REGULATES_TRANSCRIPTION,0.5670961737632751,0.663385871692655,test,0.6,404,674,0.5,/Users/charlottejob/Code/Evaluation_neuron_interpretability/vega_fcn_sweep/fcn_060
REACTOME_CIRCADIAN_REPRESSION_OF_EXPRESSION_BY_REV_ERBA,0.8112280368804932,0.7212704722642885,test,0.6,404,674,0.5,/Users/charlottejob/Code/Evaluation_neuron_interpretability/vega_fcn_sweep/fcn_060
REACTOME_PRE_NOTCH_PROCESSING_IN_GOLGI,,0.3437612877895564,test,0.6,404,674,0.5,/Users/charlottejob/Code/Evaluation_neuron_interpretability/vega_fcn_sweep/fcn_060
REACTOME_SIGNALING_BY_NOTCH1,-0.0179072208702564,0.36813810804634073,test,0.6,404,674,0.5,/Users/charlottejob/Code/Evaluation_neuron_interpretability/vega_fcn_sweep/fcn_060
REACTOME_SIGNALING_BY_NOTCH3,,0.2918518518518518,test,0.6,404,674,0.5,/Users/charlottejob/Code/Evaluation_neuron_interpretability/vega_fcn_sweep/fcn_060
REACTOME_TRIGLYCERIDE_BIOSYNTHESIS,0.1399055123329162,0.3091449609614694,test,0.6,404,674,0.5,/Users/charlottejob/Code/Evaluation_neuron_interpretability/vega_fcn_sweep/fcn_060
REACTOME_INSULIN_RECEPTOR_SIGNALLING_CASCADE,0.4068963229656219,0.7207103379541543,test,0.6,404,674,0.5,/Users/charlottejob/Code/Evaluation_neuron_interpretability/vega_fcn_sweep/fcn_060
REACTOME_ARMS_MEDIATED_ACTIVATION,,0.9104305719146708,test,0.6,404,674,0.5,/Users/charlottejob/Code/Evaluation_neuron_interpretability/vega_fcn_sweep/fcn_060
REACTOME_PROLONGED_ERK_ACTIVATION_EVENTS,,0.3671037822274571,test,0.6,404,674,0.5,/Users/charlottejob/Code/Evaluation_neuron_interpretability/vega_fcn_sweep/fcn_060
REACTOME_SIGNALLING_TO_RAS,-0.0081603759899735,0.3440784110736098,test,0.6,404,674,0.5,/Users/charlottejob/Code/Evaluation_neuron_interpretability/vega_fcn_sweep/fcn_060
REACTOME_SIGNALING_BY_BMP,0.0191220771521329,0.8505625399754643,test,0.6,404,674,0.5,/Users/charlottejob/Code/Evaluation_neuron_interpretability/vega_fcn_sweep/fcn_060
REACTOME_CELL_SURFACE_INTERACTIONS_AT_THE_VASCULAR_WALL,0.0910130739212036,0.3215967063782924,test,0.6,404,674,0.5,/Users/charlottejob/Code/Evaluation_neuron_interpretability/vega_fcn_sweep/fcn_060
REACTOME_NGF_SIGNALLING_VIA_TRKA_FROM_THE_PLASMA_MEMBRANE,0.0535995885729789,0.3919916848514387,test,0.6,404,674,0.5,/Users/charlottejob/Code/Evaluation_neuron_interpretability/vega_fcn_sweep/fcn_060
REACTOME_SIGNALLING_TO_ERKS,0.0295998379588127,0.39495919821135117,test,0.6,404,674,0.5,/Users/charlottejob/Code/Evaluation_neuron_interpretability/vega_fcn_sweep/fcn_060
REACTOME_P38MAPK_EVENTS,0.600605845451355,0.6605168130624088,test,0.6,404,674,0.5,/Users/charlottejob/Code/Evaluation_neuron_interpretability/vega_fcn_sweep/fcn_060
REACTOME_ACYL_CHAIN_REMODELLING_OF_PI,0.0281335245817899,0.2851345379510934,test,0.6,404,674,0.5,/Users/charlottejob/Code/Evaluation_neuron_interpretability/vega_fcn_sweep/fcn_060
REACTOME_TGF_BETA_RECEPTOR_SIGNALING_IN_EMT_EPITHELIAL_TO_MESENCHYMAL_TRANSITION,,0.8987916066832439,test,0.6,404,674,0.5,/Users/charlottejob/Code/Evaluation_neuron_interpretability/vega_fcn_sweep/fcn_060
REACTOME_DOWNREGULATION_OF_TGF_BETA_RECEPTOR_SIGNALING,,0.899131876281464,test,0.6,404,674,0.5,/Users/charlottejob/Code/Evaluation_neuron_interpretability/vega_fcn_sweep/fcn_060
REACTOME_COLLAGEN_FORMATION,0.6086100935935974,0.5773071019659525,test,0.6,404,674,0.5,/Users/charlottejob/Code/Evaluation_neuron_interpretability/vega_fcn_sweep/fcn_060
REACTOME_SMAD2_SMAD3_SMAD4_HETEROTRIMER_REGULATES_TRANSCRIPTION,-0.0002014270285144,0.47073062145942013,test,0.6,404,674,0.5,/Users/charlottejob/Code/Evaluation_neuron_interpretability/vega_fcn_sweep/fcn_060
REACTOME_SIGNALING_BY_FGFR_IN_DISEASE,0.6434371471405029,0.6760360619416013,test,0.6,404,674,0.5,/Users/charlottejob/Code/Evaluation_neuron_interpretability/vega_fcn_sweep/fcn_060
REACTOME_HS_GAG_DEGRADATION,-0.0283443443477153,0.3605323770678019,test,0.6,404,674,0.5,/Users/charlottejob/Code/Evaluation_neuron_interpretability/vega_fcn_sweep/fcn_060
REACTOME_SYNTHESIS_OF_PIPS_AT_THE_EARLY_ENDOSOME_MEMBRANE,,0.8995489246608209,test,0.6,404,674,0.5,/Users/charlottejob/Code/Evaluation_neuron_interpretability/vega_fcn_sweep/fcn_060
REACTOME_SIGNALLING_TO_P38_VIA_RIT_AND_RIN,0.819597065448761,0.6724598323040197,test,0.6,404,674,0.5,/Users/charlottejob/Code/Evaluation_neuron_interpretability/vega_fcn_sweep/fcn_060
REACTOME_P53_INDEPENDENT_G1_S_DNA_DAMAGE_CHECKPOINT,,0.8894909043318936,test,0.6,404,674,0.5,/Users/charlottejob/Code/Evaluation_neuron_interpretability/vega_fcn_sweep/fcn_060
REACTOME_REGULATION_OF_HYPOXIA_INDUCIBLE_FACTOR_HIF_BY_OXYGEN,,0.9000444967936134,test,0.6,404,674,0.5,/Users/charlottejob/Code/Evaluation_neuron_interpretability/vega_fcn_sweep/fcn_060
REACTOME_ACYL_CHAIN_REMODELLING_OF_PC,0.0425998158752918,0.3827168983587595,test,0.6,404,674,0.5,/Users/charlottejob/Code/Evaluation_neuron_interpretability/vega_fcn_sweep/fcn_060
REACTOME_SYNTHESIS_OF_PIPS_AT_THE_GOLGI_MEMBRANE,,0.3447227675260655,test,0.6,404,674,0.5,/Users/charlottejob/Code/Evaluation_neuron_interpretability/vega_fcn_sweep/fcn_060
REACTOME_TGF_BETA_RECEPTOR_SIGNALING_ACTIVATES_SMADS,,0.42668062644505517,test,0.6,404,674,0.5,/Users/charlottejob/Code/Evaluation_neuron_interpretability/vega_fcn_sweep/fcn_060
REACTOME_ACTIVATED_POINT_MUTANTS_OF_FGFR2,,0.8954534746760894,test,0.6,404,674,0.5,/Users/charlottejob/Code/Evaluation_neuron_interpretability/vega_fcn_sweep/fcn_060
REACTOME_PHOSPHOLIPID_METABOLISM,0.0478646345436573,0.38561106248401616,test,0.6,404,674,0.5,/Users/charlottejob/Code/Evaluation_neuron_interpretability/vega_fcn_sweep/fcn_060
REACTOME_CS_DS_DEGRADATION,0.0817540809512138,0.40698265466375,test,0.6,404,674,0.5,/Users/charlottejob/Code/Evaluation_neuron_interpretability/vega_fcn_sweep/fcn_060
REACTOME_SYNTHESIS_OF_PA,0.0247606299817562,0.3488933424749046,test,0.6,404,674,0.5,/Users/charlottejob/Code/Evaluation_neuron_interpretability/vega_fcn_sweep/fcn_060
REACTOME_OXYGEN_DEPENDENT_PROLINE_HYDROXYLATION_OF_HYPOXIA_INDUCIBLE_FACTOR_ALPHA,,0.9002713431924267,test,0.6,404,674,0.5,/Users/charlottejob/Code/Evaluation_neuron_interpretability/vega_fcn_sweep/fcn_060
REACTOME_SYNTHESIS_OF_PIPS_AT_THE_LATE_ENDOSOME_MEMBRANE,,0.8968075731797758,test,0.6,404,674,0.5,/Users/charlottejob/Code/Evaluation_neuron_interpretability/vega_fcn_sweep/fcn_060
REACTOME_SYNTHESIS_OF_PE,,0.49194957030057146,test,0.6,404,674,0.5,/Users/charlottejob/Code/Evaluation_neuron_interpretability/vega_fcn_sweep/fcn_060
REACTOME_GASTRIN_CREB_SIGNALLING_PATHWAY_VIA_PKC_AND_MAPK,0.0983862206339836,0.3842876941883753,test,0.6,404,674,0.5,/Users/charlottejob/Code/Evaluation_neuron_interpretability/vega_fcn_sweep/fcn_060
REACTOME_CHONDROITIN_SULFATE_BIOSYNTHESIS,0.0536391250789165,0.3540660617646078,test,0.6,404,674,0.5,/Users/charlottejob/Code/Evaluation_neuron_interpretability/vega_fcn_sweep/fcn_060
REACTOME_HYALURONAN_UPTAKE_AND_DEGRADATION,,0.896959385769751,test,0.6,404,674,0.5,/Users/charlottejob/Code/Evaluation_neuron_interpretability/vega_fcn_sweep/fcn_060
REACTOME_SIGNALING_BY_FGFR1_MUTANTS,0.0116355698555707,0.4071999787454502,test,0.6,404,674,0.5,/Users/charlottejob/Code/Evaluation_neuron_interpretability/vega_fcn_sweep/fcn_060
REACTOME_SYNTHESIS_OF_PIPS_AT_THE_PLASMA_MEMBRANE,-0.0050046788528561,0.4028532250408734,test,0.6,404,674,0.5,/Users/charlottejob/Code/Evaluation_neuron_interpretability/vega_fcn_sweep/fcn_060
REACTOME_THE_ACTIVATION_OF_ARYLSULFATASES,0.1772465407848358,0.7479037483132853,test,0.6,404,674,0.5,/Users/charlottejob/Code/Evaluation_neuron_interpretability/vega_fcn_sweep/fcn_060
REACTOME_TRANSCRIPTIONAL_ACTIVITY_OF_SMAD2_SMAD3_SMAD4_HETEROTRIMER,0.693178653717041,0.9884488972584864,test,0.6,404,674,0.5,/Users/charlottejob/Code/Evaluation_neuron_interpretability/vega_fcn_sweep/fcn_060
REACTOME_HYALURONAN_METABOLISM,,0.3334258168651574,test,0.6,404,674,0.5,/Users/charlottejob/Code/Evaluation_neuron_interpretability/vega_fcn_sweep/fcn_060
REACTOME_DOWNREGULATION_OF_SMAD2_3_SMAD4_TRANSCRIPTIONAL_ACTIVITY,-0.0020005162805318,0.33619634917207764,test,0.6,404,674,0.5,/Users/charlottejob/Code/Evaluation_neuron_interpretability/vega_fcn_sweep/fcn_060
REACTOME_KERATAN_SULFATE_BIOSYNTHESIS,0.7968205213546753,0.6476389494151847,test,0.6,404,674,0.5,/Users/charlottejob/Code/Evaluation_neuron_interpretability/vega_fcn_sweep/fcn_060
REACTOME_REVERSIBLE_HYDRATION_OF_CARBON_DIOXIDE,0.2395537942647934,0.6539251973870464,test,0.6,404,674,0.5,/Users/charlottejob/Code/Evaluation_neuron_interpretability/vega_fcn_sweep/fcn_060
REACTOME_SIGNALING_BY_FGFR1_FUSION_MUTANTS,-0.013210380449891,0.3572340007852375,test,0.6,404,674,0.5,/Users/charlottejob/Code/Evaluation_neuron_interpretability/vega_fcn_sweep/fcn_060
REACTOME_ALPHA_LINOLENIC_ACID_ALA_METABOLISM,-0.0033353988546878,0.3173734682163113,test,0.6,404,674,0.5,/Users/charlottejob/Code/Evaluation_neuron_interpretability/vega_fcn_sweep/fcn_060
REACTOME_SIGNALING_BY_ACTIVATED_POINT_MUTANTS_OF_FGFR1,0.0006183462683111,0.46586685286670476,test,0.6,404,674,0.5,/Users/charlottejob/Code/Evaluation_neuron_interpretability/vega_fcn_sweep/fcn_060
REACTOME_PI_METABOLISM,0.0046949861571192,0.3996958669549777,test,0.6,404,674,0.5,/Users/charlottejob/Code/Evaluation_neuron_interpretability/vega_fcn_sweep/fcn_060
REACTOME_ABACAVIR_TRANSPORT_AND_METABOLISM,,0.8958809928892378,test,0.6,404,674,0.5,/Users/charlottejob/Code/Evaluation_neuron_interpretability/vega_fcn_sweep/fcn_060
REACTOME_CHONDROITIN_SULFATE_DERMATAN_SULFATE_METABOLISM,0.0336375012993812,0.3562479922903951,test,0.6,404,674,0.5,/Users/charlottejob/Code/Evaluation_neuron_interpretability/vega_fcn_sweep/fcn_060
REACTOME_LATENT_INFECTION_OF_HOMO_SAPIENS_WITH_MYCOBACTERIUM_TUBERCULOSIS,0.3911993205547333,0.34533416640851844,test,0.6,404,674,0.5,/Users/charlottejob/Code/Evaluation_neuron_interpretability/vega_fcn_sweep/fcn_060
REACTOME_SYNTHESIS_OF_PC,,0.8984216725559482,test,0.6,404,674,0.5,/Users/charlottejob/Code/Evaluation_neuron_interpretability/vega_fcn_sweep/fcn_060
REACTOME_HS_GAG_BIOSYNTHESIS,0.0438941866159439,0.8012917972968723,test,0.6,404,674,0.5,/Users/charlottejob/Code/Evaluation_neuron_interpretability/vega_fcn_sweep/fcn_060
REACTOME_SIGNALING_BY_FGFR3_MUTANTS,,0.8938620599397985,test,0.6,404,674,0.5,/Users/charlottejob/Code/Evaluation_neuron_interpretability/vega_fcn_sweep/fcn_060
REACTOME_KERATAN_SULFATE_KERATIN_METABOLISM,0.0336799956858158,0.4311146867463121,test,0.6,404,674,0.5,/Users/charlottejob/Code/Evaluation_neuron_interpretability/vega_fcn_sweep/fcn_060
REACTOME_APOPTOSIS_INDUCED_DNA_FRAGMENTATION,0.0066232159733772,0.320199091166782,test,0.6,404,674,0.5,/Users/charlottejob/Code/Evaluation_neuron_interpretability/vega_fcn_sweep/fcn_060
REACTOME_KERATAN_SULFATE_DEGRADATION,0.0359948389232158,0.3699011335773053,test,0.6,404,674,0.5,/Users/charlottejob/Code/Evaluation_neuron_interpretability/vega_fcn_sweep/fcn_060
REACTOME_HEPARAN_SULFATE_HEPARIN_HS_GAG_METABOLISM,0.015630979090929,0.3019267751283369,test,0.6,404,674,0.5,/Users/charlottejob/Code/Evaluation_neuron_interpretability/vega_fcn_sweep/fcn_060
REACTOME_GLYCOSAMINOGLYCAN_METABOLISM,0.2981584370136261,0.623059335177398,test,0.6,404,674,0.5,/Users/charlottejob/Code/Evaluation_neuron_interpretability/vega_fcn_sweep/fcn_060
REACTOME_ACYL_CHAIN_REMODELLING_OF_PG,0.0254094246774911,0.4738445581280874,test,0.6,404,674,0.5,/Users/charlottejob/Code/Evaluation_neuron_interpretability/vega_fcn_sweep/fcn_060
REACTOME_ACYL_CHAIN_REMODELLING_OF_PE,0.0998120158910751,0.2872276648117193,test,0.6,404,674,0.5,/Users/charlottejob/Code/Evaluation_neuron_interpretability/vega_fcn_sweep/fcn_060
REACTOME_ACYL_CHAIN_REMODELLING_OF_PS,0.0123301949352025,0.3561707558116062,test,0.6,404,674,0.5,/Users/charlottejob/Code/Evaluation_neuron_interpretability/vega_fcn_sweep/fcn_060
REACTOME_SIGNALING_BY_FGFR_MUTANTS,0.7574723958969116,0.7404285831207144,test,0.6,404,674,0.5,/Users/charlottejob/Code/Evaluation_neuron_interpretability/vega_fcn_sweep/fcn_060
REACTOME_MHC_CLASS_II_ANTIGEN_PRESENTATION,0.4772541522979736,0.9795391549057364,test,0.6,404,674,0.5,/Users/charlottejob/Code/Evaluation_neuron_interpretability/vega_fcn_sweep/fcn_060
REACTOME_GLYCEROPHOSPHOLIPID_BIOSYNTHESIS,-0.0038919940125197,0.4221776037776165,test,0.6,404,674,0.5,/Users/charlottejob/Code/Evaluation_neuron_interpretability/vega_fcn_sweep/fcn_060
REACTOME_A_TETRASACCHARIDE_LINKER_SEQUENCE_IS_REQUIRED_FOR_GAG_SYNTHESIS,0.0423176772892475,0.4032235697647272,test,0.6,404,674,0.5,/Users/charlottejob/Code/Evaluation_neuron_interpretability/vega_fcn_sweep/fcn_060
REACTOME_CDK_MEDIATED_PHOSPHORYLATION_AND_REMOVAL_OF_CDC6,,0.3807459756576364,test,0.6,404,674,0.5,/Users/charlottejob/Code/Evaluation_neuron_interpretability/vega_fcn_sweep/fcn_060
REACTOME_PLATELET_ADHESION_TO_EXPOSED_COLLAGEN,0.0584294311702251,0.3528224601374751,test,0.6,404,674,0.5,/Users/charlottejob/Code/Evaluation_neuron_interpretability/vega_fcn_sweep/fcn_060
REACTOME_VEGF_LIGAND_RECEPTOR_INTERACTIONS,-0.011063708923757,0.38717394875451316,test,0.6,404,674,0.5,/Users/charlottejob/Code/Evaluation_neuron_interpretability/vega_fcn_sweep/fcn_060
REACTOME_ENOS_ACTIVATION_AND_REGULATION,0.0398450084030628,0.4131702886185479,test,0.6,404,674,0.5,/Users/charlottejob/Code/Evaluation_neuron_interpretability/vega_fcn_sweep/fcn_060
REACTOME_MICRORNA_MIRNA_BIOGENESIS,,0.2958268987479823,test,0.6,404,674,0.5,/Users/charlottejob/Code/Evaluation_neuron_interpretability/vega_fcn_sweep/fcn_060
REACTOME_NUCLEAR_EVENTS_KINASE_AND_TRANSCRIPTION_FACTOR_ACTIVATION,0.0919967591762542,0.3445643428213268,test,0.6,404,674,0.5,/Users/charlottejob/Code/Evaluation_neuron_interpretability/vega_fcn_sweep/fcn_060
REACTOME_RETROGRADE_NEUROTROPHIN_SIGNALLING,,0.3256938446102168,test,0.6,404,674,0.5,/Users/charlottejob/Code/Evaluation_neuron_interpretability/vega_fcn_sweep/fcn_060
REACTOME_ERKS_ARE_INACTIVATED,0.0588745847344398,0.35778527855422537,test,0.6,404,674,0.5,/Users/charlottejob/Code/Evaluation_neuron_interpretability/vega_fcn_sweep/fcn_060
REACTOME_NEGATIVE_REGULATION_OF_THE_PI3K_AKT_NETWORK,,0.2969018016838983,test,0.6,404,674,0.5,/Users/charlottejob/Code/Evaluation_neuron_interpretability/vega_fcn_sweep/fcn_060
REACTOME_PI3K_AKT_ACTIVATION,0.7173285484313965,0.7282514705411377,test,0.6,404,674,0.5,/Users/charlottejob/Code/Evaluation_neuron_interpretability/vega_fcn_sweep/fcn_060
REACTOME_REGULATORY_RNA_PATHWAYS,,0.3040841076647909,test,0.6,404,674,0.5,/Users/charlottejob/Code/Evaluation_neuron_interpretability/vega_fcn_sweep/fcn_060
REACTOME_EGFR_DOWNREGULATION,-0.0403490401804447,0.3510221797517227,test,0.6,404,674,0.5,/Users/charlottejob/Code/Evaluation_neuron_interpretability/vega_fcn_sweep/fcn_060
REACTOME_PROCESSING_OF_CAPPED_INTRON_CONTAINING_PRE_MRNA,0.7625498175621033,0.8308120123630631,test,0.6,404,674,0.5,/Users/charlottejob/Code/Evaluation_neuron_interpretability/vega_fcn_sweep/fcn_060
REACTOME_PECAM1_INTERACTIONS,0.5386170744895935,0.669866480187468,test,0.6,404,674,0.5,/Users/charlottejob/Code/Evaluation_neuron_interpretability/vega_fcn_sweep/fcn_060
REACTOME_TCR_SIGNALING,0.0039508072659373,0.384113417374006,test,0.6,404,674,0.5,/Users/charlottejob/Code/Evaluation_neuron_interpretability/vega_fcn_sweep/fcn_060
REACTOME_REGULATION_OF_PYRUVATE_DEHYDROGENASE_PDH_COMPLEX,0.0562220364809036,0.8209745929570144,test,0.6,404,674,0.5,/Users/charlottejob/Code/Evaluation_neuron_interpretability/vega_fcn_sweep/fcn_060
REACTOME_DOWNSTREAM_TCR_SIGNALING,0.026946373283863,0.4558232393371833,test,0.6,404,674,0.5,/Users/charlottejob/Code/Evaluation_neuron_interpretability/vega_fcn_sweep/fcn_060
REACTOME_BASIGIN_INTERACTIONS,0.6286160349845886,0.7039666250537794,test,0.6,404,674,0.5,/Users/charlottejob/Code/Evaluation_neuron_interpretability/vega_fcn_sweep/fcn_060
REACTOME_AKT_PHOSPHORYLATES_TARGETS_IN_THE_CYTOSOL,0.0159186664968729,0.3859066319657505,test,0.6,404,674,0.5,/Users/charlottejob/Code/Evaluation_neuron_interpretability/vega_fcn_sweep/fcn_060
REACTOME_GAB1_SIGNALOSOME,0.0766365826129913,0.4322661024412773,test,0.6,404,674,0.5,/Users/charlottejob/Code/Evaluation_neuron_interpretability/vega_fcn_sweep/fcn_060
REACTOME_SHC1_EVENTS_IN_EGFR_SIGNALING,,0.34221698730532657,test,0.6,404,674,0.5,/Users/charlottejob/Code/Evaluation_neuron_interpretability/vega_fcn_sweep/fcn_060
REACTOME_ACTIVATION_OF_THE_MRNA_UPON_BINDING_OF_THE_CAP_BINDING_COMPLEX_AND_EIFS_AND_SUBSEQUENT_BINDING_TO_43S,0.1122587323188781,0.3811393985837342,test,0.6,404,674,0.5,/Users/charlottejob/Code/Evaluation_neuron_interpretability/vega_fcn_sweep/fcn_060
REACTOME_PHOSPHORYLATION_OF_CD3_AND_TCR_ZETA_CHAINS,-0.0068251732736825,0.6183444929027968,test,0.6,404,674,0.5,/Users/charlottejob/Code/Evaluation_neuron_interpretability/vega_fcn_sweep/fcn_060
REACTOME_GLUTAMATE_NEUROTRANSMITTER_RELEASE_CYCLE,-0.0300140529870986,0.9041087436434552,test,0.6,404,674,0.5,/Users/charlottejob/Code/Evaluation_neuron_interpretability/vega_fcn_sweep/fcn_060
REACTOME_TRANSLOCATION_OF_ZAP_70_TO_IMMUNOLOGICAL_SYNAPSE,0.3446720838546753,0.9095208282487434,test,0.6,404,674,0.5,/Users/charlottejob/Code/Evaluation_neuron_interpretability/vega_fcn_sweep/fcn_060
REACTOME_ERK_MAPK_TARGETS,0.170070931315422,0.3727642297893768,test,0.6,404,674,0.5,/Users/charlottejob/Code/Evaluation_neuron_interpretability/vega_fcn_sweep/fcn_060
REACTOME_TIE2_SIGNALING,0.0685632303357124,0.8161089376857927,test,0.6,404,674,0.5,/Users/charlottejob/Code/Evaluation_neuron_interpretability/vega_fcn_sweep/fcn_060
REACTOME_GENERATION_OF_SECOND_MESSENGER_MOLECULES,0.0499240756034851,0.9406431272527608,test,0.6,404,674,0.5,/Users/charlottejob/Code/Evaluation_neuron_interpretability/vega_fcn_sweep/fcn_060
REACTOME_GENERIC_TRANSCRIPTION_PATHWAY,0.6174828410148621,0.9824867158061921,test,0.6,404,674,0.5,/Users/charlottejob/Code/Evaluation_neuron_interpretability/vega_fcn_sweep/fcn_060
REACTOME_RESPONSE_TO_ELEVATED_PLATELET_CYTOSOLIC_CA2_,0.097257986664772,0.37861161962336987,test,0.6,404,674,0.5,/Users/charlottejob/Code/Evaluation_neuron_interpretability/vega_fcn_sweep/fcn_060
REACTOME_TRANSPORT_OF_MATURE_TRANSCRIPT_TO_CYTOPLASM,0.0178043972700834,0.34915734566097223,test,0.6,404,674,0.5,/Users/charlottejob/Code/Evaluation_neuron_interpretability/vega_fcn_sweep/fcn_060
REACTOME_METABOLISM_OF_AMINO_ACIDS_AND_DERIVATIVES,0.5749132037162781,0.9059037402227348,test,0.6,404,674,0.5,/Users/charlottejob/Code/Evaluation_neuron_interpretability/vega_fcn_sweep/fcn_060
REACTOME_RNA_POL_I_TRANSCRIPTION,0.5336010456085205,0.9918872882123766,test,0.6,404,674,0.5,/Users/charlottejob/Code/Evaluation_neuron_interpretability/vega_fcn_sweep/fcn_060
REACTOME_FATTY_ACYL_COA_BIOSYNTHESIS,0.042395643889904,0.8890533089687349,test,0.6,404,674,0.5,/Users/charlottejob/Code/Evaluation_neuron_interpretability/vega_fcn_sweep/fcn_060
REACTOME_E2F_ENABLED_INHIBITION_OF_PRE_REPLICATION_COMPLEX_FORMATION,,0.3417842341752825,test,0.6,404,674,0.5,/Users/charlottejob/Code/Evaluation_neuron_interpretability/vega_fcn_sweep/fcn_060
REACTOME_P75NTR_RECRUITS_SIGNALLING_COMPLEXES,,0.3605165118003752,test,0.6,404,674,0.5,/Users/charlottejob/Code/Evaluation_neuron_interpretability/vega_fcn_sweep/fcn_060
REACTOME_BIOLOGICAL_OXIDATIONS,0.304751306772232,0.3983712539106429,test,0.6,404,674,0.5,/Users/charlottejob/Code/Evaluation_neuron_interpretability/vega_fcn_sweep/fcn_060
REACTOME_REGULATED_PROTEOLYSIS_OF_P75NTR,,0.38631941717925233,test,0.6,404,674,0.5,/Users/charlottejob/Code/Evaluation_neuron_interpretability/vega_fcn_sweep/fcn_060
REACTOME_TRANSMISSION_ACROSS_CHEMICAL_SYNAPSES,0.0582276172935962,0.361465402808159,test,0.6,404,674,0.5,/Users/charlottejob/Code/Evaluation_neuron_interpretability/vega_fcn_sweep/fcn_060
REACTOME_P75NTR_SIGNALS_VIA_NFKB,0.0536202229559421,0.4313548151887374,test,0.6,404,674,0.5,/Users/charlottejob/Code/Evaluation_neuron_interpretability/vega_fcn_sweep/fcn_060
REACTOME_CASPASE_MEDIATED_CLEAVAGE_OF_CYTOSKELETAL_PROTEINS,0.6823518872261047,0.937355298856828,test,0.6,404,674,0.5,/Users/charlottejob/Code/Evaluation_neuron_interpretability/vega_fcn_sweep/fcn_060
REACTOME_XENOBIOTICS,0.0112694799900054,0.3634560470862911,test,0.6,404,674,0.5,/Users/charlottejob/Code/Evaluation_neuron_interpretability/vega_fcn_sweep/fcn_060
REACTOME_INTEGRIN_CELL_SURFACE_INTERACTIONS,0.2673754692077636,0.6550389267143555,test,0.6,404,674,0.5,/Users/charlottejob/Code/Evaluation_neuron_interpretability/vega_fcn_sweep/fcn_060
REACTOME_REGULATION_OF_ORNITHINE_DECARBOXYLASE_ODC,0.8504851460456848,0.6631663014263595,test,0.6,404,674,0.5,/Users/charlottejob/Code/Evaluation_neuron_interpretability/vega_fcn_sweep/fcn_060
REACTOME_CYTOCHROME_P450_ARRANGED_BY_SUBSTRATE_TYPE,0.0008777338080108,0.325748572575491,test,0.6,404,674,0.5,/Users/charlottejob/Code/Evaluation_neuron_interpretability/vega_fcn_sweep/fcn_060
REACTOME_BASE_FREE_SUGAR_PHOSPHATE_REMOVAL_VIA_THE_SINGLE_NUCLEOTIDE_REPLACEMENT_PATHWAY,,0.9087414387296602,test,0.6,404,674,0.5,/Users/charlottejob/Code/Evaluation_neuron_interpretability/vega_fcn_sweep/fcn_060
REACTOME_APOPTOTIC_CLEAVAGE_OF_CELL_ADHESION_PROTEINS,0.0610578693449497,0.3200047746186887,test,0.6,404,674,0.5,/Users/charlottejob/Code/Evaluation_neuron_interpretability/vega_fcn_sweep/fcn_060
REACTOME_HDL_MEDIATED_LIPID_TRANSPORT,-0.0081166625022888,0.4032334959896797,test,0.6,404,674,0.5,/Users/charlottejob/Code/Evaluation_neuron_interpretability/vega_fcn_sweep/fcn_060
REACTOME_NRAGE_SIGNALS_DEATH_THROUGH_JNK,0.0314405634999275,0.41152716980468673,test,0.6,404,674,0.5,/Users/charlottejob/Code/Evaluation_neuron_interpretability/vega_fcn_sweep/fcn_060
REACTOME_SLBP_DEPENDENT_PROCESSING_OF_REPLICATION_DEPENDENT_HISTONE_PRE_MRNAS,,0.8960397853684073,test,0.6,404,674,0.5,/Users/charlottejob/Code/Evaluation_neuron_interpretability/vega_fcn_sweep/fcn_060
REACTOME_NRIF_SIGNALS_CELL_DEATH_FROM_THE_NUCLEUS,,0.8913004406055054,test,0.6,404,674,0.5,/Users/charlottejob/Code/Evaluation_neuron_interpretability/vega_fcn_sweep/fcn_060
REACTOME_REGULATION_OF_APOPTOSIS,0.060505386441946,0.3345989583607611,test,0.6,404,674,0.5,/Users/charlottejob/Code/Evaluation_neuron_interpretability/vega_fcn_sweep/fcn_060
REACTOME_RNA_POL_II_TRANSCRIPTION,0.1025581881403923,0.8871149659135524,test,0.6,404,674,0.5,/Users/charlottejob/Code/Evaluation_neuron_interpretability/vega_fcn_sweep/fcn_060
REACTOME_NEURONAL_SYSTEM,0.0208964720368385,0.3588070671378092,test,0.6,404,674,0.5,/Users/charlottejob/Code/Evaluation_neuron_interpretability/vega_fcn_sweep/fcn_060
REACTOME_NFKB_IS_ACTIVATED_AND_SIGNALS_SURVIVAL,0.1362131536006927,0.3024479079028549,test,0.6,404,674,0.5,/Users/charlottejob/Code/Evaluation_neuron_interpretability/vega_fcn_sweep/fcn_060
REACTOME_REGULATION_OF_BETA_CELL_DEVELOPMENT,-0.0137437740340828,0.3179404541856028,test,0.6,404,674,0.5,/Users/charlottejob/Code/Evaluation_neuron_interpretability/vega_fcn_sweep/fcn_060
REACTOME_PHASE1_FUNCTIONALIZATION_OF_COMPOUNDS,0.5526382327079773,0.6500369627578109,test,0.6,404,674,0.5,/Users/charlottejob/Code/Evaluation_neuron_interpretability/vega_fcn_sweep/fcn_060
REACTOME_RNA_POL_III_TRANSCRIPTION,,0.35661824368538153,test,0.6,404,674,0.5,/Users/charlottejob/Code/Evaluation_neuron_interpretability/vega_fcn_sweep/fcn_060
REACTOME_CELL_DEATH_SIGNALLING_VIA_NRAGE_NRIF_AND_NADE,0.4113773703575134,0.6834343177099361,test,0.6,404,674,0.5,/Users/charlottejob/Code/Evaluation_neuron_interpretability/vega_fcn_sweep/fcn_060
REACTOME_NEUROTRANSMITTER_RELEASE_CYCLE,-0.0309199299663305,0.9112009536037804,test,0.6,404,674,0.5,/Users/charlottejob/Code/Evaluation_neuron_interpretability/vega_fcn_sweep/fcn_060
REACTOME_P75_NTR_RECEPTOR_MEDIATED_SIGNALLING,0.0401408076286315,0.3507271750308697,test,0.6,404,674,0.5,/Users/charlottejob/Code/Evaluation_neuron_interpretability/vega_fcn_sweep/fcn_060
REACTOME_AMINO_ACID_TRANSPORT_ACROSS_THE_PLASMA_MEMBRANE,0.0089661050587892,0.33853949339854683,test,0.6,404,674,0.5,/Users/charlottejob/Code/Evaluation_neuron_interpretability/vega_fcn_sweep/fcn_060
REACTOME_ENDOGENOUS_STEROLS,0.1220005676150322,0.3399082326881494,test,0.6,404,674,0.5,/Users/charlottejob/Code/Evaluation_neuron_interpretability/vega_fcn_sweep/fcn_060
REACTOME_REGULATION_OF_GENE_EXPRESSION_IN_BETA_CELLS,,0.301394293979592,test,0.6,404,674,0.5,/Users/charlottejob/Code/Evaluation_neuron_interpretability/vega_fcn_sweep/fcn_060
REACTOME_GLYCOLYSIS,-0.0088405683636665,0.367666181872914,test,0.6,404,674,0.5,/Users/charlottejob/Code/Evaluation_neuron_interpretability/vega_fcn_sweep/fcn_060
REACTOME_PROCESSIVE_SYNTHESIS_ON_THE_LAGGING_STRAND,,0.906232168564324,test,0.6,404,674,0.5,/Users/charlottejob/Code/Evaluation_neuron_interpretability/vega_fcn_sweep/fcn_060
REACTOME_PEPTIDE_CHAIN_ELONGATION,0.7864083647727966,1.0,test,0.6,404,674,0.5,/Users/charlottejob/Code/Evaluation_neuron_interpretability/vega_fcn_sweep/fcn_060
REACTOME_COMMON_PATHWAY,0.2375061362981796,0.6589139110103194,test,0.6,404,674,0.5,/Users/charlottejob/Code/Evaluation_neuron_interpretability/vega_fcn_sweep/fcn_060
REACTOME_MRNA_CAPPING,0.7853422164916992,0.6603829817610736,test,0.6,404,674,0.5,/Users/charlottejob/Code/Evaluation_neuron_interpretability/vega_fcn_sweep/fcn_060
REACTOME_MITOCHONDRIAL_FATTY_ACID_BETA_OXIDATION,,0.904708807747677,test,0.6,404,674,0.5,/Users/charlottejob/Code/Evaluation_neuron_interpretability/vega_fcn_sweep/fcn_060
REACTOME_SIGNALING_BY_GPCR,0.1040477976202964,0.3810842118583847,test,0.6,404,674,0.5,/Users/charlottejob/Code/Evaluation_neuron_interpretability/vega_fcn_sweep/fcn_060
REACTOME_PEPTIDE_LIGAND_BINDING_RECEPTORS,-0.0298544317483901,0.37088014783154544,test,0.6,404,674,0.5,/Users/charlottejob/Code/Evaluation_neuron_interpretability/vega_fcn_sweep/fcn_060
REACTOME_METABOLISM_OF_POLYAMINES,0.628279447555542,0.8720949565698305,test,0.6,404,674,0.5,/Users/charlottejob/Code/Evaluation_neuron_interpretability/vega_fcn_sweep/fcn_060
REACTOME_CLASS_A1_RHODOPSIN_LIKE_RECEPTORS,0.0685118064284324,0.38876742060161557,test,0.6,404,674,0.5,/Users/charlottejob/Code/Evaluation_neuron_interpretability/vega_fcn_sweep/fcn_060
REACTOME_NOTCH_HLH_TRANSCRIPTION_PATHWAY,,0.40022684639881356,test,0.6,404,674,0.5,/Users/charlottejob/Code/Evaluation_neuron_interpretability/vega_fcn_sweep/fcn_060
REACTOME_INTEGRATION_OF_ENERGY_METABOLISM,0.0412883907556533,0.38977150334410393,test,0.6,404,674,0.5,/Users/charlottejob/Code/Evaluation_neuron_interpretability/vega_fcn_sweep/fcn_060
REACTOME_CELL_CYCLE_MITOTIC,-0.0116967149078845,0.4414586722007216,test,0.6,404,674,0.5,/Users/charlottejob/Code/Evaluation_neuron_interpretability/vega_fcn_sweep/fcn_060
REACTOME_GLUCONEOGENESIS,0.6235175132751465,0.9616697906986106,test,0.6,404,674,0.5,/Users/charlottejob/Code/Evaluation_neuron_interpretability/vega_fcn_sweep/fcn_060
REACTOME_DOPAMINE_NEUROTRANSMITTER_RELEASE_CYCLE,-0.0059530120342969,0.8977045908183632,test,0.6,404,674,0.5,/Users/charlottejob/Code/Evaluation_neuron_interpretability/vega_fcn_sweep/fcn_060
REACTOME_OPIOID_SIGNALLING,0.0691450014710426,0.8150839107769257,test,0.6,404,674,0.5,/Users/charlottejob/Code/Evaluation_neuron_interpretability/vega_fcn_sweep/fcn_060
REACTOME_RECRUITMENT_OF_MITOTIC_CENTROSOME_PROTEINS_AND_COMPLEXES,0.8047465682029724,0.7341664856617628,test,0.6,404,674,0.5,/Users/charlottejob/Code/Evaluation_neuron_interpretability/vega_fcn_sweep/fcn_060
REACTOME_MITOCHONDRIAL_TRNA_AMINOACYLATION,0.0177171565592288,0.376679495324453,test,0.6,404,674,0.5,/Users/charlottejob/Code/Evaluation_neuron_interpretability/vega_fcn_sweep/fcn_060
REACTOME_CYTOSOLIC_TRNA_AMINOACYLATION,0.065129704773426,0.3440267984185573,test,0.6,404,674,0.5,/Users/charlottejob/Code/Evaluation_neuron_interpretability/vega_fcn_sweep/fcn_060
REACTOME_CA_DEPENDENT_EVENTS,-0.0299547091126441,0.40001757994479903,test,0.6,404,674,0.5,/Users/charlottejob/Code/Evaluation_neuron_interpretability/vega_fcn_sweep/fcn_060
REACTOME_ACETYLCHOLINE_NEUROTRANSMITTER_RELEASE_CYCLE,-0.0066718412563204,0.8603464449193486,test,0.6,404,674,0.5,/Users/charlottejob/Code/Evaluation_neuron_interpretability/vega_fcn_sweep/fcn_060
REACTOME_ADENYLATE_CYCLASE_ACTIVATING_PATHWAY,,0.3868411638965231,test,0.6,404,674,0.5,/Users/charlottejob/Code/Evaluation_neuron_interpretability/vega_fcn_sweep/fcn_060
REACTOME_ADENYLATE_CYCLASE_INHIBITORY_PATHWAY,,0.3394861056580726,test,0.6,404,674,0.5,/Users/charlottejob/Code/Evaluation_neuron_interpretability/vega_fcn_sweep/fcn_060
REACTOME_DARPP_32_EVENTS,-0.0147291086614131,0.3343230842255155,test,0.6,404,674,0.5,/Users/charlottejob/Code/Evaluation_neuron_interpretability/vega_fcn_sweep/fcn_060
REACTOME_CHEMOKINE_RECEPTORS_BIND_CHEMOKINES,0.4733871519565582,0.6977964783676421,test,0.6,404,674,0.5,/Users/charlottejob/Code/Evaluation_neuron_interpretability/vega_fcn_sweep/fcn_060
REACTOME_LOSS_OF_NLP_FROM_MITOTIC_CENTROSOMES,-0.0264280587434768,0.3988624062527041,test,0.6,404,674,0.5,/Users/charlottejob/Code/Evaluation_neuron_interpretability/vega_fcn_sweep/fcn_060
REACTOME_NEUROTRANSMITTER_RECEPTOR_BINDING_AND_DOWNSTREAM_TRANSMISSION_IN_THE_POSTSYNAPTIC_CELL,0.0030968396458774,0.342250603124708,test,0.6,404,674,0.5,/Users/charlottejob/Code/Evaluation_neuron_interpretability/vega_fcn_sweep/fcn_060
REACTOME_CELL_CYCLE_CHECKPOINTS,-0.0035084532573819,0.40310558447747247,test,0.6,404,674,0.5,/Users/charlottejob/Code/Evaluation_neuron_interpretability/vega_fcn_sweep/fcn_060
REACTOME_DIABETES_PATHWAYS,0.4149677157402038,0.6811804935592108,test,0.6,404,674,0.5,/Users/charlottejob/Code/Evaluation_neuron_interpretability/vega_fcn_sweep/fcn_060
REACTOME_P130CAS_LINKAGE_TO_MAPK_SIGNALING_FOR_INTEGRINS,0.7212884426116943,0.8065646806799541,test,0.6,404,674,0.5,/Users/charlottejob/Code/Evaluation_neuron_interpretability/vega_fcn_sweep/fcn_060
REACTOME_GLYCOPROTEIN_HORMONES,,0.3523552763599878,test,0.6,404,674,0.5,/Users/charlottejob/Code/Evaluation_neuron_interpretability/vega_fcn_sweep/fcn_060
REACTOME_NOREPINEPHRINE_NEUROTRANSMITTER_RELEASE_CYCLE,-0.0112411128357052,0.9087355324686316,test,0.6,404,674,0.5,/Users/charlottejob/Code/Evaluation_neuron_interpretability/vega_fcn_sweep/fcn_060
REACTOME_PLC_BETA_MEDIATED_EVENTS,0.2829175889492035,0.693257344875973,test,0.6,404,674,0.5,/Users/charlottejob/Code/Evaluation_neuron_interpretability/vega_fcn_sweep/fcn_060
REACTOME_REGULATION_OF_INSULIN_LIKE_GROWTH_FACTOR_IGF_ACTIVITY_BY_INSULIN_LIKE_GROWTH_FACTOR_BINDING_PROTEINS_IGFBPS,0.0715056881308555,0.3240782488037943,test,0.6,404,674,0.5,/Users/charlottejob/Code/Evaluation_neuron_interpretability/vega_fcn_sweep/fcn_060
REACTOME_GRB2_SOS_PROVIDES_LINKAGE_TO_MAPK_SIGNALING_FOR_INTERGRINS_,0.0190874282270669,0.38713040755251427,test,0.6,404,674,0.5,/Users/charlottejob/Code/Evaluation_neuron_interpretability/vega_fcn_sweep/fcn_060
REACTOME_PEPTIDE_HORMONE_BIOSYNTHESIS,,0.9002399336910526,test,0.6,404,674,0.5,/Users/charlottejob/Code/Evaluation_neuron_interpretability/vega_fcn_sweep/fcn_060
REACTOME_G_PROTEIN_ACTIVATION,-0.0569479428231716,0.3537434596307447,test,0.6,404,674,0.5,/Users/charlottejob/Code/Evaluation_neuron_interpretability/vega_fcn_sweep/fcn_060
REACTOME_ACETYLCHOLINE_BINDING_AND_DOWNSTREAM_EVENTS,0.0014363809023052,0.3379520001680152,test,0.6,404,674,0.5,/Users/charlottejob/Code/Evaluation_neuron_interpretability/vega_fcn_sweep/fcn_060
REACTOME_ABC_FAMILY_PROTEINS_MEDIATED_TRANSPORT,0.0989345461130142,0.7611913876269001,test,0.6,404,674,0.5,/Users/charlottejob/Code/Evaluation_neuron_interpretability/vega_fcn_sweep/fcn_060
REACTOME_TRNA_AMINOACYLATION,0.06956497579813,0.3683430085815246,test,0.6,404,674,0.5,/Users/charlottejob/Code/Evaluation_neuron_interpretability/vega_fcn_sweep/fcn_060
REACTOME_OLFACTORY_SIGNALING_PATHWAY,,0.3453788771103259,test,0.6,404,674,0.5,/Users/charlottejob/Code/Evaluation_neuron_interpretability/vega_fcn_sweep/fcn_060
REACTOME_STEROID_HORMONES,,0.903982899271474,test,0.6,404,674,0.5,/Users/charlottejob/Code/Evaluation_neuron_interpretability/vega_fcn_sweep/fcn_060
REACTOME_PKA_MEDIATED_PHOSPHORYLATION_OF_CREB,0.0256516151130199,0.3818592549619394,test,0.6,404,674,0.5,/Users/charlottejob/Code/Evaluation_neuron_interpretability/vega_fcn_sweep/fcn_060
REACTOME_RECRUITMENT_OF_NUMA_TO_MITOTIC_CENTROSOMES,,0.3208149020634298,test,0.6,404,674,0.5,/Users/charlottejob/Code/Evaluation_neuron_interpretability/vega_fcn_sweep/fcn_060
REACTOME_AMINE_DERIVED_HORMONES,-0.0096493894234299,0.9035416076864736,test,0.6,404,674,0.5,/Users/charlottejob/Code/Evaluation_neuron_interpretability/vega_fcn_sweep/fcn_060
REACTOME_TRANSMEMBRANE_TRANSPORT_OF_SMALL_MOLECULES,0.011470565572381,0.36813927811185954,test,0.6,404,674,0.5,/Users/charlottejob/Code/Evaluation_neuron_interpretability/vega_fcn_sweep/fcn_060
REACTOME_INTEGRIN_ALPHAIIB_BETA3_SIGNALING,0.0247559398412704,0.37887948623369316,test,0.6,404,674,0.5,/Users/charlottejob/Code/Evaluation_neuron_interpretability/vega_fcn_sweep/fcn_060
REACTOME_NUCLEAR_RECEPTOR_TRANSCRIPTION_PATHWAY,0.0104357656091451,0.3470224073139268,test,0.6,404,674,0.5,/Users/charlottejob/Code/Evaluation_neuron_interpretability/vega_fcn_sweep/fcn_060
REACTOME_INSULIN_SYNTHESIS_AND_PROCESSING,-0.0257347859442234,0.3723965496568701,test,0.6,404,674,0.5,/Users/charlottejob/Code/Evaluation_neuron_interpretability/vega_fcn_sweep/fcn_060
REACTOME_CYCLIN_E_ASSOCIATED_EVENTS_DURING_G1_S_TRANSITION_,-0.017554372549057,0.29219692340391623,test,0.6,404,674,0.5,/Users/charlottejob/Code/Evaluation_neuron_interpretability/vega_fcn_sweep/fcn_060
REACTOME_HOMOLOGOUS_RECOMBINATION_REPAIR_OF_REPLICATION_INDEPENDENT_DOUBLE_STRAND_BREAKS,,0.8989346944117261,test,0.6,404,674,0.5,/Users/charlottejob/Code/Evaluation_neuron_interpretability/vega_fcn_sweep/fcn_060
REACTOME_G1_PHASE,0.0096059013158082,0.2883014888950015,test,0.6,404,674,0.5,/Users/charlottejob/Code/Evaluation_neuron_interpretability/vega_fcn_sweep/fcn_060
REACTOME_ELEVATION_OF_CYTOSOLIC_CA2_LEVELS,0.0082111665979027,0.2788517744203314,test,0.6,404,674,0.5,/Users/charlottejob/Code/Evaluation_neuron_interpretability/vega_fcn_sweep/fcn_060
REACTOME_P53_DEPENDENT_G1_DNA_DAMAGE_RESPONSE,0.0196556225419044,0.3202640655085588,test,0.6,404,674,0.5,/Users/charlottejob/Code/Evaluation_neuron_interpretability/vega_fcn_sweep/fcn_060
REACTOME_TRANSCRIPTION_COUPLED_NER_TC_NER,-0.0095826517790555,0.3889238805917038,test,0.6,404,674,0.5,/Users/charlottejob/Code/Evaluation_neuron_interpretability/vega_fcn_sweep/fcn_060
REACTOME_RNA_POL_II_TRANSCRIPTION_PRE_INITIATION_AND_PROMOTER_OPENING,0.033063281327486,0.903846359142976,test,0.6,404,674,0.5,/Users/charlottejob/Code/Evaluation_neuron_interpretability/vega_fcn_sweep/fcn_060
REACTOME_GLUCAGON_SIGNALING_IN_METABOLIC_REGULATION,-0.0318713560700416,0.3110508486956839,test,0.6,404,674,0.5,/Users/charlottejob/Code/Evaluation_neuron_interpretability/vega_fcn_sweep/fcn_060
REACTOME_MRNA_PROCESSING,0.5258839726448059,0.7958824031172357,test,0.6,404,674,0.5,/Users/charlottejob/Code/Evaluation_neuron_interpretability/vega_fcn_sweep/fcn_060
REACTOME_SIGNALING_BY_PDGF,0.0277004670351743,0.3428992877822177,test,0.6,404,674,0.5,/Users/charlottejob/Code/Evaluation_neuron_interpretability/vega_fcn_sweep/fcn_060
REACTOME_ASSOCIATION_OF_TRIC_CCT_WITH_TARGET_PROTEINS_DURING_BIOSYNTHESIS,0.0247055552899837,0.7951947663276611,test,0.6,404,674,0.5,/Users/charlottejob/Code/Evaluation_neuron_interpretability/vega_fcn_sweep/fcn_060
REACTOME_PREFOLDIN_MEDIATED_TRANSFER_OF_SUBSTRATE_TO_CCT_TRIC,0.0092910835519433,0.3079734376727946,test,0.6,404,674,0.5,/Users/charlottejob/Code/Evaluation_neuron_interpretability/vega_fcn_sweep/fcn_060
REACTOME_HORMONE_LIGAND_BINDING_RECEPTORS,,0.3088932513196353,test,0.6,404,674,0.5,/Users/charlottejob/Code/Evaluation_neuron_interpretability/vega_fcn_sweep/fcn_060
REACTOME_GPVI_MEDIATED_ACTIVATION_CASCADE,0.0282920468598604,0.4130261399589071,test,0.6,404,674,0.5,/Users/charlottejob/Code/Evaluation_neuron_interpretability/vega_fcn_sweep/fcn_060
REACTOME_PROTEIN_FOLDING,0.0022313245572149,0.4378949295839121,test,0.6,404,674,0.5,/Users/charlottejob/Code/Evaluation_neuron_interpretability/vega_fcn_sweep/fcn_060
REACTOME_FORMATION_OF_TUBULIN_FOLDING_INTERMEDIATES_BY_CCT_TRIC,0.0082338918000459,0.3717409277856476,test,0.6,404,674,0.5,/Users/charlottejob/Code/Evaluation_neuron_interpretability/vega_fcn_sweep/fcn_060
REACTOME_PEROXISOMAL_LIPID_METABOLISM,0.6470740437507629,0.5896899833063883,test,0.6,404,674,0.5,/Users/charlottejob/Code/Evaluation_neuron_interpretability/vega_fcn_sweep/fcn_060
REACTOME_POST_CHAPERONIN_TUBULIN_FOLDING_PATHWAY,0.0018170899711549,0.3358593172646349,test,0.6,404,674,0.5,/Users/charlottejob/Code/Evaluation_neuron_interpretability/vega_fcn_sweep/fcn_060
REACTOME_STRIATED_MUSCLE_CONTRACTION,0.0313499271869659,0.3548112717172725,test,0.6,404,674,0.5,/Users/charlottejob/Code/Evaluation_neuron_interpretability/vega_fcn_sweep/fcn_060
REACTOME_METABOLISM_OF_NUCLEOTIDES,0.3495087921619415,0.4235419164747787,test,0.6,404,674,0.5,/Users/charlottejob/Code/Evaluation_neuron_interpretability/vega_fcn_sweep/fcn_060
REACTOME_AMINE_LIGAND_BINDING_RECEPTORS,0.7611079216003418,0.6344538696249384,test,0.6,404,674,0.5,/Users/charlottejob/Code/Evaluation_neuron_interpretability/vega_fcn_sweep/fcn_060
REACTOME_METABOLISM_OF_PROTEINS,0.2003375738859176,1.0,test,0.6,404,674,0.5,/Users/charlottejob/Code/Evaluation_neuron_interpretability/vega_fcn_sweep/fcn_060
REACTOME_DOWNSTREAM_SIGNAL_TRANSDUCTION,-0.0183652956038713,0.28249895748743503,test,0.6,404,674,0.5,/Users/charlottejob/Code/Evaluation_neuron_interpretability/vega_fcn_sweep/fcn_060
REACTOME_MUSCLE_CONTRACTION,0.0413433834910392,0.393246256099613,test,0.6,404,674,0.5,/Users/charlottejob/Code/Evaluation_neuron_interpretability/vega_fcn_sweep/fcn_060
REACTOME_SEROTONIN_RECEPTORS,,0.3161645508877547,test,0.6,404,674,0.5,/Users/charlottejob/Code/Evaluation_neuron_interpretability/vega_fcn_sweep/fcn_060
REACTOME_CDC6_ASSOCIATION_WITH_THE_ORC_ORIGIN_COMPLEX,,0.3292710378222745,test,0.6,404,674,0.5,/Users/charlottejob/Code/Evaluation_neuron_interpretability/vega_fcn_sweep/fcn_060
REACTOME_M_G1_TRANSITION,0.1187654212117195,0.7494193850995052,test,0.6,404,674,0.5,/Users/charlottejob/Code/Evaluation_neuron_interpretability/vega_fcn_sweep/fcn_060
REACTOME_MRNA_SPLICING,,0.3464799546307203,test,0.6,404,674,0.5,/Users/charlottejob/Code/Evaluation_neuron_interpretability/vega_fcn_sweep/fcn_060
REACTOME_MRNA_SPLICING_MINOR_PATHWAY,,0.8983414038302142,test,0.6,404,674,0.5,/Users/charlottejob/Code/Evaluation_neuron_interpretability/vega_fcn_sweep/fcn_060
REACTOME_3_UTR_MEDIATED_TRANSLATIONAL_REGULATION,0.0050333049148321,0.3675940511161253,test,0.6,404,674,0.5,/Users/charlottejob/Code/Evaluation_neuron_interpretability/vega_fcn_sweep/fcn_060
REACTOME_PROCESSING_OF_CAPPED_INTRONLESS_PRE_MRNA,,0.9039479998255028,test,0.6,404,674,0.5,/Users/charlottejob/Code/Evaluation_neuron_interpretability/vega_fcn_sweep/fcn_060
REACTOME_PURINE_RIBONUCLEOSIDE_MONOPHOSPHATE_BIOSYNTHESIS,,0.3743000479867382,test,0.6,404,674,0.5,/Users/charlottejob/Code/Evaluation_neuron_interpretability/vega_fcn_sweep/fcn_060
REACTOME_G1_S_TRANSITION,0.0121507067233324,0.33900813417910214,test,0.6,404,674,0.5,/Users/charlottejob/Code/Evaluation_neuron_interpretability/vega_fcn_sweep/fcn_060
REACTOME_CITRIC_ACID_CYCLE_TCA_CYCLE,,0.2646250490773459,test,0.6,404,674,0.5,/Users/charlottejob/Code/Evaluation_neuron_interpretability/vega_fcn_sweep/fcn_060
REACTOME_TRANSCRIPTION,-0.0236908420920372,0.3668822434527186,test,0.6,404,674,0.5,/Users/charlottejob/Code/Evaluation_neuron_interpretability/vega_fcn_sweep/fcn_060
REACTOME_POL_SWITCHING,,0.3440003489944597,test,0.6,404,674,0.5,/Users/charlottejob/Code/Evaluation_neuron_interpretability/vega_fcn_sweep/fcn_060
REACTOME_NUCLEOTIDE_EXCISION_REPAIR,-0.0101101249456405,0.8996882773050932,test,0.6,404,674,0.5,/Users/charlottejob/Code/Evaluation_neuron_interpretability/vega_fcn_sweep/fcn_060
REACTOME_REGULATION_OF_THE_FANCONI_ANEMIA_PATHWAY,,0.9030301443964576,test,0.6,404,674,0.5,/Users/charlottejob/Code/Evaluation_neuron_interpretability/vega_fcn_sweep/fcn_060
REACTOME_AXON_GUIDANCE,0.5380074381828308,0.8047147587616953,test,0.6,404,674,0.5,/Users/charlottejob/Code/Evaluation_neuron_interpretability/vega_fcn_sweep/fcn_060
REACTOME_ACTIVATION_OF_CHAPERONE_GENES_BY_XBP1S,0.022495899349451,0.3568852088901024,test,0.6,404,674,0.5,/Users/charlottejob/Code/Evaluation_neuron_interpretability/vega_fcn_sweep/fcn_060
REACTOME_REGULATION_OF_INSULIN_SECRETION_BY_GLUCAGON_LIKE_PEPTIDE1,0.0113088861107826,0.4097708784676475,test,0.6,404,674,0.5,/Users/charlottejob/Code/Evaluation_neuron_interpretability/vega_fcn_sweep/fcn_060
REACTOME_PERK_REGULATED_GENE_EXPRESSION,0.0439545810222625,0.3670862779740872,test,0.6,404,674,0.5,/Users/charlottejob/Code/Evaluation_neuron_interpretability/vega_fcn_sweep/fcn_060
REACTOME_G_ALPHA_Q_SIGNALLING_EVENTS,0.0507192052900791,0.3956891202490962,test,0.6,404,674,0.5,/Users/charlottejob/Code/Evaluation_neuron_interpretability/vega_fcn_sweep/fcn_060
REACTOME_P2Y_RECEPTORS,0.4377077519893646,0.6146519723405037,test,0.6,404,674,0.5,/Users/charlottejob/Code/Evaluation_neuron_interpretability/vega_fcn_sweep/fcn_060
REACTOME_TRAFFICKING_OF_AMPA_RECEPTORS,-0.0207031276077032,0.2974673464280151,test,0.6,404,674,0.5,/Users/charlottejob/Code/Evaluation_neuron_interpretability/vega_fcn_sweep/fcn_060
REACTOME_NCAM1_INTERACTIONS,-0.0034681262914091,0.3757606260463523,test,0.6,404,674,0.5,/Users/charlottejob/Code/Evaluation_neuron_interpretability/vega_fcn_sweep/fcn_060
REACTOME_CLASS_C_3_METABOTROPIC_GLUTAMATE_PHEROMONE_RECEPTORS,,0.3334223269205602,test,0.6,404,674,0.5,/Users/charlottejob/Code/Evaluation_neuron_interpretability/vega_fcn_sweep/fcn_060
REACTOME_REGULATION_OF_INSULIN_SECRETION,-0.003915102686733,0.3576893856667394,test,0.6,404,674,0.5,/Users/charlottejob/Code/Evaluation_neuron_interpretability/vega_fcn_sweep/fcn_060
REACTOME_NCAM_SIGNALING_FOR_NEURITE_OUT_GROWTH,-0.0004888146067969,0.3842317620229055,test,0.6,404,674,0.5,/Users/charlottejob/Code/Evaluation_neuron_interpretability/vega_fcn_sweep/fcn_060
REACTOME_INHIBITION_OF_INSULIN_SECRETION_BY_ADRENALINE_NORADRENALINE,0.0184607841074466,0.3919992885675343,test,0.6,404,674,0.5,/Users/charlottejob/Code/Evaluation_neuron_interpretability/vega_fcn_sweep/fcn_060
REACTOME_NUCLEOTIDE_LIKE_PURINERGIC_RECEPTORS,0.6690727472305298,0.6464873454829297,test,0.6,404,674,0.5,/Users/charlottejob/Code/Evaluation_neuron_interpretability/vega_fcn_sweep/fcn_060
REACTOME_ACTIVATION_OF_CHAPERONES_BY_ATF6_ALPHA,,0.35960214631592724,test,0.6,404,674,0.5,/Users/charlottejob/Code/Evaluation_neuron_interpretability/vega_fcn_sweep/fcn_060
REACTOME_TRANSPORT_OF_MATURE_MRNA_DERIVED_FROM_AN_INTRONLESS_TRANSCRIPT,0.7679333686828613,0.8099081626327302,test,0.6,404,674,0.5,/Users/charlottejob/Code/Evaluation_neuron_interpretability/vega_fcn_sweep/fcn_060
REACTOME_EICOSANOID_LIGAND_BINDING_RECEPTORS,-0.0075148087926208,0.3427841862728111,test,0.6,404,674,0.5,/Users/charlottejob/Code/Evaluation_neuron_interpretability/vega_fcn_sweep/fcn_060
REACTOME_ACTIVATION_OF_GENES_BY_ATF4,0.0101236822083592,0.39621368276403623,test,0.6,404,674,0.5,/Users/charlottejob/Code/Evaluation_neuron_interpretability/vega_fcn_sweep/fcn_060
REACTOME_UNFOLDED_PROTEIN_RESPONSE,0.6541957855224609,0.6633156567119378,test,0.6,404,674,0.5,/Users/charlottejob/Code/Evaluation_neuron_interpretability/vega_fcn_sweep/fcn_060
REACTOME_CLASS_B_2_SECRETIN_FAMILY_RECEPTORS,0.3596325814723968,0.6181291715744013,test,0.6,404,674,0.5,/Users/charlottejob/Code/Evaluation_neuron_interpretability/vega_fcn_sweep/fcn_060
REACTOME_GLUCAGON_TYPE_LIGAND_RECEPTORS,0.062278427183628,0.4064638721163846,test,0.6,404,674,0.5,/Users/charlottejob/Code/Evaluation_neuron_interpretability/vega_fcn_sweep/fcn_060
REACTOME_REGULATION_OF_INSULIN_SECRETION_BY_ACETYLCHOLINE,0.5928109288215637,0.6219238552599846,test,0.6,404,674,0.5,/Users/charlottejob/Code/Evaluation_neuron_interpretability/vega_fcn_sweep/fcn_060
REACTOME_G_ALPHA1213_SIGNALLING_EVENTS,0.0295195952057838,0.3525932253847448,test,0.6,404,674,0.5,/Users/charlottejob/Code/Evaluation_neuron_interpretability/vega_fcn_sweep/fcn_060
REACTOME_FANCONI_ANEMIA_PATHWAY,0.0700827464461326,0.8464417904813831,test,0.6,404,674,0.5,/Users/charlottejob/Code/Evaluation_neuron_interpretability/vega_fcn_sweep/fcn_060
REACTOME_TRAFFICKING_OF_GLUR2_CONTAINING_AMPA_RECEPTORS,0.6507009863853455,0.681059965661901,test,0.6,404,674,0.5,/Users/charlottejob/Code/Evaluation_neuron_interpretability/vega_fcn_sweep/fcn_060
REACTOME_ACTIVATION_OF_CHAPERONE_GENES_BY_ATF6_ALPHA,,0.3804632901452689,test,0.6,404,674,0.5,/Users/charlottejob/Code/Evaluation_neuron_interpretability/vega_fcn_sweep/fcn_060
REACTOME_PROSTANOID_LIGAND_RECEPTORS,0.0395828559994697,0.4251588705880705,test,0.6,404,674,0.5,/Users/charlottejob/Code/Evaluation_neuron_interpretability/vega_fcn_sweep/fcn_060
REACTOME_OPSINS,,0.9008314793002662,test,0.6,404,674,0.5,/Users/charlottejob/Code/Evaluation_neuron_interpretability/vega_fcn_sweep/fcn_060
REACTOME_FORMATION_OF_RNA_POL_II_ELONGATION_COMPLEX_,-0.0248935539275407,0.3341019646358432,test,0.6,404,674,0.5,/Users/charlottejob/Code/Evaluation_neuron_interpretability/vega_fcn_sweep/fcn_060
REACTOME_MRNA_3_END_PROCESSING,,0.3130986345591763,test,0.6,404,674,0.5,/Users/charlottejob/Code/Evaluation_neuron_interpretability/vega_fcn_sweep/fcn_060
REACTOME_POST_TRANSLATIONAL_MODIFICATION_SYNTHESIS_OF_GPI_ANCHORED_PROTEINS,0.0383776687085628,0.4226040061094742,test,0.6,404,674,0.5,/Users/charlottejob/Code/Evaluation_neuron_interpretability/vega_fcn_sweep/fcn_060
REACTOME_CYCLIN_A_B1_ASSOCIATED_EVENTS_DURING_G2_M_TRANSITION,0.0014866727869957,0.28401913272672863,test,0.6,404,674,0.5,/Users/charlottejob/Code/Evaluation_neuron_interpretability/vega_fcn_sweep/fcn_060
REACTOME_ELONGATION_ARREST_AND_RECOVERY,,0.3448902848667277,test,0.6,404,674,0.5,/Users/charlottejob/Code/Evaluation_neuron_interpretability/vega_fcn_sweep/fcn_060
REACTOME_SLC_MEDIATED_TRANSMEMBRANE_TRANSPORT,0.2484806030988693,0.3573048902848668,test,0.6,404,674,0.5,/Users/charlottejob/Code/Evaluation_neuron_interpretability/vega_fcn_sweep/fcn_060
REACTOME_ADP_SIGNALLING_THROUGH_P2RY1,0.4366210401058197,0.7260595669225711,test,0.6,404,674,0.5,/Users/charlottejob/Code/Evaluation_neuron_interpretability/vega_fcn_sweep/fcn_060
REACTOME_G_BETA_GAMMA_SIGNALLING_THROUGH_PLC_BETA,0.5906643271446228,0.6806846107984702,test,0.6,404,674,0.5,/Users/charlottejob/Code/Evaluation_neuron_interpretability/vega_fcn_sweep/fcn_060
REACTOME_CD28_CO_STIMULATION,0.0100684342905879,0.4044744305545177,test,0.6,404,674,0.5,/Users/charlottejob/Code/Evaluation_neuron_interpretability/vega_fcn_sweep/fcn_060
REACTOME_GPCR_DOWNSTREAM_SIGNALING,0.0636474713683128,0.5140014780941823,test,0.6,404,674,0.5,/Users/charlottejob/Code/Evaluation_neuron_interpretability/vega_fcn_sweep/fcn_060
REACTOME_SYNTHESIS_SECRETION_AND_DEACYLATION_OF_GHRELIN,0.0606576018035411,0.37748721658924966,test,0.6,404,674,0.5,/Users/charlottejob/Code/Evaluation_neuron_interpretability/vega_fcn_sweep/fcn_060
REACTOME_ADHERENS_JUNCTIONS_INTERACTIONS,,0.3038519226360179,test,0.6,404,674,0.5,/Users/charlottejob/Code/Evaluation_neuron_interpretability/vega_fcn_sweep/fcn_060
REACTOME_CRMPS_IN_SEMA3A_SIGNALING,0.0025261393748223,0.3379239976407872,test,0.6,404,674,0.5,/Users/charlottejob/Code/Evaluation_neuron_interpretability/vega_fcn_sweep/fcn_060
REACTOME_OTHER_SEMAPHORIN_INTERACTIONS,0.0634999647736549,0.3566541880404706,test,0.6,404,674,0.5,/Users/charlottejob/Code/Evaluation_neuron_interpretability/vega_fcn_sweep/fcn_060
REACTOME_ACTIVATION_OF_RAC,0.7777478694915771,0.6404475503914228,test,0.6,404,674,0.5,/Users/charlottejob/Code/Evaluation_neuron_interpretability/vega_fcn_sweep/fcn_060
REACTOME_PURINE_SALVAGE,0.0288284663110971,0.415499748852334,test,0.6,404,674,0.5,/Users/charlottejob/Code/Evaluation_neuron_interpretability/vega_fcn_sweep/fcn_060
REACTOME_G_ALPHA_I_SIGNALLING_EVENTS,0.0434445403516292,0.6703842756183747,test,0.6,404,674,0.5,/Users/charlottejob/Code/Evaluation_neuron_interpretability/vega_fcn_sweep/fcn_060
REACTOME_SEMA3A_PAK_DEPENDENT_AXON_REPULSION,,0.3383867731099769,test,0.6,404,674,0.5,/Users/charlottejob/Code/Evaluation_neuron_interpretability/vega_fcn_sweep/fcn_060
REACTOME_CD28_DEPENDENT_VAV1_PATHWAY,,0.3918073550582385,test,0.6,404,674,0.5,/Users/charlottejob/Code/Evaluation_neuron_interpretability/vega_fcn_sweep/fcn_060
REACTOME_SEMA4D_IN_SEMAPHORIN_SIGNALING,0.4824672639369964,0.6732868500757194,test,0.6,404,674,0.5,/Users/charlottejob/Code/Evaluation_neuron_interpretability/vega_fcn_sweep/fcn_060
REACTOME_SEMAPHORIN_INTERACTIONS,0.5527244806289673,0.8091202753503594,test,0.6,404,674,0.5,/Users/charlottejob/Code/Evaluation_neuron_interpretability/vega_fcn_sweep/fcn_060
REACTOME_SEMA4D_INDUCED_CELL_MIGRATION_AND_GROWTH_CONE_COLLAPSE,0.5484071373939514,0.66042332716361,test,0.6,404,674,0.5,/Users/charlottejob/Code/Evaluation_neuron_interpretability/vega_fcn_sweep/fcn_060
REACTOME_SEMA3A_PLEXIN_REPULSION_SIGNALING_BY_INHIBITING_INTEGRIN_ADHESION,,0.31102735244078,test,0.6,404,674,0.5,/Users/charlottejob/Code/Evaluation_neuron_interpretability/vega_fcn_sweep/fcn_060
REACTOME_LYSOSOME_VESICLE_BIOGENESIS,0.1329354494810104,0.3867002294274494,test,0.6,404,674,0.5,/Users/charlottejob/Code/Evaluation_neuron_interpretability/vega_fcn_sweep/fcn_060
REACTOME_G_BETA_GAMMA_SIGNALLING_THROUGH_PI3KGAMMA,0.5139769911766052,0.6838934956560878,test,0.6,404,674,0.5,/Users/charlottejob/Code/Evaluation_neuron_interpretability/vega_fcn_sweep/fcn_060
REACTOME_TRANSPORT_OF_GLUCOSE_AND_OTHER_SUGARS_BILE_SALTS_AND_ORGANIC_ACIDS_METAL_IONS_AND_AMINE_COMPOUNDS,0.0088871233165264,0.3392456060300582,test,0.6,404,674,0.5,/Users/charlottejob/Code/Evaluation_neuron_interpretability/vega_fcn_sweep/fcn_060
REACTOME_SPHINGOLIPID_METABOLISM,0.3976554870605469,0.8250804164223802,test,0.6,404,674,0.5,/Users/charlottejob/Code/Evaluation_neuron_interpretability/vega_fcn_sweep/fcn_060
REACTOME_PD1_SIGNALING,0.4099442362785339,0.8824853653568552,test,0.6,404,674,0.5,/Users/charlottejob/Code/Evaluation_neuron_interpretability/vega_fcn_sweep/fcn_060
REACTOME_G_ALPHA_S_SIGNALLING_EVENTS,0.0121033638715744,0.349257220076515,test,0.6,404,674,0.5,/Users/charlottejob/Code/Evaluation_neuron_interpretability/vega_fcn_sweep/fcn_060
REACTOME_CELL_CELL_JUNCTION_ORGANIZATION,-0.0240865163505077,0.34047068612323783,test,0.6,404,674,0.5,/Users/charlottejob/Code/Evaluation_neuron_interpretability/vega_fcn_sweep/fcn_060
REACTOME_G_ALPHA_Z_SIGNALLING_EVENTS,-0.0073569118976593,0.38605374581897317,test,0.6,404,674,0.5,/Users/charlottejob/Code/Evaluation_neuron_interpretability/vega_fcn_sweep/fcn_060
REACTOME_FACILITATIVE_NA_INDEPENDENT_GLUCOSE_TRANSPORTERS,,0.30390263054574007,test,0.6,404,674,0.5,/Users/charlottejob/Code/Evaluation_neuron_interpretability/vega_fcn_sweep/fcn_060
REACTOME_COSTIMULATION_BY_THE_CD28_FAMILY,0.3420490026473999,0.8427832816666305,test,0.6,404,674,0.5,/Users/charlottejob/Code/Evaluation_neuron_interpretability/vega_fcn_sweep/fcn_060
REACTOME_SIGNALING_BY_ROBO_RECEPTOR,0.5840317010879517,0.8038545478729454,test,0.6,404,674,0.5,/Users/charlottejob/Code/Evaluation_neuron_interpretability/vega_fcn_sweep/fcn_060
REACTOME_CD28_DEPENDENT_PI3K_AKT_SIGNALING,0.75298672914505,0.611402069661787,test,0.6,404,674,0.5,/Users/charlottejob/Code/Evaluation_neuron_interpretability/vega_fcn_sweep/fcn_060
REACTOME_TIGHT_JUNCTION_INTERACTIONS,0.1839786767959594,0.8140107144669807,test,0.6,404,674,0.5,/Users/charlottejob/Code/Evaluation_neuron_interpretability/vega_fcn_sweep/fcn_060
REACTOME_G_PROTEIN_BETA_GAMMA_SIGNALLING,0.0220858789980411,0.36599158050865943,test,0.6,404,674,0.5,/Users/charlottejob/Code/Evaluation_neuron_interpretability/vega_fcn_sweep/fcn_060
REACTOME_TRANSPORT_OF_INORGANIC_CATIONS_ANIONS_AND_AMINO_ACIDS_OLIGOPEPTIDES,0.5506070852279663,0.5825567781480284,test,0.6,404,674,0.5,/Users/charlottejob/Code/Evaluation_neuron_interpretability/vega_fcn_sweep/fcn_060
REACTOME_GOLGI_ASSOCIATED_VESICLE_BIOGENESIS,0.1482139825820922,0.45213156830687556,test,0.6,404,674,0.5,/Users/charlottejob/Code/Evaluation_neuron_interpretability/vega_fcn_sweep/fcn_060
REACTOME_CTLA4_INHIBITORY_SIGNALING,0.6655758619308472,0.6676152994364628,test,0.6,404,674,0.5,/Users/charlottejob/Code/Evaluation_neuron_interpretability/vega_fcn_sweep/fcn_060
REACTOME_FORMATION_OF_TRANSCRIPTION_COUPLED_NER_TC_NER_REPAIR_COMPLEX,0.036285750567913,0.91145082716827,test,0.6,404,674,0.5,/Users/charlottejob/Code/Evaluation_neuron_interpretability/vega_fcn_sweep/fcn_060
REACTOME_AMINO_ACID_AND_OLIGOPEPTIDE_SLC_TRANSPORTERS,0.0416682064533233,0.3280788246827899,test,0.6,404,674,0.5,/Users/charlottejob/Code/Evaluation_neuron_interpretability/vega_fcn_sweep/fcn_060
REACTOME_CDT1_ASSOCIATION_WITH_THE_CDC6_ORC_ORIGIN_COMPLEX,,0.8966836801465777,test,0.6,404,674,0.5,/Users/charlottejob/Code/Evaluation_neuron_interpretability/vega_fcn_sweep/fcn_060
REACTOME_BRANCHED_CHAIN_AMINO_ACID_CATABOLISM,,0.3750503860751211,test,0.6,404,674,0.5,/Users/charlottejob/Code/Evaluation_neuron_interpretability/vega_fcn_sweep/fcn_060
REACTOME_REPAIR_SYNTHESIS_FOR_GAP_FILLING_BY_DNA_POL_IN_TC_NER,,0.3188186537538717,test,0.6,404,674,0.5,/Users/charlottejob/Code/Evaluation_neuron_interpretability/vega_fcn_sweep/fcn_060
REACTOME_RECEPTOR_LIGAND_BINDING_INITIATES_THE_SECOND_PROTEOLYTIC_CLEAVAGE_OF_NOTCH_RECEPTOR,,0.9057400863761288,test,0.6,404,674,0.5,/Users/charlottejob/Code/Evaluation_neuron_interpretability/vega_fcn_sweep/fcn_060
REACTOME_SYNTHESIS_OF_DNA,-0.0086811333894729,0.3906057143663203,test,0.6,404,674,0.5,/Users/charlottejob/Code/Evaluation_neuron_interpretability/vega_fcn_sweep/fcn_060
REACTOME_NA_CL_DEPENDENT_NEUROTRANSMITTER_TRANSPORTERS,,0.38410051976639487,test,0.6,404,674,0.5,/Users/charlottejob/Code/Evaluation_neuron_interpretability/vega_fcn_sweep/fcn_060
REACTOME_FORMATION_OF_FIBRIN_CLOT_CLOTTING_CASCADE,0.2478516101837158,0.6774648582693271,test,0.6,404,674,0.5,/Users/charlottejob/Code/Evaluation_neuron_interpretability/vega_fcn_sweep/fcn_060
REACTOME_DEADENYLATION_OF_MRNA,,0.9000200671814337,test,0.6,404,674,0.5,/Users/charlottejob/Code/Evaluation_neuron_interpretability/vega_fcn_sweep/fcn_060
REACTOME_MRNA_DECAY_BY_5_TO_3_EXORIBONUCLEASE,,0.9013479911006412,test,0.6,404,674,0.5,/Users/charlottejob/Code/Evaluation_neuron_interpretability/vega_fcn_sweep/fcn_060
REACTOME_SIGNAL_AMPLIFICATION,0.3845698833465576,0.655082275918792,test,0.6,404,674,0.5,/Users/charlottejob/Code/Evaluation_neuron_interpretability/vega_fcn_sweep/fcn_060
REACTOME_ZINC_TRANSPORTERS,,0.2834655149849496,test,0.6,404,674,0.5,/Users/charlottejob/Code/Evaluation_neuron_interpretability/vega_fcn_sweep/fcn_060
REACTOME_DOUBLE_STRAND_BREAK_REPAIR,0.0305095259100198,0.3212147344214482,test,0.6,404,674,0.5,/Users/charlottejob/Code/Evaluation_neuron_interpretability/vega_fcn_sweep/fcn_060
REACTOME_RAS_ACTIVATION_UOPN_CA2_INFUX_THROUGH_NMDA_RECEPTOR,,0.8978196571129434,test,0.6,404,674,0.5,/Users/charlottejob/Code/Evaluation_neuron_interpretability/vega_fcn_sweep/fcn_060
REACTOME_METAL_ION_SLC_TRANSPORTERS,0.6545974612236023,0.6425608063946762,test,0.6,404,674,0.5,/Users/charlottejob/Code/Evaluation_neuron_interpretability/vega_fcn_sweep/fcn_060
REACTOME_AUTODEGRADATION_OF_THE_E3_UBIQUITIN_LIGASE_COP1,,0.4261117654757231,test,0.6,404,674,0.5,/Users/charlottejob/Code/Evaluation_neuron_interpretability/vega_fcn_sweep/fcn_060
REACTOME_SMOOTH_MUSCLE_CONTRACTION,0.0322359055280685,0.3523663010586705,test,0.6,404,674,0.5,/Users/charlottejob/Code/Evaluation_neuron_interpretability/vega_fcn_sweep/fcn_060
REACTOME_ACTIVATION_OF_NMDA_RECEPTOR_UPON_GLUTAMATE_BINDING_AND_POSTSYNAPTIC_EVENTS,,0.9031505474850586,test,0.6,404,674,0.5,/Users/charlottejob/Code/Evaluation_neuron_interpretability/vega_fcn_sweep/fcn_060
REACTOME_CREB_PHOSPHORYLATION_THROUGH_THE_ACTIVATION_OF_RAS,,0.37087292239235703,test,0.6,404,674,0.5,/Users/charlottejob/Code/Evaluation_neuron_interpretability/vega_fcn_sweep/fcn_060
REACTOME_POST_NMDA_RECEPTOR_ACTIVATION_EVENTS,,0.2845072634471928,test,0.6,404,674,0.5,/Users/charlottejob/Code/Evaluation_neuron_interpretability/vega_fcn_sweep/fcn_060
REACTOME_UNBLOCKING_OF_NMDA_RECEPTOR_GLUTAMATE_BINDING_AND_ACTIVATION,,0.8906914452733062,test,0.6,404,674,0.5,/Users/charlottejob/Code/Evaluation_neuron_interpretability/vega_fcn_sweep/fcn_060
REACTOME_METABOLISM_OF_MRNA,0.6529783606529236,1.0,test,0.6,404,674,0.5,/Users/charlottejob/Code/Evaluation_neuron_interpretability/vega_fcn_sweep/fcn_060
REACTOME_MRNA_DECAY_BY_3_TO_5_EXORIBONUCLEASE,,0.8976783143567597,test,0.6,404,674,0.5,/Users/charlottejob/Code/Evaluation_neuron_interpretability/vega_fcn_sweep/fcn_060
REACTOME_BILE_SALT_AND_ORGANIC_ANION_SLC_TRANSPORTERS,0.7395079135894775,0.7179812978121276,test,0.6,404,674,0.5,/Users/charlottejob/Code/Evaluation_neuron_interpretability/vega_fcn_sweep/fcn_060
REACTOME_DEADENYLATION_DEPENDENT_MRNA_DECAY,,0.3206805391964403,test,0.6,404,674,0.5,/Users/charlottejob/Code/Evaluation_neuron_interpretability/vega_fcn_sweep/fcn_060
REACTOME_CREB_PHOSPHORYLATION_THROUGH_THE_ACTIVATION_OF_CAMKII,,0.9028853116956768,test,0.6,404,674,0.5,/Users/charlottejob/Code/Evaluation_neuron_interpretability/vega_fcn_sweep/fcn_060
REACTOME_THROMBOXANE_SIGNALLING_THROUGH_TP_RECEPTOR,0.4212898313999176,0.6763767104363884,test,0.6,404,674,0.5,/Users/charlottejob/Code/Evaluation_neuron_interpretability/vega_fcn_sweep/fcn_060
REACTOME_CELL_EXTRACELLULAR_MATRIX_INTERACTIONS,-0.0270002298057079,0.3484123478602277,test,0.6,404,674,0.5,/Users/charlottejob/Code/Evaluation_neuron_interpretability/vega_fcn_sweep/fcn_060
REACTOME_ADP_SIGNALLING_THROUGH_P2RY12,0.1241976544260978,0.4292641937128971,test,0.6,404,674,0.5,/Users/charlottejob/Code/Evaluation_neuron_interpretability/vega_fcn_sweep/fcn_060
REACTOME_CELL_JUNCTION_ORGANIZATION,0.0285906270146369,0.4150737436639605,test,0.6,404,674,0.5,/Users/charlottejob/Code/Evaluation_neuron_interpretability/vega_fcn_sweep/fcn_060
REACTOME_AMINE_COMPOUND_SLC_TRANSPORTERS,,0.8956412295345272,test,0.6,404,674,0.5,/Users/charlottejob/Code/Evaluation_neuron_interpretability/vega_fcn_sweep/fcn_060
REACTOME_PYRUVATE_METABOLISM,-0.0316761620342731,0.3920257370391857,test,0.6,404,674,0.5,/Users/charlottejob/Code/Evaluation_neuron_interpretability/vega_fcn_sweep/fcn_060
REACTOME_PURINE_CATABOLISM,0.0561594031751155,0.3588751384812479,test,0.6,404,674,0.5,/Users/charlottejob/Code/Evaluation_neuron_interpretability/vega_fcn_sweep/fcn_060
REACTOME_GLUCOSE_TRANSPORT,0.033736303448677,0.4331491045271964,test,0.6,404,674,0.5,/Users/charlottejob/Code/Evaluation_neuron_interpretability/vega_fcn_sweep/fcn_060
REACTOME_FRS2_MEDIATED_CASCADE,0.1357331126928329,0.7694028903324094,test,0.6,404,674,0.5,/Users/charlottejob/Code/Evaluation_neuron_interpretability/vega_fcn_sweep/fcn_060
REACTOME_METABOLISM_OF_RNA,0.0407644659280777,0.452006414176123,test,0.6,404,674,0.5,/Users/charlottejob/Code/Evaluation_neuron_interpretability/vega_fcn_sweep/fcn_060
REACTOME_MITOTIC_G1_G1_S_PHASES,0.5652623176574707,0.7267015369413685,test,0.6,404,674,0.5,/Users/charlottejob/Code/Evaluation_neuron_interpretability/vega_fcn_sweep/fcn_060
REACTOME_PI_3K_CASCADE,0.0179471857845783,0.9053309236731132,test,0.6,404,674,0.5,/Users/charlottejob/Code/Evaluation_neuron_interpretability/vega_fcn_sweep/fcn_060
REACTOME_DOWNSTREAM_SIGNALING_OF_ACTIVATED_FGFR,-0.0205403268337249,0.3804838271269366,test,0.6,404,674,0.5,/Users/charlottejob/Code/Evaluation_neuron_interpretability/vega_fcn_sweep/fcn_060
REACTOME_REGULATION_OF_MITOTIC_CELL_CYCLE,-6.190501153469086e-05,0.2938645039522046,test,0.6,404,674,0.5,/Users/charlottejob/Code/Evaluation_neuron_interpretability/vega_fcn_sweep/fcn_060
REACTOME_TAK1_ACTIVATES_NFKB_BY_PHOSPHORYLATION_AND_ACTIVATION_OF_IKKS_COMPLEX,0.3860756754875183,0.8484008878952748,test,0.6,404,674,0.5,/Users/charlottejob/Code/Evaluation_neuron_interpretability/vega_fcn_sweep/fcn_060
REACTOME_REGULATION_OF_AMPK_ACTIVITY_VIA_LKB1,-0.022019924595952,0.3288079778261091,test,0.6,404,674,0.5,/Users/charlottejob/Code/Evaluation_neuron_interpretability/vega_fcn_sweep/fcn_060
REACTOME_MITOTIC_M_M_G1_PHASES,0.2121792584657669,0.9741226389657571,test,0.6,404,674,0.5,/Users/charlottejob/Code/Evaluation_neuron_interpretability/vega_fcn_sweep/fcn_060
REACTOME_MYOGENESIS,-0.0206454955041408,0.3306001474941719,test,0.6,404,674,0.5,/Users/charlottejob/Code/Evaluation_neuron_interpretability/vega_fcn_sweep/fcn_060
REACTOME_MAP_KINASE_ACTIVATION_IN_TLR_CASCADE,0.0179906878620386,0.3590286399473679,test,0.6,404,674,0.5,/Users/charlottejob/Code/Evaluation_neuron_interpretability/vega_fcn_sweep/fcn_060
REACTOME_PHOSPHOLIPASE_C_MEDIATED_CASCADE,-0.0210477635264396,0.9009143931197556,test,0.6,404,674,0.5,/Users/charlottejob/Code/Evaluation_neuron_interpretability/vega_fcn_sweep/fcn_060
REACTOME_ACTIVATION_OF_KAINATE_RECEPTORS_UPON_GLUTAMATE_BINDING,0.0222224369645118,0.42564236792740917,test,0.6,404,674,0.5,/Users/charlottejob/Code/Evaluation_neuron_interpretability/vega_fcn_sweep/fcn_060
REACTOME_IONOTROPIC_ACTIVITY_OF_KAINATE_RECEPTORS,,0.9005156393142257,test,0.6,404,674,0.5,/Users/charlottejob/Code/Evaluation_neuron_interpretability/vega_fcn_sweep/fcn_060
REACTOME_ACTIVATION_OF_THE_AP1_FAMILY_OF_TRANSCRIPTION_FACTORS,0.7836698889732361,0.9795413001156884,test,0.6,404,674,0.5,/Users/charlottejob/Code/Evaluation_neuron_interpretability/vega_fcn_sweep/fcn_060
REACTOME_MAPK_TARGETS_NUCLEAR_EVENTS_MEDIATED_BY_MAP_KINASES,0.3149604201316833,0.745542362150136,test,0.6,404,674,0.5,/Users/charlottejob/Code/Evaluation_neuron_interpretability/vega_fcn_sweep/fcn_060
REACTOME_SYNTHESIS_AND_INTERCONVERSION_OF_NUCLEOTIDE_DI_AND_TRIPHOSPHATES,0.0390952192246913,0.3722709490156487,test,0.6,404,674,0.5,/Users/charlottejob/Code/Evaluation_neuron_interpretability/vega_fcn_sweep/fcn_060
REACTOME_GPCR_LIGAND_BINDING,0.0797929018735885,0.4257335510131055,test,0.6,404,674,0.5,/Users/charlottejob/Code/Evaluation_neuron_interpretability/vega_fcn_sweep/fcn_060
REACTOME_RNA_POL_I_RNA_POL_III_AND_MITOCHONDRIAL_TRANSCRIPTION,0.5483010411262512,0.993623267192172,test,0.6,404,674,0.5,/Users/charlottejob/Code/Evaluation_neuron_interpretability/vega_fcn_sweep/fcn_060
REACTOME_JNK_C_JUN_KINASES_PHOSPHORYLATION_AND_ACTIVATION_MEDIATED_BY_ACTIVATED_HUMAN_TAK1,,0.3429603455045151,test,0.6,404,674,0.5,/Users/charlottejob/Code/Evaluation_neuron_interpretability/vega_fcn_sweep/fcn_060
REACTOME_SHC_MEDIATED_CASCADE,-0.0331441983580589,0.43530253979673167,test,0.6,404,674,0.5,/Users/charlottejob/Code/Evaluation_neuron_interpretability/vega_fcn_sweep/fcn_060
REACTOME_THROMBIN_SIGNALLING_THROUGH_PROTEINASE_ACTIVATED_RECEPTORS_PARS,-0.0294248163700103,0.3745454811900195,test,0.6,404,674,0.5,/Users/charlottejob/Code/Evaluation_neuron_interpretability/vega_fcn_sweep/fcn_060
REACTOME_ENERGY_DEPENDENT_REGULATION_OF_MTOR_BY_LKB1_AMPK,0.014100257307291,0.3699662441480202,test,0.6,404,674,0.5,/Users/charlottejob/Code/Evaluation_neuron_interpretability/vega_fcn_sweep/fcn_060
REACTOME_MITOTIC_G2_G2_M_PHASES,0.7947325706481934,0.7235349858745804,test,0.6,404,674,0.5,/Users/charlottejob/Code/Evaluation_neuron_interpretability/vega_fcn_sweep/fcn_060
REACTOME_REGULATION_OF_RHEB_GTPASE_ACTIVITY_BY_AMPK,,0.3580892553330717,test,0.6,404,674,0.5,/Users/charlottejob/Code/Evaluation_neuron_interpretability/vega_fcn_sweep/fcn_060
REACTOME_ACTIVATED_TAK1_MEDIATES_P38_MAPK_ACTIVATION,,0.8990655673341186,test,0.6,404,674,0.5,/Users/charlottejob/Code/Evaluation_neuron_interpretability/vega_fcn_sweep/fcn_060
REACTOME_DNA_REPAIR,-0.0119024580344557,0.4171906065511758,test,0.6,404,674,0.5,/Users/charlottejob/Code/Evaluation_neuron_interpretability/vega_fcn_sweep/fcn_060
REACTOME_EFFECTS_OF_PIP2_HYDROLYSIS,0.8539138436317444,0.6556000914157128,test,0.6,404,674,0.5,/Users/charlottejob/Code/Evaluation_neuron_interpretability/vega_fcn_sweep/fcn_060
REACTOME_RNA_POL_II_PRE_TRANSCRIPTION_EVENTS,-0.018904285505414,0.9085524466317224,test,0.6,404,674,0.5,/Users/charlottejob/Code/Evaluation_neuron_interpretability/vega_fcn_sweep/fcn_060
REACTOME_ROLE_OF_DCC_IN_REGULATING_APOPTOSIS,0.0130585571750998,0.3875726505628609,test,0.6,404,674,0.5,/Users/charlottejob/Code/Evaluation_neuron_interpretability/vega_fcn_sweep/fcn_060
REACTOME_POST_TRANSLATIONAL_PROTEIN_MODIFICATION,-0.0085277464240789,0.4081537367756449,test,0.6,404,674,0.5,/Users/charlottejob/Code/Evaluation_neuron_interpretability/vega_fcn_sweep/fcn_060
REACTOME_CHROMOSOME_MAINTENANCE,0.4890515208244324,0.6522690636576175,test,0.6,404,674,0.5,/Users/charlottejob/Code/Evaluation_neuron_interpretability/vega_fcn_sweep/fcn_060
REACTOME_DEPOSITION_OF_NEW_CENPA_CONTAINING_NUCLEOSOMES_AT_THE_CENTROMERE,0.4133997857570648,0.6153206593863422,test,0.6,404,674,0.5,/Users/charlottejob/Code/Evaluation_neuron_interpretability/vega_fcn_sweep/fcn_060
REACTOME_L1CAM_INTERACTIONS,0.6251621842384338,0.687272819382702,test,0.6,404,674,0.5,/Users/charlottejob/Code/Evaluation_neuron_interpretability/vega_fcn_sweep/fcn_060
REACTOME_ROLE_OF_SECOND_MESSENGERS_IN_NETRIN1_SIGNALING,-0.0090988669544458,0.9051325395529762,test,0.6,404,674,0.5,/Users/charlottejob/Code/Evaluation_neuron_interpretability/vega_fcn_sweep/fcn_060
REACTOME_SIGNALING_BY_ILS,0.1113182976841926,0.3639216869200494,test,0.6,404,674,0.5,/Users/charlottejob/Code/Evaluation_neuron_interpretability/vega_fcn_sweep/fcn_060
REACTOME_NETRIN1_SIGNALING,0.079710766673088,0.7616206876977877,test,0.6,404,674,0.5,/Users/charlottejob/Code/Evaluation_neuron_interpretability/vega_fcn_sweep/fcn_060
REACTOME_METABOLISM_OF_LIPIDS_AND_LIPOPROTEINS,0.2748045623302459,0.6852775417095317,test,0.6,404,674,0.5,/Users/charlottejob/Code/Evaluation_neuron_interpretability/vega_fcn_sweep/fcn_060
REACTOME_INTERACTION_BETWEEN_L1_AND_ANKYRINS,0.0617107301950454,0.8211213751210186,test,0.6,404,674,0.5,/Users/charlottejob/Code/Evaluation_neuron_interpretability/vega_fcn_sweep/fcn_060
REACTOME_SIGNAL_TRANSDUCTION_BY_L1,0.8176172375679016,0.7567646792340204,test,0.6,404,674,0.5,/Users/charlottejob/Code/Evaluation_neuron_interpretability/vega_fcn_sweep/fcn_060
REACTOME_FATTY_ACID_TRIACYLGLYCEROL_AND_KETONE_BODY_METABOLISM,0.0314601473510265,0.404061561201449,test,0.6,404,674,0.5,/Users/charlottejob/Code/Evaluation_neuron_interpretability/vega_fcn_sweep/fcn_060
REACTOME_TRANSPORT_OF_VITAMINS_NUCLEOSIDES_AND_RELATED_MOLECULES,,0.38520444719394087,test,0.6,404,674,0.5,/Users/charlottejob/Code/Evaluation_neuron_interpretability/vega_fcn_sweep/fcn_060
REACTOME_HIGHLY_CALCIUM_PERMEABLE_POSTSYNAPTIC_NICOTINIC_ACETYLCHOLINE_RECEPTORS,,0.9022292021114164,test,0.6,404,674,0.5,/Users/charlottejob/Code/Evaluation_neuron_interpretability/vega_fcn_sweep/fcn_060
REACTOME_RNA_POL_I_PROMOTER_OPENING,-0.0375475361943244,0.3505605920904197,test,0.6,404,674,0.5,/Users/charlottejob/Code/Evaluation_neuron_interpretability/vega_fcn_sweep/fcn_060
REACTOME_PRESYNAPTIC_NICOTINIC_ACETYLCHOLINE_RECEPTORS,0.1368391364812851,0.7749769416689856,test,0.6,404,674,0.5,/Users/charlottejob/Code/Evaluation_neuron_interpretability/vega_fcn_sweep/fcn_060
REACTOME_ORGANIC_CATION_ANION_ZWITTERION_TRANSPORT,0.0644213110208511,0.8521126268292597,test,0.6,404,674,0.5,/Users/charlottejob/Code/Evaluation_neuron_interpretability/vega_fcn_sweep/fcn_060
REACTOME_DCC_MEDIATED_ATTRACTIVE_SIGNALING,-0.0002737785689532,0.3565536770981006,test,0.6,404,674,0.5,/Users/charlottejob/Code/Evaluation_neuron_interpretability/vega_fcn_sweep/fcn_060
REACTOME_RECYCLING_PATHWAY_OF_L1,0.7818056344985962,0.674450377741509,test,0.6,404,674,0.5,/Users/charlottejob/Code/Evaluation_neuron_interpretability/vega_fcn_sweep/fcn_060
REACTOME_SYNTHESIS_OF_SUBSTRATES_IN_N_GLYCAN_BIOSYTHESIS,,0.8908013785281158,test,0.6,404,674,0.5,/Users/charlottejob/Code/Evaluation_neuron_interpretability/vega_fcn_sweep/fcn_060
REACTOME_RESPIRATORY_ELECTRON_TRANSPORT,,0.898606639619596,test,0.6,404,674,0.5,/Users/charlottejob/Code/Evaluation_neuron_interpretability/vega_fcn_sweep/fcn_060
REACTOME_ASPARAGINE_N_LINKED_GLYCOSYLATION,-0.0068947691470384,0.3516277344030299,test,0.6,404,674,0.5,/Users/charlottejob/Code/Evaluation_neuron_interpretability/vega_fcn_sweep/fcn_060
REACTOME_ASSEMBLY_OF_THE_PRE_REPLICATIVE_COMPLEX,,0.3454364611961785,test,0.6,404,674,0.5,/Users/charlottejob/Code/Evaluation_neuron_interpretability/vega_fcn_sweep/fcn_060
REACTOME_BIOSYNTHESIS_OF_THE_N_GLYCAN_PRECURSOR_DOLICHOL_LIPID_LINKED_OLIGOSACCHARIDE_LLO_AND_TRANSFER_TO_A_NASCENT_PROTEIN,-0.0223268680274486,0.26430710371611044,test,0.6,404,674,0.5,/Users/charlottejob/Code/Evaluation_neuron_interpretability/vega_fcn_sweep/fcn_060
REACTOME_IL1_SIGNALING,0.0861798673868179,0.5287577203842646,test,0.6,404,674,0.5,/Users/charlottejob/Code/Evaluation_neuron_interpretability/vega_fcn_sweep/fcn_060
REACTOME_GLOBAL_GENOMIC_NER_GG_NER,0.0149260126054286,0.3068066572011145,test,0.6,404,674,0.5,/Users/charlottejob/Code/Evaluation_neuron_interpretability/vega_fcn_sweep/fcn_060
REACTOME_CGMP_EFFECTS,0.0201186016201972,0.4058948820131017,test,0.6,404,674,0.5,/Users/charlottejob/Code/Evaluation_neuron_interpretability/vega_fcn_sweep/fcn_060
REACTOME_REGULATION_OF_SIGNALING_BY_CBL,0.0857567489147186,0.3555789954819542,test,0.6,404,674,0.5,/Users/charlottejob/Code/Evaluation_neuron_interpretability/vega_fcn_sweep/fcn_060
REACTOME_AMINO_ACID_SYNTHESIS_AND_INTERCONVERSION_TRANSAMINATION,0.7687023878097534,0.6372045310768821,test,0.6,404,674,0.5,/Users/charlottejob/Code/Evaluation_neuron_interpretability/vega_fcn_sweep/fcn_060
REACTOME_CALNEXIN_CALRETICULIN_CYCLE,,0.36447410897352,test,0.6,404,674,0.5,/Users/charlottejob/Code/Evaluation_neuron_interpretability/vega_fcn_sweep/fcn_060
REACTOME_SYNTHESIS_SECRETION_AND_INACTIVATION_OF_GIP,,0.33512018496706364,test,0.6,404,674,0.5,/Users/charlottejob/Code/Evaluation_neuron_interpretability/vega_fcn_sweep/fcn_060
REACTOME_PASSIVE_TRANSPORT_BY_AQUAPORINS,-0.0399100929498672,0.3499578837731945,test,0.6,404,674,0.5,/Users/charlottejob/Code/Evaluation_neuron_interpretability/vega_fcn_sweep/fcn_060
REACTOME_NEPHRIN_INTERACTIONS,0.0010288432240486,0.4295056509058275,test,0.6,404,674,0.5,/Users/charlottejob/Code/Evaluation_neuron_interpretability/vega_fcn_sweep/fcn_060
REACTOME_IL_3_5_AND_GM_CSF_SIGNALING,0.4151521325111389,0.6098200674172406,test,0.6,404,674,0.5,/Users/charlottejob/Code/Evaluation_neuron_interpretability/vega_fcn_sweep/fcn_060
REACTOME_NITRIC_OXIDE_STIMULATES_GUANYLATE_CYCLASE,-0.0383477434515953,0.4325917914091746,test,0.6,404,674,0.5,/Users/charlottejob/Code/Evaluation_neuron_interpretability/vega_fcn_sweep/fcn_060
REACTOME_PLATELET_HOMEOSTASIS,0.4886687994003296,0.7587820120578674,test,0.6,404,674,0.5,/Users/charlottejob/Code/Evaluation_neuron_interpretability/vega_fcn_sweep/fcn_060
REACTOME_N_GLYCAN_TRIMMING_IN_THE_ER_AND_CALNEXIN_CALRETICULIN_CYCLE,,0.8987340225973912,test,0.6,404,674,0.5,/Users/charlottejob/Code/Evaluation_neuron_interpretability/vega_fcn_sweep/fcn_060
REACTOME_PLATELET_SENSITIZATION_BY_LDL,0.6168820858001709,0.7753090562120561,test,0.6,404,674,0.5,/Users/charlottejob/Code/Evaluation_neuron_interpretability/vega_fcn_sweep/fcn_060
REACTOME_AQUAPORIN_MEDIATED_TRANSPORT,0.0862683653831482,0.6706515636868002,test,0.6,404,674,0.5,/Users/charlottejob/Code/Evaluation_neuron_interpretability/vega_fcn_sweep/fcn_060
REACTOME_IL_RECEPTOR_SHC_SIGNALING,-0.004006989300251,0.3131953357594708,test,0.6,404,674,0.5,/Users/charlottejob/Code/Evaluation_neuron_interpretability/vega_fcn_sweep/fcn_060
REACTOME_RAP1_SIGNALLING,0.6690310835838318,0.7856144016997534,test,0.6,404,674,0.5,/Users/charlottejob/Code/Evaluation_neuron_interpretability/vega_fcn_sweep/fcn_060
REACTOME_PLATELET_CALCIUM_HOMEOSTASIS,0.0303845573216676,0.3547524132011185,test,0.6,404,674,0.5,/Users/charlottejob/Code/Evaluation_neuron_interpretability/vega_fcn_sweep/fcn_060
REACTOME_SIGNAL_REGULATORY_PROTEIN_SIRP_FAMILY_INTERACTIONS,0.3354467451572418,0.6582498649450482,test,0.6,404,674,0.5,/Users/charlottejob/Code/Evaluation_neuron_interpretability/vega_fcn_sweep/fcn_060
REACTOME_PROSTACYCLIN_SIGNALLING_THROUGH_PROSTACYCLIN_RECEPTOR,0.0493393093347549,0.3312298888749748,test,0.6,404,674,0.5,/Users/charlottejob/Code/Evaluation_neuron_interpretability/vega_fcn_sweep/fcn_060
REACTOME_GABA_SYNTHESIS_RELEASE_REUPTAKE_AND_DEGRADATION,0.0027034601662307,0.908236858766894,test,0.6,404,674,0.5,/Users/charlottejob/Code/Evaluation_neuron_interpretability/vega_fcn_sweep/fcn_060
REACTOME_INCRETIN_SYNTHESIS_SECRETION_AND_INACTIVATION,,0.9042324303101688,test,0.6,404,674,0.5,/Users/charlottejob/Code/Evaluation_neuron_interpretability/vega_fcn_sweep/fcn_060
REACTOME_TRANSPORT_OF_ORGANIC_ANIONS,,0.9007983248265932,test,0.6,404,674,0.5,/Users/charlottejob/Code/Evaluation_neuron_interpretability/vega_fcn_sweep/fcn_060
REACTOME_SYNTHESIS_SECRETION_AND_INACTIVATION_OF_GLP1,,0.31001003359071677,test,0.6,404,674,0.5,/Users/charlottejob/Code/Evaluation_neuron_interpretability/vega_fcn_sweep/fcn_060
REACTOME_REGULATION_OF_WATER_BALANCE_BY_RENAL_AQUAPORINS,0.5694978833198547,0.6591763798595731,test,0.6,404,674,0.5,/Users/charlottejob/Code/Evaluation_neuron_interpretability/vega_fcn_sweep/fcn_060
REACTOME_DESTABILIZATION_OF_MRNA_BY_BRF1,0.7454617619514465,0.8073181104594691,test,0.6,404,674,0.5,/Users/charlottejob/Code/Evaluation_neuron_interpretability/vega_fcn_sweep/fcn_060
REACTOME_IRAK1_RECRUITS_IKK_COMPLEX,,0.9024577934825284,test,0.6,404,674,0.5,/Users/charlottejob/Code/Evaluation_neuron_interpretability/vega_fcn_sweep/fcn_060
REACTOME_TRAF6_MEDIATED_IRF7_ACTIVATION,0.0171253569424152,0.3379781535700263,test,0.6,404,674,0.5,/Users/charlottejob/Code/Evaluation_neuron_interpretability/vega_fcn_sweep/fcn_060
REACTOME_CIRCADIAN_CLOCK,0.4687285423278808,0.7083170718843942,test,0.6,404,674,0.5,/Users/charlottejob/Code/Evaluation_neuron_interpretability/vega_fcn_sweep/fcn_060
REACTOME_TRAF6_MEDIATED_NFKB_ACTIVATION,0.5869128704071045,0.8636035339220849,test,0.6,404,674,0.5,/Users/charlottejob/Code/Evaluation_neuron_interpretability/vega_fcn_sweep/fcn_060
REACTOME_FACTORS_INVOLVED_IN_MEGAKARYOCYTE_DEVELOPMENT_AND_PLATELET_PRODUCTION,0.287855863571167,0.6405554522348275,test,0.6,404,674,0.5,/Users/charlottejob/Code/Evaluation_neuron_interpretability/vega_fcn_sweep/fcn_060
REACTOME_REGULATION_OF_IFNG_SIGNALING,0.5936285257339478,0.7922015364871754,test,0.6,404,674,0.5,/Users/charlottejob/Code/Evaluation_neuron_interpretability/vega_fcn_sweep/fcn_060
REACTOME_GABA_A_RECEPTOR_ACTIVATION,,0.4324564847533045,test,0.6,404,674,0.5,/Users/charlottejob/Code/Evaluation_neuron_interpretability/vega_fcn_sweep/fcn_060
REACTOME_REGULATION_OF_MRNA_STABILITY_BY_PROTEINS_THAT_BIND_AU_RICH_ELEMENTS,0.6302276849746704,0.772072388493905,test,0.6,404,674,0.5,/Users/charlottejob/Code/Evaluation_neuron_interpretability/vega_fcn_sweep/fcn_060
REACTOME_INHIBITION_OF_VOLTAGE_GATED_CA2_CHANNELS_VIA_GBETA_GAMMA_SUBUNITS,0.0105561334639787,0.31872969982510624,test,0.6,404,674,0.5,/Users/charlottejob/Code/Evaluation_neuron_interpretability/vega_fcn_sweep/fcn_060
REACTOME_IRAK2_MEDIATED_ACTIVATION_OF_TAK1_COMPLEX_UPON_TLR7_8_OR_9_STIMULATION,,0.3287597609387951,test,0.6,404,674,0.5,/Users/charlottejob/Code/Evaluation_neuron_interpretability/vega_fcn_sweep/fcn_060
REACTOME_TRAF6_MEDIATED_INDUCTION_OF_NFKB_AND_MAP_KINASES_UPON_TLR7_8_OR_9_ACTIVATION,0.3078558146953583,0.9808036396658844,test,0.6,404,674,0.5,/Users/charlottejob/Code/Evaluation_neuron_interpretability/vega_fcn_sweep/fcn_060
REACTOME_TRAF3_DEPENDENT_IRF_ACTIVATION_PATHWAY,-0.0112482467666268,0.3669881232822929,test,0.6,404,674,0.5,/Users/charlottejob/Code/Evaluation_neuron_interpretability/vega_fcn_sweep/fcn_060
REACTOME_GABA_B_RECEPTOR_ACTIVATION,0.0295365899801254,0.43605489524217433,test,0.6,404,674,0.5,/Users/charlottejob/Code/Evaluation_neuron_interpretability/vega_fcn_sweep/fcn_060
REACTOME_NFKB_ACTIVATION_THROUGH_FADD_RIP1_PATHWAY_MEDIATED_BY_CASPASE_8_AND10,,0.3563844173973738,test,0.6,404,674,0.5,/Users/charlottejob/Code/Evaluation_neuron_interpretability/vega_fcn_sweep/fcn_060
REACTOME_DESTABILIZATION_OF_MRNA_BY_KSRP,,0.908481437857174,test,0.6,404,674,0.5,/Users/charlottejob/Code/Evaluation_neuron_interpretability/vega_fcn_sweep/fcn_060
REACTOME_TRANSPORT_TO_THE_GOLGI_AND_SUBSEQUENT_MODIFICATION,,0.897596300658727,test,0.6,404,674,0.5,/Users/charlottejob/Code/Evaluation_neuron_interpretability/vega_fcn_sweep/fcn_060
REACTOME_IRON_UPTAKE_AND_TRANSPORT,0.0209844261407852,0.3099374614392282,test,0.6,404,674,0.5,/Users/charlottejob/Code/Evaluation_neuron_interpretability/vega_fcn_sweep/fcn_060
REACTOME_DESTABILIZATION_OF_MRNA_BY_TRISTETRAPROLIN_TTP,,0.31357326702438604,test,0.6,404,674,0.5,/Users/charlottejob/Code/Evaluation_neuron_interpretability/vega_fcn_sweep/fcn_060
REACTOME_INTERFERON_GAMMA_SIGNALING,0.2968549430370331,0.9983804475853948,test,0.6,404,674,0.5,/Users/charlottejob/Code/Evaluation_neuron_interpretability/vega_fcn_sweep/fcn_060
REACTOME_N_GLYCAN_ANTENNAE_ELONGATION,,0.8948898486236532,test,0.6,404,674,0.5,/Users/charlottejob/Code/Evaluation_neuron_interpretability/vega_fcn_sweep/fcn_060
REACTOME_TRAF6_MEDIATED_IRF7_ACTIVATION_IN_TLR7_8_OR_9_SIGNALING,0.0573607012629509,0.3339170031970385,test,0.6,404,674,0.5,/Users/charlottejob/Code/Evaluation_neuron_interpretability/vega_fcn_sweep/fcn_060
REACTOME_ACTIVATION_OF_IRF3_IRF7_MEDIATED_BY_TBK1_IKK_EPSILON,0.0373121388256549,0.4172780427514301,test,0.6,404,674,0.5,/Users/charlottejob/Code/Evaluation_neuron_interpretability/vega_fcn_sweep/fcn_060
REACTOME_ION_TRANSPORT_BY_P_TYPE_ATPASES,-0.0262063164263963,0.4396326768490856,test,0.6,404,674,0.5,/Users/charlottejob/Code/Evaluation_neuron_interpretability/vega_fcn_sweep/fcn_060
REACTOME_INTERFERON_ALPHA_BETA_SIGNALING,0.0936608165502548,0.5385430686105763,test,0.6,404,674,0.5,/Users/charlottejob/Code/Evaluation_neuron_interpretability/vega_fcn_sweep/fcn_060
REACTOME_ADVANCED_GLYCOSYLATION_ENDPRODUCT_RECEPTOR_SIGNALING,0.6333436369895935,0.7624135697471734,test,0.6,404,674,0.5,/Users/charlottejob/Code/Evaluation_neuron_interpretability/vega_fcn_sweep/fcn_060
REACTOME_GABA_RECEPTOR_ACTIVATION,0.16080342233181,0.3232412463861227,test,0.6,404,674,0.5,/Users/charlottejob/Code/Evaluation_neuron_interpretability/vega_fcn_sweep/fcn_060
REACTOME_KINESINS,-0.0027241341304033,0.3823454369427465,test,0.6,404,674,0.5,/Users/charlottejob/Code/Evaluation_neuron_interpretability/vega_fcn_sweep/fcn_060
REACTOME_N_GLYCAN_ANTENNAE_ELONGATION_IN_THE_MEDIAL_TRANS_GOLGI,,0.9020773895214412,test,0.6,404,674,0.5,/Users/charlottejob/Code/Evaluation_neuron_interpretability/vega_fcn_sweep/fcn_060
REACTOME_REGULATION_OF_IFNA_SIGNALING,0.6566123962402344,0.7594377933653288,test,0.6,404,674,0.5,/Users/charlottejob/Code/Evaluation_neuron_interpretability/vega_fcn_sweep/fcn_060
REACTOME_INTERFERON_SIGNALING,0.0213594324886798,0.5030235314406908,test,0.6,404,674,0.5,/Users/charlottejob/Code/Evaluation_neuron_interpretability/vega_fcn_sweep/fcn_060
REACTOME_NEGATIVE_REGULATORS_OF_RIG_I_MDA5_SIGNALING,-0.0056184343993663,0.3682227321015721,test,0.6,404,674,0.5,/Users/charlottejob/Code/Evaluation_neuron_interpretability/vega_fcn_sweep/fcn_060
REACTOME_NFKB_AND_MAP_KINASES_ACTIVATION_MEDIATED_BY_TLR4_SIGNALING_REPERTOIRE,0.0414633229374885,0.4301853269139261,test,0.6,404,674,0.5,/Users/charlottejob/Code/Evaluation_neuron_interpretability/vega_fcn_sweep/fcn_060
REACTOME_TRANSFERRIN_ENDOCYTOSIS_AND_RECYCLING,,0.4288269423722898,test,0.6,404,674,0.5,/Users/charlottejob/Code/Evaluation_neuron_interpretability/vega_fcn_sweep/fcn_060
REACTOME_DSCAM_INTERACTIONS,,0.4078506303712428,test,0.6,404,674,0.5,/Users/charlottejob/Code/Evaluation_neuron_interpretability/vega_fcn_sweep/fcn_060
REACTOME_ION_CHANNEL_TRANSPORT,0.2328763753175735,0.7586479679791103,test,0.6,404,674,0.5,/Users/charlottejob/Code/Evaluation_neuron_interpretability/vega_fcn_sweep/fcn_060
REACTOME_DESTABILIZATION_OF_MRNA_BY_AUF1_HNRNP_D0,,0.9068847882039872,test,0.6,404,674,0.5,/Users/charlottejob/Code/Evaluation_neuron_interpretability/vega_fcn_sweep/fcn_060
REACTOME_TRAF6_MEDIATED_INDUCTION_OF_TAK1_COMPLEX,0.0181556046009063,0.3769823742217735,test,0.6,404,674,0.5,/Users/charlottejob/Code/Evaluation_neuron_interpretability/vega_fcn_sweep/fcn_060
REACTOME_RIG_I_MDA5_MEDIATED_INDUCTION_OF_IFN_ALPHA_BETA_PATHWAYS,0.1453669369220733,0.41879117374004127,test,0.6,404,674,0.5,/Users/charlottejob/Code/Evaluation_neuron_interpretability/vega_fcn_sweep/fcn_060
REACTOME_IKK_COMPLEX_RECRUITMENT_MEDIATED_BY_RIP1,-0.0099975643679499,0.3368546329014527,test,0.6,404,674,0.5,/Users/charlottejob/Code/Evaluation_neuron_interpretability/vega_fcn_sweep/fcn_060
REACTOME_LIGAND_GATED_ION_CHANNEL_TRANSPORT,,0.8975299917113814,test,0.6,404,674,0.5,/Users/charlottejob/Code/Evaluation_neuron_interpretability/vega_fcn_sweep/fcn_060
REACTOME_FORMATION_OF_INCISION_COMPLEX_IN_GG_NER,0.0206908117979764,0.9036630975129796,test,0.6,404,674,0.5,/Users/charlottejob/Code/Evaluation_neuron_interpretability/vega_fcn_sweep/fcn_060
REACTOME_TRANSCRIPTIONAL_REGULATION_OF_WHITE_ADIPOCYTE_DIFFERENTIATION,0.1397771537303924,0.4944353727923945,test,0.6,404,674,0.5,/Users/charlottejob/Code/Evaluation_neuron_interpretability/vega_fcn_sweep/fcn_060
REACTOME_ENDOSOMAL_SORTING_COMPLEX_REQUIRED_FOR_TRANSPORT_ESCRT,,0.36180081141211884,test,0.6,404,674,0.5,/Users/charlottejob/Code/Evaluation_neuron_interpretability/vega_fcn_sweep/fcn_060
REACTOME_MEIOTIC_RECOMBINATION,-0.0134388646110892,0.3550677134131718,test,0.6,404,674,0.5,/Users/charlottejob/Code/Evaluation_neuron_interpretability/vega_fcn_sweep/fcn_060
REACTOME_IL_2_SIGNALING,0.6285613775253296,0.6678885385250563,test,0.6,404,674,0.5,/Users/charlottejob/Code/Evaluation_neuron_interpretability/vega_fcn_sweep/fcn_060
REACTOME_IL_6_SIGNALING,-0.0262733772397041,0.3357259638204736,test,0.6,404,674,0.5,/Users/charlottejob/Code/Evaluation_neuron_interpretability/vega_fcn_sweep/fcn_060
REACTOME_PLATELET_AGGREGATION_PLUG_FORMATION,0.612028956413269,0.7726594350936834,test,0.6,404,674,0.5,/Users/charlottejob/Code/Evaluation_neuron_interpretability/vega_fcn_sweep/fcn_060
REACTOME_SIGNALING_BY_NOTCH,0.3097025454044342,0.6687639540811842,test,0.6,404,674,0.5,/Users/charlottejob/Code/Evaluation_neuron_interpretability/vega_fcn_sweep/fcn_060
REACTOME_LAGGING_STRAND_SYNTHESIS,,0.4169558958251538,test,0.6,404,674,0.5,/Users/charlottejob/Code/Evaluation_neuron_interpretability/vega_fcn_sweep/fcn_060
REACTOME_INTRINSIC_PATHWAY,-0.0040908781811594,0.738785425384641,test,0.6,404,674,0.5,/Users/charlottejob/Code/Evaluation_neuron_interpretability/vega_fcn_sweep/fcn_060
REACTOME_INHIBITION_OF_REPLICATION_INITIATION_OF_DAMAGED_DNA_BY_RB1_E2F1,,0.28982768398551684,test,0.6,404,674,0.5,/Users/charlottejob/Code/Evaluation_neuron_interpretability/vega_fcn_sweep/fcn_060
REACTOME_ETHANOL_OXIDATION,0.0166657995432615,0.3506254521814808,test,0.6,404,674,0.5,/Users/charlottejob/Code/Evaluation_neuron_interpretability/vega_fcn_sweep/fcn_060
REACTOME_SYNTHESIS_OF_VERY_LONG_CHAIN_FATTY_ACYL_COAS,-0.0139958588406443,0.4467726561800592,test,0.6,404,674,0.5,/Users/charlottejob/Code/Evaluation_neuron_interpretability/vega_fcn_sweep/fcn_060
REACTOME_DNA_REPLICATION,0.0133236460387706,0.3417257842634801,test,0.6,404,674,0.5,/Users/charlottejob/Code/Evaluation_neuron_interpretability/vega_fcn_sweep/fcn_060
REACTOME_CLEAVAGE_OF_GROWING_TRANSCRIPT_IN_THE_TERMINATION_REGION_,,0.9011438293417092,test,0.6,404,674,0.5,/Users/charlottejob/Code/Evaluation_neuron_interpretability/vega_fcn_sweep/fcn_060
REACTOME_PKB_MEDIATED_EVENTS,0.6543660759925842,0.7227396585974721,test,0.6,404,674,0.5,/Users/charlottejob/Code/Evaluation_neuron_interpretability/vega_fcn_sweep/fcn_060
REACTOME_E2F_MEDIATED_REGULATION_OF_DNA_REPLICATION,0.6471266746520996,0.8386932806102416,test,0.6,404,674,0.5,/Users/charlottejob/Code/Evaluation_neuron_interpretability/vega_fcn_sweep/fcn_060
REACTOME_METABOLISM_OF_CARBOHYDRATES,0.0315058901906013,0.4782533501546506,test,0.6,404,674,0.5,/Users/charlottejob/Code/Evaluation_neuron_interpretability/vega_fcn_sweep/fcn_060
REACTOME_HORMONE_SENSITIVE_LIPASE_HSL_MEDIATED_TRIACYLGLYCEROL_HYDROLYSIS,-0.0169597957283258,0.8857986933320733,test,0.6,404,674,0.5,/Users/charlottejob/Code/Evaluation_neuron_interpretability/vega_fcn_sweep/fcn_060
REACTOME_SIGNALING_BY_INSULIN_RECEPTOR,0.5100646018981934,0.7333895080184832,test,0.6,404,674,0.5,/Users/charlottejob/Code/Evaluation_neuron_interpretability/vega_fcn_sweep/fcn_060
REACTOME_SIGNAL_ATTENUATION,0.8193259835243225,0.7644304898517092,test,0.6,404,674,0.5,/Users/charlottejob/Code/Evaluation_neuron_interpretability/vega_fcn_sweep/fcn_060
REACTOME_PURINE_METABOLISM,0.4744903147220611,0.7723372034326097,test,0.6,404,674,0.5,/Users/charlottejob/Code/Evaluation_neuron_interpretability/vega_fcn_sweep/fcn_060
REACTOME_SOS_MEDIATED_SIGNALLING,0.8305235505104065,0.7267075853595787,test,0.6,404,674,0.5,/Users/charlottejob/Code/Evaluation_neuron_interpretability/vega_fcn_sweep/fcn_060
REACTOME_RNA_POL_III_TRANSCRIPTION_INITIATION_FROM_TYPE_3_PROMOTER,,0.2877232473934477,test,0.6,404,674,0.5,/Users/charlottejob/Code/Evaluation_neuron_interpretability/vega_fcn_sweep/fcn_060
REACTOME_APOPTOSIS,0.0251901261508464,0.4394400378622086,test,0.6,404,674,0.5,/Users/charlottejob/Code/Evaluation_neuron_interpretability/vega_fcn_sweep/fcn_060
REACTOME_LIPID_DIGESTION_MOBILIZATION_AND_TRANSPORT,0.8252618908882141,0.709763178697879,test,0.6,404,674,0.5,/Users/charlottejob/Code/Evaluation_neuron_interpretability/vega_fcn_sweep/fcn_060
REACTOME_HEMOSTASIS,0.0879194289445877,0.344550526360914,test,0.6,404,674,0.5,/Users/charlottejob/Code/Evaluation_neuron_interpretability/vega_fcn_sweep/fcn_060
REACTOME_INFLUENZA_LIFE_CYCLE,0.7214340567588806,1.0,test,0.6,404,674,0.5,/Users/charlottejob/Code/Evaluation_neuron_interpretability/vega_fcn_sweep/fcn_060
REACTOME_INFLUENZA_VIRAL_RNA_TRANSCRIPTION_AND_REPLICATION,0.0965301319956779,0.5249921949281223,test,0.6,404,674,0.5,/Users/charlottejob/Code/Evaluation_neuron_interpretability/vega_fcn_sweep/fcn_060
REACTOME_NEP_NS2_INTERACTS_WITH_THE_CELLULAR_EXPORT_MACHINERY,0.7774738669395447,0.8030641975964646,test,0.6,404,674,0.5,/Users/charlottejob/Code/Evaluation_neuron_interpretability/vega_fcn_sweep/fcn_060
REACTOME_HIV_INFECTION,0.0450164936482906,0.33430529664357334,test,0.6,404,674,0.5,/Users/charlottejob/Code/Evaluation_neuron_interpretability/vega_fcn_sweep/fcn_060
REACTOME_TRANSPORT_OF_RIBONUCLEOPROTEINS_INTO_THE_HOST_NUCLEUS,0.0390936508774757,0.3510543142308067,test,0.6,404,674,0.5,/Users/charlottejob/Code/Evaluation_neuron_interpretability/vega_fcn_sweep/fcn_060
REACTOME_HIV_LIFE_CYCLE,0.0198586620390415,0.3696925262169497,test,0.6,404,674,0.5,/Users/charlottejob/Code/Evaluation_neuron_interpretability/vega_fcn_sweep/fcn_060
REACTOME_ABORTIVE_ELONGATION_OF_HIV1_TRANSCRIPT_IN_THE_ABSENCE_OF_TAT,,0.3325725254111591,test,0.6,404,674,0.5,/Users/charlottejob/Code/Evaluation_neuron_interpretability/vega_fcn_sweep/fcn_060
REACTOME_EARLY_PHASE_OF_HIV_LIFE_CYCLE,-0.0384401977062225,0.3610709702371534,test,0.6,404,674,0.5,/Users/charlottejob/Code/Evaluation_neuron_interpretability/vega_fcn_sweep/fcn_060
REACTOME_HOST_INTERACTIONS_OF_HIV_FACTORS,0.0122053073719143,0.3751175608484162,test,0.6,404,674,0.5,/Users/charlottejob/Code/Evaluation_neuron_interpretability/vega_fcn_sweep/fcn_060
REACTOME_RNA_POL_III_TRANSCRIPTION_TERMINATION,,0.3355651529031976,test,0.6,404,674,0.5,/Users/charlottejob/Code/Evaluation_neuron_interpretability/vega_fcn_sweep/fcn_060
REACTOME_RESPIRATORY_ELECTRON_TRANSPORT_ATP_SYNTHESIS_BY_CHEMIOSMOTIC_COUPLING_AND_HEAT_PRODUCTION_BY_UNCOUPLING_PROTEINS_,-0.01865179464221,0.4441759025280222,test,0.6,404,674,0.5,/Users/charlottejob/Code/Evaluation_neuron_interpretability/vega_fcn_sweep/fcn_060
REACTOME_FORMATION_OF_THE_HIV1_EARLY_ELONGATION_COMPLEX,0.0146169206127524,0.8740441037794596,test,0.6,404,674,0.5,/Users/charlottejob/Code/Evaluation_neuron_interpretability/vega_fcn_sweep/fcn_060
REACTOME_RAF_MAP_KINASE_CASCADE,,0.9048327007808752,test,0.6,404,674,0.5,/Users/charlottejob/Code/Evaluation_neuron_interpretability/vega_fcn_sweep/fcn_060
REACTOME_VIRAL_MESSENGER_RNA_SYNTHESIS,,0.4052087423112158,test,0.6,404,674,0.5,/Users/charlottejob/Code/Evaluation_neuron_interpretability/vega_fcn_sweep/fcn_060
REACTOME_LATE_PHASE_OF_HIV_LIFE_CYCLE,0.3747437596321106,0.5926671174511772,test,0.6,404,674,0.5,/Users/charlottejob/Code/Evaluation_neuron_interpretability/vega_fcn_sweep/fcn_060
REACTOME_SHC_MEDIATED_SIGNALLING,,0.2925603106050691,test,0.6,404,674,0.5,/Users/charlottejob/Code/Evaluation_neuron_interpretability/vega_fcn_sweep/fcn_060
REACTOME_INTERACTIONS_OF_VPR_WITH_HOST_CELLULAR_PROTEINS,0.7855294346809387,0.8008059016799951,test,0.6,404,674,0.5,/Users/charlottejob/Code/Evaluation_neuron_interpretability/vega_fcn_sweep/fcn_060
REACTOME_FORMATION_OF_ATP_BY_CHEMIOSMOTIC_COUPLING,,0.3663482092221786,test,0.6,404,674,0.5,/Users/charlottejob/Code/Evaluation_neuron_interpretability/vega_fcn_sweep/fcn_060
REACTOME_APC_C_CDH1_MEDIATED_DEGRADATION_OF_CDC20_AND_OTHER_APC_C_CDH1_TARGETED_PROTEINS_IN_LATE_MITOSIS_EARLY_G1,0.7693040370941162,0.6492187832602494,test,0.6,404,674,0.5,/Users/charlottejob/Code/Evaluation_neuron_interpretability/vega_fcn_sweep/fcn_060
REACTOME_ACTIVATION_OF_ATR_IN_RESPONSE_TO_REPLICATION_STRESS,,0.3975465689482179,test,0.6,404,674,0.5,/Users/charlottejob/Code/Evaluation_neuron_interpretability/vega_fcn_sweep/fcn_060
REACTOME_UNWINDING_OF_DNA,,0.3357256903546656,test,0.6,404,674,0.5,/Users/charlottejob/Code/Evaluation_neuron_interpretability/vega_fcn_sweep/fcn_060
REACTOME_APC_C_CDC20_MEDIATED_DEGRADATION_OF_MITOTIC_PROTEINS,0.0192519929260015,0.3732828841869243,test,0.6,404,674,0.5,/Users/charlottejob/Code/Evaluation_neuron_interpretability/vega_fcn_sweep/fcn_060
REACTOME_GLUCURONIDATION,,0.3214047027003446,test,0.6,404,674,0.5,/Users/charlottejob/Code/Evaluation_neuron_interpretability/vega_fcn_sweep/fcn_060
REACTOME_AUTODEGRADATION_OF_CDH1_BY_CDH1_APC_C,0.0813621059060096,0.8996550940964574,test,0.6,404,674,0.5,/Users/charlottejob/Code/Evaluation_neuron_interpretability/vega_fcn_sweep/fcn_060
REACTOME_MYD88_MAL_CASCADE_INITIATED_ON_PLASMA_MEMBRANE,0.4070330858230591,0.6054852895003819,test,0.6,404,674,0.5,/Users/charlottejob/Code/Evaluation_neuron_interpretability/vega_fcn_sweep/fcn_060
REACTOME_INNATE_IMMUNE_SYSTEM,0.067386545240879,0.40347374128292857,test,0.6,404,674,0.5,/Users/charlottejob/Code/Evaluation_neuron_interpretability/vega_fcn_sweep/fcn_060
REACTOME_REGULATION_OF_GLUCOKINASE_BY_GLUCOKINASE_REGULATORY_PROTEIN,0.8017117381095886,0.7908656622021827,test,0.6,404,674,0.5,/Users/charlottejob/Code/Evaluation_neuron_interpretability/vega_fcn_sweep/fcn_060
REACTOME_MITOTIC_PROMETAPHASE,0.3209382593631744,0.985347538351072,test,0.6,404,674,0.5,/Users/charlottejob/Code/Evaluation_neuron_interpretability/vega_fcn_sweep/fcn_060
REACTOME_APC_C_CDC20_MEDIATED_DEGRADATION_OF_CYCLIN_B,-0.0093047777190804,0.9001997388848679,test,0.6,404,674,0.5,/Users/charlottejob/Code/Evaluation_neuron_interpretability/vega_fcn_sweep/fcn_060
REACTOME_SCF_BETA_TRCP_MEDIATED_DEGRADATION_OF_EMI1,-0.016231745481491,0.3463512824569731,test,0.6,404,674,0.5,/Users/charlottejob/Code/Evaluation_neuron_interpretability/vega_fcn_sweep/fcn_060
REACTOME_LIPOPROTEIN_METABOLISM,-0.0327570438385009,0.3210193810900524,test,0.6,404,674,0.5,/Users/charlottejob/Code/Evaluation_neuron_interpretability/vega_fcn_sweep/fcn_060
REACTOME_G1_S_SPECIFIC_TRANSCRIPTION,0.0259588062763214,0.3260663806158506,test,0.6,404,674,0.5,/Users/charlottejob/Code/Evaluation_neuron_interpretability/vega_fcn_sweep/fcn_060
REACTOME_THE_ROLE_OF_NEF_IN_HIV1_REPLICATION_AND_DISEASE_PATHOGENESIS,0.1391751617193222,0.5303708569743396,test,0.6,404,674,0.5,/Users/charlottejob/Code/Evaluation_neuron_interpretability/vega_fcn_sweep/fcn_060
REACTOME_CHYLOMICRON_MEDIATED_LIPID_TRANSPORT,0.847958505153656,0.7354122322299232,test,0.6,404,674,0.5,/Users/charlottejob/Code/Evaluation_neuron_interpretability/vega_fcn_sweep/fcn_060
REACTOME_SIGNALING_BY_TGF_BETA_RECEPTOR_COMPLEX,-0.0036067757755517,0.4198828491427039,test,0.6,404,674,0.5,/Users/charlottejob/Code/Evaluation_neuron_interpretability/vega_fcn_sweep/fcn_060
REACTOME_CONVERSION_FROM_APC_C_CDC20_TO_APC_C_CDH1_IN_LATE_ANAPHASE,0.0385739095509052,0.3351622035846567,test,0.6,404,674,0.5,/Users/charlottejob/Code/Evaluation_neuron_interpretability/vega_fcn_sweep/fcn_060
REACTOME_ACTIVATED_TLR4_SIGNALLING,0.2067902982234954,0.4428338566224332,test,0.6,404,674,0.5,/Users/charlottejob/Code/Evaluation_neuron_interpretability/vega_fcn_sweep/fcn_060
REACTOME_IMMUNE_SYSTEM,0.1621575653553009,0.3589052135639451,test,0.6,404,674,0.5,/Users/charlottejob/Code/Evaluation_neuron_interpretability/vega_fcn_sweep/fcn_060
REACTOME_BINDING_AND_ENTRY_OF_HIV_VIRION,0.0032382742501795,0.3215863200403837,test,0.6,404,674,0.5,/Users/charlottejob/Code/Evaluation_neuron_interpretability/vega_fcn_sweep/fcn_060
REACTOME_PHOSPHORYLATION_OF_THE_APC_C,0.0005650032544508,0.8885931043468002,test,0.6,404,674,0.5,/Users/charlottejob/Code/Evaluation_neuron_interpretability/vega_fcn_sweep/fcn_060
REACTOME_CYTOSOLIC_SULFONATION_OF_SMALL_MOLECULES,0.0104867247864604,0.3931960449193151,test,0.6,404,674,0.5,/Users/charlottejob/Code/Evaluation_neuron_interpretability/vega_fcn_sweep/fcn_060
REACTOME_INTEGRATION_OF_PROVIRUS,0.7479900121688843,0.6487324022659712,test,0.6,404,674,0.5,/Users/charlottejob/Code/Evaluation_neuron_interpretability/vega_fcn_sweep/fcn_060
REACTOME_GLUTATHIONE_CONJUGATION,0.4355537593364715,0.8360207008682533,test,0.6,404,674,0.5,/Users/charlottejob/Code/Evaluation_neuron_interpretability/vega_fcn_sweep/fcn_060
REACTOME_COMPLEMENT_CASCADE,-0.0022470541298389,0.341511423797627,test,0.6,404,674,0.5,/Users/charlottejob/Code/Evaluation_neuron_interpretability/vega_fcn_sweep/fcn_060
REACTOME_PHASE_II_CONJUGATION,0.0733257234096527,0.3535023697347019,test,0.6,404,674,0.5,/Users/charlottejob/Code/Evaluation_neuron_interpretability/vega_fcn_sweep/fcn_060
REACTOME_MTORC1_MEDIATED_SIGNALLING,0.7734214067459106,0.7270121128431841,test,0.6,404,674,0.5,/Users/charlottejob/Code/Evaluation_neuron_interpretability/vega_fcn_sweep/fcn_060
REACTOME_TOLL_RECEPTOR_CASCADES,0.0622429698705673,0.3730914704182487,test,0.6,404,674,0.5,/Users/charlottejob/Code/Evaluation_neuron_interpretability/vega_fcn_sweep/fcn_060
REACTOME_ACTIVATION_OF_BH3_ONLY_PROTEINS,-0.0286983773112297,0.3990605152114979,test,0.6,404,674,0.5,/Users/charlottejob/Code/Evaluation_neuron_interpretability/vega_fcn_sweep/fcn_060
REACTOME_GLUCOSE_METABOLISM,0.0990719497203826,0.35305496604228004,test,0.6,404,674,0.5,/Users/charlottejob/Code/Evaluation_neuron_interpretability/vega_fcn_sweep/fcn_060
REACTOME_RNA_POL_III_CHAIN_ELONGATION,,0.3731675609649696,test,0.6,404,674,0.5,/Users/charlottejob/Code/Evaluation_neuron_interpretability/vega_fcn_sweep/fcn_060
REACTOME_VOLTAGE_GATED_POTASSIUM_CHANNELS,0.4447478950023651,0.7331980720903979,test,0.6,404,674,0.5,/Users/charlottejob/Code/Evaluation_neuron_interpretability/vega_fcn_sweep/fcn_060
REACTOME_ADAPTIVE_IMMUNE_SYSTEM,0.0973645597696304,0.5050455757875076,test,0.6,404,674,0.5,/Users/charlottejob/Code/Evaluation_neuron_interpretability/vega_fcn_sweep/fcn_060
REACTOME_NOD1_2_SIGNALING_PATHWAY,0.5768458247184753,0.7263645544010348,test,0.6,404,674,0.5,/Users/charlottejob/Code/Evaluation_neuron_interpretability/vega_fcn_sweep/fcn_060
REACTOME_CYTOKINE_SIGNALING_IN_IMMUNE_SYSTEM,0.0868023410439491,0.5520559632750446,test,0.6,404,674,0.5,/Users/charlottejob/Code/Evaluation_neuron_interpretability/vega_fcn_sweep/fcn_060
REACTOME_MEIOTIC_SYNAPSIS,-0.0020496500656008,0.46283703237147666,test,0.6,404,674,0.5,/Users/charlottejob/Code/Evaluation_neuron_interpretability/vega_fcn_sweep/fcn_060
REACTOME_ANTIGEN_PRESENTATION_FOLDING_ASSEMBLY_AND_PEPTIDE_LOADING_OF_CLASS_I_MHC,0.0139510538429021,0.34314763226308154,test,0.6,404,674,0.5,/Users/charlottejob/Code/Evaluation_neuron_interpretability/vega_fcn_sweep/fcn_060
REACTOME_THE_NLRP3_INFLAMMASOME,0.4464855194091797,0.7622377867519209,test,0.6,404,674,0.5,/Users/charlottejob/Code/Evaluation_neuron_interpretability/vega_fcn_sweep/fcn_060
REACTOME_CLASS_I_MHC_MEDIATED_ANTIGEN_PROCESSING_PRESENTATION,0.3502312004566192,0.9999963924768712,test,0.6,404,674,0.5,/Users/charlottejob/Code/Evaluation_neuron_interpretability/vega_fcn_sweep/fcn_060
REACTOME_NONSENSE_MEDIATED_DECAY_ENHANCED_BY_THE_EXON_JUNCTION_COMPLEX,0.2447530031204223,0.3239406388806108,test,0.6,404,674,0.5,/Users/charlottejob/Code/Evaluation_neuron_interpretability/vega_fcn_sweep/fcn_060
REACTOME_PIP3_ACTIVATES_AKT_SIGNALING,0.0301510374993085,0.3469368683128442,test,0.6,404,674,0.5,/Users/charlottejob/Code/Evaluation_neuron_interpretability/vega_fcn_sweep/fcn_060
REACTOME_ANTIGEN_PROCESSING_UBIQUITINATION_PROTEASOME_DEGRADATION,-0.0284865871071815,0.367782961294432,test,0.6,404,674,0.5,/Users/charlottejob/Code/Evaluation_neuron_interpretability/vega_fcn_sweep/fcn_060
REACTOME_TANDEM_PORE_DOMAIN_POTASSIUM_CHANNELS,,0.8941639401474502,test,0.6,404,674,0.5,/Users/charlottejob/Code/Evaluation_neuron_interpretability/vega_fcn_sweep/fcn_060
REACTOME_INFLAMMASOMES,0.4318630397319793,0.7093872163095357,test,0.6,404,674,0.5,/Users/charlottejob/Code/Evaluation_neuron_interpretability/vega_fcn_sweep/fcn_060
REACTOME_POTASSIUM_CHANNELS,0.1079951971769332,0.32664031705457164,test,0.6,404,674,0.5,/Users/charlottejob/Code/Evaluation_neuron_interpretability/vega_fcn_sweep/fcn_060
REACTOME_NUCLEOTIDE_BINDING_DOMAIN_LEUCINE_RICH_REPEAT_CONTAINING_RECEPTOR_NLR_SIGNALING_PATHWAYS,0.0649195685982704,0.4062829566481977,test,0.6,404,674,0.5,/Users/charlottejob/Code/Evaluation_neuron_interpretability/vega_fcn_sweep/fcn_060
REACTOME_INWARDLY_RECTIFYING_K_CHANNELS,0.7958887219429016,0.7004300960131349,test,0.6,404,674,0.5,/Users/charlottejob/Code/Evaluation_neuron_interpretability/vega_fcn_sweep/fcn_060
REACTOME_AMYLOIDS,0.3489308953285217,0.9017777990964436,test,0.6,404,674,0.5,/Users/charlottejob/Code/Evaluation_neuron_interpretability/vega_fcn_sweep/fcn_060
REACTOME_PACKAGING_OF_TELOMERE_ENDS,0.3786076009273529,0.5827048768225238,test,0.6,404,674,0.5,/Users/charlottejob/Code/Evaluation_neuron_interpretability/vega_fcn_sweep/fcn_060
REACTOME_TELOMERE_MAINTENANCE,-0.0078440690413117,0.37375885390851094,test,0.6,404,674,0.5,/Users/charlottejob/Code/Evaluation_neuron_interpretability/vega_fcn_sweep/fcn_060
REACTOME_PLATELET_ACTIVATION_SIGNALING_AND_AGGREGATION,0.2762863636016845,0.9437749124408148,test,0.6,404,674,0.5,/Users/charlottejob/Code/Evaluation_neuron_interpretability/vega_fcn_sweep/fcn_060
REACTOME_REMOVAL_OF_THE_FLAP_INTERMEDIATE_FROM_THE_C_STRAND,,0.39300440605505393,test,0.6,404,674,0.5,/Users/charlottejob/Code/Evaluation_neuron_interpretability/vega_fcn_sweep/fcn_060
REACTOME_CREATION_OF_C4_AND_C2_ACTIVATORS,0.344544917345047,0.7333172079196815,test,0.6,404,674,0.5,/Users/charlottejob/Code/Evaluation_neuron_interpretability/vega_fcn_sweep/fcn_060
REACTOME_APC_CDC20_MEDIATED_DEGRADATION_OF_NEK2A,-0.0248800329864025,0.3169941249095321,test,0.6,404,674,0.5,/Users/charlottejob/Code/Evaluation_neuron_interpretability/vega_fcn_sweep/fcn_060
REACTOME_INITIAL_TRIGGERING_OF_COMPLEMENT,0.0314082503318786,0.39156185147792927,test,0.6,404,674,0.5,/Users/charlottejob/Code/Evaluation_neuron_interpretability/vega_fcn_sweep/fcn_060
REACTOME_EXTENSION_OF_TELOMERES,,0.3729948087074118,test,0.6,404,674,0.5,/Users/charlottejob/Code/Evaluation_neuron_interpretability/vega_fcn_sweep/fcn_060
REACTOME_G2_M_CHECKPOINTS,-0.0113646257668733,0.3494802905962263,test,0.6,404,674,0.5,/Users/charlottejob/Code/Evaluation_neuron_interpretability/vega_fcn_sweep/fcn_060
REACTOME_G2_M_DNA_DAMAGE_CHECKPOINT,,0.3572621384635518,test,0.6,404,674,0.5,/Users/charlottejob/Code/Evaluation_neuron_interpretability/vega_fcn_sweep/fcn_060
REACTOME_S_PHASE,0.5438228249549866,0.6406741234712222,test,0.6,404,674,0.5,/Users/charlottejob/Code/Evaluation_neuron_interpretability/vega_fcn_sweep/fcn_060
REACTOME_SCFSKP2_MEDIATED_DEGRADATION_OF_P27_P21,0.0342844352126121,0.2933144312082548,test,0.6,404,674,0.5,/Users/charlottejob/Code/Evaluation_neuron_interpretability/vega_fcn_sweep/fcn_060
REACTOME_TRYPTOPHAN_CATABOLISM,-0.0156989209353923,0.2997574384945808,test,0.6,404,674,0.5,/Users/charlottejob/Code/Evaluation_neuron_interpretability/vega_fcn_sweep/fcn_060
REACTOME_DNA_STRAND_ELONGATION,,0.8970815338306504,test,0.6,404,674,0.5,/Users/charlottejob/Code/Evaluation_neuron_interpretability/vega_fcn_sweep/fcn_060
REACTOME_RESOLUTION_OF_AP_SITES_VIA_THE_SINGLE_NUCLEOTIDE_REPLACEMENT_PATHWAY,,0.3713144003838939,test,0.6,404,674,0.5,/Users/charlottejob/Code/Evaluation_neuron_interpretability/vega_fcn_sweep/fcn_060
REACTOME_FGFR_LIGAND_BINDING_AND_ACTIVATION,-0.001489991787821,0.36277268783986794,test,0.6,404,674,0.5,/Users/charlottejob/Code/Evaluation_neuron_interpretability/vega_fcn_sweep/fcn_060
REACTOME_CHOLESTEROL_BIOSYNTHESIS,,0.9033721589669764,test,0.6,404,674,0.5,/Users/charlottejob/Code/Evaluation_neuron_interpretability/vega_fcn_sweep/fcn_060
REACTOME_APOBEC3G_MEDIATED_RESISTANCE_TO_HIV1_INFECTION,0.0145155005156993,0.3824637673550037,test,0.6,404,674,0.5,/Users/charlottejob/Code/Evaluation_neuron_interpretability/vega_fcn_sweep/fcn_060
REACTOME_GAP_JUNCTION_TRAFFICKING,-0.0061769345775246,0.9036660558615416,test,0.6,404,674,0.5,/Users/charlottejob/Code/Evaluation_neuron_interpretability/vega_fcn_sweep/fcn_060
REACTOME_FGFR2C_LIGAND_BINDING_AND_ACTIVATION,,0.3736893076822405,test,0.6,404,674,0.5,/Users/charlottejob/Code/Evaluation_neuron_interpretability/vega_fcn_sweep/fcn_060
REACTOME_METABOLISM_OF_PORPHYRINS,0.0361216366291046,0.3561704641173242,test,0.6,404,674,0.5,/Users/charlottejob/Code/Evaluation_neuron_interpretability/vega_fcn_sweep/fcn_060
REACTOME_FGFR4_LIGAND_BINDING_AND_ACTIVATION,,0.300117785630153,test,0.6,404,674,0.5,/Users/charlottejob/Code/Evaluation_neuron_interpretability/vega_fcn_sweep/fcn_060
REACTOME_VIF_MEDIATED_DEGRADATION_OF_APOBEC3G,0.7885109186172485,0.636394184575158,test,0.6,404,674,0.5,/Users/charlottejob/Code/Evaluation_neuron_interpretability/vega_fcn_sweep/fcn_060
REACTOME_SIGNALING_BY_FGFR,0.0286433566361665,0.887267043140363,test,0.6,404,674,0.5,/Users/charlottejob/Code/Evaluation_neuron_interpretability/vega_fcn_sweep/fcn_060
REACTOME_DIGESTION_OF_DIETARY_CARBOHYDRATE,,0.325753173668368,test,0.6,404,674,0.5,/Users/charlottejob/Code/Evaluation_neuron_interpretability/vega_fcn_sweep/fcn_060
REACTOME_FGFR1_LIGAND_BINDING_AND_ACTIVATION,0.0078127980232238,0.3175010403221825,test,0.6,404,674,0.5,/Users/charlottejob/Code/Evaluation_neuron_interpretability/vega_fcn_sweep/fcn_060
REACTOME_GAP_JUNCTION_ASSEMBLY,,0.38315229245735727,test,0.6,404,674,0.5,/Users/charlottejob/Code/Evaluation_neuron_interpretability/vega_fcn_sweep/fcn_060
REACTOME_SYNTHESIS_OF_GLYCOSYLPHOSPHATIDYLINOSITOL_GPI,,0.365941630676613,test,0.6,404,674,0.5,/Users/charlottejob/Code/Evaluation_neuron_interpretability/vega_fcn_sweep/fcn_060
REACTOME_RNA_POL_I_TRANSCRIPTION_INITIATION,0.0007359041483141,0.9067198303317568,test,0.6,404,674,0.5,/Users/charlottejob/Code/Evaluation_neuron_interpretability/vega_fcn_sweep/fcn_060
REACTOME_PYRIMIDINE_METABOLISM,-0.0316619649529457,0.3177293743297646,test,0.6,404,674,0.5,/Users/charlottejob/Code/Evaluation_neuron_interpretability/vega_fcn_sweep/fcn_060
REACTOME_INTRINSIC_PATHWAY_FOR_APOPTOSIS,-0.0253274068236351,0.421163736110891,test,0.6,404,674,0.5,/Users/charlottejob/Code/Evaluation_neuron_interpretability/vega_fcn_sweep/fcn_060
REACTOME_PI3K_CASCADE,-0.0267757847905159,0.8744767599891273,test,0.6,404,674,0.5,/Users/charlottejob/Code/Evaluation_neuron_interpretability/vega_fcn_sweep/fcn_060
REACTOME_APOPTOTIC_EXECUTION_PHASE,0.4021828174591064,0.7639221729234746,test,0.6,404,674,0.5,/Users/charlottejob/Code/Evaluation_neuron_interpretability/vega_fcn_sweep/fcn_060
REACTOME_SHC_RELATED_EVENTS,,0.3395785891898966,test,0.6,404,674,0.5,/Users/charlottejob/Code/Evaluation_neuron_interpretability/vega_fcn_sweep/fcn_060
