{
  "dataset": "PBMC_8K",
  "fully_connected_neuron_fraction": 0.6,
  "n_fully_connected_neurons_selected": 404,
  "n_pathway_nodes": 674,
  "n_genes": 2000,
  "n_latent_nodes": 675,
  "mask_density": 0.6008651851851852,
  "n_epochs_trained": 305,
  "train": {
    "mse": 0.03183461353182793,
    "pearson_overall": 1.0,
    "pearson_per_cell_mean": 0.9556490182876587,
    "n_cells": 6875,
    "n_genes": 2000
  },
  "test": {
    "mse": 0.04394741356372833,
    "pearson_overall": 0.9360752701759338,
    "pearson_per_cell_mean": 0.9387748837471008,
    "n_cells": 849,
    "n_genes": 2000
  },
  "hyperparameters": {
    "n_top_genes": 2000,
    "train_size": 0.9,
    "batch_size": 256,
    "learning_rate": 0.00062187,
    "n_epochs": 1000,
    "train_patience": 25,
    "test_patience": 25,
    "kld_weight": 0.000233864,
    "dropout": 0.0452273,
    "seed": 42,
    "gmt_path": "vega/vega/data/reactomes.gmt"
  }
}