pathway,distance_corr,reduction_score_probability,eval_split,fully_connected_neuron_fraction,n_fully_connected_neurons_selected,n_pathway_nodes,overlap_threshold,run_dir
REACTOME_GLYCOGEN_BREAKDOWN_GLYCOGENOLYSIS,0.7813675403594971,0.3391141050479805,test,0,0,674,0.5,/Users/charlottejob/Code/Evaluation_neuron_interpretability/vega_fcn_sweep/fcn_000
REACTOME_TRANSLATION,0.7500085830688477,0.9999448435870884,test,0,0,674,0.5,/Users/charlottejob/Code/Evaluation_neuron_interpretability/vega_fcn_sweep/fcn_000
REACTOME_PYRIMIDINE_CATABOLISM,0.8182779550552368,0.5291737879788755,test,0,0,674,0.5,/Users/charlottejob/Code/Evaluation_neuron_interpretability/vega_fcn_sweep/fcn_000
REACTOME_RNA_POL_III_TRANSCRIPTION_INITIATION_FROM_TYPE_2_PROMOTER,,0.7731483662696855,test,0,0,674,0.5,/Users/charlottejob/Code/Evaluation_neuron_interpretability/vega_fcn_sweep/fcn_000
REACTOME_INHIBITION_OF_THE_PROTEOLYTIC_ACTIVITY_OF_APC_C_REQUIRED_FOR_THE_ONSET_OF_ANAPHASE_BY_MITOTIC_SPINDLE_CHECKPOINT_COMPONENTS,0.0246692430227994,0.7698426213688676,test,0,0,674,0.5,/Users/charlottejob/Code/Evaluation_neuron_interpretability/vega_fcn_sweep/fcn_000
REACTOME_PYRUVATE_METABOLISM_AND_CITRIC_ACID_TCA_CYCLE,0.762076735496521,0.4593991700426599,test,0,0,674,0.5,/Users/charlottejob/Code/Evaluation_neuron_interpretability/vega_fcn_sweep/fcn_000
REACTOME_EXTRINSIC_PATHWAY_FOR_APOPTOSIS,0.8283926844596863,0.39051528591850077,test,0,0,674,0.5,/Users/charlottejob/Code/Evaluation_neuron_interpretability/vega_fcn_sweep/fcn_000
REACTOME_PTM_GAMMA_CARBOXYLATION_HYPUSINE_FORMATION_AND_ARYLSULFATASE_ACTIVATION,0.8362827301025391,0.40725215428337713,test,0,0,674,0.5,/Users/charlottejob/Code/Evaluation_neuron_interpretability/vega_fcn_sweep/fcn_000
REACTOME_APOPTOTIC_CLEAVAGE_OF_CELLULAR_PROTEINS,0.6923539638519287,0.8922005428381216,test,0,0,674,0.5,/Users/charlottejob/Code/Evaluation_neuron_interpretability/vega_fcn_sweep/fcn_000
REACTOME_RNA_POL_I_TRANSCRIPTION_TERMINATION,0.0044945068657398,0.7934730391895211,test,0,0,674,0.5,/Users/charlottejob/Code/Evaluation_neuron_interpretability/vega_fcn_sweep/fcn_000
REACTOME_FORMATION_OF_THE_TERNARY_COMPLEX_AND_SUBSEQUENTLY_THE_43S_COMPLEX,0.4906182587146759,0.9982358643999554,test,0,0,674,0.5,/Users/charlottejob/Code/Evaluation_neuron_interpretability/vega_fcn_sweep/fcn_000
REACTOME_ACTIVATION_OF_THE_PRE_REPLICATIVE_COMPLEX,0.0544341169297695,0.6917779329584495,test,0,0,674,0.5,/Users/charlottejob/Code/Evaluation_neuron_interpretability/vega_fcn_sweep/fcn_000
REACTOME_PROCESSING_OF_INTRONLESS_PRE_MRNAS,,0.7722514505082233,test,0,0,674,0.5,/Users/charlottejob/Code/Evaluation_neuron_interpretability/vega_fcn_sweep/fcn_000
REACTOME_GAP_JUNCTION_DEGRADATION,0.7931019067764282,0.4700976763152875,test,0,0,674,0.5,/Users/charlottejob/Code/Evaluation_neuron_interpretability/vega_fcn_sweep/fcn_000
REACTOME_BASE_EXCISION_REPAIR,,0.7823670549230031,test,0,0,674,0.5,/Users/charlottejob/Code/Evaluation_neuron_interpretability/vega_fcn_sweep/fcn_000
REACTOME_BILE_ACID_AND_BILE_SALT_METABOLISM,0.5571093559265137,0.5432262683114336,test,0,0,674,0.5,/Users/charlottejob/Code/Evaluation_neuron_interpretability/vega_fcn_sweep/fcn_000
REACTOME_SYNTHESIS_OF_BILE_ACIDS_AND_BILE_SALTS_VIA_7ALPHA_HYDROXYCHOLESTEROL,0.0499352775514125,0.7650467181120495,test,0,0,674,0.5,/Users/charlottejob/Code/Evaluation_neuron_interpretability/vega_fcn_sweep/fcn_000
REACTOME_RECYCLING_OF_BILE_ACIDS_AND_SALTS,0.7971745729446411,0.550890731983517,test,0,0,674,0.5,/Users/charlottejob/Code/Evaluation_neuron_interpretability/vega_fcn_sweep/fcn_000
REACTOME_SIGNALING_BY_RHO_GTPASES,0.3451180160045624,0.42182178661081177,test,0,0,674,0.5,/Users/charlottejob/Code/Evaluation_neuron_interpretability/vega_fcn_sweep/fcn_000
REACTOME_SIGNALING_BY_WNT,,0.7721799066439821,test,0,0,674,0.5,/Users/charlottejob/Code/Evaluation_neuron_interpretability/vega_fcn_sweep/fcn_000
REACTOME_METABOLISM_OF_NON_CODING_RNA,0.9281976222991944,0.5973290115748736,test,0,0,674,0.5,/Users/charlottejob/Code/Evaluation_neuron_interpretability/vega_fcn_sweep/fcn_000
REACTOME_SYNTHESIS_OF_BILE_ACIDS_AND_BILE_SALTS_VIA_24_HYDROXYCHOLESTEROL,-0.0022566081024706,0.6686720154371361,test,0,0,674,0.5,/Users/charlottejob/Code/Evaluation_neuron_interpretability/vega_fcn_sweep/fcn_000
REACTOME_SYNTHESIS_OF_BILE_ACIDS_AND_BILE_SALTS,0.5755014419555664,0.4378649990052484,test,0,0,674,0.5,/Users/charlottejob/Code/Evaluation_neuron_interpretability/vega_fcn_sweep/fcn_000
REACTOME_METABOLISM_OF_STEROID_HORMONES_AND_VITAMINS_A_AND_D,,0.776212537625965,test,0,0,674,0.5,/Users/charlottejob/Code/Evaluation_neuron_interpretability/vega_fcn_sweep/fcn_000
REACTOME_ANDROGEN_BIOSYNTHESIS,,0.7896278846573312,test,0,0,674,0.5,/Users/charlottejob/Code/Evaluation_neuron_interpretability/vega_fcn_sweep/fcn_000
REACTOME_SIGNALLING_BY_NGF,0.5837891101837158,0.7540620941681012,test,0,0,674,0.5,/Users/charlottejob/Code/Evaluation_neuron_interpretability/vega_fcn_sweep/fcn_000
REACTOME_CTNNB1_PHOSPHORYLATION_CASCADE,,0.7783571085809013,test,0,0,674,0.5,/Users/charlottejob/Code/Evaluation_neuron_interpretability/vega_fcn_sweep/fcn_000
REACTOME_INSULIN_RECEPTOR_RECYCLING,,0.7862548532042055,test,0,0,674,0.5,/Users/charlottejob/Code/Evaluation_neuron_interpretability/vega_fcn_sweep/fcn_000
REACTOME_COPI_MEDIATED_TRANSPORT,,0.7794546961566984,test,0,0,674,0.5,/Users/charlottejob/Code/Evaluation_neuron_interpretability/vega_fcn_sweep/fcn_000
REACTOME_NEF_MEDIATED_DOWNREGULATION_OF_MHC_CLASS_I_COMPLEX_CELL_SURFACE_EXPRESSION,0.2998847663402557,0.9971489926965909,test,0,0,674,0.5,/Users/charlottejob/Code/Evaluation_neuron_interpretability/vega_fcn_sweep/fcn_000
REACTOME_SIGNALING_BY_SCF_KIT,0.4261879622936249,0.4999809437732418,test,0,0,674,0.5,/Users/charlottejob/Code/Evaluation_neuron_interpretability/vega_fcn_sweep/fcn_000
REACTOME_DEVELOPMENTAL_BIOLOGY,0.4309864938259125,0.48336114122852847,test,0,0,674,0.5,/Users/charlottejob/Code/Evaluation_neuron_interpretability/vega_fcn_sweep/fcn_000
REACTOME_CROSS_PRESENTATION_OF_SOLUBLE_EXOGENOUS_ANTIGENS_ENDOSOMES,0.9133489727973938,0.3193318723721047,test,0,0,674,0.5,/Users/charlottejob/Code/Evaluation_neuron_interpretability/vega_fcn_sweep/fcn_000
REACTOME_SIGNALING_BY_NODAL,,0.7791144265584784,test,0,0,674,0.5,/Users/charlottejob/Code/Evaluation_neuron_interpretability/vega_fcn_sweep/fcn_000
REACTOME_DAG_AND_IP3_SIGNALING,-0.0120777329429984,0.7673030606683895,test,0,0,674,0.5,/Users/charlottejob/Code/Evaluation_neuron_interpretability/vega_fcn_sweep/fcn_000
REACTOME_SPRY_REGULATION_OF_FGF_SIGNALING,0.6646331548690796,0.45994406945825667,test,0,0,674,0.5,/Users/charlottejob/Code/Evaluation_neuron_interpretability/vega_fcn_sweep/fcn_000
REACTOME_TCA_CYCLE_AND_RESPIRATORY_ELECTRON_TRANSPORT,0.5345484614372253,0.4611272155335971,test,0,0,674,0.5,/Users/charlottejob/Code/Evaluation_neuron_interpretability/vega_fcn_sweep/fcn_000
REACTOME_BMAL1_CLOCK_NPAS2_ACTIVATES_CIRCADIAN_EXPRESSION,0.7221941947937012,0.5055531272874724,test,0,0,674,0.5,/Users/charlottejob/Code/Evaluation_neuron_interpretability/vega_fcn_sweep/fcn_000
REACTOME_ANTIGEN_PROCESSING_CROSS_PRESENTATION,0.121226891875267,0.9962029166976164,test,0,0,674,0.5,/Users/charlottejob/Code/Evaluation_neuron_interpretability/vega_fcn_sweep/fcn_000
REACTOME_GROWTH_HORMONE_RECEPTOR_SIGNALING,0.2021770626306533,0.391547024055858,test,0,0,674,0.5,/Users/charlottejob/Code/Evaluation_neuron_interpretability/vega_fcn_sweep/fcn_000
REACTOME_TRIF_MEDIATED_TLR3_SIGNALING,0.5216949582099915,0.958357721462276,test,0,0,674,0.5,/Users/charlottejob/Code/Evaluation_neuron_interpretability/vega_fcn_sweep/fcn_000
REACTOME_CELL_CELL_COMMUNICATION,0.3205019235610962,0.3613795798799913,test,0,0,674,0.5,/Users/charlottejob/Code/Evaluation_neuron_interpretability/vega_fcn_sweep/fcn_000
REACTOME_ABCA_TRANSPORTERS_IN_LIPID_HOMEOSTASIS,0.8973414301872253,0.4657670221206306,test,0,0,674,0.5,/Users/charlottejob/Code/Evaluation_neuron_interpretability/vega_fcn_sweep/fcn_000
REACTOME_ENDOSOMAL_VACUOLAR_PATHWAY,0.3281876146793365,0.9911959636446742,test,0,0,674,0.5,/Users/charlottejob/Code/Evaluation_neuron_interpretability/vega_fcn_sweep/fcn_000
REACTOME_TETRAHYDROBIOPTERIN_BH4_SYNTHESIS_RECYCLING_SALVAGE_AND_REGULATION,,0.774252933734677,test,0,0,674,0.5,/Users/charlottejob/Code/Evaluation_neuron_interpretability/vega_fcn_sweep/fcn_000
REACTOME_ER_PHAGOSOME_PATHWAY,0.5106128454208374,0.999798131930438,test,0,0,674,0.5,/Users/charlottejob/Code/Evaluation_neuron_interpretability/vega_fcn_sweep/fcn_000
REACTOME_MEIOSIS,0.4787529408931732,0.9770051135332485,test,0,0,674,0.5,/Users/charlottejob/Code/Evaluation_neuron_interpretability/vega_fcn_sweep/fcn_000
REACTOME_NEGATIVE_REGULATION_OF_FGFR_SIGNALING,0.0642302557826042,0.766129492807938,test,0,0,674,0.5,/Users/charlottejob/Code/Evaluation_neuron_interpretability/vega_fcn_sweep/fcn_000
REACTOME_G0_AND_EARLY_G1,0.500045895576477,0.5103333298382108,test,0,0,674,0.5,/Users/charlottejob/Code/Evaluation_neuron_interpretability/vega_fcn_sweep/fcn_000
REACTOME_REGULATION_OF_KIT_SIGNALING,0.873092770576477,0.5616276281359542,test,0,0,674,0.5,/Users/charlottejob/Code/Evaluation_neuron_interpretability/vega_fcn_sweep/fcn_000
REACTOME_MEMBRANE_TRAFFICKING,0.3240295350551605,0.5933004961273514,test,0,0,674,0.5,/Users/charlottejob/Code/Evaluation_neuron_interpretability/vega_fcn_sweep/fcn_000
REACTOME_NEF_MEDIATES_DOWN_MODULATION_OF_CELL_SURFACE_RECEPTORS_BY_RECRUITING_THEM_TO_CLATHRIN_ADAPTERS,0.5572249293327332,0.817490460774564,test,0,0,674,0.5,/Users/charlottejob/Code/Evaluation_neuron_interpretability/vega_fcn_sweep/fcn_000
REACTOME_IMMUNOREGULATORY_INTERACTIONS_BETWEEN_A_LYMPHOID_AND_A_NON_LYMPHOID_CELL,0.2602937221527099,0.5718315488633511,test,0,0,674,0.5,/Users/charlottejob/Code/Evaluation_neuron_interpretability/vega_fcn_sweep/fcn_000
REACTOME_ACTIVATED_AMPK_STIMULATES_FATTY_ACID_OXIDATION_IN_MUSCLE,0.8945107460021973,0.48747628050182656,test,0,0,674,0.5,/Users/charlottejob/Code/Evaluation_neuron_interpretability/vega_fcn_sweep/fcn_000
REACTOME_VITAMIN_B5_PANTOTHENATE_METABOLISM,,0.782688129825939,test,0,0,674,0.5,/Users/charlottejob/Code/Evaluation_neuron_interpretability/vega_fcn_sweep/fcn_000
REACTOME_BOTULINUM_NEUROTOXICITY,0.7690539956092834,0.49890172858370746,test,0,0,674,0.5,/Users/charlottejob/Code/Evaluation_neuron_interpretability/vega_fcn_sweep/fcn_000
REACTOME_METABOLISM_OF_VITAMINS_AND_COFACTORS,0.562128484249115,0.566160345971224,test,0,0,674,0.5,/Users/charlottejob/Code/Evaluation_neuron_interpretability/vega_fcn_sweep/fcn_000
REACTOME_TRANS_GOLGI_NETWORK_VESICLE_BUDDING,0.2118512690067291,0.5764555884601869,test,0,0,674,0.5,/Users/charlottejob/Code/Evaluation_neuron_interpretability/vega_fcn_sweep/fcn_000
REACTOME_PROTEOLYTIC_CLEAVAGE_OF_SNARE_COMPLEX_PROTEINS,0.5422799587249756,0.4160025750131757,test,0,0,674,0.5,/Users/charlottejob/Code/Evaluation_neuron_interpretability/vega_fcn_sweep/fcn_000
REACTOME_RESOLUTION_OF_AP_SITES_VIA_THE_MULTIPLE_NUCLEOTIDE_PATCH_REPLACEMENT_PATHWAY,,0.7781040875976094,test,0,0,674,0.5,/Users/charlottejob/Code/Evaluation_neuron_interpretability/vega_fcn_sweep/fcn_000
REACTOME_GAMMA_CARBOXYLATION_TRANSPORT_AND_AMINO_TERMINAL_CLEAVAGE_OF_PROTEINS,-0.0107018575072288,0.6807764036120927,test,0,0,674,0.5,/Users/charlottejob/Code/Evaluation_neuron_interpretability/vega_fcn_sweep/fcn_000
REACTOME_IL_7_SIGNALING,0.9294536113739014,0.6010595440590227,test,0,0,674,0.5,/Users/charlottejob/Code/Evaluation_neuron_interpretability/vega_fcn_sweep/fcn_000
REACTOME_CELL_CYCLE,0.3711152374744415,0.5229261997621379,test,0,0,674,0.5,/Users/charlottejob/Code/Evaluation_neuron_interpretability/vega_fcn_sweep/fcn_000
REACTOME_SIGNALING_BY_ERBB4,0.7067201137542725,0.5896652032694436,test,0,0,674,0.5,/Users/charlottejob/Code/Evaluation_neuron_interpretability/vega_fcn_sweep/fcn_000
REACTOME_ORC1_REMOVAL_FROM_CHROMATIN,0.9193017482757568,0.5311479514469294,test,0,0,674,0.5,/Users/charlottejob/Code/Evaluation_neuron_interpretability/vega_fcn_sweep/fcn_000
REACTOME_O_LINKED_GLYCOSYLATION_OF_MUCINS,0.6082943081855774,0.3803095280536011,test,0,0,674,0.5,/Users/charlottejob/Code/Evaluation_neuron_interpretability/vega_fcn_sweep/fcn_000
REACTOME_SULFUR_AMINO_ACID_METABOLISM,0.1211915761232376,0.6212423063614726,test,0,0,674,0.5,/Users/charlottejob/Code/Evaluation_neuron_interpretability/vega_fcn_sweep/fcn_000
REACTOME_DOWNREGULATION_OF_ERBB2_ERBB3_SIGNALING,0.2587876319885254,0.4073329015112019,test,0,0,674,0.5,/Users/charlottejob/Code/Evaluation_neuron_interpretability/vega_fcn_sweep/fcn_000
REACTOME_ANTIVIRAL_MECHANISM_BY_IFN_STIMULATED_GENES,0.5514901876449585,0.5578844986972195,test,0,0,674,0.5,/Users/charlottejob/Code/Evaluation_neuron_interpretability/vega_fcn_sweep/fcn_000
REACTOME_PROLACTIN_RECEPTOR_SIGNALING,,0.7850298826506128,test,0,0,674,0.5,/Users/charlottejob/Code/Evaluation_neuron_interpretability/vega_fcn_sweep/fcn_000
REACTOME_SIGNALING_BY_ERBB2,0.5916465520858765,0.3739336553662071,test,0,0,674,0.5,/Users/charlottejob/Code/Evaluation_neuron_interpretability/vega_fcn_sweep/fcn_000
REACTOME_SPHINGOLIPID_DE_NOVO_BIOSYNTHESIS,0.7628616690635681,0.4379385239517867,test,0,0,674,0.5,/Users/charlottejob/Code/Evaluation_neuron_interpretability/vega_fcn_sweep/fcn_000
REACTOME_TERMINATION_OF_O_GLYCAN_BIOSYNTHESIS,,0.785747066265323,test,0,0,674,0.5,/Users/charlottejob/Code/Evaluation_neuron_interpretability/vega_fcn_sweep/fcn_000
REACTOME_DEFENSINS,0.8145083785057068,0.5608614675984195,test,0,0,674,0.5,/Users/charlottejob/Code/Evaluation_neuron_interpretability/vega_fcn_sweep/fcn_000
REACTOME_SIGNALING_BY_CONSTITUTIVELY_ACTIVE_EGFR,0.182732343673706,0.4683027335353514,test,0,0,674,0.5,/Users/charlottejob/Code/Evaluation_neuron_interpretability/vega_fcn_sweep/fcn_000
REACTOME_GRB2_EVENTS_IN_ERBB2_SIGNALING,0.6531599760055542,0.5243173466270398,test,0,0,674,0.5,/Users/charlottejob/Code/Evaluation_neuron_interpretability/vega_fcn_sweep/fcn_000
REACTOME_SIGNALING_BY_EGFR_IN_CANCER,0.3073844611644745,0.4211172030540779,test,0,0,674,0.5,/Users/charlottejob/Code/Evaluation_neuron_interpretability/vega_fcn_sweep/fcn_000
REACTOME_MEMBRANE_BINDING_AND_TARGETTING_OF_GAG_PROTEINS,0.951463222503662,0.4261952445362496,test,0,0,674,0.5,/Users/charlottejob/Code/Evaluation_neuron_interpretability/vega_fcn_sweep/fcn_000
REACTOME_BETA_DEFENSINS,0.9423558712005616,0.3911778037967927,test,0,0,674,0.5,/Users/charlottejob/Code/Evaluation_neuron_interpretability/vega_fcn_sweep/fcn_000
REACTOME_SRP_DEPENDENT_COTRANSLATIONAL_PROTEIN_TARGETING_TO_MEMBRANE,0.4892926216125488,0.914930038173897,test,0,0,674,0.5,/Users/charlottejob/Code/Evaluation_neuron_interpretability/vega_fcn_sweep/fcn_000
REACTOME_PI3K_EVENTS_IN_ERBB4_SIGNALING,0.5987148284912109,0.5366241924545812,test,0,0,674,0.5,/Users/charlottejob/Code/Evaluation_neuron_interpretability/vega_fcn_sweep/fcn_000
REACTOME_SHC1_EVENTS_IN_ERBB4_SIGNALING,0.5788509249687195,0.45845587975991486,test,0,0,674,0.5,/Users/charlottejob/Code/Evaluation_neuron_interpretability/vega_fcn_sweep/fcn_000
REACTOME_PI3K_EVENTS_IN_ERBB2_SIGNALING,0.5200238227844238,0.4788919532304863,test,0,0,674,0.5,/Users/charlottejob/Code/Evaluation_neuron_interpretability/vega_fcn_sweep/fcn_000
REACTOME_NUCLEAR_SIGNALING_BY_ERBB4,0.6868581771850586,0.5372400076172743,test,0,0,674,0.5,/Users/charlottejob/Code/Evaluation_neuron_interpretability/vega_fcn_sweep/fcn_000
REACTOME_GLYCOSPHINGOLIPID_METABOLISM,0.7341492772102356,0.7518988763847712,test,0,0,674,0.5,/Users/charlottejob/Code/Evaluation_neuron_interpretability/vega_fcn_sweep/fcn_000
REACTOME_PPARA_ACTIVATES_GENE_EXPRESSION,0.4572079181671142,0.3591913468238557,test,0,0,674,0.5,/Users/charlottejob/Code/Evaluation_neuron_interpretability/vega_fcn_sweep/fcn_000
REACTOME_ASSOCIATION_OF_LICENSING_FACTORS_WITH_THE_PRE_REPLICATIVE_COMPLEX,,0.7694856694149982,test,0,0,674,0.5,/Users/charlottejob/Code/Evaluation_neuron_interpretability/vega_fcn_sweep/fcn_000
REACTOME_RIP_MEDIATED_NFKB_ACTIVATION_VIA_DAI,0.7734428644180298,0.6213571659399982,test,0,0,674,0.5,/Users/charlottejob/Code/Evaluation_neuron_interpretability/vega_fcn_sweep/fcn_000
REACTOME_PRE_NOTCH_TRANSCRIPTION_AND_TRANSLATION,,0.7788142913231254,test,0,0,674,0.5,/Users/charlottejob/Code/Evaluation_neuron_interpretability/vega_fcn_sweep/fcn_000
REACTOME_DEGRADATION_OF_THE_EXTRACELLULAR_MATRIX,0.4965543448925018,0.3943823430064563,test,0,0,674,0.5,/Users/charlottejob/Code/Evaluation_neuron_interpretability/vega_fcn_sweep/fcn_000
REACTOME_MITOCHONDRIAL_PROTEIN_IMPORT,,0.7726737338044758,test,0,0,674,0.5,/Users/charlottejob/Code/Evaluation_neuron_interpretability/vega_fcn_sweep/fcn_000
REACTOME_SIGNALING_BY_HIPPO,0.9006255865097046,0.5313975063149599,test,0,0,674,0.5,/Users/charlottejob/Code/Evaluation_neuron_interpretability/vega_fcn_sweep/fcn_000
REACTOME_ACTIVATED_NOTCH1_TRANSMITS_SIGNAL_TO_THE_NUCLEUS,0.6922467350959778,0.40987127463624506,test,0,0,674,0.5,/Users/charlottejob/Code/Evaluation_neuron_interpretability/vega_fcn_sweep/fcn_000
REACTOME_TRAFFICKING_AND_PROCESSING_OF_ENDOSOMAL_TLR,0.8101585507392883,0.7837917186566146,test,0,0,674,0.5,/Users/charlottejob/Code/Evaluation_neuron_interpretability/vega_fcn_sweep/fcn_000
REACTOME_SIGNALING_BY_NOTCH4,,0.7679902281551281,test,0,0,674,0.5,/Users/charlottejob/Code/Evaluation_neuron_interpretability/vega_fcn_sweep/fcn_000
REACTOME_DOWNSTREAM_SIGNALING_EVENTS_OF_B_CELL_RECEPTOR_BCR,0.431501567363739,0.4668314242097509,test,0,0,674,0.5,/Users/charlottejob/Code/Evaluation_neuron_interpretability/vega_fcn_sweep/fcn_000
REACTOME_ACTIVATION_OF_NF_KAPPAB_IN_B_CELLS,0.7442192435264587,0.705152069661787,test,0,0,674,0.5,/Users/charlottejob/Code/Evaluation_neuron_interpretability/vega_fcn_sweep/fcn_000
REACTOME_RORA_ACTIVATES_CIRCADIAN_EXPRESSION,0.943735897541046,0.509121375287453,test,0,0,674,0.5,/Users/charlottejob/Code/Evaluation_neuron_interpretability/vega_fcn_sweep/fcn_000
REACTOME_ANTIGEN_ACTIVATES_B_CELL_RECEPTOR_LEADING_TO_GENERATION_OF_SECOND_MESSENGERS,0.7783446311950684,0.5477751505672492,test,0,0,674,0.5,/Users/charlottejob/Code/Evaluation_neuron_interpretability/vega_fcn_sweep/fcn_000
REACTOME_REGULATION_OF_COMPLEMENT_CASCADE,0.0238869078457355,0.773970777946043,test,0,0,674,0.5,/Users/charlottejob/Code/Evaluation_neuron_interpretability/vega_fcn_sweep/fcn_000
REACTOME_YAP1_AND_WWTR1_TAZ_STIMULATED_GENE_EXPRESSION,,0.7724137329319897,test,0,0,674,0.5,/Users/charlottejob/Code/Evaluation_neuron_interpretability/vega_fcn_sweep/fcn_000
REACTOME_SIGNALING_BY_NOTCH2,,0.7837211534266892,test,0,0,674,0.5,/Users/charlottejob/Code/Evaluation_neuron_interpretability/vega_fcn_sweep/fcn_000
REACTOME_PRE_NOTCH_EXPRESSION_AND_PROCESSING,,0.7769105265453911,test,0,0,674,0.5,/Users/charlottejob/Code/Evaluation_neuron_interpretability/vega_fcn_sweep/fcn_000
REACTOME_SIGNALING_BY_THE_B_CELL_RECEPTOR_BCR,0.6768888235092163,0.5368250149469607,test,0,0,674,0.5,/Users/charlottejob/Code/Evaluation_neuron_interpretability/vega_fcn_sweep/fcn_000
REACTOME_EXTRACELLULAR_MATRIX_ORGANIZATION,0.6996356248855591,0.49301624248041437,test,0,0,674,0.5,/Users/charlottejob/Code/Evaluation_neuron_interpretability/vega_fcn_sweep/fcn_000
REACTOME_NOTCH1_INTRACELLULAR_DOMAIN_REGULATES_TRANSCRIPTION,0.2549794018268585,0.395294543067236,test,0,0,674,0.5,/Users/charlottejob/Code/Evaluation_neuron_interpretability/vega_fcn_sweep/fcn_000
REACTOME_CIRCADIAN_REPRESSION_OF_EXPRESSION_BY_REV_ERBA,0.9409369230270386,0.5537957821526727,test,0,0,674,0.5,/Users/charlottejob/Code/Evaluation_neuron_interpretability/vega_fcn_sweep/fcn_000
REACTOME_PRE_NOTCH_PROCESSING_IN_GOLGI,,0.7832203463770013,test,0,0,674,0.5,/Users/charlottejob/Code/Evaluation_neuron_interpretability/vega_fcn_sweep/fcn_000
REACTOME_SIGNALING_BY_NOTCH1,0.6180203557014465,0.522071620695111,test,0,0,674,0.5,/Users/charlottejob/Code/Evaluation_neuron_interpretability/vega_fcn_sweep/fcn_000
REACTOME_SIGNALING_BY_NOTCH3,,0.7671613663133098,test,0,0,674,0.5,/Users/charlottejob/Code/Evaluation_neuron_interpretability/vega_fcn_sweep/fcn_000
REACTOME_TRIGLYCERIDE_BIOSYNTHESIS,0.8172606825828552,0.49690900883744876,test,0,0,674,0.5,/Users/charlottejob/Code/Evaluation_neuron_interpretability/vega_fcn_sweep/fcn_000
REACTOME_INSULIN_RECEPTOR_SIGNALLING_CASCADE,0.6515896320343018,0.6341089064057261,test,0,0,674,0.5,/Users/charlottejob/Code/Evaluation_neuron_interpretability/vega_fcn_sweep/fcn_000
REACTOME_ARMS_MEDIATED_ACTIVATION,,0.7777952275007634,test,0,0,674,0.5,/Users/charlottejob/Code/Evaluation_neuron_interpretability/vega_fcn_sweep/fcn_000
REACTOME_PROLONGED_ERK_ACTIVATION_EVENTS,,0.7880382148933387,test,0,0,674,0.5,/Users/charlottejob/Code/Evaluation_neuron_interpretability/vega_fcn_sweep/fcn_000
REACTOME_SIGNALLING_TO_RAS,0.7708591222763062,0.4733609046781494,test,0,0,674,0.5,/Users/charlottejob/Code/Evaluation_neuron_interpretability/vega_fcn_sweep/fcn_000
REACTOME_SIGNALING_BY_BMP,-0.0171000268310308,0.5897792131081077,test,0,0,674,0.5,/Users/charlottejob/Code/Evaluation_neuron_interpretability/vega_fcn_sweep/fcn_000
REACTOME_CELL_SURFACE_INTERACTIONS_AT_THE_VASCULAR_WALL,0.2937620878219604,0.6427667589259992,test,0,0,674,0.5,/Users/charlottejob/Code/Evaluation_neuron_interpretability/vega_fcn_sweep/fcn_000
REACTOME_NGF_SIGNALLING_VIA_TRKA_FROM_THE_PLASMA_MEMBRANE,0.5318627953529358,0.49228485660799537,test,0,0,674,0.5,/Users/charlottejob/Code/Evaluation_neuron_interpretability/vega_fcn_sweep/fcn_000
REACTOME_SIGNALLING_TO_ERKS,0.699228048324585,0.4404283306179161,test,0,0,674,0.5,/Users/charlottejob/Code/Evaluation_neuron_interpretability/vega_fcn_sweep/fcn_000
REACTOME_P38MAPK_EVENTS,0.7673202753067017,0.4553972756130927,test,0,0,674,0.5,/Users/charlottejob/Code/Evaluation_neuron_interpretability/vega_fcn_sweep/fcn_000
REACTOME_ACYL_CHAIN_REMODELLING_OF_PI,0.8234350085258484,0.4931872721094544,test,0,0,674,0.5,/Users/charlottejob/Code/Evaluation_neuron_interpretability/vega_fcn_sweep/fcn_000
REACTOME_TGF_BETA_RECEPTOR_SIGNALING_IN_EMT_EPITHELIAL_TO_MESENCHYMAL_TRANSITION,,0.7762491820442352,test,0,0,674,0.5,/Users/charlottejob/Code/Evaluation_neuron_interpretability/vega_fcn_sweep/fcn_000
REACTOME_DOWNREGULATION_OF_TGF_BETA_RECEPTOR_SIGNALING,,0.7722078262007589,test,0,0,674,0.5,/Users/charlottejob/Code/Evaluation_neuron_interpretability/vega_fcn_sweep/fcn_000
REACTOME_COLLAGEN_FORMATION,0.4028457403182983,0.42945200804372596,test,0,0,674,0.5,/Users/charlottejob/Code/Evaluation_neuron_interpretability/vega_fcn_sweep/fcn_000
REACTOME_SMAD2_SMAD3_SMAD4_HETEROTRIMER_REGULATES_TRANSCRIPTION,0.7886296510696411,0.9727831061753325,test,0,0,674,0.5,/Users/charlottejob/Code/Evaluation_neuron_interpretability/vega_fcn_sweep/fcn_000
REACTOME_SIGNALING_BY_FGFR_IN_DISEASE,0.7303314805030823,0.597169458315131,test,0,0,674,0.5,/Users/charlottejob/Code/Evaluation_neuron_interpretability/vega_fcn_sweep/fcn_000
REACTOME_HS_GAG_DEGRADATION,0.904071569442749,0.4619153970633981,test,0,0,674,0.5,/Users/charlottejob/Code/Evaluation_neuron_interpretability/vega_fcn_sweep/fcn_000
REACTOME_SYNTHESIS_OF_PIPS_AT_THE_EARLY_ENDOSOME_MEMBRANE,,0.7708240631679971,test,0,0,674,0.5,/Users/charlottejob/Code/Evaluation_neuron_interpretability/vega_fcn_sweep/fcn_000
REACTOME_SIGNALLING_TO_P38_VIA_RIT_AND_RIN,0.923981249332428,0.47547122989867646,test,0,0,674,0.5,/Users/charlottejob/Code/Evaluation_neuron_interpretability/vega_fcn_sweep/fcn_000
REACTOME_P53_INDEPENDENT_G1_S_DNA_DAMAGE_CHECKPOINT,,0.7691035204816122,test,0,0,674,0.5,/Users/charlottejob/Code/Evaluation_neuron_interpretability/vega_fcn_sweep/fcn_000
REACTOME_REGULATION_OF_HYPOXIA_INDUCIBLE_FACTOR_HIF_BY_OXYGEN,,0.7750172316014483,test,0,0,674,0.5,/Users/charlottejob/Code/Evaluation_neuron_interpretability/vega_fcn_sweep/fcn_000
REACTOME_ACYL_CHAIN_REMODELLING_OF_PC,0.6533178687095642,0.489423978897329,test,0,0,674,0.5,/Users/charlottejob/Code/Evaluation_neuron_interpretability/vega_fcn_sweep/fcn_000
REACTOME_SYNTHESIS_OF_PIPS_AT_THE_GOLGI_MEMBRANE,,0.7685259346507874,test,0,0,674,0.5,/Users/charlottejob/Code/Evaluation_neuron_interpretability/vega_fcn_sweep/fcn_000
REACTOME_TGF_BETA_RECEPTOR_SIGNALING_ACTIVATES_SMADS,,0.7767779086507002,test,0,0,674,0.5,/Users/charlottejob/Code/Evaluation_neuron_interpretability/vega_fcn_sweep/fcn_000
REACTOME_ACTIVATED_POINT_MUTANTS_OF_FGFR2,,0.7645631025607468,test,0,0,674,0.5,/Users/charlottejob/Code/Evaluation_neuron_interpretability/vega_fcn_sweep/fcn_000
REACTOME_PHOSPHOLIPID_METABOLISM,0.3117135465145111,0.5076776780021828,test,0,0,674,0.5,/Users/charlottejob/Code/Evaluation_neuron_interpretability/vega_fcn_sweep/fcn_000
REACTOME_CS_DS_DEGRADATION,0.955590546131134,0.5117505188176567,test,0,0,674,0.5,/Users/charlottejob/Code/Evaluation_neuron_interpretability/vega_fcn_sweep/fcn_000
REACTOME_SYNTHESIS_OF_PA,0.7991281747817993,0.47185978236028336,test,0,0,674,0.5,/Users/charlottejob/Code/Evaluation_neuron_interpretability/vega_fcn_sweep/fcn_000
REACTOME_OXYGEN_DEPENDENT_PROLINE_HYDROXYLATION_OF_HYPOXIA_INDUCIBLE_FACTOR_ALPHA,,0.7718640666579419,test,0,0,674,0.5,/Users/charlottejob/Code/Evaluation_neuron_interpretability/vega_fcn_sweep/fcn_000
REACTOME_SYNTHESIS_OF_PIPS_AT_THE_LATE_ENDOSOME_MEMBRANE,,0.7773153601186581,test,0,0,674,0.5,/Users/charlottejob/Code/Evaluation_neuron_interpretability/vega_fcn_sweep/fcn_000
REACTOME_SYNTHESIS_OF_PE,,0.7832412860445841,test,0,0,674,0.5,/Users/charlottejob/Code/Evaluation_neuron_interpretability/vega_fcn_sweep/fcn_000
REACTOME_GASTRIN_CREB_SIGNALLING_PATHWAY_VIA_PKC_AND_MAPK,0.5079801082611084,0.5928388566247915,test,0,0,674,0.5,/Users/charlottejob/Code/Evaluation_neuron_interpretability/vega_fcn_sweep/fcn_000
REACTOME_CHONDROITIN_SULFATE_BIOSYNTHESIS,0.4129789471626282,0.5285906624607892,test,0,0,674,0.5,/Users/charlottejob/Code/Evaluation_neuron_interpretability/vega_fcn_sweep/fcn_000
REACTOME_HYALURONAN_UPTAKE_AND_DEGRADATION,,0.7675278104960085,test,0,0,674,0.5,/Users/charlottejob/Code/Evaluation_neuron_interpretability/vega_fcn_sweep/fcn_000
REACTOME_SIGNALING_BY_FGFR1_MUTANTS,0.885633111000061,0.5622731741013312,test,0,0,674,0.5,/Users/charlottejob/Code/Evaluation_neuron_interpretability/vega_fcn_sweep/fcn_000
REACTOME_SYNTHESIS_OF_PIPS_AT_THE_PLASMA_MEMBRANE,0.4706214070320129,0.4221683103915054,test,0,0,674,0.5,/Users/charlottejob/Code/Evaluation_neuron_interpretability/vega_fcn_sweep/fcn_000
REACTOME_THE_ACTIVATION_OF_ARYLSULFATASES,0.0426237545907497,0.7552229088675253,test,0,0,674,0.5,/Users/charlottejob/Code/Evaluation_neuron_interpretability/vega_fcn_sweep/fcn_000
REACTOME_TRANSCRIPTIONAL_ACTIVITY_OF_SMAD2_SMAD3_SMAD4_HETEROTRIMER,0.6998332142829895,0.9715110415211978,test,0,0,674,0.5,/Users/charlottejob/Code/Evaluation_neuron_interpretability/vega_fcn_sweep/fcn_000
REACTOME_HYALURONAN_METABOLISM,,0.7687841905509749,test,0,0,674,0.5,/Users/charlottejob/Code/Evaluation_neuron_interpretability/vega_fcn_sweep/fcn_000
REACTOME_DOWNREGULATION_OF_SMAD2_3_SMAD4_TRANSCRIPTIONAL_ACTIVITY,0.6313893795013428,0.3805213111243349,test,0,0,674,0.5,/Users/charlottejob/Code/Evaluation_neuron_interpretability/vega_fcn_sweep/fcn_000
REACTOME_KERATAN_SULFATE_BIOSYNTHESIS,0.9288843870162964,0.41490119483283366,test,0,0,674,0.5,/Users/charlottejob/Code/Evaluation_neuron_interpretability/vega_fcn_sweep/fcn_000
REACTOME_REVERSIBLE_HYDRATION_OF_CARBON_DIOXIDE,0.7993370890617371,0.3916896470974755,test,0,0,674,0.5,/Users/charlottejob/Code/Evaluation_neuron_interpretability/vega_fcn_sweep/fcn_000
REACTOME_SIGNALING_BY_FGFR1_FUSION_MUTANTS,0.9309807419776917,0.5923548011666385,test,0,0,674,0.5,/Users/charlottejob/Code/Evaluation_neuron_interpretability/vega_fcn_sweep/fcn_000
REACTOME_ALPHA_LINOLENIC_ACID_ALA_METABOLISM,0.8863226175308228,0.5114582071657898,test,0,0,674,0.5,/Users/charlottejob/Code/Evaluation_neuron_interpretability/vega_fcn_sweep/fcn_000
REACTOME_SIGNALING_BY_ACTIVATED_POINT_MUTANTS_OF_FGFR1,0.0127565413713455,0.7701152465387247,test,0,0,674,0.5,/Users/charlottejob/Code/Evaluation_neuron_interpretability/vega_fcn_sweep/fcn_000
REACTOME_PI_METABOLISM,0.482190191745758,0.3797373556247033,test,0,0,674,0.5,/Users/charlottejob/Code/Evaluation_neuron_interpretability/vega_fcn_sweep/fcn_000
REACTOME_ABACAVIR_TRANSPORT_AND_METABOLISM,,0.7677441870610305,test,0,0,674,0.5,/Users/charlottejob/Code/Evaluation_neuron_interpretability/vega_fcn_sweep/fcn_000
REACTOME_CHONDROITIN_SULFATE_DERMATAN_SULFATE_METABOLISM,0.4106890559196472,0.5276392494720711,test,0,0,674,0.5,/Users/charlottejob/Code/Evaluation_neuron_interpretability/vega_fcn_sweep/fcn_000
REACTOME_LATENT_INFECTION_OF_HOMO_SAPIENS_WITH_MYCOBACTERIUM_TUBERCULOSIS,0.7517497539520264,0.4372297099813258,test,0,0,674,0.5,/Users/charlottejob/Code/Evaluation_neuron_interpretability/vega_fcn_sweep/fcn_000
REACTOME_SYNTHESIS_OF_PC,,0.7814003402695983,test,0,0,674,0.5,/Users/charlottejob/Code/Evaluation_neuron_interpretability/vega_fcn_sweep/fcn_000
REACTOME_HS_GAG_BIOSYNTHESIS,0.4759757816791534,0.4603740480159937,test,0,0,674,0.5,/Users/charlottejob/Code/Evaluation_neuron_interpretability/vega_fcn_sweep/fcn_000
REACTOME_SIGNALING_BY_FGFR3_MUTANTS,,0.7649766609955067,test,0,0,674,0.5,/Users/charlottejob/Code/Evaluation_neuron_interpretability/vega_fcn_sweep/fcn_000
REACTOME_KERATAN_SULFATE_KERATIN_METABOLISM,0.8305995464324951,0.5315497223624431,test,0,0,674,0.5,/Users/charlottejob/Code/Evaluation_neuron_interpretability/vega_fcn_sweep/fcn_000
REACTOME_APOPTOSIS_INDUCED_DNA_FRAGMENTATION,0.7217012643814087,0.601733156566857,test,0,0,674,0.5,/Users/charlottejob/Code/Evaluation_neuron_interpretability/vega_fcn_sweep/fcn_000
REACTOME_KERATAN_SULFATE_DEGRADATION,0.8963479399681091,0.4106535614839239,test,0,0,674,0.5,/Users/charlottejob/Code/Evaluation_neuron_interpretability/vega_fcn_sweep/fcn_000
REACTOME_HEPARAN_SULFATE_HEPARIN_HS_GAG_METABOLISM,0.9305870532989502,0.5460397009975577,test,0,0,674,0.5,/Users/charlottejob/Code/Evaluation_neuron_interpretability/vega_fcn_sweep/fcn_000
REACTOME_GLYCOSAMINOGLYCAN_METABOLISM,0.7556119561195374,0.5874571628053232,test,0,0,674,0.5,/Users/charlottejob/Code/Evaluation_neuron_interpretability/vega_fcn_sweep/fcn_000
REACTOME_ACYL_CHAIN_REMODELLING_OF_PG,0.7466480731964111,0.4782483343002303,test,0,0,674,0.5,/Users/charlottejob/Code/Evaluation_neuron_interpretability/vega_fcn_sweep/fcn_000
REACTOME_ACYL_CHAIN_REMODELLING_OF_PE,0.8085459470748901,0.4874808686513897,test,0,0,674,0.5,/Users/charlottejob/Code/Evaluation_neuron_interpretability/vega_fcn_sweep/fcn_000
REACTOME_ACYL_CHAIN_REMODELLING_OF_PS,0.8889454007148743,0.4137610829958627,test,0,0,674,0.5,/Users/charlottejob/Code/Evaluation_neuron_interpretability/vega_fcn_sweep/fcn_000
REACTOME_SIGNALING_BY_FGFR_MUTANTS,0.8740572333335876,0.5649422281055729,test,0,0,674,0.5,/Users/charlottejob/Code/Evaluation_neuron_interpretability/vega_fcn_sweep/fcn_000
REACTOME_MHC_CLASS_II_ANTIGEN_PRESENTATION,0.6572735905647278,0.6711823702418485,test,0,0,674,0.5,/Users/charlottejob/Code/Evaluation_neuron_interpretability/vega_fcn_sweep/fcn_000
REACTOME_GLYCEROPHOSPHOLIPID_BIOSYNTHESIS,0.5044214129447937,0.38600487741994727,test,0,0,674,0.5,/Users/charlottejob/Code/Evaluation_neuron_interpretability/vega_fcn_sweep/fcn_000
REACTOME_A_TETRASACCHARIDE_LINKER_SEQUENCE_IS_REQUIRED_FOR_GAG_SYNTHESIS,0.947806715965271,0.5605261910654947,test,0,0,674,0.5,/Users/charlottejob/Code/Evaluation_neuron_interpretability/vega_fcn_sweep/fcn_000
REACTOME_CDK_MEDIATED_PHOSPHORYLATION_AND_REMOVAL_OF_CDC6,,0.7775387165728743,test,0,0,674,0.5,/Users/charlottejob/Code/Evaluation_neuron_interpretability/vega_fcn_sweep/fcn_000
REACTOME_PLATELET_ADHESION_TO_EXPOSED_COLLAGEN,0.764103889465332,0.6150607387092804,test,0,0,674,0.5,/Users/charlottejob/Code/Evaluation_neuron_interpretability/vega_fcn_sweep/fcn_000
REACTOME_VEGF_LIGAND_RECEPTOR_INTERACTIONS,0.6423118114471436,0.4740347345279662,test,0,0,674,0.5,/Users/charlottejob/Code/Evaluation_neuron_interpretability/vega_fcn_sweep/fcn_000
REACTOME_ENOS_ACTIVATION_AND_REGULATION,-0.0123879238963127,0.7762388055522009,test,0,0,674,0.5,/Users/charlottejob/Code/Evaluation_neuron_interpretability/vega_fcn_sweep/fcn_000
REACTOME_MICRORNA_MIRNA_BIOGENESIS,,0.7704872835143742,test,0,0,674,0.5,/Users/charlottejob/Code/Evaluation_neuron_interpretability/vega_fcn_sweep/fcn_000
REACTOME_NUCLEAR_EVENTS_KINASE_AND_TRANSCRIPTION_FACTOR_ACTIVATION,0.7335065603256226,0.547289433977545,test,0,0,674,0.5,/Users/charlottejob/Code/Evaluation_neuron_interpretability/vega_fcn_sweep/fcn_000
REACTOME_RETROGRADE_NEUROTROPHIN_SIGNALLING,,0.7811926885660692,test,0,0,674,0.5,/Users/charlottejob/Code/Evaluation_neuron_interpretability/vega_fcn_sweep/fcn_000
REACTOME_ERKS_ARE_INACTIVATED,0.8697842955589294,0.5001863474148692,test,0,0,674,0.5,/Users/charlottejob/Code/Evaluation_neuron_interpretability/vega_fcn_sweep/fcn_000
REACTOME_NEGATIVE_REGULATION_OF_THE_PI3K_AKT_NETWORK,,0.7552676351262925,test,0,0,674,0.5,/Users/charlottejob/Code/Evaluation_neuron_interpretability/vega_fcn_sweep/fcn_000
REACTOME_PI3K_AKT_ACTIVATION,0.8070502281188965,0.5283201491714083,test,0,0,674,0.5,/Users/charlottejob/Code/Evaluation_neuron_interpretability/vega_fcn_sweep/fcn_000
REACTOME_REGULATORY_RNA_PATHWAYS,,0.7753784408672514,test,0,0,674,0.5,/Users/charlottejob/Code/Evaluation_neuron_interpretability/vega_fcn_sweep/fcn_000
REACTOME_EGFR_DOWNREGULATION,0.1555890440940857,0.5572957959455841,test,0,0,674,0.5,/Users/charlottejob/Code/Evaluation_neuron_interpretability/vega_fcn_sweep/fcn_000
REACTOME_PROCESSING_OF_CAPPED_INTRON_CONTAINING_PRE_MRNA,0.9230968952178956,0.6502971208941081,test,0,0,674,0.5,/Users/charlottejob/Code/Evaluation_neuron_interpretability/vega_fcn_sweep/fcn_000
REACTOME_PECAM1_INTERACTIONS,0.638369619846344,0.4110012131743316,test,0,0,674,0.5,/Users/charlottejob/Code/Evaluation_neuron_interpretability/vega_fcn_sweep/fcn_000
REACTOME_TCR_SIGNALING,0.3489964306354522,0.827309107742573,test,0,0,674,0.5,/Users/charlottejob/Code/Evaluation_neuron_interpretability/vega_fcn_sweep/fcn_000
REACTOME_REGULATION_OF_PYRUVATE_DEHYDROGENASE_PDH_COMPLEX,0.4293260276317596,0.5460947850543512,test,0,0,674,0.5,/Users/charlottejob/Code/Evaluation_neuron_interpretability/vega_fcn_sweep/fcn_000
REACTOME_DOWNSTREAM_TCR_SIGNALING,0.5045956969261169,0.7722501344972483,test,0,0,674,0.5,/Users/charlottejob/Code/Evaluation_neuron_interpretability/vega_fcn_sweep/fcn_000
REACTOME_BASIGIN_INTERACTIONS,0.6845620274543762,0.4964875901906434,test,0,0,674,0.5,/Users/charlottejob/Code/Evaluation_neuron_interpretability/vega_fcn_sweep/fcn_000
REACTOME_AKT_PHOSPHORYLATES_TARGETS_IN_THE_CYTOSOL,0.920969784259796,0.4968296622303098,test,0,0,674,0.5,/Users/charlottejob/Code/Evaluation_neuron_interpretability/vega_fcn_sweep/fcn_000
REACTOME_GAB1_SIGNALOSOME,0.4124863743782043,0.5939707361780889,test,0,0,674,0.5,/Users/charlottejob/Code/Evaluation_neuron_interpretability/vega_fcn_sweep/fcn_000
REACTOME_SHC1_EVENTS_IN_EGFR_SIGNALING,,0.7789870435806832,test,0,0,674,0.5,/Users/charlottejob/Code/Evaluation_neuron_interpretability/vega_fcn_sweep/fcn_000
REACTOME_ACTIVATION_OF_THE_MRNA_UPON_BINDING_OF_THE_CAP_BINDING_COMPLEX_AND_EIFS_AND_SUBSEQUENT_BINDING_TO_43S,0.2675603926181793,0.999121929413768,test,0,0,674,0.5,/Users/charlottejob/Code/Evaluation_neuron_interpretability/vega_fcn_sweep/fcn_000
REACTOME_PHOSPHORYLATION_OF_CD3_AND_TCR_ZETA_CHAINS,0.561495304107666,0.8887420989894489,test,0,0,674,0.5,/Users/charlottejob/Code/Evaluation_neuron_interpretability/vega_fcn_sweep/fcn_000
REACTOME_GLUTAMATE_NEUROTRANSMITTER_RELEASE_CYCLE,0.0416443459689617,0.7706671462728253,test,0,0,674,0.5,/Users/charlottejob/Code/Evaluation_neuron_interpretability/vega_fcn_sweep/fcn_000
REACTOME_TRANSLOCATION_OF_ZAP_70_TO_IMMUNOLOGICAL_SYNAPSE,0.4319242537021637,0.9170973093234578,test,0,0,674,0.5,/Users/charlottejob/Code/Evaluation_neuron_interpretability/vega_fcn_sweep/fcn_000
REACTOME_ERK_MAPK_TARGETS,0.7324705123901367,0.5910074456715982,test,0,0,674,0.5,/Users/charlottejob/Code/Evaluation_neuron_interpretability/vega_fcn_sweep/fcn_000
REACTOME_TIE2_SIGNALING,0.1288572251796722,0.5493525295866286,test,0,0,674,0.5,/Users/charlottejob/Code/Evaluation_neuron_interpretability/vega_fcn_sweep/fcn_000
REACTOME_GENERATION_OF_SECOND_MESSENGER_MOLECULES,0.2248587310314178,0.6735814802022725,test,0,0,674,0.5,/Users/charlottejob/Code/Evaluation_neuron_interpretability/vega_fcn_sweep/fcn_000
REACTOME_GENERIC_TRANSCRIPTION_PATHWAY,0.4611660242080688,0.971432987437976,test,0,0,674,0.5,/Users/charlottejob/Code/Evaluation_neuron_interpretability/vega_fcn_sweep/fcn_000
REACTOME_RESPONSE_TO_ELEVATED_PLATELET_CYTOSOLIC_CA2_,0.2259464710950851,0.8074471028992295,test,0,0,674,0.5,/Users/charlottejob/Code/Evaluation_neuron_interpretability/vega_fcn_sweep/fcn_000
REACTOME_TRANSPORT_OF_MATURE_TRANSCRIPT_TO_CYTOPLASM,0.9296383857727052,0.6240743200758079,test,0,0,674,0.5,/Users/charlottejob/Code/Evaluation_neuron_interpretability/vega_fcn_sweep/fcn_000
REACTOME_METABOLISM_OF_AMINO_ACIDS_AND_DERIVATIVES,0.8018108606338501,0.8004750216880726,test,0,0,674,0.5,/Users/charlottejob/Code/Evaluation_neuron_interpretability/vega_fcn_sweep/fcn_000
REACTOME_RNA_POL_I_TRANSCRIPTION,0.5495855808258057,0.9848473317024554,test,0,0,674,0.5,/Users/charlottejob/Code/Evaluation_neuron_interpretability/vega_fcn_sweep/fcn_000
REACTOME_FATTY_ACYL_COA_BIOSYNTHESIS,-0.0139319747686386,0.778257580146012,test,0,0,674,0.5,/Users/charlottejob/Code/Evaluation_neuron_interpretability/vega_fcn_sweep/fcn_000
REACTOME_E2F_ENABLED_INHIBITION_OF_PRE_REPLICATION_COMPLEX_FORMATION,,0.7700004362430747,test,0,0,674,0.5,/Users/charlottejob/Code/Evaluation_neuron_interpretability/vega_fcn_sweep/fcn_000
REACTOME_P75NTR_RECRUITS_SIGNALLING_COMPLEXES,,0.7787916066832439,test,0,0,674,0.5,/Users/charlottejob/Code/Evaluation_neuron_interpretability/vega_fcn_sweep/fcn_000
REACTOME_BIOLOGICAL_OXIDATIONS,0.5016392469406128,0.4121821964266363,test,0,0,674,0.5,/Users/charlottejob/Code/Evaluation_neuron_interpretability/vega_fcn_sweep/fcn_000
REACTOME_REGULATED_PROTEOLYSIS_OF_P75NTR,,0.7756820660472015,test,0,0,674,0.5,/Users/charlottejob/Code/Evaluation_neuron_interpretability/vega_fcn_sweep/fcn_000
REACTOME_TRANSMISSION_ACROSS_CHEMICAL_SYNAPSES,0.4874787628650665,0.4360835343167499,test,0,0,674,0.5,/Users/charlottejob/Code/Evaluation_neuron_interpretability/vega_fcn_sweep/fcn_000
REACTOME_P75NTR_SIGNALS_VIA_NFKB,0.8418034315109253,0.6903464860620337,test,0,0,674,0.5,/Users/charlottejob/Code/Evaluation_neuron_interpretability/vega_fcn_sweep/fcn_000
REACTOME_CASPASE_MEDIATED_CLEAVAGE_OF_CYTOSKELETAL_PROTEINS,0.7908154726028442,0.8811245446590643,test,0,0,674,0.5,/Users/charlottejob/Code/Evaluation_neuron_interpretability/vega_fcn_sweep/fcn_000
REACTOME_XENOBIOTICS,0.027117732912302,0.6782075613481386,test,0,0,674,0.5,/Users/charlottejob/Code/Evaluation_neuron_interpretability/vega_fcn_sweep/fcn_000
REACTOME_INTEGRIN_CELL_SURFACE_INTERACTIONS,0.3338363766670227,0.41087793386767807,test,0,0,674,0.5,/Users/charlottejob/Code/Evaluation_neuron_interpretability/vega_fcn_sweep/fcn_000
REACTOME_REGULATION_OF_ORNITHINE_DECARBOXYLASE_ODC,0.948175013065338,0.3577257936549545,test,0,0,674,0.5,/Users/charlottejob/Code/Evaluation_neuron_interpretability/vega_fcn_sweep/fcn_000
REACTOME_CYTOCHROME_P450_ARRANGED_BY_SUBSTRATE_TYPE,0.8954330682754517,0.37072014732887193,test,0,0,674,0.5,/Users/charlottejob/Code/Evaluation_neuron_interpretability/vega_fcn_sweep/fcn_000
REACTOME_BASE_FREE_SUGAR_PHOSPHATE_REMOVAL_VIA_THE_SINGLE_NUCLEOTIDE_REPLACEMENT_PATHWAY,,0.7802120141342757,test,0,0,674,0.5,/Users/charlottejob/Code/Evaluation_neuron_interpretability/vega_fcn_sweep/fcn_000
REACTOME_APOPTOTIC_CLEAVAGE_OF_CELL_ADHESION_PROTEINS,0.1169849708676338,0.5754679389621172,test,0,0,674,0.5,/Users/charlottejob/Code/Evaluation_neuron_interpretability/vega_fcn_sweep/fcn_000
REACTOME_HDL_MEDIATED_LIPID_TRANSPORT,0.0205267630517482,0.6013780217622974,test,0,0,674,0.5,/Users/charlottejob/Code/Evaluation_neuron_interpretability/vega_fcn_sweep/fcn_000
REACTOME_NRAGE_SIGNALS_DEATH_THROUGH_JNK,0.5803218483924866,0.4458326740854033,test,0,0,674,0.5,/Users/charlottejob/Code/Evaluation_neuron_interpretability/vega_fcn_sweep/fcn_000
REACTOME_SLBP_DEPENDENT_PROCESSING_OF_REPLICATION_DEPENDENT_HISTONE_PRE_MRNAS,,0.7795995288574795,test,0,0,674,0.5,/Users/charlottejob/Code/Evaluation_neuron_interpretability/vega_fcn_sweep/fcn_000
REACTOME_NRIF_SIGNALS_CELL_DEATH_FROM_THE_NUCLEUS,,0.7706146664921694,test,0,0,674,0.5,/Users/charlottejob/Code/Evaluation_neuron_interpretability/vega_fcn_sweep/fcn_000
REACTOME_REGULATION_OF_APOPTOSIS,0.8998915553092957,0.4687043054070802,test,0,0,674,0.5,/Users/charlottejob/Code/Evaluation_neuron_interpretability/vega_fcn_sweep/fcn_000
REACTOME_RNA_POL_II_TRANSCRIPTION,0.917579174041748,0.4889263661348467,test,0,0,674,0.5,/Users/charlottejob/Code/Evaluation_neuron_interpretability/vega_fcn_sweep/fcn_000
REACTOME_NEURONAL_SYSTEM,0.5403613448143005,0.5263020023557127,test,0,0,674,0.5,/Users/charlottejob/Code/Evaluation_neuron_interpretability/vega_fcn_sweep/fcn_000
REACTOME_NFKB_IS_ACTIVATED_AND_SIGNALS_SURVIVAL,0.8423731327056885,0.7079337035167425,test,0,0,674,0.5,/Users/charlottejob/Code/Evaluation_neuron_interpretability/vega_fcn_sweep/fcn_000
REACTOME_REGULATION_OF_BETA_CELL_DEVELOPMENT,0.9378209114074708,0.3353713231486503,test,0,0,674,0.5,/Users/charlottejob/Code/Evaluation_neuron_interpretability/vega_fcn_sweep/fcn_000
REACTOME_PHASE1_FUNCTIONALIZATION_OF_COMPOUNDS,0.5208524465560913,0.37322658347393334,test,0,0,674,0.5,/Users/charlottejob/Code/Evaluation_neuron_interpretability/vega_fcn_sweep/fcn_000
REACTOME_RNA_POL_III_TRANSCRIPTION,,0.778041268594861,test,0,0,674,0.5,/Users/charlottejob/Code/Evaluation_neuron_interpretability/vega_fcn_sweep/fcn_000
REACTOME_CELL_DEATH_SIGNALLING_VIA_NRAGE_NRIF_AND_NADE,0.4616610407829284,0.4395048759006356,test,0,0,674,0.5,/Users/charlottejob/Code/Evaluation_neuron_interpretability/vega_fcn_sweep/fcn_000
REACTOME_NEUROTRANSMITTER_RELEASE_CYCLE,0.0202543307095766,0.7552375697252022,test,0,0,674,0.5,/Users/charlottejob/Code/Evaluation_neuron_interpretability/vega_fcn_sweep/fcn_000
REACTOME_P75_NTR_RECEPTOR_MEDIATED_SIGNALLING,0.3236613571643829,0.49179770762830977,test,0,0,674,0.5,/Users/charlottejob/Code/Evaluation_neuron_interpretability/vega_fcn_sweep/fcn_000
REACTOME_AMINO_ACID_TRANSPORT_ACROSS_THE_PLASMA_MEMBRANE,0.899172842502594,0.3342118838482273,test,0,0,674,0.5,/Users/charlottejob/Code/Evaluation_neuron_interpretability/vega_fcn_sweep/fcn_000
REACTOME_ENDOGENOUS_STEROLS,0.8969653844833374,0.4677724451945221,test,0,0,674,0.5,/Users/charlottejob/Code/Evaluation_neuron_interpretability/vega_fcn_sweep/fcn_000
REACTOME_REGULATION_OF_GENE_EXPRESSION_IN_BETA_CELLS,,0.6896743604731788,test,0,0,674,0.5,/Users/charlottejob/Code/Evaluation_neuron_interpretability/vega_fcn_sweep/fcn_000
REACTOME_GLYCOLYSIS,0.8380342721939087,0.9389457398530217,test,0,0,674,0.5,/Users/charlottejob/Code/Evaluation_neuron_interpretability/vega_fcn_sweep/fcn_000
REACTOME_PROCESSIVE_SYNTHESIS_ON_THE_LAGGING_STRAND,,0.7758443484709681,test,0,0,674,0.5,/Users/charlottejob/Code/Evaluation_neuron_interpretability/vega_fcn_sweep/fcn_000
REACTOME_PEPTIDE_CHAIN_ELONGATION,0.7454379200935364,0.9999822612002782,test,0,0,674,0.5,/Users/charlottejob/Code/Evaluation_neuron_interpretability/vega_fcn_sweep/fcn_000
REACTOME_COMMON_PATHWAY,0.4366756677627563,0.3401596258987747,test,0,0,674,0.5,/Users/charlottejob/Code/Evaluation_neuron_interpretability/vega_fcn_sweep/fcn_000
REACTOME_MRNA_CAPPING,0.9212702512741088,0.4450476496412892,test,0,0,674,0.5,/Users/charlottejob/Code/Evaluation_neuron_interpretability/vega_fcn_sweep/fcn_000
REACTOME_MITOCHONDRIAL_FATTY_ACID_BETA_OXIDATION,,0.7633852462592157,test,0,0,674,0.5,/Users/charlottejob/Code/Evaluation_neuron_interpretability/vega_fcn_sweep/fcn_000
REACTOME_SIGNALING_BY_GPCR,0.3377774059772491,0.49908205083277357,test,0,0,674,0.5,/Users/charlottejob/Code/Evaluation_neuron_interpretability/vega_fcn_sweep/fcn_000
REACTOME_PEPTIDE_LIGAND_BINDING_RECEPTORS,0.5336025953292847,0.5976791999040787,test,0,0,674,0.5,/Users/charlottejob/Code/Evaluation_neuron_interpretability/vega_fcn_sweep/fcn_000
REACTOME_METABOLISM_OF_POLYAMINES,0.841473400592804,0.8057692206721657,test,0,0,674,0.5,/Users/charlottejob/Code/Evaluation_neuron_interpretability/vega_fcn_sweep/fcn_000
REACTOME_CLASS_A1_RHODOPSIN_LIKE_RECEPTORS,0.4823025465011596,0.5425961663539377,test,0,0,674,0.5,/Users/charlottejob/Code/Evaluation_neuron_interpretability/vega_fcn_sweep/fcn_000
REACTOME_NOTCH_HLH_TRANSCRIPTION_PATHWAY,,0.7750416612136282,test,0,0,674,0.5,/Users/charlottejob/Code/Evaluation_neuron_interpretability/vega_fcn_sweep/fcn_000
REACTOME_INTEGRATION_OF_ENERGY_METABOLISM,0.5551813840866089,0.6453177878701334,test,0,0,674,0.5,/Users/charlottejob/Code/Evaluation_neuron_interpretability/vega_fcn_sweep/fcn_000
REACTOME_CELL_CYCLE_MITOTIC,0.1647261381149292,0.4061398096733786,test,0,0,674,0.5,/Users/charlottejob/Code/Evaluation_neuron_interpretability/vega_fcn_sweep/fcn_000
REACTOME_GLUCONEOGENESIS,0.839476466178894,0.9421537793785888,test,0,0,674,0.5,/Users/charlottejob/Code/Evaluation_neuron_interpretability/vega_fcn_sweep/fcn_000
REACTOME_DOPAMINE_NEUROTRANSMITTER_RELEASE_CYCLE,-0.0180474165827035,0.7764858974630243,test,0,0,674,0.5,/Users/charlottejob/Code/Evaluation_neuron_interpretability/vega_fcn_sweep/fcn_000
REACTOME_OPIOID_SIGNALLING,0.1495403349399566,0.5151623732793835,test,0,0,674,0.5,/Users/charlottejob/Code/Evaluation_neuron_interpretability/vega_fcn_sweep/fcn_000
REACTOME_RECRUITMENT_OF_MITOTIC_CENTROSOME_PROTEINS_AND_COMPLEXES,0.901843011379242,0.5987553926217104,test,0,0,674,0.5,/Users/charlottejob/Code/Evaluation_neuron_interpretability/vega_fcn_sweep/fcn_000
REACTOME_MITOCHONDRIAL_TRNA_AMINOACYLATION,0.9214248061180116,0.3949598951305356,test,0,0,674,0.5,/Users/charlottejob/Code/Evaluation_neuron_interpretability/vega_fcn_sweep/fcn_000
REACTOME_CYTOSOLIC_TRNA_AMINOACYLATION,0.918724775314331,0.48634089226552707,test,0,0,674,0.5,/Users/charlottejob/Code/Evaluation_neuron_interpretability/vega_fcn_sweep/fcn_000
REACTOME_CA_DEPENDENT_EVENTS,0.2164988964796066,0.4851484626338274,test,0,0,674,0.5,/Users/charlottejob/Code/Evaluation_neuron_interpretability/vega_fcn_sweep/fcn_000
REACTOME_ACETYLCHOLINE_NEUROTRANSMITTER_RELEASE_CYCLE,-0.0087184309959411,0.7814318359746938,test,0,0,674,0.5,/Users/charlottejob/Code/Evaluation_neuron_interpretability/vega_fcn_sweep/fcn_000
REACTOME_ADENYLATE_CYCLASE_ACTIVATING_PATHWAY,,0.7730803123500415,test,0,0,674,0.5,/Users/charlottejob/Code/Evaluation_neuron_interpretability/vega_fcn_sweep/fcn_000
REACTOME_ADENYLATE_CYCLASE_INHIBITORY_PATHWAY,,0.7840928325262837,test,0,0,674,0.5,/Users/charlottejob/Code/Evaluation_neuron_interpretability/vega_fcn_sweep/fcn_000
REACTOME_DARPP_32_EVENTS,-0.0016448703827336,0.777105637888297,test,0,0,674,0.5,/Users/charlottejob/Code/Evaluation_neuron_interpretability/vega_fcn_sweep/fcn_000
REACTOME_CHEMOKINE_RECEPTORS_BIND_CHEMOKINES,0.4505054950714111,0.5746832865526025,test,0,0,674,0.5,/Users/charlottejob/Code/Evaluation_neuron_interpretability/vega_fcn_sweep/fcn_000
REACTOME_LOSS_OF_NLP_FROM_MITOTIC_CENTROSOMES,0.9056943655014038,0.5860002860760433,test,0,0,674,0.5,/Users/charlottejob/Code/Evaluation_neuron_interpretability/vega_fcn_sweep/fcn_000
REACTOME_NEUROTRANSMITTER_RECEPTOR_BINDING_AND_DOWNSTREAM_TRANSMISSION_IN_THE_POSTSYNAPTIC_CELL,-0.0307790022343397,0.7720142808207259,test,0,0,674,0.5,/Users/charlottejob/Code/Evaluation_neuron_interpretability/vega_fcn_sweep/fcn_000
REACTOME_CELL_CYCLE_CHECKPOINTS,-0.0200007334351539,0.7693109990199516,test,0,0,674,0.5,/Users/charlottejob/Code/Evaluation_neuron_interpretability/vega_fcn_sweep/fcn_000
REACTOME_DIABETES_PATHWAYS,0.6370359063148499,0.503801749499723,test,0,0,674,0.5,/Users/charlottejob/Code/Evaluation_neuron_interpretability/vega_fcn_sweep/fcn_000
REACTOME_P130CAS_LINKAGE_TO_MAPK_SIGNALING_FOR_INTEGRINS,0.0524105057120323,0.4270583127831214,test,0,0,674,0.5,/Users/charlottejob/Code/Evaluation_neuron_interpretability/vega_fcn_sweep/fcn_000
REACTOME_GLYCOPROTEIN_HORMONES,,0.7686655324346726,test,0,0,674,0.5,/Users/charlottejob/Code/Evaluation_neuron_interpretability/vega_fcn_sweep/fcn_000
REACTOME_NOREPINEPHRINE_NEUROTRANSMITTER_RELEASE_CYCLE,0.0107113355770707,0.7719155328918136,test,0,0,674,0.5,/Users/charlottejob/Code/Evaluation_neuron_interpretability/vega_fcn_sweep/fcn_000
REACTOME_PLC_BETA_MEDIATED_EVENTS,0.7314633131027222,0.4369336298221242,test,0,0,674,0.5,/Users/charlottejob/Code/Evaluation_neuron_interpretability/vega_fcn_sweep/fcn_000
REACTOME_REGULATION_OF_INSULIN_LIKE_GROWTH_FACTOR_IGF_ACTIVITY_BY_INSULIN_LIKE_GROWTH_FACTOR_BINDING_PROTEINS_IGFBPS,0.7610674500465393,0.43148686008674897,test,0,0,674,0.5,/Users/charlottejob/Code/Evaluation_neuron_interpretability/vega_fcn_sweep/fcn_000
REACTOME_GRB2_SOS_PROVIDES_LINKAGE_TO_MAPK_SIGNALING_FOR_INTERGRINS_,0.8279391527175903,0.6397485579266882,test,0,0,674,0.5,/Users/charlottejob/Code/Evaluation_neuron_interpretability/vega_fcn_sweep/fcn_000
REACTOME_PEPTIDE_HORMONE_BIOSYNTHESIS,,0.7770065000218123,test,0,0,674,0.5,/Users/charlottejob/Code/Evaluation_neuron_interpretability/vega_fcn_sweep/fcn_000
REACTOME_G_PROTEIN_ACTIVATION,0.5951091051101685,0.4895580951758708,test,0,0,674,0.5,/Users/charlottejob/Code/Evaluation_neuron_interpretability/vega_fcn_sweep/fcn_000
REACTOME_ACETYLCHOLINE_BINDING_AND_DOWNSTREAM_EVENTS,-0.0088441101834177,0.7788360399526059,test,0,0,674,0.5,/Users/charlottejob/Code/Evaluation_neuron_interpretability/vega_fcn_sweep/fcn_000
REACTOME_ABC_FAMILY_PROTEINS_MEDIATED_TRANSPORT,0.519953727722168,0.5568333193112345,test,0,0,674,0.5,/Users/charlottejob/Code/Evaluation_neuron_interpretability/vega_fcn_sweep/fcn_000
REACTOME_TRNA_AMINOACYLATION,0.7608537673950195,0.5294464075382803,test,0,0,674,0.5,/Users/charlottejob/Code/Evaluation_neuron_interpretability/vega_fcn_sweep/fcn_000
REACTOME_OLFACTORY_SIGNALING_PATHWAY,,0.7661039131003795,test,0,0,674,0.5,/Users/charlottejob/Code/Evaluation_neuron_interpretability/vega_fcn_sweep/fcn_000
REACTOME_STEROID_HORMONES,,0.7745617938315229,test,0,0,674,0.5,/Users/charlottejob/Code/Evaluation_neuron_interpretability/vega_fcn_sweep/fcn_000
REACTOME_PKA_MEDIATED_PHOSPHORYLATION_OF_CREB,0.0091638155281543,0.758783819418807,test,0,0,674,0.5,/Users/charlottejob/Code/Evaluation_neuron_interpretability/vega_fcn_sweep/fcn_000
REACTOME_RECRUITMENT_OF_NUMA_TO_MITOTIC_CENTROSOMES,,0.7719460803559745,test,0,0,674,0.5,/Users/charlottejob/Code/Evaluation_neuron_interpretability/vega_fcn_sweep/fcn_000
REACTOME_AMINE_DERIVED_HORMONES,0.0609547793865203,0.7667320254584726,test,0,0,674,0.5,/Users/charlottejob/Code/Evaluation_neuron_interpretability/vega_fcn_sweep/fcn_000
REACTOME_TRANSMEMBRANE_TRANSPORT_OF_SMALL_MOLECULES,0.2716818153858185,0.99887259553346,test,0,0,674,0.5,/Users/charlottejob/Code/Evaluation_neuron_interpretability/vega_fcn_sweep/fcn_000
REACTOME_INTEGRIN_ALPHAIIB_BETA3_SIGNALING,0.5223856568336487,0.606836555955302,test,0,0,674,0.5,/Users/charlottejob/Code/Evaluation_neuron_interpretability/vega_fcn_sweep/fcn_000
REACTOME_NUCLEAR_RECEPTOR_TRANSCRIPTION_PATHWAY,0.9375680088996888,0.4700575607156879,test,0,0,674,0.5,/Users/charlottejob/Code/Evaluation_neuron_interpretability/vega_fcn_sweep/fcn_000
REACTOME_INSULIN_SYNTHESIS_AND_PROCESSING,0.0998380780220031,0.5447426701367583,test,0,0,674,0.5,/Users/charlottejob/Code/Evaluation_neuron_interpretability/vega_fcn_sweep/fcn_000
REACTOME_CYCLIN_E_ASSOCIATED_EVENTS_DURING_G1_S_TRANSITION_,0.5750503540039062,0.51324778377038,test,0,0,674,0.5,/Users/charlottejob/Code/Evaluation_neuron_interpretability/vega_fcn_sweep/fcn_000
REACTOME_HOMOLOGOUS_RECOMBINATION_REPAIR_OF_REPLICATION_INDEPENDENT_DOUBLE_STRAND_BREAKS,,0.7724468874056624,test,0,0,674,0.5,/Users/charlottejob/Code/Evaluation_neuron_interpretability/vega_fcn_sweep/fcn_000
REACTOME_G1_PHASE,-0.0123151149600744,0.7668637989039591,test,0,0,674,0.5,/Users/charlottejob/Code/Evaluation_neuron_interpretability/vega_fcn_sweep/fcn_000
REACTOME_ELEVATION_OF_CYTOSOLIC_CA2_LEVELS,0.0026383628137409,0.7601105183796489,test,0,0,674,0.5,/Users/charlottejob/Code/Evaluation_neuron_interpretability/vega_fcn_sweep/fcn_000
REACTOME_P53_DEPENDENT_G1_DNA_DAMAGE_RESPONSE,0.0163793750107288,0.7791960249113082,test,0,0,674,0.5,/Users/charlottejob/Code/Evaluation_neuron_interpretability/vega_fcn_sweep/fcn_000
REACTOME_TRANSCRIPTION_COUPLED_NER_TC_NER,0.0038612959906458,0.7759902355356755,test,0,0,674,0.5,/Users/charlottejob/Code/Evaluation_neuron_interpretability/vega_fcn_sweep/fcn_000
REACTOME_RNA_POL_II_TRANSCRIPTION_PRE_INITIATION_AND_PROMOTER_OPENING,-0.0253119003027677,0.763813122956099,test,0,0,674,0.5,/Users/charlottejob/Code/Evaluation_neuron_interpretability/vega_fcn_sweep/fcn_000
REACTOME_GLUCAGON_SIGNALING_IN_METABOLIC_REGULATION,0.3382836580276489,0.4723806393294436,test,0,0,674,0.5,/Users/charlottejob/Code/Evaluation_neuron_interpretability/vega_fcn_sweep/fcn_000
REACTOME_MRNA_PROCESSING,0.7683836221694946,0.6058791181867184,test,0,0,674,0.5,/Users/charlottejob/Code/Evaluation_neuron_interpretability/vega_fcn_sweep/fcn_000
REACTOME_SIGNALING_BY_PDGF,0.0529060438275337,0.47406698002781367,test,0,0,674,0.5,/Users/charlottejob/Code/Evaluation_neuron_interpretability/vega_fcn_sweep/fcn_000
REACTOME_ASSOCIATION_OF_TRIC_CCT_WITH_TARGET_PROTEINS_DURING_BIOSYNTHESIS,0.3157913088798523,0.40779030307485253,test,0,0,674,0.5,/Users/charlottejob/Code/Evaluation_neuron_interpretability/vega_fcn_sweep/fcn_000
REACTOME_PREFOLDIN_MEDIATED_TRANSFER_OF_SUBSTRATE_TO_CCT_TRIC,0.3508475124835968,0.9999192527721752,test,0,0,674,0.5,/Users/charlottejob/Code/Evaluation_neuron_interpretability/vega_fcn_sweep/fcn_000
REACTOME_HORMONE_LIGAND_BINDING_RECEPTORS,,0.770712384940889,test,0,0,674,0.5,/Users/charlottejob/Code/Evaluation_neuron_interpretability/vega_fcn_sweep/fcn_000
REACTOME_GPVI_MEDIATED_ACTIVATION_CASCADE,0.7506130933761597,0.6531028326651772,test,0,0,674,0.5,/Users/charlottejob/Code/Evaluation_neuron_interpretability/vega_fcn_sweep/fcn_000
REACTOME_PROTEIN_FOLDING,0.4838503301143646,0.9999454207094958,test,0,0,674,0.5,/Users/charlottejob/Code/Evaluation_neuron_interpretability/vega_fcn_sweep/fcn_000
REACTOME_FORMATION_OF_TUBULIN_FOLDING_INTERMEDIATES_BY_CCT_TRIC,0.2981044054031372,0.44649530700622636,test,0,0,674,0.5,/Users/charlottejob/Code/Evaluation_neuron_interpretability/vega_fcn_sweep/fcn_000
REACTOME_PEROXISOMAL_LIPID_METABOLISM,0.8976638317108154,0.4856963307406453,test,0,0,674,0.5,/Users/charlottejob/Code/Evaluation_neuron_interpretability/vega_fcn_sweep/fcn_000
REACTOME_POST_CHAPERONIN_TUBULIN_FOLDING_PATHWAY,0.68407142162323,0.6638791319321934,test,0,0,674,0.5,/Users/charlottejob/Code/Evaluation_neuron_interpretability/vega_fcn_sweep/fcn_000
REACTOME_STRIATED_MUSCLE_CONTRACTION,0.7510673403739929,0.9041280975608048,test,0,0,674,0.5,/Users/charlottejob/Code/Evaluation_neuron_interpretability/vega_fcn_sweep/fcn_000
REACTOME_METABOLISM_OF_NUCLEOTIDES,0.83076411485672,0.8113166169703272,test,0,0,674,0.5,/Users/charlottejob/Code/Evaluation_neuron_interpretability/vega_fcn_sweep/fcn_000
REACTOME_AMINE_LIGAND_BINDING_RECEPTORS,0.940748393535614,0.4133961057344476,test,0,0,674,0.5,/Users/charlottejob/Code/Evaluation_neuron_interpretability/vega_fcn_sweep/fcn_000
REACTOME_METABOLISM_OF_PROTEINS,0.4655786156654358,0.9998596053634399,test,0,0,674,0.5,/Users/charlottejob/Code/Evaluation_neuron_interpretability/vega_fcn_sweep/fcn_000
REACTOME_DOWNSTREAM_SIGNAL_TRANSDUCTION,0.7554928064346313,0.5883886047889735,test,0,0,674,0.5,/Users/charlottejob/Code/Evaluation_neuron_interpretability/vega_fcn_sweep/fcn_000
REACTOME_MUSCLE_CONTRACTION,0.2479217052459716,0.4372809047058164,test,0,0,674,0.5,/Users/charlottejob/Code/Evaluation_neuron_interpretability/vega_fcn_sweep/fcn_000
REACTOME_SEROTONIN_RECEPTORS,,0.7835065218339659,test,0,0,674,0.5,/Users/charlottejob/Code/Evaluation_neuron_interpretability/vega_fcn_sweep/fcn_000
REACTOME_CDC6_ASSOCIATION_WITH_THE_ORC_ORIGIN_COMPLEX,,0.7741691750643459,test,0,0,674,0.5,/Users/charlottejob/Code/Evaluation_neuron_interpretability/vega_fcn_sweep/fcn_000
REACTOME_M_G1_TRANSITION,0.1088483184576034,0.6173839689031936,test,0,0,674,0.5,/Users/charlottejob/Code/Evaluation_neuron_interpretability/vega_fcn_sweep/fcn_000
REACTOME_MRNA_SPLICING,,0.7827771234131659,test,0,0,674,0.5,/Users/charlottejob/Code/Evaluation_neuron_interpretability/vega_fcn_sweep/fcn_000
REACTOME_MRNA_SPLICING_MINOR_PATHWAY,,0.7792801989268419,test,0,0,674,0.5,/Users/charlottejob/Code/Evaluation_neuron_interpretability/vega_fcn_sweep/fcn_000
REACTOME_3_UTR_MEDIATED_TRANSLATIONAL_REGULATION,0.6462412476539612,0.9970482637262832,test,0,0,674,0.5,/Users/charlottejob/Code/Evaluation_neuron_interpretability/vega_fcn_sweep/fcn_000
REACTOME_PROCESSING_OF_CAPPED_INTRONLESS_PRE_MRNA,,0.7731518562142827,test,0,0,674,0.5,/Users/charlottejob/Code/Evaluation_neuron_interpretability/vega_fcn_sweep/fcn_000
REACTOME_PURINE_RIBONUCLEOSIDE_MONOPHOSPHATE_BIOSYNTHESIS,,0.7702063429743052,test,0,0,674,0.5,/Users/charlottejob/Code/Evaluation_neuron_interpretability/vega_fcn_sweep/fcn_000
REACTOME_G1_S_TRANSITION,0.6008753180503845,0.5035773587063956,test,0,0,674,0.5,/Users/charlottejob/Code/Evaluation_neuron_interpretability/vega_fcn_sweep/fcn_000
REACTOME_CITRIC_ACID_CYCLE_TCA_CYCLE,,0.7685852637089386,test,0,0,674,0.5,/Users/charlottejob/Code/Evaluation_neuron_interpretability/vega_fcn_sweep/fcn_000
REACTOME_TRANSCRIPTION,0.5154457688331604,0.9875761607701143,test,0,0,674,0.5,/Users/charlottejob/Code/Evaluation_neuron_interpretability/vega_fcn_sweep/fcn_000
REACTOME_POL_SWITCHING,,0.7814195349648824,test,0,0,674,0.5,/Users/charlottejob/Code/Evaluation_neuron_interpretability/vega_fcn_sweep/fcn_000
REACTOME_NUCLEOTIDE_EXCISION_REPAIR,0.0089577054604887,0.7827406687804028,test,0,0,674,0.5,/Users/charlottejob/Code/Evaluation_neuron_interpretability/vega_fcn_sweep/fcn_000
REACTOME_REGULATION_OF_THE_FANCONI_ANEMIA_PATHWAY,,0.7640780002617459,test,0,0,674,0.5,/Users/charlottejob/Code/Evaluation_neuron_interpretability/vega_fcn_sweep/fcn_000
REACTOME_AXON_GUIDANCE,0.7971415519714355,0.7089491151261935,test,0,0,674,0.5,/Users/charlottejob/Code/Evaluation_neuron_interpretability/vega_fcn_sweep/fcn_000
REACTOME_ACTIVATION_OF_CHAPERONE_GENES_BY_XBP1S,0.8427116274833679,0.4677384633963216,test,0,0,674,0.5,/Users/charlottejob/Code/Evaluation_neuron_interpretability/vega_fcn_sweep/fcn_000
REACTOME_REGULATION_OF_INSULIN_SECRETION_BY_GLUCAGON_LIKE_PEPTIDE1,0.6568563580513,0.6209140238401056,test,0,0,674,0.5,/Users/charlottejob/Code/Evaluation_neuron_interpretability/vega_fcn_sweep/fcn_000
REACTOME_PERK_REGULATED_GENE_EXPRESSION,0.9269191026687622,0.4842952493129172,test,0,0,674,0.5,/Users/charlottejob/Code/Evaluation_neuron_interpretability/vega_fcn_sweep/fcn_000
REACTOME_G_ALPHA_Q_SIGNALLING_EVENTS,0.5184721946716309,0.7080216844459802,test,0,0,674,0.5,/Users/charlottejob/Code/Evaluation_neuron_interpretability/vega_fcn_sweep/fcn_000
REACTOME_P2Y_RECEPTORS,0.5252399444580078,0.3647241663560137,test,0,0,674,0.5,/Users/charlottejob/Code/Evaluation_neuron_interpretability/vega_fcn_sweep/fcn_000
REACTOME_TRAFFICKING_OF_AMPA_RECEPTORS,0.9110856652259828,0.515439018371408,test,0,0,674,0.5,/Users/charlottejob/Code/Evaluation_neuron_interpretability/vega_fcn_sweep/fcn_000
REACTOME_NCAM1_INTERACTIONS,0.8296290040016174,0.452230412459413,test,0,0,674,0.5,/Users/charlottejob/Code/Evaluation_neuron_interpretability/vega_fcn_sweep/fcn_000
REACTOME_CLASS_C_3_METABOTROPIC_GLUTAMATE_PHEROMONE_RECEPTORS,,0.7755093137896436,test,0,0,674,0.5,/Users/charlottejob/Code/Evaluation_neuron_interpretability/vega_fcn_sweep/fcn_000
REACTOME_REGULATION_OF_INSULIN_SECRETION,0.4710157811641693,0.5867927028908813,test,0,0,674,0.5,/Users/charlottejob/Code/Evaluation_neuron_interpretability/vega_fcn_sweep/fcn_000
REACTOME_NCAM_SIGNALING_FOR_NEURITE_OUT_GROWTH,0.5968669652938843,0.45399737219901126,test,0,0,674,0.5,/Users/charlottejob/Code/Evaluation_neuron_interpretability/vega_fcn_sweep/fcn_000
REACTOME_INHIBITION_OF_INSULIN_SECRETION_BY_ADRENALINE_NORADRENALINE,-0.0037739351391792,0.7737245485942856,test,0,0,674,0.5,/Users/charlottejob/Code/Evaluation_neuron_interpretability/vega_fcn_sweep/fcn_000
REACTOME_NUCLEOTIDE_LIKE_PURINERGIC_RECEPTORS,0.7604370713233948,0.3829468109496881,test,0,0,674,0.5,/Users/charlottejob/Code/Evaluation_neuron_interpretability/vega_fcn_sweep/fcn_000
REACTOME_ACTIVATION_OF_CHAPERONES_BY_ATF6_ALPHA,,0.7647934389041573,test,0,0,674,0.5,/Users/charlottejob/Code/Evaluation_neuron_interpretability/vega_fcn_sweep/fcn_000
REACTOME_TRANSPORT_OF_MATURE_MRNA_DERIVED_FROM_AN_INTRONLESS_TRANSCRIPT,0.9271786212921144,0.5971749160888086,test,0,0,674,0.5,/Users/charlottejob/Code/Evaluation_neuron_interpretability/vega_fcn_sweep/fcn_000
REACTOME_EICOSANOID_LIGAND_BINDING_RECEPTORS,0.3502099215984344,0.35254306701179783,test,0,0,674,0.5,/Users/charlottejob/Code/Evaluation_neuron_interpretability/vega_fcn_sweep/fcn_000
REACTOME_ACTIVATION_OF_GENES_BY_ATF4,0.9321547150611876,0.404385060855909,test,0,0,674,0.5,/Users/charlottejob/Code/Evaluation_neuron_interpretability/vega_fcn_sweep/fcn_000
REACTOME_UNFOLDED_PROTEIN_RESPONSE,0.7393114566802979,0.4930127317313785,test,0,0,674,0.5,/Users/charlottejob/Code/Evaluation_neuron_interpretability/vega_fcn_sweep/fcn_000
REACTOME_CLASS_B_2_SECRETIN_FAMILY_RECEPTORS,0.4377161860466003,0.36049310008870283,test,0,0,674,0.5,/Users/charlottejob/Code/Evaluation_neuron_interpretability/vega_fcn_sweep/fcn_000
REACTOME_GLUCAGON_TYPE_LIGAND_RECEPTORS,0.2222836017608642,0.2137927154397179,test,0,0,674,0.5,/Users/charlottejob/Code/Evaluation_neuron_interpretability/vega_fcn_sweep/fcn_000
REACTOME_REGULATION_OF_INSULIN_SECRETION_BY_ACETYLCHOLINE,0.7444619536399841,0.4365443024259645,test,0,0,674,0.5,/Users/charlottejob/Code/Evaluation_neuron_interpretability/vega_fcn_sweep/fcn_000
REACTOME_G_ALPHA1213_SIGNALLING_EVENTS,0.4533740580081939,0.4309012542228089,test,0,0,674,0.5,/Users/charlottejob/Code/Evaluation_neuron_interpretability/vega_fcn_sweep/fcn_000
REACTOME_FANCONI_ANEMIA_PATHWAY,0.0769387334585189,0.624751409408171,test,0,0,674,0.5,/Users/charlottejob/Code/Evaluation_neuron_interpretability/vega_fcn_sweep/fcn_000
REACTOME_TRAFFICKING_OF_GLUR2_CONTAINING_AMPA_RECEPTORS,0.9102723002433776,0.4696951399863838,test,0,0,674,0.5,/Users/charlottejob/Code/Evaluation_neuron_interpretability/vega_fcn_sweep/fcn_000
REACTOME_ACTIVATION_OF_CHAPERONE_GENES_BY_ATF6_ALPHA,,0.7701051345809884,test,0,0,674,0.5,/Users/charlottejob/Code/Evaluation_neuron_interpretability/vega_fcn_sweep/fcn_000
REACTOME_PROSTANOID_LIGAND_RECEPTORS,0.785416841506958,0.38286980399981096,test,0,0,674,0.5,/Users/charlottejob/Code/Evaluation_neuron_interpretability/vega_fcn_sweep/fcn_000
REACTOME_OPSINS,,0.7624255114950049,test,0,0,674,0.5,/Users/charlottejob/Code/Evaluation_neuron_interpretability/vega_fcn_sweep/fcn_000
REACTOME_FORMATION_OF_RNA_POL_II_ELONGATION_COMPLEX_,-0.022284235805273,0.7896014148509531,test,0,0,674,0.5,/Users/charlottejob/Code/Evaluation_neuron_interpretability/vega_fcn_sweep/fcn_000
REACTOME_MRNA_3_END_PROCESSING,,0.7791650307551367,test,0,0,674,0.5,/Users/charlottejob/Code/Evaluation_neuron_interpretability/vega_fcn_sweep/fcn_000
REACTOME_POST_TRANSLATIONAL_MODIFICATION_SYNTHESIS_OF_GPI_ANCHORED_PROTEINS,0.9426494240760804,0.4663804161292915,test,0,0,674,0.5,/Users/charlottejob/Code/Evaluation_neuron_interpretability/vega_fcn_sweep/fcn_000
REACTOME_CYCLIN_A_B1_ASSOCIATED_EVENTS_DURING_G2_M_TRANSITION,-0.0232056956738233,0.7679430568608816,test,0,0,674,0.5,/Users/charlottejob/Code/Evaluation_neuron_interpretability/vega_fcn_sweep/fcn_000
REACTOME_ELONGATION_ARREST_AND_RECOVERY,,0.7815032936352135,test,0,0,674,0.5,/Users/charlottejob/Code/Evaluation_neuron_interpretability/vega_fcn_sweep/fcn_000
REACTOME_SLC_MEDIATED_TRANSMEMBRANE_TRANSPORT,0.2268332242965698,0.3547383268623945,test,0,0,674,0.5,/Users/charlottejob/Code/Evaluation_neuron_interpretability/vega_fcn_sweep/fcn_000
REACTOME_ADP_SIGNALLING_THROUGH_P2RY1,0.5161742568016052,0.4318556091055802,test,0,0,674,0.5,/Users/charlottejob/Code/Evaluation_neuron_interpretability/vega_fcn_sweep/fcn_000
REACTOME_G_BETA_GAMMA_SIGNALLING_THROUGH_PLC_BETA,0.634535014629364,0.5354138492634762,test,0,0,674,0.5,/Users/charlottejob/Code/Evaluation_neuron_interpretability/vega_fcn_sweep/fcn_000
REACTOME_CD28_CO_STIMULATION,0.4836941957473755,0.4686871706183568,test,0,0,674,0.5,/Users/charlottejob/Code/Evaluation_neuron_interpretability/vega_fcn_sweep/fcn_000
REACTOME_GPCR_DOWNSTREAM_SIGNALING,-0.0108187440782785,0.5524935140919344,test,0,0,674,0.5,/Users/charlottejob/Code/Evaluation_neuron_interpretability/vega_fcn_sweep/fcn_000
REACTOME_SYNTHESIS_SECRETION_AND_DEACYLATION_OF_GHRELIN,0.9082839488983154,0.4649194549006861,test,0,0,674,0.5,/Users/charlottejob/Code/Evaluation_neuron_interpretability/vega_fcn_sweep/fcn_000
REACTOME_ADHERENS_JUNCTIONS_INTERACTIONS,,0.7572915955664999,test,0,0,674,0.5,/Users/charlottejob/Code/Evaluation_neuron_interpretability/vega_fcn_sweep/fcn_000
REACTOME_CRMPS_IN_SEMA3A_SIGNALING,0.9360765814781188,0.4530966419719379,test,0,0,674,0.5,/Users/charlottejob/Code/Evaluation_neuron_interpretability/vega_fcn_sweep/fcn_000
REACTOME_OTHER_SEMAPHORIN_INTERACTIONS,0.8610324859619141,0.6508907428895457,test,0,0,674,0.5,/Users/charlottejob/Code/Evaluation_neuron_interpretability/vega_fcn_sweep/fcn_000
REACTOME_ACTIVATION_OF_RAC,0.9020817279815674,0.4450214131825397,test,0,0,674,0.5,/Users/charlottejob/Code/Evaluation_neuron_interpretability/vega_fcn_sweep/fcn_000
REACTOME_PURINE_SALVAGE,0.2555080652236938,0.4829630874186396,test,0,0,674,0.5,/Users/charlottejob/Code/Evaluation_neuron_interpretability/vega_fcn_sweep/fcn_000
REACTOME_G_ALPHA_I_SIGNALLING_EVENTS,0.2121269702911377,0.4461149146054181,test,0,0,674,0.5,/Users/charlottejob/Code/Evaluation_neuron_interpretability/vega_fcn_sweep/fcn_000
REACTOME_SEMA3A_PAK_DEPENDENT_AXON_REPULSION,,0.7774985822100074,test,0,0,674,0.5,/Users/charlottejob/Code/Evaluation_neuron_interpretability/vega_fcn_sweep/fcn_000
REACTOME_CD28_DEPENDENT_VAV1_PATHWAY,,0.7741185708676874,test,0,0,674,0.5,/Users/charlottejob/Code/Evaluation_neuron_interpretability/vega_fcn_sweep/fcn_000
REACTOME_SEMA4D_IN_SEMAPHORIN_SIGNALING,0.5860002040863037,0.4581194963262101,test,0,0,674,0.5,/Users/charlottejob/Code/Evaluation_neuron_interpretability/vega_fcn_sweep/fcn_000
REACTOME_SEMAPHORIN_INTERACTIONS,0.7982622385025024,0.6853924659514893,test,0,0,674,0.5,/Users/charlottejob/Code/Evaluation_neuron_interpretability/vega_fcn_sweep/fcn_000
REACTOME_SEMA4D_INDUCED_CELL_MIGRATION_AND_GROWTH_CONE_COLLAPSE,0.646639883518219,0.4848298418307252,test,0,0,674,0.5,/Users/charlottejob/Code/Evaluation_neuron_interpretability/vega_fcn_sweep/fcn_000
REACTOME_SEMA3A_PLEXIN_REPULSION_SIGNALING_BY_INHIBITING_INTEGRIN_ADHESION,,0.7636347772979104,test,0,0,674,0.5,/Users/charlottejob/Code/Evaluation_neuron_interpretability/vega_fcn_sweep/fcn_000
REACTOME_LYSOSOME_VESICLE_BIOGENESIS,0.5409132838249207,0.4370478813507256,test,0,0,674,0.5,/Users/charlottejob/Code/Evaluation_neuron_interpretability/vega_fcn_sweep/fcn_000
REACTOME_G_BETA_GAMMA_SIGNALLING_THROUGH_PI3KGAMMA,0.0222293958067893,0.7847553815691805,test,0,0,674,0.5,/Users/charlottejob/Code/Evaluation_neuron_interpretability/vega_fcn_sweep/fcn_000
REACTOME_TRANSPORT_OF_GLUCOSE_AND_OTHER_SUGARS_BILE_SALTS_AND_ORGANIC_ACIDS_METAL_IONS_AND_AMINE_COMPOUNDS,0.6503868699073792,0.5051677118814927,test,0,0,674,0.5,/Users/charlottejob/Code/Evaluation_neuron_interpretability/vega_fcn_sweep/fcn_000
REACTOME_SPHINGOLIPID_METABOLISM,0.7291876077651978,0.7499405789982412,test,0,0,674,0.5,/Users/charlottejob/Code/Evaluation_neuron_interpretability/vega_fcn_sweep/fcn_000
REACTOME_PD1_SIGNALING,0.4368846714496612,0.8848729597846205,test,0,0,674,0.5,/Users/charlottejob/Code/Evaluation_neuron_interpretability/vega_fcn_sweep/fcn_000
REACTOME_G_ALPHA_S_SIGNALLING_EVENTS,0.3538516163825989,0.3554898147387259,test,0,0,674,0.5,/Users/charlottejob/Code/Evaluation_neuron_interpretability/vega_fcn_sweep/fcn_000
REACTOME_CELL_CELL_JUNCTION_ORGANIZATION,0.3393642604351043,0.6592396770813037,test,0,0,674,0.5,/Users/charlottejob/Code/Evaluation_neuron_interpretability/vega_fcn_sweep/fcn_000
REACTOME_G_ALPHA_Z_SIGNALLING_EVENTS,0.6366177797317505,0.5100517058952706,test,0,0,674,0.5,/Users/charlottejob/Code/Evaluation_neuron_interpretability/vega_fcn_sweep/fcn_000
REACTOME_FACILITATIVE_NA_INDEPENDENT_GLUCOSE_TRANSPORTERS,,0.7646957204554378,test,0,0,674,0.5,/Users/charlottejob/Code/Evaluation_neuron_interpretability/vega_fcn_sweep/fcn_000
REACTOME_COSTIMULATION_BY_THE_CD28_FAMILY,0.345240443944931,0.832794987968523,test,0,0,674,0.5,/Users/charlottejob/Code/Evaluation_neuron_interpretability/vega_fcn_sweep/fcn_000
REACTOME_SIGNALING_BY_ROBO_RECEPTOR,0.9017504453659058,0.4166040985198914,test,0,0,674,0.5,/Users/charlottejob/Code/Evaluation_neuron_interpretability/vega_fcn_sweep/fcn_000
REACTOME_CD28_DEPENDENT_PI3K_AKT_SIGNALING,0.8992248773574829,0.36674799483986764,test,0,0,674,0.5,/Users/charlottejob/Code/Evaluation_neuron_interpretability/vega_fcn_sweep/fcn_000
REACTOME_TIGHT_JUNCTION_INTERACTIONS,0.4930351376533508,0.5076893189610363,test,0,0,674,0.5,/Users/charlottejob/Code/Evaluation_neuron_interpretability/vega_fcn_sweep/fcn_000
REACTOME_G_PROTEIN_BETA_GAMMA_SIGNALLING,0.7356135249137878,0.5664325495499426,test,0,0,674,0.5,/Users/charlottejob/Code/Evaluation_neuron_interpretability/vega_fcn_sweep/fcn_000
REACTOME_TRANSPORT_OF_INORGANIC_CATIONS_ANIONS_AND_AMINO_ACIDS_OLIGOPEPTIDES,0.465625524520874,0.39931447703709977,test,0,0,674,0.5,/Users/charlottejob/Code/Evaluation_neuron_interpretability/vega_fcn_sweep/fcn_000
REACTOME_GOLGI_ASSOCIATED_VESICLE_BIOGENESIS,0.2559063732624054,0.6289436211170297,test,0,0,674,0.5,/Users/charlottejob/Code/Evaluation_neuron_interpretability/vega_fcn_sweep/fcn_000
REACTOME_CTLA4_INHIBITORY_SIGNALING,0.8189796209335327,0.5412002849424825,test,0,0,674,0.5,/Users/charlottejob/Code/Evaluation_neuron_interpretability/vega_fcn_sweep/fcn_000
REACTOME_FORMATION_OF_TRANSCRIPTION_COUPLED_NER_TC_NER_REPAIR_COMPLEX,0.0120665561407804,0.7729548535864124,test,0,0,674,0.5,/Users/charlottejob/Code/Evaluation_neuron_interpretability/vega_fcn_sweep/fcn_000
REACTOME_AMINO_ACID_AND_OLIGOPEPTIDE_SLC_TRANSPORTERS,0.460126131772995,0.3578761205504185,test,0,0,674,0.5,/Users/charlottejob/Code/Evaluation_neuron_interpretability/vega_fcn_sweep/fcn_000
REACTOME_CDT1_ASSOCIATION_WITH_THE_CDC6_ORC_ORIGIN_COMPLEX,,0.7672486149282379,test,0,0,674,0.5,/Users/charlottejob/Code/Evaluation_neuron_interpretability/vega_fcn_sweep/fcn_000
REACTOME_BRANCHED_CHAIN_AMINO_ACID_CATABOLISM,,0.7683811019500064,test,0,0,674,0.5,/Users/charlottejob/Code/Evaluation_neuron_interpretability/vega_fcn_sweep/fcn_000
REACTOME_REPAIR_SYNTHESIS_FOR_GAP_FILLING_BY_DNA_POL_IN_TC_NER,,0.7937180997251669,test,0,0,674,0.5,/Users/charlottejob/Code/Evaluation_neuron_interpretability/vega_fcn_sweep/fcn_000
REACTOME_RECEPTOR_LIGAND_BINDING_INITIATES_THE_SECOND_PROTEOLYTIC_CLEAVAGE_OF_NOTCH_RECEPTOR,,0.7655664616324216,test,0,0,674,0.5,/Users/charlottejob/Code/Evaluation_neuron_interpretability/vega_fcn_sweep/fcn_000
REACTOME_SYNTHESIS_OF_DNA,0.9213324785232544,0.5396979891806493,test,0,0,674,0.5,/Users/charlottejob/Code/Evaluation_neuron_interpretability/vega_fcn_sweep/fcn_000
REACTOME_NA_CL_DEPENDENT_NEUROTRANSMITTER_TRANSPORTERS,,0.7794845869340453,test,0,0,674,0.5,/Users/charlottejob/Code/Evaluation_neuron_interpretability/vega_fcn_sweep/fcn_000
REACTOME_FORMATION_OF_FIBRIN_CLOT_CLOTTING_CASCADE,0.4590359628200531,0.3666359859785729,test,0,0,674,0.5,/Users/charlottejob/Code/Evaluation_neuron_interpretability/vega_fcn_sweep/fcn_000
REACTOME_DEADENYLATION_OF_MRNA,,0.7826096060725036,test,0,0,674,0.5,/Users/charlottejob/Code/Evaluation_neuron_interpretability/vega_fcn_sweep/fcn_000
REACTOME_MRNA_DECAY_BY_5_TO_3_EXORIBONUCLEASE,,0.7724119879596913,test,0,0,674,0.5,/Users/charlottejob/Code/Evaluation_neuron_interpretability/vega_fcn_sweep/fcn_000
REACTOME_SIGNAL_AMPLIFICATION,0.1624308824539184,0.42739697420989287,test,0,0,674,0.5,/Users/charlottejob/Code/Evaluation_neuron_interpretability/vega_fcn_sweep/fcn_000
REACTOME_ZINC_TRANSPORTERS,,0.788237141735375,test,0,0,674,0.5,/Users/charlottejob/Code/Evaluation_neuron_interpretability/vega_fcn_sweep/fcn_000
REACTOME_DOUBLE_STRAND_BREAK_REPAIR,0.9275820851325988,0.4430509983734366,test,0,0,674,0.5,/Users/charlottejob/Code/Evaluation_neuron_interpretability/vega_fcn_sweep/fcn_000
REACTOME_RAS_ACTIVATION_UOPN_CA2_INFUX_THROUGH_NMDA_RECEPTOR,,0.7835588710029229,test,0,0,674,0.5,/Users/charlottejob/Code/Evaluation_neuron_interpretability/vega_fcn_sweep/fcn_000
REACTOME_METAL_ION_SLC_TRANSPORTERS,0.7833694219589233,0.3974146578449772,test,0,0,674,0.5,/Users/charlottejob/Code/Evaluation_neuron_interpretability/vega_fcn_sweep/fcn_000
REACTOME_AUTODEGRADATION_OF_THE_E3_UBIQUITIN_LIGASE_COP1,,0.7851066614317498,test,0,0,674,0.5,/Users/charlottejob/Code/Evaluation_neuron_interpretability/vega_fcn_sweep/fcn_000
REACTOME_SMOOTH_MUSCLE_CONTRACTION,0.6774977445602417,0.5059146587979565,test,0,0,674,0.5,/Users/charlottejob/Code/Evaluation_neuron_interpretability/vega_fcn_sweep/fcn_000
REACTOME_ACTIVATION_OF_NMDA_RECEPTOR_UPON_GLUTAMATE_BINDING_AND_POSTSYNAPTIC_EVENTS,,0.7906242638398117,test,0,0,674,0.5,/Users/charlottejob/Code/Evaluation_neuron_interpretability/vega_fcn_sweep/fcn_000
REACTOME_CREB_PHOSPHORYLATION_THROUGH_THE_ACTIVATION_OF_RAS,,0.7789608689962046,test,0,0,674,0.5,/Users/charlottejob/Code/Evaluation_neuron_interpretability/vega_fcn_sweep/fcn_000
REACTOME_POST_NMDA_RECEPTOR_ACTIVATION_EVENTS,,0.7760066308947347,test,0,0,674,0.5,/Users/charlottejob/Code/Evaluation_neuron_interpretability/vega_fcn_sweep/fcn_000
REACTOME_UNBLOCKING_OF_NMDA_RECEPTOR_GLUTAMATE_BINDING_AND_ACTIVATION,,0.7728168215329583,test,0,0,674,0.5,/Users/charlottejob/Code/Evaluation_neuron_interpretability/vega_fcn_sweep/fcn_000
REACTOME_METABOLISM_OF_MRNA,0.4798620939254761,0.998906920491994,test,0,0,674,0.5,/Users/charlottejob/Code/Evaluation_neuron_interpretability/vega_fcn_sweep/fcn_000
REACTOME_MRNA_DECAY_BY_3_TO_5_EXORIBONUCLEASE,,0.7781651616280592,test,0,0,674,0.5,/Users/charlottejob/Code/Evaluation_neuron_interpretability/vega_fcn_sweep/fcn_000
REACTOME_BILE_SALT_AND_ORGANIC_ANION_SLC_TRANSPORTERS,0.9112701416015624,0.4836666509152451,test,0,0,674,0.5,/Users/charlottejob/Code/Evaluation_neuron_interpretability/vega_fcn_sweep/fcn_000
REACTOME_DEADENYLATION_DEPENDENT_MRNA_DECAY,,0.7753924006456399,test,0,0,674,0.5,/Users/charlottejob/Code/Evaluation_neuron_interpretability/vega_fcn_sweep/fcn_000
REACTOME_CREB_PHOSPHORYLATION_THROUGH_THE_ACTIVATION_OF_CAMKII,,0.7793639575971731,test,0,0,674,0.5,/Users/charlottejob/Code/Evaluation_neuron_interpretability/vega_fcn_sweep/fcn_000
REACTOME_THROMBOXANE_SIGNALLING_THROUGH_TP_RECEPTOR,0.5081329941749573,0.4545852782503745,test,0,0,674,0.5,/Users/charlottejob/Code/Evaluation_neuron_interpretability/vega_fcn_sweep/fcn_000
REACTOME_CELL_EXTRACELLULAR_MATRIX_INTERACTIONS,0.5992789268493652,0.5792353749509227,test,0,0,674,0.5,/Users/charlottejob/Code/Evaluation_neuron_interpretability/vega_fcn_sweep/fcn_000
REACTOME_ADP_SIGNALLING_THROUGH_P2RY12,0.2094937264919281,0.4501951902083662,test,0,0,674,0.5,/Users/charlottejob/Code/Evaluation_neuron_interpretability/vega_fcn_sweep/fcn_000
REACTOME_CELL_JUNCTION_ORGANIZATION,0.6321826577186584,0.5859104441873936,test,0,0,674,0.5,/Users/charlottejob/Code/Evaluation_neuron_interpretability/vega_fcn_sweep/fcn_000
REACTOME_AMINE_COMPOUND_SLC_TRANSPORTERS,,0.7826846346802323,test,0,0,674,0.5,/Users/charlottejob/Code/Evaluation_neuron_interpretability/vega_fcn_sweep/fcn_000
REACTOME_PYRUVATE_METABOLISM,0.8799275755882263,0.5217270537770511,test,0,0,674,0.5,/Users/charlottejob/Code/Evaluation_neuron_interpretability/vega_fcn_sweep/fcn_000
REACTOME_PURINE_CATABOLISM,0.85579514503479,0.7058054489417669,test,0,0,674,0.5,/Users/charlottejob/Code/Evaluation_neuron_interpretability/vega_fcn_sweep/fcn_000
REACTOME_GLUCOSE_TRANSPORT,0.0097959777340292,0.768592985803545,test,0,0,674,0.5,/Users/charlottejob/Code/Evaluation_neuron_interpretability/vega_fcn_sweep/fcn_000
REACTOME_FRS2_MEDIATED_CASCADE,0.0271437261253595,0.7640725615905997,test,0,0,674,0.5,/Users/charlottejob/Code/Evaluation_neuron_interpretability/vega_fcn_sweep/fcn_000
REACTOME_METABOLISM_OF_RNA,0.5730764269828796,0.998468606431853,test,0,0,674,0.5,/Users/charlottejob/Code/Evaluation_neuron_interpretability/vega_fcn_sweep/fcn_000
REACTOME_MITOTIC_G1_G1_S_PHASES,0.6122018098831177,0.5393740535083292,test,0,0,674,0.5,/Users/charlottejob/Code/Evaluation_neuron_interpretability/vega_fcn_sweep/fcn_000
REACTOME_PI_3K_CASCADE,0.0280994139611721,0.764865715390356,test,0,0,674,0.5,/Users/charlottejob/Code/Evaluation_neuron_interpretability/vega_fcn_sweep/fcn_000
REACTOME_DOWNSTREAM_SIGNALING_OF_ACTIVATED_FGFR,-0.0110808964818716,0.7869366675727101,test,0,0,674,0.5,/Users/charlottejob/Code/Evaluation_neuron_interpretability/vega_fcn_sweep/fcn_000
REACTOME_REGULATION_OF_MITOTIC_CELL_CYCLE,0.93831068277359,0.4487348688038373,test,0,0,674,0.5,/Users/charlottejob/Code/Evaluation_neuron_interpretability/vega_fcn_sweep/fcn_000
REACTOME_TAK1_ACTIVATES_NFKB_BY_PHOSPHORYLATION_AND_ACTIVATION_OF_IKKS_COMPLEX,0.7534947991371155,0.6405330903452867,test,0,0,674,0.5,/Users/charlottejob/Code/Evaluation_neuron_interpretability/vega_fcn_sweep/fcn_000
REACTOME_REGULATION_OF_AMPK_ACTIVITY_VIA_LKB1,0.9300841689109802,0.5270476882595285,test,0,0,674,0.5,/Users/charlottejob/Code/Evaluation_neuron_interpretability/vega_fcn_sweep/fcn_000
REACTOME_MITOTIC_M_M_G1_PHASES,0.112349547445774,0.9998297075226702,test,0,0,674,0.5,/Users/charlottejob/Code/Evaluation_neuron_interpretability/vega_fcn_sweep/fcn_000
REACTOME_MYOGENESIS,0.4701356887817383,0.39468496712837237,test,0,0,674,0.5,/Users/charlottejob/Code/Evaluation_neuron_interpretability/vega_fcn_sweep/fcn_000
REACTOME_MAP_KINASE_ACTIVATION_IN_TLR_CASCADE,0.5760191082954407,0.9650746152512937,test,0,0,674,0.5,/Users/charlottejob/Code/Evaluation_neuron_interpretability/vega_fcn_sweep/fcn_000
REACTOME_PHOSPHOLIPASE_C_MEDIATED_CASCADE,0.0609207041561603,0.7766656540300273,test,0,0,674,0.5,/Users/charlottejob/Code/Evaluation_neuron_interpretability/vega_fcn_sweep/fcn_000
REACTOME_ACTIVATION_OF_KAINATE_RECEPTORS_UPON_GLUTAMATE_BINDING,0.2852684557437897,0.4910152103418692,test,0,0,674,0.5,/Users/charlottejob/Code/Evaluation_neuron_interpretability/vega_fcn_sweep/fcn_000
REACTOME_IONOTROPIC_ACTIVITY_OF_KAINATE_RECEPTORS,,0.7699899664092832,test,0,0,674,0.5,/Users/charlottejob/Code/Evaluation_neuron_interpretability/vega_fcn_sweep/fcn_000
REACTOME_ACTIVATION_OF_THE_AP1_FAMILY_OF_TRANSCRIPTION_FACTORS,0.7504101991653442,0.9587453209046772,test,0,0,674,0.5,/Users/charlottejob/Code/Evaluation_neuron_interpretability/vega_fcn_sweep/fcn_000
REACTOME_MAPK_TARGETS_NUCLEAR_EVENTS_MEDIATED_BY_MAP_KINASES,0.5668210387229919,0.9617904123204476,test,0,0,674,0.5,/Users/charlottejob/Code/Evaluation_neuron_interpretability/vega_fcn_sweep/fcn_000
REACTOME_SYNTHESIS_AND_INTERCONVERSION_OF_NUCLEOTIDE_DI_AND_TRIPHOSPHATES,0.897975504398346,0.537935035616131,test,0,0,674,0.5,/Users/charlottejob/Code/Evaluation_neuron_interpretability/vega_fcn_sweep/fcn_000
REACTOME_GPCR_LIGAND_BINDING,0.5980148315429688,0.5903818341757242,test,0,0,674,0.5,/Users/charlottejob/Code/Evaluation_neuron_interpretability/vega_fcn_sweep/fcn_000
REACTOME_RNA_POL_I_RNA_POL_III_AND_MITOCHONDRIAL_TRANSCRIPTION,0.4443304538726806,0.9833650448491436,test,0,0,674,0.5,/Users/charlottejob/Code/Evaluation_neuron_interpretability/vega_fcn_sweep/fcn_000
REACTOME_JNK_C_JUN_KINASES_PHOSPHORYLATION_AND_ACTIVATION_MEDIATED_BY_ACTIVATED_HUMAN_TAK1,,0.7588710029228285,test,0,0,674,0.5,/Users/charlottejob/Code/Evaluation_neuron_interpretability/vega_fcn_sweep/fcn_000
REACTOME_SHC_MEDIATED_CASCADE,-0.0388571731746196,0.7608299302455159,test,0,0,674,0.5,/Users/charlottejob/Code/Evaluation_neuron_interpretability/vega_fcn_sweep/fcn_000
REACTOME_THROMBIN_SIGNALLING_THROUGH_PROTEINASE_ACTIVATED_RECEPTORS_PARS,0.278288871049881,0.38048971711298807,test,0,0,674,0.5,/Users/charlottejob/Code/Evaluation_neuron_interpretability/vega_fcn_sweep/fcn_000
REACTOME_ENERGY_DEPENDENT_REGULATION_OF_MTOR_BY_LKB1_AMPK,0.9289163947105408,0.4546349786458689,test,0,0,674,0.5,/Users/charlottejob/Code/Evaluation_neuron_interpretability/vega_fcn_sweep/fcn_000
REACTOME_MITOTIC_G2_G2_M_PHASES,0.8927611112594604,0.6227707076879478,test,0,0,674,0.5,/Users/charlottejob/Code/Evaluation_neuron_interpretability/vega_fcn_sweep/fcn_000
REACTOME_REGULATION_OF_RHEB_GTPASE_ACTIVITY_BY_AMPK,,0.7773136151463597,test,0,0,674,0.5,/Users/charlottejob/Code/Evaluation_neuron_interpretability/vega_fcn_sweep/fcn_000
REACTOME_ACTIVATED_TAK1_MEDIATES_P38_MAPK_ACTIVATION,,0.7635039043755182,test,0,0,674,0.5,/Users/charlottejob/Code/Evaluation_neuron_interpretability/vega_fcn_sweep/fcn_000
REACTOME_DNA_REPAIR,0.861821711063385,0.4745111537792694,test,0,0,674,0.5,/Users/charlottejob/Code/Evaluation_neuron_interpretability/vega_fcn_sweep/fcn_000
REACTOME_EFFECTS_OF_PIP2_HYDROLYSIS,0.921981155872345,0.44166622716804677,test,0,0,674,0.5,/Users/charlottejob/Code/Evaluation_neuron_interpretability/vega_fcn_sweep/fcn_000
REACTOME_RNA_POL_II_PRE_TRANSCRIPTION_EVENTS,0.0590553656220436,0.7874218469213826,test,0,0,674,0.5,/Users/charlottejob/Code/Evaluation_neuron_interpretability/vega_fcn_sweep/fcn_000
REACTOME_ROLE_OF_DCC_IN_REGULATING_APOPTOSIS,0.8984295129776001,0.532273438199407,test,0,0,674,0.5,/Users/charlottejob/Code/Evaluation_neuron_interpretability/vega_fcn_sweep/fcn_000
REACTOME_POST_TRANSLATIONAL_PROTEIN_MODIFICATION,0.7686905860900879,0.4663285193320528,test,0,0,674,0.5,/Users/charlottejob/Code/Evaluation_neuron_interpretability/vega_fcn_sweep/fcn_000
REACTOME_CHROMOSOME_MAINTENANCE,0.3333680927753448,0.3558709553446564,test,0,0,674,0.5,/Users/charlottejob/Code/Evaluation_neuron_interpretability/vega_fcn_sweep/fcn_000
REACTOME_DEPOSITION_OF_NEW_CENPA_CONTAINING_NUCLEOSOMES_AT_THE_CENTROMERE,0.3153139650821686,0.4208429045261305,test,0,0,674,0.5,/Users/charlottejob/Code/Evaluation_neuron_interpretability/vega_fcn_sweep/fcn_000
REACTOME_L1CAM_INTERACTIONS,0.3563910722732544,0.34448225887870254,test,0,0,674,0.5,/Users/charlottejob/Code/Evaluation_neuron_interpretability/vega_fcn_sweep/fcn_000
REACTOME_ROLE_OF_SECOND_MESSENGERS_IN_NETRIN1_SIGNALING,-0.011167068965733,0.7746151780213067,test,0,0,674,0.5,/Users/charlottejob/Code/Evaluation_neuron_interpretability/vega_fcn_sweep/fcn_000
REACTOME_SIGNALING_BY_ILS,0.3984042108058929,0.6259354620931368,test,0,0,674,0.5,/Users/charlottejob/Code/Evaluation_neuron_interpretability/vega_fcn_sweep/fcn_000
REACTOME_NETRIN1_SIGNALING,0.6552408933639526,0.3719099010884527,test,0,0,674,0.5,/Users/charlottejob/Code/Evaluation_neuron_interpretability/vega_fcn_sweep/fcn_000
REACTOME_METABOLISM_OF_LIPIDS_AND_LIPOPROTEINS,0.239350289106369,0.3989429112433093,test,0,0,674,0.5,/Users/charlottejob/Code/Evaluation_neuron_interpretability/vega_fcn_sweep/fcn_000
REACTOME_INTERACTION_BETWEEN_L1_AND_ANKYRINS,0.1128446236252784,0.563710841520658,test,0,0,674,0.5,/Users/charlottejob/Code/Evaluation_neuron_interpretability/vega_fcn_sweep/fcn_000
REACTOME_SIGNAL_TRANSDUCTION_BY_L1,0.892390787601471,0.4792063060614298,test,0,0,674,0.5,/Users/charlottejob/Code/Evaluation_neuron_interpretability/vega_fcn_sweep/fcn_000
REACTOME_FATTY_ACID_TRIACYLGLYCEROL_AND_KETONE_BODY_METABOLISM,0.5549784302711487,0.4180306171576178,test,0,0,674,0.5,/Users/charlottejob/Code/Evaluation_neuron_interpretability/vega_fcn_sweep/fcn_000
REACTOME_TRANSPORT_OF_VITAMINS_NUCLEOSIDES_AND_RELATED_MOLECULES,,0.7720935434601013,test,0,0,674,0.5,/Users/charlottejob/Code/Evaluation_neuron_interpretability/vega_fcn_sweep/fcn_000
REACTOME_HIGHLY_CALCIUM_PERMEABLE_POSTSYNAPTIC_NICOTINIC_ACETYLCHOLINE_RECEPTORS,,0.7791475810321511,test,0,0,674,0.5,/Users/charlottejob/Code/Evaluation_neuron_interpretability/vega_fcn_sweep/fcn_000
REACTOME_RNA_POL_I_PROMOTER_OPENING,0.4634521603584289,0.9843858536438042,test,0,0,674,0.5,/Users/charlottejob/Code/Evaluation_neuron_interpretability/vega_fcn_sweep/fcn_000
REACTOME_PRESYNAPTIC_NICOTINIC_ACETYLCHOLINE_RECEPTORS,0.5904624462127686,0.4190000647558443,test,0,0,674,0.5,/Users/charlottejob/Code/Evaluation_neuron_interpretability/vega_fcn_sweep/fcn_000
REACTOME_ORGANIC_CATION_ANION_ZWITTERION_TRANSPORT,0.0161211155354976,0.6403396560100381,test,0,0,674,0.5,/Users/charlottejob/Code/Evaluation_neuron_interpretability/vega_fcn_sweep/fcn_000
REACTOME_DCC_MEDIATED_ATTRACTIVE_SIGNALING,-0.0022390738595277,0.5519843704816515,test,0,0,674,0.5,/Users/charlottejob/Code/Evaluation_neuron_interpretability/vega_fcn_sweep/fcn_000
REACTOME_RECYCLING_PATHWAY_OF_L1,0.8823158144950867,0.4595593866696245,test,0,0,674,0.5,/Users/charlottejob/Code/Evaluation_neuron_interpretability/vega_fcn_sweep/fcn_000
REACTOME_SYNTHESIS_OF_SUBSTRATES_IN_N_GLYCAN_BIOSYTHESIS,,0.7600279195567772,test,0,0,674,0.5,/Users/charlottejob/Code/Evaluation_neuron_interpretability/vega_fcn_sweep/fcn_000
REACTOME_RESPIRATORY_ELECTRON_TRANSPORT,,0.7827369890502989,test,0,0,674,0.5,/Users/charlottejob/Code/Evaluation_neuron_interpretability/vega_fcn_sweep/fcn_000
REACTOME_ASPARAGINE_N_LINKED_GLYCOSYLATION,-0.0185731016099452,0.7692574254826497,test,0,0,674,0.5,/Users/charlottejob/Code/Evaluation_neuron_interpretability/vega_fcn_sweep/fcn_000
REACTOME_ASSEMBLY_OF_THE_PRE_REPLICATIVE_COMPLEX,,0.7680024429612179,test,0,0,674,0.5,/Users/charlottejob/Code/Evaluation_neuron_interpretability/vega_fcn_sweep/fcn_000
REACTOME_BIOSYNTHESIS_OF_THE_N_GLYCAN_PRECURSOR_DOLICHOL_LIPID_LINKED_OLIGOSACCHARIDE_LLO_AND_TRANSFER_TO_A_NASCENT_PROTEIN,0.3373119831085205,0.4977956760597644,test,0,0,674,0.5,/Users/charlottejob/Code/Evaluation_neuron_interpretability/vega_fcn_sweep/fcn_000
REACTOME_IL1_SIGNALING,0.8060150146484375,0.3928264525873459,test,0,0,674,0.5,/Users/charlottejob/Code/Evaluation_neuron_interpretability/vega_fcn_sweep/fcn_000
REACTOME_GLOBAL_GENOMIC_NER_GG_NER,-0.0233364887535572,0.7817905550870226,test,0,0,674,0.5,/Users/charlottejob/Code/Evaluation_neuron_interpretability/vega_fcn_sweep/fcn_000
REACTOME_CGMP_EFFECTS,-0.0207508616149425,0.5817542533213622,test,0,0,674,0.5,/Users/charlottejob/Code/Evaluation_neuron_interpretability/vega_fcn_sweep/fcn_000
REACTOME_REGULATION_OF_SIGNALING_BY_CBL,0.6397210359573364,0.4245310549724874,test,0,0,674,0.5,/Users/charlottejob/Code/Evaluation_neuron_interpretability/vega_fcn_sweep/fcn_000
REACTOME_AMINO_ACID_SYNTHESIS_AND_INTERCONVERSION_TRANSAMINATION,0.9171521067619324,0.48228322376124116,test,0,0,674,0.5,/Users/charlottejob/Code/Evaluation_neuron_interpretability/vega_fcn_sweep/fcn_000
REACTOME_CALNEXIN_CALRETICULIN_CYCLE,,0.7739266239148453,test,0,0,674,0.5,/Users/charlottejob/Code/Evaluation_neuron_interpretability/vega_fcn_sweep/fcn_000
REACTOME_SYNTHESIS_SECRETION_AND_INACTIVATION_OF_GIP,,0.7721956113946691,test,0,0,674,0.5,/Users/charlottejob/Code/Evaluation_neuron_interpretability/vega_fcn_sweep/fcn_000
REACTOME_PASSIVE_TRANSPORT_BY_AQUAPORINS,0.9109870791435242,0.5203940401170167,test,0,0,674,0.5,/Users/charlottejob/Code/Evaluation_neuron_interpretability/vega_fcn_sweep/fcn_000
REACTOME_NEPHRIN_INTERACTIONS,0.0287833306938409,0.7747560154803972,test,0,0,674,0.5,/Users/charlottejob/Code/Evaluation_neuron_interpretability/vega_fcn_sweep/fcn_000
REACTOME_IL_3_5_AND_GM_CSF_SIGNALING,0.3218865692615509,0.380612060824075,test,0,0,674,0.5,/Users/charlottejob/Code/Evaluation_neuron_interpretability/vega_fcn_sweep/fcn_000
REACTOME_NITRIC_OXIDE_STIMULATES_GUANYLATE_CYCLASE,0.0836243480443954,0.4508266871085115,test,0,0,674,0.5,/Users/charlottejob/Code/Evaluation_neuron_interpretability/vega_fcn_sweep/fcn_000
REACTOME_PLATELET_HOMEOSTASIS,0.6136309504508972,0.5315310845649375,test,0,0,674,0.5,/Users/charlottejob/Code/Evaluation_neuron_interpretability/vega_fcn_sweep/fcn_000
REACTOME_N_GLYCAN_TRIMMING_IN_THE_ER_AND_CALNEXIN_CALRETICULIN_CYCLE,,0.7896889586877808,test,0,0,674,0.5,/Users/charlottejob/Code/Evaluation_neuron_interpretability/vega_fcn_sweep/fcn_000
REACTOME_PLATELET_SENSITIZATION_BY_LDL,0.7652903199195862,0.5617081362957992,test,0,0,674,0.5,/Users/charlottejob/Code/Evaluation_neuron_interpretability/vega_fcn_sweep/fcn_000
REACTOME_AQUAPORIN_MEDIATED_TRANSPORT,0.0814471840858459,0.36412088254827923,test,0,0,674,0.5,/Users/charlottejob/Code/Evaluation_neuron_interpretability/vega_fcn_sweep/fcn_000
REACTOME_IL_RECEPTOR_SHC_SIGNALING,0.7460460662841797,0.4077618793586405,test,0,0,674,0.5,/Users/charlottejob/Code/Evaluation_neuron_interpretability/vega_fcn_sweep/fcn_000
REACTOME_RAP1_SIGNALLING,0.7489374876022339,0.6677237620695268,test,0,0,674,0.5,/Users/charlottejob/Code/Evaluation_neuron_interpretability/vega_fcn_sweep/fcn_000
REACTOME_PLATELET_CALCIUM_HOMEOSTASIS,-0.0151455895975232,0.790092315145898,test,0,0,674,0.5,/Users/charlottejob/Code/Evaluation_neuron_interpretability/vega_fcn_sweep/fcn_000
REACTOME_SIGNAL_REGULATORY_PROTEIN_SIRP_FAMILY_INTERACTIONS,0.3769708573818207,0.4463384609934731,test,0,0,674,0.5,/Users/charlottejob/Code/Evaluation_neuron_interpretability/vega_fcn_sweep/fcn_000
REACTOME_PROSTACYCLIN_SIGNALLING_THROUGH_PROSTACYCLIN_RECEPTOR,0.6431628465652466,0.4735835325162749,test,0,0,674,0.5,/Users/charlottejob/Code/Evaluation_neuron_interpretability/vega_fcn_sweep/fcn_000
REACTOME_GABA_SYNTHESIS_RELEASE_REUPTAKE_AND_DEGRADATION,-0.0255599096417427,0.7759455568642849,test,0,0,674,0.5,/Users/charlottejob/Code/Evaluation_neuron_interpretability/vega_fcn_sweep/fcn_000
REACTOME_INCRETIN_SYNTHESIS_SECRETION_AND_INACTIVATION,,0.7793744274309645,test,0,0,674,0.5,/Users/charlottejob/Code/Evaluation_neuron_interpretability/vega_fcn_sweep/fcn_000
REACTOME_TRANSPORT_OF_ORGANIC_ANIONS,,0.7736526632639706,test,0,0,674,0.5,/Users/charlottejob/Code/Evaluation_neuron_interpretability/vega_fcn_sweep/fcn_000
REACTOME_SYNTHESIS_SECRETION_AND_INACTIVATION_OF_GLP1,,0.7864310954063604,test,0,0,674,0.5,/Users/charlottejob/Code/Evaluation_neuron_interpretability/vega_fcn_sweep/fcn_000
REACTOME_REGULATION_OF_WATER_BALANCE_BY_RENAL_AQUAPORINS,0.6156308650970459,0.45256060098148587,test,0,0,674,0.5,/Users/charlottejob/Code/Evaluation_neuron_interpretability/vega_fcn_sweep/fcn_000
REACTOME_DESTABILIZATION_OF_MRNA_BY_BRF1,0.9020738005638124,0.611947978305042,test,0,0,674,0.5,/Users/charlottejob/Code/Evaluation_neuron_interpretability/vega_fcn_sweep/fcn_000
REACTOME_IRAK1_RECRUITS_IKK_COMPLEX,,0.7741150809230903,test,0,0,674,0.5,/Users/charlottejob/Code/Evaluation_neuron_interpretability/vega_fcn_sweep/fcn_000
REACTOME_TRAF6_MEDIATED_IRF7_ACTIVATION,0.9426019787788392,0.5452317852936227,test,0,0,674,0.5,/Users/charlottejob/Code/Evaluation_neuron_interpretability/vega_fcn_sweep/fcn_000
REACTOME_CIRCADIAN_CLOCK,0.6456296443939209,0.60890424204068,test,0,0,674,0.5,/Users/charlottejob/Code/Evaluation_neuron_interpretability/vega_fcn_sweep/fcn_000
REACTOME_TRAF6_MEDIATED_NFKB_ACTIVATION,0.8065376281738281,0.6629476781044107,test,0,0,674,0.5,/Users/charlottejob/Code/Evaluation_neuron_interpretability/vega_fcn_sweep/fcn_000
REACTOME_FACTORS_INVOLVED_IN_MEGAKARYOCYTE_DEVELOPMENT_AND_PLATELET_PRODUCTION,0.3301548957824707,0.4662663726453944,test,0,0,674,0.5,/Users/charlottejob/Code/Evaluation_neuron_interpretability/vega_fcn_sweep/fcn_000
REACTOME_REGULATION_OF_IFNG_SIGNALING,0.3055416345596313,0.3315296309969586,test,0,0,674,0.5,/Users/charlottejob/Code/Evaluation_neuron_interpretability/vega_fcn_sweep/fcn_000
REACTOME_GABA_A_RECEPTOR_ACTIVATION,,0.7580630807485932,test,0,0,674,0.5,/Users/charlottejob/Code/Evaluation_neuron_interpretability/vega_fcn_sweep/fcn_000
REACTOME_REGULATION_OF_MRNA_STABILITY_BY_PROTEINS_THAT_BIND_AU_RICH_ELEMENTS,0.7476320266723633,0.6024717243532434,test,0,0,674,0.5,/Users/charlottejob/Code/Evaluation_neuron_interpretability/vega_fcn_sweep/fcn_000
REACTOME_INHIBITION_OF_VOLTAGE_GATED_CA2_CHANNELS_VIA_GBETA_GAMMA_SUBUNITS,0.9102593064308168,0.533749152300389,test,0,0,674,0.5,/Users/charlottejob/Code/Evaluation_neuron_interpretability/vega_fcn_sweep/fcn_000
REACTOME_IRAK2_MEDIATED_ACTIVATION_OF_TAK1_COMPLEX_UPON_TLR7_8_OR_9_STIMULATION,,0.7634585350957555,test,0,0,674,0.5,/Users/charlottejob/Code/Evaluation_neuron_interpretability/vega_fcn_sweep/fcn_000
REACTOME_TRAF6_MEDIATED_INDUCTION_OF_NFKB_AND_MAP_KINASES_UPON_TLR7_8_OR_9_ACTIVATION,0.315925121307373,0.960407843983492,test,0,0,674,0.5,/Users/charlottejob/Code/Evaluation_neuron_interpretability/vega_fcn_sweep/fcn_000
REACTOME_TRAF3_DEPENDENT_IRF_ACTIVATION_PATHWAY,0.9432222843170166,0.4694914184755174,test,0,0,674,0.5,/Users/charlottejob/Code/Evaluation_neuron_interpretability/vega_fcn_sweep/fcn_000
REACTOME_GABA_B_RECEPTOR_ACTIVATION,0.0360845625400543,0.6339936467144949,test,0,0,674,0.5,/Users/charlottejob/Code/Evaluation_neuron_interpretability/vega_fcn_sweep/fcn_000
REACTOME_NFKB_ACTIVATION_THROUGH_FADD_RIP1_PATHWAY_MEDIATED_BY_CASPASE_8_AND10,,0.7765039479998255,test,0,0,674,0.5,/Users/charlottejob/Code/Evaluation_neuron_interpretability/vega_fcn_sweep/fcn_000
REACTOME_DESTABILIZATION_OF_MRNA_BY_KSRP,,0.7815120184967065,test,0,0,674,0.5,/Users/charlottejob/Code/Evaluation_neuron_interpretability/vega_fcn_sweep/fcn_000
REACTOME_TRANSPORT_TO_THE_GOLGI_AND_SUBSEQUENT_MODIFICATION,,0.7666117000392618,test,0,0,674,0.5,/Users/charlottejob/Code/Evaluation_neuron_interpretability/vega_fcn_sweep/fcn_000
REACTOME_IRON_UPTAKE_AND_TRANSPORT,0.5349290370941162,0.9970273150485164,test,0,0,674,0.5,/Users/charlottejob/Code/Evaluation_neuron_interpretability/vega_fcn_sweep/fcn_000
REACTOME_DESTABILIZATION_OF_MRNA_BY_TRISTETRAPROLIN_TTP,,0.7761095842603498,test,0,0,674,0.5,/Users/charlottejob/Code/Evaluation_neuron_interpretability/vega_fcn_sweep/fcn_000
REACTOME_INTERFERON_GAMMA_SIGNALING,0.2999211549758911,0.5260546841334138,test,0,0,674,0.5,/Users/charlottejob/Code/Evaluation_neuron_interpretability/vega_fcn_sweep/fcn_000
REACTOME_N_GLYCAN_ANTENNAE_ELONGATION,,0.7895825153775683,test,0,0,674,0.5,/Users/charlottejob/Code/Evaluation_neuron_interpretability/vega_fcn_sweep/fcn_000
REACTOME_TRAF6_MEDIATED_IRF7_ACTIVATION_IN_TLR7_8_OR_9_SIGNALING,0.9389513731002808,0.45822290930506476,test,0,0,674,0.5,/Users/charlottejob/Code/Evaluation_neuron_interpretability/vega_fcn_sweep/fcn_000
REACTOME_ACTIVATION_OF_IRF3_IRF7_MEDIATED_BY_TBK1_IKK_EPSILON,0.6061270833015442,0.4462261941860732,test,0,0,674,0.5,/Users/charlottejob/Code/Evaluation_neuron_interpretability/vega_fcn_sweep/fcn_000
REACTOME_ION_TRANSPORT_BY_P_TYPE_ATPASES,0.1621343493461609,0.4677734665553567,test,0,0,674,0.5,/Users/charlottejob/Code/Evaluation_neuron_interpretability/vega_fcn_sweep/fcn_000
REACTOME_INTERFERON_ALPHA_BETA_SIGNALING,0.2915769517421722,0.6629061057282423,test,0,0,674,0.5,/Users/charlottejob/Code/Evaluation_neuron_interpretability/vega_fcn_sweep/fcn_000
REACTOME_ADVANCED_GLYCOSYLATION_ENDPRODUCT_RECEPTOR_SIGNALING,0.5494977831840515,0.4524635803671892,test,0,0,674,0.5,/Users/charlottejob/Code/Evaluation_neuron_interpretability/vega_fcn_sweep/fcn_000
REACTOME_GABA_RECEPTOR_ACTIVATION,0.2457098215818405,0.5261983795552702,test,0,0,674,0.5,/Users/charlottejob/Code/Evaluation_neuron_interpretability/vega_fcn_sweep/fcn_000
REACTOME_KINESINS,0.9297122955322266,0.41270931415210077,test,0,0,674,0.5,/Users/charlottejob/Code/Evaluation_neuron_interpretability/vega_fcn_sweep/fcn_000
REACTOME_N_GLYCAN_ANTENNAE_ELONGATION_IN_THE_MEDIAL_TRANS_GOLGI,,0.7861571347554858,test,0,0,674,0.5,/Users/charlottejob/Code/Evaluation_neuron_interpretability/vega_fcn_sweep/fcn_000
REACTOME_REGULATION_OF_IFNA_SIGNALING,0.7053478956222534,0.4956401736898546,test,0,0,674,0.5,/Users/charlottejob/Code/Evaluation_neuron_interpretability/vega_fcn_sweep/fcn_000
REACTOME_INTERFERON_SIGNALING,0.2416835129261016,0.6188754224321081,test,0,0,674,0.5,/Users/charlottejob/Code/Evaluation_neuron_interpretability/vega_fcn_sweep/fcn_000
REACTOME_NEGATIVE_REGULATORS_OF_RIG_I_MDA5_SIGNALING,0.6405496597290039,0.5657963131172589,test,0,0,674,0.5,/Users/charlottejob/Code/Evaluation_neuron_interpretability/vega_fcn_sweep/fcn_000
REACTOME_NFKB_AND_MAP_KINASES_ACTIVATION_MEDIATED_BY_TLR4_SIGNALING_REPERTOIRE,0.7926845550537109,0.9619901610098807,test,0,0,674,0.5,/Users/charlottejob/Code/Evaluation_neuron_interpretability/vega_fcn_sweep/fcn_000
REACTOME_TRANSFERRIN_ENDOCYTOSIS_AND_RECYCLING,,0.7746525323910485,test,0,0,674,0.5,/Users/charlottejob/Code/Evaluation_neuron_interpretability/vega_fcn_sweep/fcn_000
REACTOME_DSCAM_INTERACTIONS,,0.7875705623173231,test,0,0,674,0.5,/Users/charlottejob/Code/Evaluation_neuron_interpretability/vega_fcn_sweep/fcn_000
REACTOME_ION_CHANNEL_TRANSPORT,0.7075013518333435,0.4211755110898759,test,0,0,674,0.5,/Users/charlottejob/Code/Evaluation_neuron_interpretability/vega_fcn_sweep/fcn_000
REACTOME_DESTABILIZATION_OF_MRNA_BY_AUF1_HNRNP_D0,,0.7751166950224666,test,0,0,674,0.5,/Users/charlottejob/Code/Evaluation_neuron_interpretability/vega_fcn_sweep/fcn_000
REACTOME_TRAF6_MEDIATED_INDUCTION_OF_TAK1_COMPLEX,0.8420332074165344,0.4799361293398396,test,0,0,674,0.5,/Users/charlottejob/Code/Evaluation_neuron_interpretability/vega_fcn_sweep/fcn_000
REACTOME_RIG_I_MDA5_MEDIATED_INDUCTION_OF_IFN_ALPHA_BETA_PATHWAYS,0.2956928610801697,0.6714939173789937,test,0,0,674,0.5,/Users/charlottejob/Code/Evaluation_neuron_interpretability/vega_fcn_sweep/fcn_000
REACTOME_IKK_COMPLEX_RECRUITMENT_MEDIATED_BY_RIP1,0.8289083242416382,0.5101344719277582,test,0,0,674,0.5,/Users/charlottejob/Code/Evaluation_neuron_interpretability/vega_fcn_sweep/fcn_000
REACTOME_LIGAND_GATED_ION_CHANNEL_TRANSPORT,,0.7728639357850193,test,0,0,674,0.5,/Users/charlottejob/Code/Evaluation_neuron_interpretability/vega_fcn_sweep/fcn_000
REACTOME_FORMATION_OF_INCISION_COMPLEX_IN_GG_NER,0.0446822196245193,0.6657859432992076,test,0,0,674,0.5,/Users/charlottejob/Code/Evaluation_neuron_interpretability/vega_fcn_sweep/fcn_000
REACTOME_TRANSCRIPTIONAL_REGULATION_OF_WHITE_ADIPOCYTE_DIFFERENTIATION,0.5572227239608765,0.570884022283011,test,0,0,674,0.5,/Users/charlottejob/Code/Evaluation_neuron_interpretability/vega_fcn_sweep/fcn_000
REACTOME_ENDOSOMAL_SORTING_COMPLEX_REQUIRED_FOR_TRANSPORT_ESCRT,,0.7767831435675958,test,0,0,674,0.5,/Users/charlottejob/Code/Evaluation_neuron_interpretability/vega_fcn_sweep/fcn_000
REACTOME_MEIOTIC_RECOMBINATION,0.5449104309082031,0.9861144421526877,test,0,0,674,0.5,/Users/charlottejob/Code/Evaluation_neuron_interpretability/vega_fcn_sweep/fcn_000
REACTOME_IL_2_SIGNALING,0.3867529630661011,0.3543199508434261,test,0,0,674,0.5,/Users/charlottejob/Code/Evaluation_neuron_interpretability/vega_fcn_sweep/fcn_000
REACTOME_IL_6_SIGNALING,0.6943601965904236,0.49604451242023107,test,0,0,674,0.5,/Users/charlottejob/Code/Evaluation_neuron_interpretability/vega_fcn_sweep/fcn_000
REACTOME_PLATELET_AGGREGATION_PLUG_FORMATION,0.6945445537567139,0.68000378915836,test,0,0,674,0.5,/Users/charlottejob/Code/Evaluation_neuron_interpretability/vega_fcn_sweep/fcn_000
REACTOME_SIGNALING_BY_NOTCH,0.3747442066669464,0.37561134258038437,test,0,0,674,0.5,/Users/charlottejob/Code/Evaluation_neuron_interpretability/vega_fcn_sweep/fcn_000
REACTOME_LAGGING_STRAND_SYNTHESIS,,0.763132225275924,test,0,0,674,0.5,/Users/charlottejob/Code/Evaluation_neuron_interpretability/vega_fcn_sweep/fcn_000
REACTOME_INTRINSIC_PATHWAY,0.3142226934432983,0.42629822341466317,test,0,0,674,0.5,/Users/charlottejob/Code/Evaluation_neuron_interpretability/vega_fcn_sweep/fcn_000
REACTOME_INHIBITION_OF_REPLICATION_INITIATION_OF_DAMAGED_DNA_BY_RB1_E2F1,,0.7845412904070148,test,0,0,674,0.5,/Users/charlottejob/Code/Evaluation_neuron_interpretability/vega_fcn_sweep/fcn_000
REACTOME_ETHANOL_OXIDATION,0.7958769798278809,0.3773823629125554,test,0,0,674,0.5,/Users/charlottejob/Code/Evaluation_neuron_interpretability/vega_fcn_sweep/fcn_000
REACTOME_SYNTHESIS_OF_VERY_LONG_CHAIN_FATTY_ACYL_COAS,0.8802447319030762,0.49673939183294447,test,0,0,674,0.5,/Users/charlottejob/Code/Evaluation_neuron_interpretability/vega_fcn_sweep/fcn_000
REACTOME_DNA_REPLICATION,0.1057147830724716,0.9998543414344672,test,0,0,674,0.5,/Users/charlottejob/Code/Evaluation_neuron_interpretability/vega_fcn_sweep/fcn_000
REACTOME_CLEAVAGE_OF_GROWING_TRANSCRIPT_IN_THE_TERMINATION_REGION_,,0.7709148017275227,test,0,0,674,0.5,/Users/charlottejob/Code/Evaluation_neuron_interpretability/vega_fcn_sweep/fcn_000
REACTOME_PKB_MEDIATED_EVENTS,0.7674107551574707,0.5325809116959372,test,0,0,674,0.5,/Users/charlottejob/Code/Evaluation_neuron_interpretability/vega_fcn_sweep/fcn_000
REACTOME_E2F_MEDIATED_REGULATION_OF_DNA_REPLICATION,0.7634027004241943,0.5935536906164115,test,0,0,674,0.5,/Users/charlottejob/Code/Evaluation_neuron_interpretability/vega_fcn_sweep/fcn_000
REACTOME_METABOLISM_OF_CARBOHYDRATES,0.6498660445213318,0.9104283064174052,test,0,0,674,0.5,/Users/charlottejob/Code/Evaluation_neuron_interpretability/vega_fcn_sweep/fcn_000
REACTOME_HORMONE_SENSITIVE_LIPASE_HSL_MEDIATED_TRIACYLGLYCEROL_HYDROLYSIS,0.0341070592403411,0.7017993373901995,test,0,0,674,0.5,/Users/charlottejob/Code/Evaluation_neuron_interpretability/vega_fcn_sweep/fcn_000
REACTOME_SIGNALING_BY_INSULIN_RECEPTOR,0.5841838717460632,0.5534384343571623,test,0,0,674,0.5,/Users/charlottejob/Code/Evaluation_neuron_interpretability/vega_fcn_sweep/fcn_000
REACTOME_SIGNAL_ATTENUATION,0.9352117776870728,0.5517547958703274,test,0,0,674,0.5,/Users/charlottejob/Code/Evaluation_neuron_interpretability/vega_fcn_sweep/fcn_000
REACTOME_PURINE_METABOLISM,0.8717527389526367,0.7128922682147063,test,0,0,674,0.5,/Users/charlottejob/Code/Evaluation_neuron_interpretability/vega_fcn_sweep/fcn_000
REACTOME_SOS_MEDIATED_SIGNALLING,0.9408994317054749,0.5092574604858089,test,0,0,674,0.5,/Users/charlottejob/Code/Evaluation_neuron_interpretability/vega_fcn_sweep/fcn_000
REACTOME_RNA_POL_III_TRANSCRIPTION_INITIATION_FROM_TYPE_3_PROMOTER,,0.7720752083060681,test,0,0,674,0.5,/Users/charlottejob/Code/Evaluation_neuron_interpretability/vega_fcn_sweep/fcn_000
REACTOME_APOPTOSIS,0.5020759105682373,0.4581736466217587,test,0,0,674,0.5,/Users/charlottejob/Code/Evaluation_neuron_interpretability/vega_fcn_sweep/fcn_000
REACTOME_LIPID_DIGESTION_MOBILIZATION_AND_TRANSPORT,0.9069492816925048,0.5390814129345876,test,0,0,674,0.5,/Users/charlottejob/Code/Evaluation_neuron_interpretability/vega_fcn_sweep/fcn_000
REACTOME_HEMOSTASIS,0.4112989902496338,0.8975816180928526,test,0,0,674,0.5,/Users/charlottejob/Code/Evaluation_neuron_interpretability/vega_fcn_sweep/fcn_000
REACTOME_INFLUENZA_LIFE_CYCLE,0.4556455314159393,0.9993678477647744,test,0,0,674,0.5,/Users/charlottejob/Code/Evaluation_neuron_interpretability/vega_fcn_sweep/fcn_000
REACTOME_INFLUENZA_VIRAL_RNA_TRANSCRIPTION_AND_REPLICATION,0.5600312352180481,0.9992957696510424,test,0,0,674,0.5,/Users/charlottejob/Code/Evaluation_neuron_interpretability/vega_fcn_sweep/fcn_000
REACTOME_NEP_NS2_INTERACTS_WITH_THE_CELLULAR_EXPORT_MACHINERY,0.9152946472167968,0.649312326753279,test,0,0,674,0.5,/Users/charlottejob/Code/Evaluation_neuron_interpretability/vega_fcn_sweep/fcn_000
REACTOME_HIV_INFECTION,0.2555177211761474,0.9247878467488384,test,0,0,674,0.5,/Users/charlottejob/Code/Evaluation_neuron_interpretability/vega_fcn_sweep/fcn_000
REACTOME_TRANSPORT_OF_RIBONUCLEOPROTEINS_INTO_THE_HOST_NUCLEUS,0.9211778044700624,0.6601025532027949,test,0,0,674,0.5,/Users/charlottejob/Code/Evaluation_neuron_interpretability/vega_fcn_sweep/fcn_000
REACTOME_HIV_LIFE_CYCLE,0.5067145228385925,0.6029062363907984,test,0,0,674,0.5,/Users/charlottejob/Code/Evaluation_neuron_interpretability/vega_fcn_sweep/fcn_000
REACTOME_ABORTIVE_ELONGATION_OF_HIV1_TRANSCRIPT_IN_THE_ABSENCE_OF_TAT,,0.7719303756052873,test,0,0,674,0.5,/Users/charlottejob/Code/Evaluation_neuron_interpretability/vega_fcn_sweep/fcn_000
REACTOME_EARLY_PHASE_OF_HIV_LIFE_CYCLE,0.8142496347427368,0.5390503313819595,test,0,0,674,0.5,/Users/charlottejob/Code/Evaluation_neuron_interpretability/vega_fcn_sweep/fcn_000
REACTOME_HOST_INTERACTIONS_OF_HIV_FACTORS,0.4170965850353241,0.9958244544547243,test,0,0,674,0.5,/Users/charlottejob/Code/Evaluation_neuron_interpretability/vega_fcn_sweep/fcn_000
REACTOME_RNA_POL_III_TRANSCRIPTION_TERMINATION,,0.7752894472800245,test,0,0,674,0.5,/Users/charlottejob/Code/Evaluation_neuron_interpretability/vega_fcn_sweep/fcn_000
REACTOME_RESPIRATORY_ELECTRON_TRANSPORT_ATP_SYNTHESIS_BY_CHEMIOSMOTIC_COUPLING_AND_HEAT_PRODUCTION_BY_UNCOUPLING_PROTEINS_,0.0956582278013229,0.6431864333322848,test,0,0,674,0.5,/Users/charlottejob/Code/Evaluation_neuron_interpretability/vega_fcn_sweep/fcn_000
REACTOME_FORMATION_OF_THE_HIV1_EARLY_ELONGATION_COMPLEX,0.0038988885935395,0.7743889203221134,test,0,0,674,0.5,/Users/charlottejob/Code/Evaluation_neuron_interpretability/vega_fcn_sweep/fcn_000
REACTOME_RAF_MAP_KINASE_CASCADE,,0.7679466038476639,test,0,0,674,0.5,/Users/charlottejob/Code/Evaluation_neuron_interpretability/vega_fcn_sweep/fcn_000
REACTOME_VIRAL_MESSENGER_RNA_SYNTHESIS,,0.7729354796492606,test,0,0,674,0.5,/Users/charlottejob/Code/Evaluation_neuron_interpretability/vega_fcn_sweep/fcn_000
REACTOME_LATE_PHASE_OF_HIV_LIFE_CYCLE,0.4207281768321991,0.4429066876063342,test,0,0,674,0.5,/Users/charlottejob/Code/Evaluation_neuron_interpretability/vega_fcn_sweep/fcn_000
REACTOME_SHC_MEDIATED_SIGNALLING,,0.7744640753828033,test,0,0,674,0.5,/Users/charlottejob/Code/Evaluation_neuron_interpretability/vega_fcn_sweep/fcn_000
REACTOME_INTERACTIONS_OF_VPR_WITH_HOST_CELLULAR_PROTEINS,0.9305169582366944,0.5957862855017402,test,0,0,674,0.5,/Users/charlottejob/Code/Evaluation_neuron_interpretability/vega_fcn_sweep/fcn_000
REACTOME_FORMATION_OF_ATP_BY_CHEMIOSMOTIC_COUPLING,,0.7745705186930157,test,0,0,674,0.5,/Users/charlottejob/Code/Evaluation_neuron_interpretability/vega_fcn_sweep/fcn_000
REACTOME_APC_C_CDH1_MEDIATED_DEGRADATION_OF_CDC20_AND_OTHER_APC_C_CDH1_TARGETED_PROTEINS_IN_LATE_MITOSIS_EARLY_G1,0.0114268027245998,0.7731455858770773,test,0,0,674,0.5,/Users/charlottejob/Code/Evaluation_neuron_interpretability/vega_fcn_sweep/fcn_000
REACTOME_ACTIVATION_OF_ATR_IN_RESPONSE_TO_REPLICATION_STRESS,,0.7816324215853072,test,0,0,674,0.5,/Users/charlottejob/Code/Evaluation_neuron_interpretability/vega_fcn_sweep/fcn_000
REACTOME_UNWINDING_OF_DNA,,0.7825328272913669,test,0,0,674,0.5,/Users/charlottejob/Code/Evaluation_neuron_interpretability/vega_fcn_sweep/fcn_000
REACTOME_APC_C_CDC20_MEDIATED_DEGRADATION_OF_MITOTIC_PROTEINS,0.9386789798736572,0.49211687740360727,test,0,0,674,0.5,/Users/charlottejob/Code/Evaluation_neuron_interpretability/vega_fcn_sweep/fcn_000
REACTOME_GLUCURONIDATION,,0.7795698643284038,test,0,0,674,0.5,/Users/charlottejob/Code/Evaluation_neuron_interpretability/vega_fcn_sweep/fcn_000
REACTOME_AUTODEGRADATION_OF_CDH1_BY_CDH1_APC_C,0.0347899198532104,0.7720487128970862,test,0,0,674,0.5,/Users/charlottejob/Code/Evaluation_neuron_interpretability/vega_fcn_sweep/fcn_000
REACTOME_MYD88_MAL_CASCADE_INITIATED_ON_PLASMA_MEMBRANE,0.3627538681030273,0.95940116261132,test,0,0,674,0.5,/Users/charlottejob/Code/Evaluation_neuron_interpretability/vega_fcn_sweep/fcn_000
REACTOME_INNATE_IMMUNE_SYSTEM,0.3589982688426971,0.554854450614168,test,0,0,674,0.5,/Users/charlottejob/Code/Evaluation_neuron_interpretability/vega_fcn_sweep/fcn_000
REACTOME_REGULATION_OF_GLUCOKINASE_BY_GLUCOKINASE_REGULATORY_PROTEIN,0.8873746991157532,0.6994014784494934,test,0,0,674,0.5,/Users/charlottejob/Code/Evaluation_neuron_interpretability/vega_fcn_sweep/fcn_000
REACTOME_MITOTIC_PROMETAPHASE,0.1045810729265213,0.9998178390404536,test,0,0,674,0.5,/Users/charlottejob/Code/Evaluation_neuron_interpretability/vega_fcn_sweep/fcn_000
REACTOME_APC_C_CDC20_MEDIATED_DEGRADATION_OF_CYCLIN_B,-0.0247954297810792,0.7744777697361886,test,0,0,674,0.5,/Users/charlottejob/Code/Evaluation_neuron_interpretability/vega_fcn_sweep/fcn_000
REACTOME_SCF_BETA_TRCP_MEDIATED_DEGRADATION_OF_EMI1,-0.0211014617234468,0.7901358929732961,test,0,0,674,0.5,/Users/charlottejob/Code/Evaluation_neuron_interpretability/vega_fcn_sweep/fcn_000
REACTOME_LIPOPROTEIN_METABOLISM,0.9124978184700012,0.5451017151764415,test,0,0,674,0.5,/Users/charlottejob/Code/Evaluation_neuron_interpretability/vega_fcn_sweep/fcn_000
REACTOME_G1_S_SPECIFIC_TRANSCRIPTION,0.3273632526397705,0.7078583347355432,test,0,0,674,0.5,/Users/charlottejob/Code/Evaluation_neuron_interpretability/vega_fcn_sweep/fcn_000
REACTOME_THE_ROLE_OF_NEF_IN_HIV1_REPLICATION_AND_DISEASE_PATHOGENESIS,0.3942249119281769,0.5384463245409097,test,0,0,674,0.5,/Users/charlottejob/Code/Evaluation_neuron_interpretability/vega_fcn_sweep/fcn_000
REACTOME_CHYLOMICRON_MEDIATED_LIPID_TRANSPORT,0.9396623969078064,0.5615560984645926,test,0,0,674,0.5,/Users/charlottejob/Code/Evaluation_neuron_interpretability/vega_fcn_sweep/fcn_000
REACTOME_SIGNALING_BY_TGF_BETA_RECEPTOR_COMPLEX,0.7302644848823547,0.9716873673148402,test,0,0,674,0.5,/Users/charlottejob/Code/Evaluation_neuron_interpretability/vega_fcn_sweep/fcn_000
REACTOME_CONVERSION_FROM_APC_C_CDC20_TO_APC_C_CDH1_IN_LATE_ANAPHASE,0.7039575576782227,0.6669132359828005,test,0,0,674,0.5,/Users/charlottejob/Code/Evaluation_neuron_interpretability/vega_fcn_sweep/fcn_000
REACTOME_ACTIVATED_TLR4_SIGNALLING,0.3072071671485901,0.3795669281288859,test,0,0,674,0.5,/Users/charlottejob/Code/Evaluation_neuron_interpretability/vega_fcn_sweep/fcn_000
REACTOME_IMMUNE_SYSTEM,0.3745431005954742,0.9519514333537022,test,0,0,674,0.5,/Users/charlottejob/Code/Evaluation_neuron_interpretability/vega_fcn_sweep/fcn_000
REACTOME_BINDING_AND_ENTRY_OF_HIV_VIRION,0.8946384787559509,0.5627927113130293,test,0,0,674,0.5,/Users/charlottejob/Code/Evaluation_neuron_interpretability/vega_fcn_sweep/fcn_000
REACTOME_PHOSPHORYLATION_OF_THE_APC_C,0.0668502822518348,0.7774326958120077,test,0,0,674,0.5,/Users/charlottejob/Code/Evaluation_neuron_interpretability/vega_fcn_sweep/fcn_000
REACTOME_CYTOSOLIC_SULFONATION_OF_SMALL_MOLECULES,0.9060896635055542,0.42540359927720867,test,0,0,674,0.5,/Users/charlottejob/Code/Evaluation_neuron_interpretability/vega_fcn_sweep/fcn_000
REACTOME_INTEGRATION_OF_PROVIRUS,-0.0325139872729778,0.7557175107970162,test,0,0,674,0.5,/Users/charlottejob/Code/Evaluation_neuron_interpretability/vega_fcn_sweep/fcn_000
REACTOME_GLUTATHIONE_CONJUGATION,0.6494303345680237,0.8037967926605377,test,0,0,674,0.5,/Users/charlottejob/Code/Evaluation_neuron_interpretability/vega_fcn_sweep/fcn_000
REACTOME_COMPLEMENT_CASCADE,0.925382137298584,0.5115769717649006,test,0,0,674,0.5,/Users/charlottejob/Code/Evaluation_neuron_interpretability/vega_fcn_sweep/fcn_000
REACTOME_PHASE_II_CONJUGATION,0.669704794883728,0.7951161029782936,test,0,0,674,0.5,/Users/charlottejob/Code/Evaluation_neuron_interpretability/vega_fcn_sweep/fcn_000
REACTOME_MTORC1_MEDIATED_SIGNALLING,0.9277724027633668,0.5351895508569648,test,0,0,674,0.5,/Users/charlottejob/Code/Evaluation_neuron_interpretability/vega_fcn_sweep/fcn_000
REACTOME_TOLL_RECEPTOR_CASCADES,0.7032198309898376,0.8150692447819503,test,0,0,674,0.5,/Users/charlottejob/Code/Evaluation_neuron_interpretability/vega_fcn_sweep/fcn_000
REACTOME_ACTIVATION_OF_BH3_ONLY_PROTEINS,0.5342589020729065,0.3933777523421489,test,0,0,674,0.5,/Users/charlottejob/Code/Evaluation_neuron_interpretability/vega_fcn_sweep/fcn_000
REACTOME_GLUCOSE_METABOLISM,0.79164057970047,0.9444230873878096,test,0,0,674,0.5,/Users/charlottejob/Code/Evaluation_neuron_interpretability/vega_fcn_sweep/fcn_000
REACTOME_RNA_POL_III_CHAIN_ELONGATION,,0.7672503599005365,test,0,0,674,0.5,/Users/charlottejob/Code/Evaluation_neuron_interpretability/vega_fcn_sweep/fcn_000
REACTOME_VOLTAGE_GATED_POTASSIUM_CHANNELS,0.8960001468658447,0.38473959589393003,test,0,0,674,0.5,/Users/charlottejob/Code/Evaluation_neuron_interpretability/vega_fcn_sweep/fcn_000
REACTOME_ADAPTIVE_IMMUNE_SYSTEM,0.1854384094476699,0.6063510168564761,test,0,0,674,0.5,/Users/charlottejob/Code/Evaluation_neuron_interpretability/vega_fcn_sweep/fcn_000
REACTOME_NOD1_2_SIGNALING_PATHWAY,0.6847736239433289,0.4561856707567858,test,0,0,674,0.5,/Users/charlottejob/Code/Evaluation_neuron_interpretability/vega_fcn_sweep/fcn_000
REACTOME_CYTOKINE_SIGNALING_IN_IMMUNE_SYSTEM,0.0842057317495346,0.6151939687717073,test,0,0,674,0.5,/Users/charlottejob/Code/Evaluation_neuron_interpretability/vega_fcn_sweep/fcn_000
REACTOME_MEIOTIC_SYNAPSIS,0.5808404088020325,0.4468772574096413,test,0,0,674,0.5,/Users/charlottejob/Code/Evaluation_neuron_interpretability/vega_fcn_sweep/fcn_000
REACTOME_ANTIGEN_PRESENTATION_FOLDING_ASSEMBLY_AND_PEPTIDE_LOADING_OF_CLASS_I_MHC,0.5781303644180298,0.9997893550578484,test,0,0,674,0.5,/Users/charlottejob/Code/Evaluation_neuron_interpretability/vega_fcn_sweep/fcn_000
REACTOME_THE_NLRP3_INFLAMMASOME,0.5575309991836548,0.6663792136406977,test,0,0,674,0.5,/Users/charlottejob/Code/Evaluation_neuron_interpretability/vega_fcn_sweep/fcn_000
REACTOME_CLASS_I_MHC_MEDIATED_ANTIGEN_PROCESSING_PRESENTATION,0.4939422905445099,0.566152053492353,test,0,0,674,0.5,/Users/charlottejob/Code/Evaluation_neuron_interpretability/vega_fcn_sweep/fcn_000
REACTOME_NONSENSE_MEDIATED_DECAY_ENHANCED_BY_THE_EXON_JUNCTION_COMPLEX,0.6357269883155823,0.9979901939915137,test,0,0,674,0.5,/Users/charlottejob/Code/Evaluation_neuron_interpretability/vega_fcn_sweep/fcn_000
REACTOME_PIP3_ACTIVATES_AKT_SIGNALING,-0.0098946159705519,0.7800335724311096,test,0,0,674,0.5,/Users/charlottejob/Code/Evaluation_neuron_interpretability/vega_fcn_sweep/fcn_000
REACTOME_ANTIGEN_PROCESSING_UBIQUITINATION_PROTEASOME_DEGRADATION,0.3849601745605469,0.39651233546486186,test,0,0,674,0.5,/Users/charlottejob/Code/Evaluation_neuron_interpretability/vega_fcn_sweep/fcn_000
REACTOME_TANDEM_PORE_DOMAIN_POTASSIUM_CHANNELS,,0.7752685076124416,test,0,0,674,0.5,/Users/charlottejob/Code/Evaluation_neuron_interpretability/vega_fcn_sweep/fcn_000
REACTOME_INFLAMMASOMES,0.3257032930850982,0.42210262270506727,test,0,0,674,0.5,/Users/charlottejob/Code/Evaluation_neuron_interpretability/vega_fcn_sweep/fcn_000
REACTOME_POTASSIUM_CHANNELS,0.8335500955581665,0.5143830932869351,test,0,0,674,0.5,/Users/charlottejob/Code/Evaluation_neuron_interpretability/vega_fcn_sweep/fcn_000
REACTOME_NUCLEOTIDE_BINDING_DOMAIN_LEUCINE_RICH_REPEAT_CONTAINING_RECEPTOR_NLR_SIGNALING_PATHWAYS,0.4063732624053955,0.7993876555729857,test,0,0,674,0.5,/Users/charlottejob/Code/Evaluation_neuron_interpretability/vega_fcn_sweep/fcn_000
REACTOME_INWARDLY_RECTIFYING_K_CHANNELS,0.9095926880836488,0.5179730163829104,test,0,0,674,0.5,/Users/charlottejob/Code/Evaluation_neuron_interpretability/vega_fcn_sweep/fcn_000
REACTOME_AMYLOIDS,0.8918487429618835,0.8556051214542173,test,0,0,674,0.5,/Users/charlottejob/Code/Evaluation_neuron_interpretability/vega_fcn_sweep/fcn_000
REACTOME_PACKAGING_OF_TELOMERE_ENDS,0.5241889953613281,0.3726627191603288,test,0,0,674,0.5,/Users/charlottejob/Code/Evaluation_neuron_interpretability/vega_fcn_sweep/fcn_000
REACTOME_TELOMERE_MAINTENANCE,0.5166246891021729,0.3061271622901221,test,0,0,674,0.5,/Users/charlottejob/Code/Evaluation_neuron_interpretability/vega_fcn_sweep/fcn_000
REACTOME_PLATELET_ACTIVATION_SIGNALING_AND_AGGREGATION,0.177095279097557,0.9994403232474511,test,0,0,674,0.5,/Users/charlottejob/Code/Evaluation_neuron_interpretability/vega_fcn_sweep/fcn_000
REACTOME_REMOVAL_OF_THE_FLAP_INTERMEDIATE_FROM_THE_C_STRAND,,0.7870156611263796,test,0,0,674,0.5,/Users/charlottejob/Code/Evaluation_neuron_interpretability/vega_fcn_sweep/fcn_000
REACTOME_CREATION_OF_C4_AND_C2_ACTIVATORS,0.8113827705383301,0.43802758146839427,test,0,0,674,0.5,/Users/charlottejob/Code/Evaluation_neuron_interpretability/vega_fcn_sweep/fcn_000
REACTOME_APC_CDC20_MEDIATED_DEGRADATION_OF_NEK2A,0.1381971687078476,0.7735624476705408,test,0,0,674,0.5,/Users/charlottejob/Code/Evaluation_neuron_interpretability/vega_fcn_sweep/fcn_000
REACTOME_INITIAL_TRIGGERING_OF_COMPLEMENT,0.921046018600464,0.5289468702675416,test,0,0,674,0.5,/Users/charlottejob/Code/Evaluation_neuron_interpretability/vega_fcn_sweep/fcn_000
REACTOME_EXTENSION_OF_TELOMERES,,0.7732338699123152,test,0,0,674,0.5,/Users/charlottejob/Code/Evaluation_neuron_interpretability/vega_fcn_sweep/fcn_000
REACTOME_G2_M_CHECKPOINTS,0.6022464036941528,0.6696139326574223,test,0,0,674,0.5,/Users/charlottejob/Code/Evaluation_neuron_interpretability/vega_fcn_sweep/fcn_000
REACTOME_G2_M_DNA_DAMAGE_CHECKPOINT,,0.7728709156742136,test,0,0,674,0.5,/Users/charlottejob/Code/Evaluation_neuron_interpretability/vega_fcn_sweep/fcn_000
REACTOME_S_PHASE,0.5746646523475647,0.49655764853830686,test,0,0,674,0.5,/Users/charlottejob/Code/Evaluation_neuron_interpretability/vega_fcn_sweep/fcn_000
REACTOME_SCFSKP2_MEDIATED_DEGRADATION_OF_P27_P21,0.0444750525057315,0.7858311645260716,test,0,0,674,0.5,/Users/charlottejob/Code/Evaluation_neuron_interpretability/vega_fcn_sweep/fcn_000
REACTOME_TRYPTOPHAN_CATABOLISM,0.1202423721551895,0.6239318031686781,test,0,0,674,0.5,/Users/charlottejob/Code/Evaluation_neuron_interpretability/vega_fcn_sweep/fcn_000
REACTOME_DNA_STRAND_ELONGATION,,0.7662260611612791,test,0,0,674,0.5,/Users/charlottejob/Code/Evaluation_neuron_interpretability/vega_fcn_sweep/fcn_000
REACTOME_RESOLUTION_OF_AP_SITES_VIA_THE_SINGLE_NUCLEOTIDE_REPLACEMENT_PATHWAY,,0.7793255682066047,test,0,0,674,0.5,/Users/charlottejob/Code/Evaluation_neuron_interpretability/vega_fcn_sweep/fcn_000
REACTOME_FGFR_LIGAND_BINDING_AND_ACTIVATION,0.8153508305549622,0.4359302596220985,test,0,0,674,0.5,/Users/charlottejob/Code/Evaluation_neuron_interpretability/vega_fcn_sweep/fcn_000
REACTOME_CHOLESTEROL_BIOSYNTHESIS,,0.7763835449112245,test,0,0,674,0.5,/Users/charlottejob/Code/Evaluation_neuron_interpretability/vega_fcn_sweep/fcn_000
REACTOME_APOBEC3G_MEDIATED_RESISTANCE_TO_HIV1_INFECTION,0.938216507434845,0.5227721801892621,test,0,0,674,0.5,/Users/charlottejob/Code/Evaluation_neuron_interpretability/vega_fcn_sweep/fcn_000
REACTOME_GAP_JUNCTION_TRAFFICKING,0.7844554781913757,0.4956307306734434,test,0,0,674,0.5,/Users/charlottejob/Code/Evaluation_neuron_interpretability/vega_fcn_sweep/fcn_000
REACTOME_FGFR2C_LIGAND_BINDING_AND_ACTIVATION,,0.7634620250403525,test,0,0,674,0.5,/Users/charlottejob/Code/Evaluation_neuron_interpretability/vega_fcn_sweep/fcn_000
REACTOME_METABOLISM_OF_PORPHYRINS,0.8681354522705078,0.4303754111137907,test,0,0,674,0.5,/Users/charlottejob/Code/Evaluation_neuron_interpretability/vega_fcn_sweep/fcn_000
REACTOME_FGFR4_LIGAND_BINDING_AND_ACTIVATION,,0.7777795227500763,test,0,0,674,0.5,/Users/charlottejob/Code/Evaluation_neuron_interpretability/vega_fcn_sweep/fcn_000
REACTOME_VIF_MEDIATED_DEGRADATION_OF_APOBEC3G,0.9400134682655334,0.5445563962147584,test,0,0,674,0.5,/Users/charlottejob/Code/Evaluation_neuron_interpretability/vega_fcn_sweep/fcn_000
REACTOME_SIGNALING_BY_FGFR,-0.0405701734125614,0.7629995339945475,test,0,0,674,0.5,/Users/charlottejob/Code/Evaluation_neuron_interpretability/vega_fcn_sweep/fcn_000
REACTOME_DIGESTION_OF_DIETARY_CARBOHYDRATE,,0.7731204467129084,test,0,0,674,0.5,/Users/charlottejob/Code/Evaluation_neuron_interpretability/vega_fcn_sweep/fcn_000
REACTOME_FGFR1_LIGAND_BINDING_AND_ACTIVATION,0.0544902421534061,0.7732415028600044,test,0,0,674,0.5,/Users/charlottejob/Code/Evaluation_neuron_interpretability/vega_fcn_sweep/fcn_000
REACTOME_GAP_JUNCTION_ASSEMBLY,,0.7717384286524451,test,0,0,674,0.5,/Users/charlottejob/Code/Evaluation_neuron_interpretability/vega_fcn_sweep/fcn_000
REACTOME_SYNTHESIS_OF_GLYCOSYLPHOSPHATIDYLINOSITOL_GPI,,0.7737660864633773,test,0,0,674,0.5,/Users/charlottejob/Code/Evaluation_neuron_interpretability/vega_fcn_sweep/fcn_000
REACTOME_RNA_POL_I_TRANSCRIPTION_INITIATION,-0.0299934353679418,0.7766325408602266,test,0,0,674,0.5,/Users/charlottejob/Code/Evaluation_neuron_interpretability/vega_fcn_sweep/fcn_000
REACTOME_PYRIMIDINE_METABOLISM,0.5690668821334839,0.44313591055324086,test,0,0,674,0.5,/Users/charlottejob/Code/Evaluation_neuron_interpretability/vega_fcn_sweep/fcn_000
REACTOME_INTRINSIC_PATHWAY_FOR_APOPTOSIS,0.5205313563346863,0.4868296650768247,test,0,0,674,0.5,/Users/charlottejob/Code/Evaluation_neuron_interpretability/vega_fcn_sweep/fcn_000
REACTOME_PI3K_CASCADE,0.6437365412712097,0.596120322551418,test,0,0,674,0.5,/Users/charlottejob/Code/Evaluation_neuron_interpretability/vega_fcn_sweep/fcn_000
REACTOME_APOPTOTIC_EXECUTION_PHASE,0.3200884163379669,0.4767572641851979,test,0,0,674,0.5,/Users/charlottejob/Code/Evaluation_neuron_interpretability/vega_fcn_sweep/fcn_000
REACTOME_SHC_RELATED_EVENTS,,0.7669135802469135,test,0,0,674,0.5,/Users/charlottejob/Code/Evaluation_neuron_interpretability/vega_fcn_sweep/fcn_000
