pathway,distance_corr,reduction_score_probability,eval_split,fully_connected_neuron_fraction,n_fully_connected_neurons_selected,n_pathway_nodes,overlap_threshold,run_dir
REACTOME_GLYCOGEN_BREAKDOWN_GLYCOGENOLYSIS,0.0545156635344028,0.5326693234064375,test,0.8,539,674,0.5,/Users/charlottejob/Code/Evaluation_neuron_interpretability/vega_fcn_sweep/fcn_080
REACTOME_TRANSLATION,0.7052156329154968,0.999998220760874,test,0.8,539,674,0.5,/Users/charlottejob/Code/Evaluation_neuron_interpretability/vega_fcn_sweep/fcn_080
REACTOME_PYRIMIDINE_CATABOLISM,0.0632050931453704,0.4171463722375425,test,0.8,539,674,0.5,/Users/charlottejob/Code/Evaluation_neuron_interpretability/vega_fcn_sweep/fcn_080
REACTOME_RNA_POL_III_TRANSCRIPTION_INITIATION_FROM_TYPE_2_PROMOTER,,0.47664790821445713,test,0.8,539,674,0.5,/Users/charlottejob/Code/Evaluation_neuron_interpretability/vega_fcn_sweep/fcn_080
REACTOME_INHIBITION_OF_THE_PROTEOLYTIC_ACTIVITY_OF_APC_C_REQUIRED_FOR_THE_ONSET_OF_ANAPHASE_BY_MITOTIC_SPINDLE_CHECKPOINT_COMPONENTS,0.0619710683822631,0.9406016291313664,test,0.8,539,674,0.5,/Users/charlottejob/Code/Evaluation_neuron_interpretability/vega_fcn_sweep/fcn_080
REACTOME_PYRUVATE_METABOLISM_AND_CITRIC_ACID_TCA_CYCLE,0.0278644151985645,0.46287992027902336,test,0.8,539,674,0.5,/Users/charlottejob/Code/Evaluation_neuron_interpretability/vega_fcn_sweep/fcn_080
REACTOME_EXTRINSIC_PATHWAY_FOR_APOPTOSIS,0.02775664255023,0.4312666673656912,test,0.8,539,674,0.5,/Users/charlottejob/Code/Evaluation_neuron_interpretability/vega_fcn_sweep/fcn_080
REACTOME_PTM_GAMMA_CARBOXYLATION_HYPUSINE_FORMATION_AND_ARYLSULFATASE_ACTIVATION,-0.0086098033934831,0.3203172312828803,test,0.8,539,674,0.5,/Users/charlottejob/Code/Evaluation_neuron_interpretability/vega_fcn_sweep/fcn_080
REACTOME_APOPTOTIC_CLEAVAGE_OF_CELLULAR_PROTEINS,0.0285773500800132,0.43980306666454766,test,0.8,539,674,0.5,/Users/charlottejob/Code/Evaluation_neuron_interpretability/vega_fcn_sweep/fcn_080
REACTOME_RNA_POL_I_TRANSCRIPTION_TERMINATION,0.0018616020679473,0.3425889352677221,test,0.8,539,674,0.5,/Users/charlottejob/Code/Evaluation_neuron_interpretability/vega_fcn_sweep/fcn_080
REACTOME_FORMATION_OF_THE_TERNARY_COMPLEX_AND_SUBSEQUENTLY_THE_43S_COMPLEX,0.0508277155458927,0.44327836081959027,test,0.8,539,674,0.5,/Users/charlottejob/Code/Evaluation_neuron_interpretability/vega_fcn_sweep/fcn_080
REACTOME_ACTIVATION_OF_THE_PRE_REPLICATIVE_COMPLEX,-0.0225952491164207,0.5177299751302555,test,0.8,539,674,0.5,/Users/charlottejob/Code/Evaluation_neuron_interpretability/vega_fcn_sweep/fcn_080
REACTOME_PROCESSING_OF_INTRONLESS_PRE_MRNAS,,0.28189154997164423,test,0.8,539,674,0.5,/Users/charlottejob/Code/Evaluation_neuron_interpretability/vega_fcn_sweep/fcn_080
REACTOME_GAP_JUNCTION_DEGRADATION,0.2909878194332123,0.837783109925671,test,0.8,539,674,0.5,/Users/charlottejob/Code/Evaluation_neuron_interpretability/vega_fcn_sweep/fcn_080
REACTOME_BASE_EXCISION_REPAIR,,0.9476700257383416,test,0.8,539,674,0.5,/Users/charlottejob/Code/Evaluation_neuron_interpretability/vega_fcn_sweep/fcn_080
REACTOME_BILE_ACID_AND_BILE_SALT_METABOLISM,0.0041856616735458,0.4692664141681302,test,0.8,539,674,0.5,/Users/charlottejob/Code/Evaluation_neuron_interpretability/vega_fcn_sweep/fcn_080
REACTOME_SYNTHESIS_OF_BILE_ACIDS_AND_BILE_SALTS_VIA_7ALPHA_HYDROXYCHOLESTEROL,0.0427917465567588,0.346092562955451,test,0.8,539,674,0.5,/Users/charlottejob/Code/Evaluation_neuron_interpretability/vega_fcn_sweep/fcn_080
REACTOME_RECYCLING_OF_BILE_ACIDS_AND_SALTS,-0.0139217767864465,0.4335979141108583,test,0.8,539,674,0.5,/Users/charlottejob/Code/Evaluation_neuron_interpretability/vega_fcn_sweep/fcn_080
REACTOME_SIGNALING_BY_RHO_GTPASES,0.050758671015501,0.4114431493354795,test,0.8,539,674,0.5,/Users/charlottejob/Code/Evaluation_neuron_interpretability/vega_fcn_sweep/fcn_080
REACTOME_SIGNALING_BY_WNT,,0.4527697072808969,test,0.8,539,674,0.5,/Users/charlottejob/Code/Evaluation_neuron_interpretability/vega_fcn_sweep/fcn_080
REACTOME_METABOLISM_OF_NON_CODING_RNA,0.7962220907211304,0.8826554017552714,test,0.8,539,674,0.5,/Users/charlottejob/Code/Evaluation_neuron_interpretability/vega_fcn_sweep/fcn_080
REACTOME_SYNTHESIS_OF_BILE_ACIDS_AND_BILE_SALTS_VIA_24_HYDROXYCHOLESTEROL,0.0716502815485,0.848216753729438,test,0.8,539,674,0.5,/Users/charlottejob/Code/Evaluation_neuron_interpretability/vega_fcn_sweep/fcn_080
REACTOME_SYNTHESIS_OF_BILE_ACIDS_AND_BILE_SALTS,0.0390553325414657,0.4328014493442562,test,0.8,539,674,0.5,/Users/charlottejob/Code/Evaluation_neuron_interpretability/vega_fcn_sweep/fcn_080
REACTOME_METABOLISM_OF_STEROID_HORMONES_AND_VITAMINS_A_AND_D,,0.5339056842472626,test,0.8,539,674,0.5,/Users/charlottejob/Code/Evaluation_neuron_interpretability/vega_fcn_sweep/fcn_080
REACTOME_ANDROGEN_BIOSYNTHESIS,,0.576882606988614,test,0.8,539,674,0.5,/Users/charlottejob/Code/Evaluation_neuron_interpretability/vega_fcn_sweep/fcn_080
REACTOME_SIGNALLING_BY_NGF,0.0580123327672481,0.5470651747153514,test,0.8,539,674,0.5,/Users/charlottejob/Code/Evaluation_neuron_interpretability/vega_fcn_sweep/fcn_080
REACTOME_CTNNB1_PHOSPHORYLATION_CASCADE,,0.4101435239715569,test,0.8,539,674,0.5,/Users/charlottejob/Code/Evaluation_neuron_interpretability/vega_fcn_sweep/fcn_080
REACTOME_INSULIN_RECEPTOR_RECYCLING,,0.9418313484273436,test,0.8,539,674,0.5,/Users/charlottejob/Code/Evaluation_neuron_interpretability/vega_fcn_sweep/fcn_080
REACTOME_COPI_MEDIATED_TRANSPORT,,0.375844348470968,test,0.8,539,674,0.5,/Users/charlottejob/Code/Evaluation_neuron_interpretability/vega_fcn_sweep/fcn_080
REACTOME_NEF_MEDIATED_DOWNREGULATION_OF_MHC_CLASS_I_COMPLEX_CELL_SURFACE_EXPRESSION,0.1337628811597824,0.410273777208393,test,0.8,539,674,0.5,/Users/charlottejob/Code/Evaluation_neuron_interpretability/vega_fcn_sweep/fcn_080
REACTOME_SIGNALING_BY_SCF_KIT,0.0339421667158603,0.3992515440080871,test,0.8,539,674,0.5,/Users/charlottejob/Code/Evaluation_neuron_interpretability/vega_fcn_sweep/fcn_080
REACTOME_DEVELOPMENTAL_BIOLOGY,0.0817237198352813,0.49383076695485767,test,0.8,539,674,0.5,/Users/charlottejob/Code/Evaluation_neuron_interpretability/vega_fcn_sweep/fcn_080
REACTOME_CROSS_PRESENTATION_OF_SOLUBLE_EXOGENOUS_ANTIGENS_ENDOSOMES,0.7311946153640747,0.7377085277495256,test,0.8,539,674,0.5,/Users/charlottejob/Code/Evaluation_neuron_interpretability/vega_fcn_sweep/fcn_080
REACTOME_SIGNALING_BY_NODAL,,0.3037665227064521,test,0.8,539,674,0.5,/Users/charlottejob/Code/Evaluation_neuron_interpretability/vega_fcn_sweep/fcn_080
REACTOME_DAG_AND_IP3_SIGNALING,-0.0226155556738376,0.8972962044899179,test,0.8,539,674,0.5,/Users/charlottejob/Code/Evaluation_neuron_interpretability/vega_fcn_sweep/fcn_080
REACTOME_SPRY_REGULATION_OF_FGF_SIGNALING,0.1460097581148147,0.8555415670425932,test,0.8,539,674,0.5,/Users/charlottejob/Code/Evaluation_neuron_interpretability/vega_fcn_sweep/fcn_080
REACTOME_TCA_CYCLE_AND_RESPIRATORY_ELECTRON_TRANSPORT,0.0545206032693386,0.3857567550411545,test,0.8,539,674,0.5,/Users/charlottejob/Code/Evaluation_neuron_interpretability/vega_fcn_sweep/fcn_080
REACTOME_BMAL1_CLOCK_NPAS2_ACTIVATES_CIRCADIAN_EXPRESSION,0.1029218435287475,0.3375620305470274,test,0.8,539,674,0.5,/Users/charlottejob/Code/Evaluation_neuron_interpretability/vega_fcn_sweep/fcn_080
REACTOME_ANTIGEN_PROCESSING_CROSS_PRESENTATION,0.056689079850912,0.4926410509449379,test,0.8,539,674,0.5,/Users/charlottejob/Code/Evaluation_neuron_interpretability/vega_fcn_sweep/fcn_080
REACTOME_GROWTH_HORMONE_RECEPTOR_SIGNALING,-0.0163029562681913,0.5439839132418638,test,0.8,539,674,0.5,/Users/charlottejob/Code/Evaluation_neuron_interpretability/vega_fcn_sweep/fcn_080
REACTOME_TRIF_MEDIATED_TLR3_SIGNALING,0.3175531923770904,0.9816077377210286,test,0.8,539,674,0.5,/Users/charlottejob/Code/Evaluation_neuron_interpretability/vega_fcn_sweep/fcn_080
REACTOME_CELL_CELL_COMMUNICATION,0.0636797472834587,0.4500594306490043,test,0.8,539,674,0.5,/Users/charlottejob/Code/Evaluation_neuron_interpretability/vega_fcn_sweep/fcn_080
REACTOME_ABCA_TRANSPORTERS_IN_LIPID_HOMEOSTASIS,0.0012352163903415,0.32443475130455457,test,0.8,539,674,0.5,/Users/charlottejob/Code/Evaluation_neuron_interpretability/vega_fcn_sweep/fcn_080
REACTOME_ENDOSOMAL_VACUOLAR_PATHWAY,0.0017225863412022,0.3683912592514459,test,0.8,539,674,0.5,/Users/charlottejob/Code/Evaluation_neuron_interpretability/vega_fcn_sweep/fcn_080
REACTOME_TETRAHYDROBIOPTERIN_BH4_SYNTHESIS_RECYCLING_SALVAGE_AND_REGULATION,,0.34025040352484404,test,0.8,539,674,0.5,/Users/charlottejob/Code/Evaluation_neuron_interpretability/vega_fcn_sweep/fcn_080
REACTOME_ER_PHAGOSOME_PATHWAY,0.0142329214140772,0.3550262516259156,test,0.8,539,674,0.5,/Users/charlottejob/Code/Evaluation_neuron_interpretability/vega_fcn_sweep/fcn_080
REACTOME_MEIOSIS,-0.0414856448769569,0.4078887904376572,test,0.8,539,674,0.5,/Users/charlottejob/Code/Evaluation_neuron_interpretability/vega_fcn_sweep/fcn_080
REACTOME_NEGATIVE_REGULATION_OF_FGFR_SIGNALING,0.0300738047808408,0.9147820965842168,test,0.8,539,674,0.5,/Users/charlottejob/Code/Evaluation_neuron_interpretability/vega_fcn_sweep/fcn_080
REACTOME_G0_AND_EARLY_G1,0.0725967586040496,0.5513748064575884,test,0.8,539,674,0.5,/Users/charlottejob/Code/Evaluation_neuron_interpretability/vega_fcn_sweep/fcn_080
REACTOME_REGULATION_OF_KIT_SIGNALING,-0.0223968159407377,0.5471971251842604,test,0.8,539,674,0.5,/Users/charlottejob/Code/Evaluation_neuron_interpretability/vega_fcn_sweep/fcn_080
REACTOME_MEMBRANE_TRAFFICKING,0.0363704934716224,0.43855516293678837,test,0.8,539,674,0.5,/Users/charlottejob/Code/Evaluation_neuron_interpretability/vega_fcn_sweep/fcn_080
REACTOME_NEF_MEDIATES_DOWN_MODULATION_OF_CELL_SURFACE_RECEPTORS_BY_RECRUITING_THEM_TO_CLATHRIN_ADAPTERS,0.0707947313785553,0.6472020623064825,test,0.8,539,674,0.5,/Users/charlottejob/Code/Evaluation_neuron_interpretability/vega_fcn_sweep/fcn_080
REACTOME_IMMUNOREGULATORY_INTERACTIONS_BETWEEN_A_LYMPHOID_AND_A_NON_LYMPHOID_CELL,0.259964108467102,0.9945935334627912,test,0.8,539,674,0.5,/Users/charlottejob/Code/Evaluation_neuron_interpretability/vega_fcn_sweep/fcn_080
REACTOME_ACTIVATED_AMPK_STIMULATES_FATTY_ACID_OXIDATION_IN_MUSCLE,-0.000525546260178,0.33212914641403324,test,0.8,539,674,0.5,/Users/charlottejob/Code/Evaluation_neuron_interpretability/vega_fcn_sweep/fcn_080
REACTOME_VITAMIN_B5_PANTOTHENATE_METABOLISM,,0.5132382323430615,test,0.8,539,674,0.5,/Users/charlottejob/Code/Evaluation_neuron_interpretability/vega_fcn_sweep/fcn_080
REACTOME_BOTULINUM_NEUROTOXICITY,0.0375244356691837,0.4623528121761338,test,0.8,539,674,0.5,/Users/charlottejob/Code/Evaluation_neuron_interpretability/vega_fcn_sweep/fcn_080
REACTOME_METABOLISM_OF_VITAMINS_AND_COFACTORS,-0.0079859318211674,0.46293077950285016,test,0.8,539,674,0.5,/Users/charlottejob/Code/Evaluation_neuron_interpretability/vega_fcn_sweep/fcn_080
REACTOME_TRANS_GOLGI_NETWORK_VESICLE_BUDDING,0.1039794236421585,0.33971883316292384,test,0.8,539,674,0.5,/Users/charlottejob/Code/Evaluation_neuron_interpretability/vega_fcn_sweep/fcn_080
REACTOME_PROTEOLYTIC_CLEAVAGE_OF_SNARE_COMPLEX_PROTEINS,0.6594069004058838,0.7172685052543709,test,0.8,539,674,0.5,/Users/charlottejob/Code/Evaluation_neuron_interpretability/vega_fcn_sweep/fcn_080
REACTOME_RESOLUTION_OF_AP_SITES_VIA_THE_MULTIPLE_NUCLEOTIDE_PATCH_REPLACEMENT_PATHWAY,,0.47198359726039346,test,0.8,539,674,0.5,/Users/charlottejob/Code/Evaluation_neuron_interpretability/vega_fcn_sweep/fcn_080
REACTOME_GAMMA_CARBOXYLATION_TRANSPORT_AND_AMINO_TERMINAL_CLEAVAGE_OF_PROTEINS,-0.0253898128867149,0.4016016742386,test,0.8,539,674,0.5,/Users/charlottejob/Code/Evaluation_neuron_interpretability/vega_fcn_sweep/fcn_080
REACTOME_IL_7_SIGNALING,-0.0069500938989222,0.4859052203082789,test,0.8,539,674,0.5,/Users/charlottejob/Code/Evaluation_neuron_interpretability/vega_fcn_sweep/fcn_080
REACTOME_CELL_CYCLE,0.2849074900150299,0.7530777938770563,test,0.8,539,674,0.5,/Users/charlottejob/Code/Evaluation_neuron_interpretability/vega_fcn_sweep/fcn_080
REACTOME_SIGNALING_BY_ERBB4,-0.0240462012588977,0.47393546775172213,test,0.8,539,674,0.5,/Users/charlottejob/Code/Evaluation_neuron_interpretability/vega_fcn_sweep/fcn_080
REACTOME_ORC1_REMOVAL_FROM_CHROMATIN,0.7850799560546875,0.7522128887102121,test,0.8,539,674,0.5,/Users/charlottejob/Code/Evaluation_neuron_interpretability/vega_fcn_sweep/fcn_080
REACTOME_O_LINKED_GLYCOSYLATION_OF_MUCINS,-0.0084361610934138,0.4451859929468427,test,0.8,539,674,0.5,/Users/charlottejob/Code/Evaluation_neuron_interpretability/vega_fcn_sweep/fcn_080
REACTOME_SULFUR_AMINO_ACID_METABOLISM,0.0259628817439079,0.3198945871036968,test,0.8,539,674,0.5,/Users/charlottejob/Code/Evaluation_neuron_interpretability/vega_fcn_sweep/fcn_080
REACTOME_DOWNREGULATION_OF_ERBB2_ERBB3_SIGNALING,-0.0129891270771622,0.4406341114908572,test,0.8,539,674,0.5,/Users/charlottejob/Code/Evaluation_neuron_interpretability/vega_fcn_sweep/fcn_080
REACTOME_ANTIVIRAL_MECHANISM_BY_IFN_STIMULATED_GENES,0.0107567310333251,0.41290823428632617,test,0.8,539,674,0.5,/Users/charlottejob/Code/Evaluation_neuron_interpretability/vega_fcn_sweep/fcn_080
REACTOME_PROLACTIN_RECEPTOR_SIGNALING,,0.4553295816428913,test,0.8,539,674,0.5,/Users/charlottejob/Code/Evaluation_neuron_interpretability/vega_fcn_sweep/fcn_080
REACTOME_SIGNALING_BY_ERBB2,0.0694863200187683,0.4880703123425785,test,0.8,539,674,0.5,/Users/charlottejob/Code/Evaluation_neuron_interpretability/vega_fcn_sweep/fcn_080
REACTOME_SPHINGOLIPID_DE_NOVO_BIOSYNTHESIS,0.3988509774208069,0.8078974127415,test,0.8,539,674,0.5,/Users/charlottejob/Code/Evaluation_neuron_interpretability/vega_fcn_sweep/fcn_080
REACTOME_TERMINATION_OF_O_GLYCAN_BIOSYNTHESIS,,0.5353330715874884,test,0.8,539,674,0.5,/Users/charlottejob/Code/Evaluation_neuron_interpretability/vega_fcn_sweep/fcn_080
REACTOME_DEFENSINS,-0.0034650191664695,0.4334967587009525,test,0.8,539,674,0.5,/Users/charlottejob/Code/Evaluation_neuron_interpretability/vega_fcn_sweep/fcn_080
REACTOME_SIGNALING_BY_CONSTITUTIVELY_ACTIVE_EGFR,0.040973424911499,0.6424804185758773,test,0.8,539,674,0.5,/Users/charlottejob/Code/Evaluation_neuron_interpretability/vega_fcn_sweep/fcn_080
REACTOME_GRB2_EVENTS_IN_ERBB2_SIGNALING,0.0622349232435226,0.5353754218297212,test,0.8,539,674,0.5,/Users/charlottejob/Code/Evaluation_neuron_interpretability/vega_fcn_sweep/fcn_080
REACTOME_SIGNALING_BY_EGFR_IN_CANCER,0.0536971949040889,0.2740303556617864,test,0.8,539,674,0.5,/Users/charlottejob/Code/Evaluation_neuron_interpretability/vega_fcn_sweep/fcn_080
REACTOME_MEMBRANE_BINDING_AND_TARGETTING_OF_GAG_PROTEINS,-0.0261114854365587,0.5652958796000181,test,0.8,539,674,0.5,/Users/charlottejob/Code/Evaluation_neuron_interpretability/vega_fcn_sweep/fcn_080
REACTOME_BETA_DEFENSINS,0.1189851835370063,0.3994963045414849,test,0.8,539,674,0.5,/Users/charlottejob/Code/Evaluation_neuron_interpretability/vega_fcn_sweep/fcn_080
REACTOME_SRP_DEPENDENT_COTRANSLATIONAL_PROTEIN_TARGETING_TO_MEMBRANE,0.0660500526428222,0.4647707437523947,test,0.8,539,674,0.5,/Users/charlottejob/Code/Evaluation_neuron_interpretability/vega_fcn_sweep/fcn_080
REACTOME_PI3K_EVENTS_IN_ERBB4_SIGNALING,0.5431989431381226,0.7839686618838562,test,0.8,539,674,0.5,/Users/charlottejob/Code/Evaluation_neuron_interpretability/vega_fcn_sweep/fcn_080
REACTOME_SHC1_EVENTS_IN_ERBB4_SIGNALING,0.0544086508452892,0.42152796879738763,test,0.8,539,674,0.5,/Users/charlottejob/Code/Evaluation_neuron_interpretability/vega_fcn_sweep/fcn_080
REACTOME_PI3K_EVENTS_IN_ERBB2_SIGNALING,-0.0178383141756057,0.370724884368985,test,0.8,539,674,0.5,/Users/charlottejob/Code/Evaluation_neuron_interpretability/vega_fcn_sweep/fcn_080
REACTOME_NUCLEAR_SIGNALING_BY_ERBB4,0.0049347952008247,0.4529263028712891,test,0.8,539,674,0.5,/Users/charlottejob/Code/Evaluation_neuron_interpretability/vega_fcn_sweep/fcn_080
REACTOME_GLYCOSPHINGOLIPID_METABOLISM,0.009392918087542,0.4210458872452732,test,0.8,539,674,0.5,/Users/charlottejob/Code/Evaluation_neuron_interpretability/vega_fcn_sweep/fcn_080
REACTOME_PPARA_ACTIVATES_GENE_EXPRESSION,0.3792023658752441,0.7571635239479763,test,0.8,539,674,0.5,/Users/charlottejob/Code/Evaluation_neuron_interpretability/vega_fcn_sweep/fcn_080
REACTOME_ASSOCIATION_OF_LICENSING_FACTORS_WITH_THE_PRE_REPLICATIVE_COMPLEX,,0.4376250927016533,test,0.8,539,674,0.5,/Users/charlottejob/Code/Evaluation_neuron_interpretability/vega_fcn_sweep/fcn_080
REACTOME_RIP_MEDIATED_NFKB_ACTIVATION_VIA_DAI,0.5086681842803955,0.7306435121661784,test,0.8,539,674,0.5,/Users/charlottejob/Code/Evaluation_neuron_interpretability/vega_fcn_sweep/fcn_080
REACTOME_PRE_NOTCH_TRANSCRIPTION_AND_TRANSLATION,,0.3940321947389085,test,0.8,539,674,0.5,/Users/charlottejob/Code/Evaluation_neuron_interpretability/vega_fcn_sweep/fcn_080
REACTOME_DEGRADATION_OF_THE_EXTRACELLULAR_MATRIX,0.2303286641836166,0.3782283851117564,test,0.8,539,674,0.5,/Users/charlottejob/Code/Evaluation_neuron_interpretability/vega_fcn_sweep/fcn_080
REACTOME_MITOCHONDRIAL_PROTEIN_IMPORT,,0.5126554115953409,test,0.8,539,674,0.5,/Users/charlottejob/Code/Evaluation_neuron_interpretability/vega_fcn_sweep/fcn_080
REACTOME_SIGNALING_BY_HIPPO,0.7270763516426086,0.7588413826031852,test,0.8,539,674,0.5,/Users/charlottejob/Code/Evaluation_neuron_interpretability/vega_fcn_sweep/fcn_080
REACTOME_ACTIVATED_NOTCH1_TRANSMITS_SIGNAL_TO_THE_NUCLEUS,0.017206473276019,0.41020505884038827,test,0.8,539,674,0.5,/Users/charlottejob/Code/Evaluation_neuron_interpretability/vega_fcn_sweep/fcn_080
REACTOME_TRAFFICKING_AND_PROCESSING_OF_ENDOSOMAL_TLR,0.1843605488538742,0.3542062052405867,test,0.8,539,674,0.5,/Users/charlottejob/Code/Evaluation_neuron_interpretability/vega_fcn_sweep/fcn_080
REACTOME_SIGNALING_BY_NOTCH4,,0.44069798891942596,test,0.8,539,674,0.5,/Users/charlottejob/Code/Evaluation_neuron_interpretability/vega_fcn_sweep/fcn_080
REACTOME_DOWNSTREAM_SIGNALING_EVENTS_OF_B_CELL_RECEPTOR_BCR,0.4621894359588623,0.79381821158,test,0.8,539,674,0.5,/Users/charlottejob/Code/Evaluation_neuron_interpretability/vega_fcn_sweep/fcn_080
REACTOME_ACTIVATION_OF_NF_KAPPAB_IN_B_CELLS,0.0072014555335044,0.37797969600089737,test,0.8,539,674,0.5,/Users/charlottejob/Code/Evaluation_neuron_interpretability/vega_fcn_sweep/fcn_080
REACTOME_RORA_ACTIVATES_CIRCADIAN_EXPRESSION,0.0105606140568852,0.3885821554770318,test,0.8,539,674,0.5,/Users/charlottejob/Code/Evaluation_neuron_interpretability/vega_fcn_sweep/fcn_080
REACTOME_ANTIGEN_ACTIVATES_B_CELL_RECEPTOR_LEADING_TO_GENERATION_OF_SECOND_MESSENGERS,0.5556520819664001,0.791954767509422,test,0.8,539,674,0.5,/Users/charlottejob/Code/Evaluation_neuron_interpretability/vega_fcn_sweep/fcn_080
REACTOME_REGULATION_OF_COMPLEMENT_CASCADE,-0.0246033407747745,0.9329778731280498,test,0.8,539,674,0.5,/Users/charlottejob/Code/Evaluation_neuron_interpretability/vega_fcn_sweep/fcn_080
REACTOME_YAP1_AND_WWTR1_TAZ_STIMULATED_GENE_EXPRESSION,,0.3843824979278454,test,0.8,539,674,0.5,/Users/charlottejob/Code/Evaluation_neuron_interpretability/vega_fcn_sweep/fcn_080
REACTOME_SIGNALING_BY_NOTCH2,,0.42820573223400077,test,0.8,539,674,0.5,/Users/charlottejob/Code/Evaluation_neuron_interpretability/vega_fcn_sweep/fcn_080
REACTOME_PRE_NOTCH_EXPRESSION_AND_PROCESSING,,0.9420320202416786,test,0.8,539,674,0.5,/Users/charlottejob/Code/Evaluation_neuron_interpretability/vega_fcn_sweep/fcn_080
REACTOME_SIGNALING_BY_THE_B_CELL_RECEPTOR_BCR,-0.0136700132861733,0.433574632770182,test,0.8,539,674,0.5,/Users/charlottejob/Code/Evaluation_neuron_interpretability/vega_fcn_sweep/fcn_080
REACTOME_EXTRACELLULAR_MATRIX_ORGANIZATION,0.0692489817738533,0.40214576981071803,test,0.8,539,674,0.5,/Users/charlottejob/Code/Evaluation_neuron_interpretability/vega_fcn_sweep/fcn_080
REACTOME_NOTCH1_INTRACELLULAR_DOMAIN_REGULATES_TRANSCRIPTION,0.5947998762130737,0.733700908757388,test,0.8,539,674,0.5,/Users/charlottejob/Code/Evaluation_neuron_interpretability/vega_fcn_sweep/fcn_080
REACTOME_CIRCADIAN_REPRESSION_OF_EXPRESSION_BY_REV_ERBA,0.7961668372154236,0.7499211256940939,test,0.8,539,674,0.5,/Users/charlottejob/Code/Evaluation_neuron_interpretability/vega_fcn_sweep/fcn_080
REACTOME_PRE_NOTCH_PROCESSING_IN_GOLGI,,0.3320350739432012,test,0.8,539,674,0.5,/Users/charlottejob/Code/Evaluation_neuron_interpretability/vega_fcn_sweep/fcn_080
REACTOME_SIGNALING_BY_NOTCH1,-0.0024535555858165,0.5638591494822706,test,0.8,539,674,0.5,/Users/charlottejob/Code/Evaluation_neuron_interpretability/vega_fcn_sweep/fcn_080
REACTOME_SIGNALING_BY_NOTCH3,,0.38697029184661696,test,0.8,539,674,0.5,/Users/charlottejob/Code/Evaluation_neuron_interpretability/vega_fcn_sweep/fcn_080
REACTOME_TRIGLYCERIDE_BIOSYNTHESIS,0.0294747203588485,0.321882736294196,test,0.8,539,674,0.5,/Users/charlottejob/Code/Evaluation_neuron_interpretability/vega_fcn_sweep/fcn_080
REACTOME_INSULIN_RECEPTOR_SIGNALLING_CASCADE,0.0120214391499757,0.5215130923258131,test,0.8,539,674,0.5,/Users/charlottejob/Code/Evaluation_neuron_interpretability/vega_fcn_sweep/fcn_080
REACTOME_ARMS_MEDIATED_ACTIVATION,,0.4244121624569209,test,0.8,539,674,0.5,/Users/charlottejob/Code/Evaluation_neuron_interpretability/vega_fcn_sweep/fcn_080
REACTOME_PROLONGED_ERK_ACTIVATION_EVENTS,,0.5994642935043406,test,0.8,539,674,0.5,/Users/charlottejob/Code/Evaluation_neuron_interpretability/vega_fcn_sweep/fcn_080
REACTOME_SIGNALLING_TO_RAS,-0.0137969506904482,0.5310600178527098,test,0.8,539,674,0.5,/Users/charlottejob/Code/Evaluation_neuron_interpretability/vega_fcn_sweep/fcn_080
REACTOME_SIGNALING_BY_BMP,-0.0267867110669612,0.41471900962207237,test,0.8,539,674,0.5,/Users/charlottejob/Code/Evaluation_neuron_interpretability/vega_fcn_sweep/fcn_080
REACTOME_CELL_SURFACE_INTERACTIONS_AT_THE_VASCULAR_WALL,0.0012155412696301,0.46152457635462596,test,0.8,539,674,0.5,/Users/charlottejob/Code/Evaluation_neuron_interpretability/vega_fcn_sweep/fcn_080
REACTOME_NGF_SIGNALLING_VIA_TRKA_FROM_THE_PLASMA_MEMBRANE,0.0179355759173631,0.4053801078901604,test,0.8,539,674,0.5,/Users/charlottejob/Code/Evaluation_neuron_interpretability/vega_fcn_sweep/fcn_080
REACTOME_SIGNALLING_TO_ERKS,-0.0129583431407809,0.46401719529139607,test,0.8,539,674,0.5,/Users/charlottejob/Code/Evaluation_neuron_interpretability/vega_fcn_sweep/fcn_080
REACTOME_P38MAPK_EVENTS,0.0652781426906585,0.3806201263774668,test,0.8,539,674,0.5,/Users/charlottejob/Code/Evaluation_neuron_interpretability/vega_fcn_sweep/fcn_080
REACTOME_ACYL_CHAIN_REMODELLING_OF_PI,-0.0070913308300077,0.3810532394569537,test,0.8,539,674,0.5,/Users/charlottejob/Code/Evaluation_neuron_interpretability/vega_fcn_sweep/fcn_080
REACTOME_TGF_BETA_RECEPTOR_SIGNALING_IN_EMT_EPITHELIAL_TO_MESENCHYMAL_TRANSITION,,0.946436330323256,test,0.8,539,674,0.5,/Users/charlottejob/Code/Evaluation_neuron_interpretability/vega_fcn_sweep/fcn_080
REACTOME_DOWNREGULATION_OF_TGF_BETA_RECEPTOR_SIGNALING,,0.303361689133185,test,0.8,539,674,0.5,/Users/charlottejob/Code/Evaluation_neuron_interpretability/vega_fcn_sweep/fcn_080
REACTOME_COLLAGEN_FORMATION,-0.0229103490710258,0.3574330083290017,test,0.8,539,674,0.5,/Users/charlottejob/Code/Evaluation_neuron_interpretability/vega_fcn_sweep/fcn_080
REACTOME_SMAD2_SMAD3_SMAD4_HETEROTRIMER_REGULATES_TRANSCRIPTION,0.0325692519545555,0.4449667676257782,test,0.8,539,674,0.5,/Users/charlottejob/Code/Evaluation_neuron_interpretability/vega_fcn_sweep/fcn_080
REACTOME_SIGNALING_BY_FGFR_IN_DISEASE,-0.002091369125992,0.5654576589230448,test,0.8,539,674,0.5,/Users/charlottejob/Code/Evaluation_neuron_interpretability/vega_fcn_sweep/fcn_080
REACTOME_HS_GAG_DEGRADATION,0.0359577722847461,0.38613939247779727,test,0.8,539,674,0.5,/Users/charlottejob/Code/Evaluation_neuron_interpretability/vega_fcn_sweep/fcn_080
REACTOME_SYNTHESIS_OF_PIPS_AT_THE_EARLY_ENDOSOME_MEMBRANE,,0.3458343148802512,test,0.8,539,674,0.5,/Users/charlottejob/Code/Evaluation_neuron_interpretability/vega_fcn_sweep/fcn_080
REACTOME_SIGNALLING_TO_P38_VIA_RIT_AND_RIN,0.8064702153205872,0.7546895806901469,test,0.8,539,674,0.5,/Users/charlottejob/Code/Evaluation_neuron_interpretability/vega_fcn_sweep/fcn_080
REACTOME_P53_INDEPENDENT_G1_S_DNA_DAMAGE_CHECKPOINT,,0.3404283906992977,test,0.8,539,674,0.5,/Users/charlottejob/Code/Evaluation_neuron_interpretability/vega_fcn_sweep/fcn_080
REACTOME_REGULATION_OF_HYPOXIA_INDUCIBLE_FACTOR_HIF_BY_OXYGEN,,0.9375107970160974,test,0.8,539,674,0.5,/Users/charlottejob/Code/Evaluation_neuron_interpretability/vega_fcn_sweep/fcn_080
REACTOME_ACYL_CHAIN_REMODELLING_OF_PC,0.0704898610711097,0.455121559002137,test,0.8,539,674,0.5,/Users/charlottejob/Code/Evaluation_neuron_interpretability/vega_fcn_sweep/fcn_080
REACTOME_SYNTHESIS_OF_PIPS_AT_THE_GOLGI_MEMBRANE,,0.3952624002093967,test,0.8,539,674,0.5,/Users/charlottejob/Code/Evaluation_neuron_interpretability/vega_fcn_sweep/fcn_080
REACTOME_TGF_BETA_RECEPTOR_SIGNALING_ACTIVATES_SMADS,,0.4358295162064302,test,0.8,539,674,0.5,/Users/charlottejob/Code/Evaluation_neuron_interpretability/vega_fcn_sweep/fcn_080
REACTOME_ACTIVATED_POINT_MUTANTS_OF_FGFR2,,0.940447585394582,test,0.8,539,674,0.5,/Users/charlottejob/Code/Evaluation_neuron_interpretability/vega_fcn_sweep/fcn_080
REACTOME_PHOSPHOLIPID_METABOLISM,0.0666302815079689,0.40649369828868653,test,0.8,539,674,0.5,/Users/charlottejob/Code/Evaluation_neuron_interpretability/vega_fcn_sweep/fcn_080
REACTOME_CS_DS_DEGRADATION,0.0319685451686382,0.3080479836221886,test,0.8,539,674,0.5,/Users/charlottejob/Code/Evaluation_neuron_interpretability/vega_fcn_sweep/fcn_080
REACTOME_SYNTHESIS_OF_PA,0.0025730282068252,0.37238014872633307,test,0.8,539,674,0.5,/Users/charlottejob/Code/Evaluation_neuron_interpretability/vega_fcn_sweep/fcn_080
REACTOME_OXYGEN_DEPENDENT_PROLINE_HYDROXYLATION_OF_HYPOXIA_INDUCIBLE_FACTOR_ALPHA,,0.9425590018758452,test,0.8,539,674,0.5,/Users/charlottejob/Code/Evaluation_neuron_interpretability/vega_fcn_sweep/fcn_080
REACTOME_SYNTHESIS_OF_PIPS_AT_THE_LATE_ENDOSOME_MEMBRANE,,0.4652567290494264,test,0.8,539,674,0.5,/Users/charlottejob/Code/Evaluation_neuron_interpretability/vega_fcn_sweep/fcn_080
REACTOME_SYNTHESIS_OF_PE,,0.5176390524800418,test,0.8,539,674,0.5,/Users/charlottejob/Code/Evaluation_neuron_interpretability/vega_fcn_sweep/fcn_080
REACTOME_GASTRIN_CREB_SIGNALLING_PATHWAY_VIA_PKC_AND_MAPK,0.105907991528511,0.3435959172602393,test,0.8,539,674,0.5,/Users/charlottejob/Code/Evaluation_neuron_interpretability/vega_fcn_sweep/fcn_080
REACTOME_CHONDROITIN_SULFATE_BIOSYNTHESIS,0.0420908965170383,0.44084124568397287,test,0.8,539,674,0.5,/Users/charlottejob/Code/Evaluation_neuron_interpretability/vega_fcn_sweep/fcn_080
REACTOME_HYALURONAN_UPTAKE_AND_DEGRADATION,,0.41734851459233097,test,0.8,539,674,0.5,/Users/charlottejob/Code/Evaluation_neuron_interpretability/vega_fcn_sweep/fcn_080
REACTOME_SIGNALING_BY_FGFR1_MUTANTS,-0.0203618723899126,0.3511411036424984,test,0.8,539,674,0.5,/Users/charlottejob/Code/Evaluation_neuron_interpretability/vega_fcn_sweep/fcn_080
REACTOME_SYNTHESIS_OF_PIPS_AT_THE_PLASMA_MEMBRANE,-0.0177224148064851,0.3611026141377916,test,0.8,539,674,0.5,/Users/charlottejob/Code/Evaluation_neuron_interpretability/vega_fcn_sweep/fcn_080
REACTOME_THE_ACTIVATION_OF_ARYLSULFATASES,0.0010696689132601,0.3436487643009781,test,0.8,539,674,0.5,/Users/charlottejob/Code/Evaluation_neuron_interpretability/vega_fcn_sweep/fcn_080
REACTOME_TRANSCRIPTIONAL_ACTIVITY_OF_SMAD2_SMAD3_SMAD4_HETEROTRIMER,-0.0002828994765877,0.3805075361644203,test,0.8,539,674,0.5,/Users/charlottejob/Code/Evaluation_neuron_interpretability/vega_fcn_sweep/fcn_080
REACTOME_HYALURONAN_METABOLISM,,0.422339135366226,test,0.8,539,674,0.5,/Users/charlottejob/Code/Evaluation_neuron_interpretability/vega_fcn_sweep/fcn_080
REACTOME_DOWNREGULATION_OF_SMAD2_3_SMAD4_TRANSCRIPTIONAL_ACTIVITY,0.0253344476222991,0.5575543420066389,test,0.8,539,674,0.5,/Users/charlottejob/Code/Evaluation_neuron_interpretability/vega_fcn_sweep/fcn_080
REACTOME_KERATAN_SULFATE_BIOSYNTHESIS,0.0144313918426632,0.4614326442961478,test,0.8,539,674,0.5,/Users/charlottejob/Code/Evaluation_neuron_interpretability/vega_fcn_sweep/fcn_080
REACTOME_REVERSIBLE_HYDRATION_OF_CARBON_DIOXIDE,0.0742270201444625,0.3751437369151349,test,0.8,539,674,0.5,/Users/charlottejob/Code/Evaluation_neuron_interpretability/vega_fcn_sweep/fcn_080
REACTOME_SIGNALING_BY_FGFR1_FUSION_MUTANTS,-0.0155394189059734,0.5119818834483146,test,0.8,539,674,0.5,/Users/charlottejob/Code/Evaluation_neuron_interpretability/vega_fcn_sweep/fcn_080
REACTOME_ALPHA_LINOLENIC_ACID_ALA_METABOLISM,-0.0167437084019184,0.4297543002287252,test,0.8,539,674,0.5,/Users/charlottejob/Code/Evaluation_neuron_interpretability/vega_fcn_sweep/fcn_080
REACTOME_SIGNALING_BY_ACTIVATED_POINT_MUTANTS_OF_FGFR1,0.0448631308972835,0.5389450780417963,test,0.8,539,674,0.5,/Users/charlottejob/Code/Evaluation_neuron_interpretability/vega_fcn_sweep/fcn_080
REACTOME_PI_METABOLISM,0.0025293645448982,0.40079461350491363,test,0.8,539,674,0.5,/Users/charlottejob/Code/Evaluation_neuron_interpretability/vega_fcn_sweep/fcn_080
REACTOME_ABACAVIR_TRANSPORT_AND_METABOLISM,,0.944399947650831,test,0.8,539,674,0.5,/Users/charlottejob/Code/Evaluation_neuron_interpretability/vega_fcn_sweep/fcn_080
REACTOME_CHONDROITIN_SULFATE_DERMATAN_SULFATE_METABOLISM,0.0384021997451782,0.3582508746153535,test,0.8,539,674,0.5,/Users/charlottejob/Code/Evaluation_neuron_interpretability/vega_fcn_sweep/fcn_080
REACTOME_LATENT_INFECTION_OF_HOMO_SAPIENS_WITH_MYCOBACTERIUM_TUBERCULOSIS,0.255715936422348,0.5354818272349079,test,0.8,539,674,0.5,/Users/charlottejob/Code/Evaluation_neuron_interpretability/vega_fcn_sweep/fcn_080
REACTOME_SYNTHESIS_OF_PC,,0.9454643807529556,test,0.8,539,674,0.5,/Users/charlottejob/Code/Evaluation_neuron_interpretability/vega_fcn_sweep/fcn_080
REACTOME_HS_GAG_BIOSYNTHESIS,0.018888171762228,0.8798831231017116,test,0.8,539,674,0.5,/Users/charlottejob/Code/Evaluation_neuron_interpretability/vega_fcn_sweep/fcn_080
REACTOME_SIGNALING_BY_FGFR3_MUTANTS,,0.94508223181957,test,0.8,539,674,0.5,/Users/charlottejob/Code/Evaluation_neuron_interpretability/vega_fcn_sweep/fcn_080
REACTOME_KERATAN_SULFATE_KERATIN_METABOLISM,0.0562891662120819,0.4794698945538168,test,0.8,539,674,0.5,/Users/charlottejob/Code/Evaluation_neuron_interpretability/vega_fcn_sweep/fcn_080
REACTOME_APOPTOSIS_INDUCED_DNA_FRAGMENTATION,-0.0017052919138222,0.3578147860579844,test,0.8,539,674,0.5,/Users/charlottejob/Code/Evaluation_neuron_interpretability/vega_fcn_sweep/fcn_080
REACTOME_KERATAN_SULFATE_DEGRADATION,0.0140127064660191,0.44711110177693536,test,0.8,539,674,0.5,/Users/charlottejob/Code/Evaluation_neuron_interpretability/vega_fcn_sweep/fcn_080
REACTOME_HEPARAN_SULFATE_HEPARIN_HS_GAG_METABOLISM,0.0945847928524017,0.3862997829707054,test,0.8,539,674,0.5,/Users/charlottejob/Code/Evaluation_neuron_interpretability/vega_fcn_sweep/fcn_080
REACTOME_GLYCOSAMINOGLYCAN_METABOLISM,0.2988337278366089,0.6777417137009737,test,0.8,539,674,0.5,/Users/charlottejob/Code/Evaluation_neuron_interpretability/vega_fcn_sweep/fcn_080
REACTOME_ACYL_CHAIN_REMODELLING_OF_PG,0.0021271384321153,0.4894502751261361,test,0.8,539,674,0.5,/Users/charlottejob/Code/Evaluation_neuron_interpretability/vega_fcn_sweep/fcn_080
REACTOME_ACYL_CHAIN_REMODELLING_OF_PE,0.1512645483016967,0.4115020841708808,test,0.8,539,674,0.5,/Users/charlottejob/Code/Evaluation_neuron_interpretability/vega_fcn_sweep/fcn_080
REACTOME_ACYL_CHAIN_REMODELLING_OF_PS,-0.0017451521707698,0.423819378983603,test,0.8,539,674,0.5,/Users/charlottejob/Code/Evaluation_neuron_interpretability/vega_fcn_sweep/fcn_080
REACTOME_SIGNALING_BY_FGFR_MUTANTS,0.808210551738739,0.7120248097103754,test,0.8,539,674,0.5,/Users/charlottejob/Code/Evaluation_neuron_interpretability/vega_fcn_sweep/fcn_080
REACTOME_MHC_CLASS_II_ANTIGEN_PRESENTATION,0.0277728997170925,0.59471516331295,test,0.8,539,674,0.5,/Users/charlottejob/Code/Evaluation_neuron_interpretability/vega_fcn_sweep/fcn_080
REACTOME_GLYCEROPHOSPHOLIPID_BIOSYNTHESIS,0.0007721976144239,0.4228415827421978,test,0.8,539,674,0.5,/Users/charlottejob/Code/Evaluation_neuron_interpretability/vega_fcn_sweep/fcn_080
REACTOME_A_TETRASACCHARIDE_LINKER_SEQUENCE_IS_REQUIRED_FOR_GAG_SYNTHESIS,0.0492103211581707,0.4433356328739518,test,0.8,539,674,0.5,/Users/charlottejob/Code/Evaluation_neuron_interpretability/vega_fcn_sweep/fcn_080
REACTOME_CDK_MEDIATED_PHOSPHORYLATION_AND_REMOVAL_OF_CDC6,,0.4610338960868996,test,0.8,539,674,0.5,/Users/charlottejob/Code/Evaluation_neuron_interpretability/vega_fcn_sweep/fcn_080
REACTOME_PLATELET_ADHESION_TO_EXPOSED_COLLAGEN,0.0558065436780452,0.4405006768278747,test,0.8,539,674,0.5,/Users/charlottejob/Code/Evaluation_neuron_interpretability/vega_fcn_sweep/fcn_080
REACTOME_VEGF_LIGAND_RECEPTOR_INTERACTIONS,-0.0190790444612503,0.4660378941187573,test,0.8,539,674,0.5,/Users/charlottejob/Code/Evaluation_neuron_interpretability/vega_fcn_sweep/fcn_080
REACTOME_ENOS_ACTIVATION_AND_REGULATION,-0.0137321986258029,0.3389355889369015,test,0.8,539,674,0.5,/Users/charlottejob/Code/Evaluation_neuron_interpretability/vega_fcn_sweep/fcn_080
REACTOME_MICRORNA_MIRNA_BIOGENESIS,,0.3908057409588623,test,0.8,539,674,0.5,/Users/charlottejob/Code/Evaluation_neuron_interpretability/vega_fcn_sweep/fcn_080
REACTOME_NUCLEAR_EVENTS_KINASE_AND_TRANSCRIPTION_FACTOR_ACTIVATION,0.1184930950403213,0.5071437248781209,test,0.8,539,674,0.5,/Users/charlottejob/Code/Evaluation_neuron_interpretability/vega_fcn_sweep/fcn_080
REACTOME_RETROGRADE_NEUROTROPHIN_SIGNALLING,,0.174064476726432,test,0.8,539,674,0.5,/Users/charlottejob/Code/Evaluation_neuron_interpretability/vega_fcn_sweep/fcn_080
REACTOME_ERKS_ARE_INACTIVATED,0.1068261340260505,0.4274915176766344,test,0.8,539,674,0.5,/Users/charlottejob/Code/Evaluation_neuron_interpretability/vega_fcn_sweep/fcn_080
REACTOME_NEGATIVE_REGULATION_OF_THE_PI3K_AKT_NETWORK,,0.4444130349430703,test,0.8,539,674,0.5,/Users/charlottejob/Code/Evaluation_neuron_interpretability/vega_fcn_sweep/fcn_080
REACTOME_PI3K_AKT_ACTIVATION,0.0429635308682918,0.3595753312053634,test,0.8,539,674,0.5,/Users/charlottejob/Code/Evaluation_neuron_interpretability/vega_fcn_sweep/fcn_080
REACTOME_REGULATORY_RNA_PATHWAYS,,0.4204929546743445,test,0.8,539,674,0.5,/Users/charlottejob/Code/Evaluation_neuron_interpretability/vega_fcn_sweep/fcn_080
REACTOME_EGFR_DOWNREGULATION,-0.0318971164524555,0.6046113161712845,test,0.8,539,674,0.5,/Users/charlottejob/Code/Evaluation_neuron_interpretability/vega_fcn_sweep/fcn_080
REACTOME_PROCESSING_OF_CAPPED_INTRON_CONTAINING_PRE_MRNA,0.0879781395196914,0.3405510242036186,test,0.8,539,674,0.5,/Users/charlottejob/Code/Evaluation_neuron_interpretability/vega_fcn_sweep/fcn_080
REACTOME_PECAM1_INTERACTIONS,0.5395035743713379,0.6828546857313392,test,0.8,539,674,0.5,/Users/charlottejob/Code/Evaluation_neuron_interpretability/vega_fcn_sweep/fcn_080
REACTOME_TCR_SIGNALING,-0.0188172198832035,0.4396102886373507,test,0.8,539,674,0.5,/Users/charlottejob/Code/Evaluation_neuron_interpretability/vega_fcn_sweep/fcn_080
REACTOME_REGULATION_OF_PYRUVATE_DEHYDROGENASE_PDH_COMPLEX,0.0688063353300094,0.8895755341919608,test,0.8,539,674,0.5,/Users/charlottejob/Code/Evaluation_neuron_interpretability/vega_fcn_sweep/fcn_080
REACTOME_DOWNSTREAM_TCR_SIGNALING,0.0201928913593292,0.5506362032633233,test,0.8,539,674,0.5,/Users/charlottejob/Code/Evaluation_neuron_interpretability/vega_fcn_sweep/fcn_080
REACTOME_BASIGIN_INTERACTIONS,0.3715475797653198,0.771344237320412,test,0.8,539,674,0.5,/Users/charlottejob/Code/Evaluation_neuron_interpretability/vega_fcn_sweep/fcn_080
REACTOME_AKT_PHOSPHORYLATES_TARGETS_IN_THE_CYTOSOL,0.0159972440451383,0.6610947715875669,test,0.8,539,674,0.5,/Users/charlottejob/Code/Evaluation_neuron_interpretability/vega_fcn_sweep/fcn_080
REACTOME_GAB1_SIGNALOSOME,-0.0105231674388051,0.3698432985704619,test,0.8,539,674,0.5,/Users/charlottejob/Code/Evaluation_neuron_interpretability/vega_fcn_sweep/fcn_080
REACTOME_SHC1_EVENTS_IN_EGFR_SIGNALING,,0.35219124896392273,test,0.8,539,674,0.5,/Users/charlottejob/Code/Evaluation_neuron_interpretability/vega_fcn_sweep/fcn_080
REACTOME_ACTIVATION_OF_THE_MRNA_UPON_BINDING_OF_THE_CAP_BINDING_COMPLEX_AND_EIFS_AND_SUBSEQUENT_BINDING_TO_43S,0.0673151239752769,0.4971742092043084,test,0.8,539,674,0.5,/Users/charlottejob/Code/Evaluation_neuron_interpretability/vega_fcn_sweep/fcn_080
REACTOME_PHOSPHORYLATION_OF_CD3_AND_TCR_ZETA_CHAINS,0.0195066463202238,0.5377656808752215,test,0.8,539,674,0.5,/Users/charlottejob/Code/Evaluation_neuron_interpretability/vega_fcn_sweep/fcn_080
REACTOME_GLUTAMATE_NEUROTRANSMITTER_RELEASE_CYCLE,-0.0146362278610467,0.2600223581106338,test,0.8,539,674,0.5,/Users/charlottejob/Code/Evaluation_neuron_interpretability/vega_fcn_sweep/fcn_080
REACTOME_TRANSLOCATION_OF_ZAP_70_TO_IMMUNOLOGICAL_SYNAPSE,0.0345097407698631,0.4098975300388728,test,0.8,539,674,0.5,/Users/charlottejob/Code/Evaluation_neuron_interpretability/vega_fcn_sweep/fcn_080
REACTOME_ERK_MAPK_TARGETS,0.028834156692028,0.45643780337722567,test,0.8,539,674,0.5,/Users/charlottejob/Code/Evaluation_neuron_interpretability/vega_fcn_sweep/fcn_080
REACTOME_TIE2_SIGNALING,0.0887054502964019,0.8778061725279039,test,0.8,539,674,0.5,/Users/charlottejob/Code/Evaluation_neuron_interpretability/vega_fcn_sweep/fcn_080
REACTOME_GENERATION_OF_SECOND_MESSENGER_MOLECULES,0.3099973797798157,0.9589184976575714,test,0.8,539,674,0.5,/Users/charlottejob/Code/Evaluation_neuron_interpretability/vega_fcn_sweep/fcn_080
REACTOME_GENERIC_TRANSCRIPTION_PATHWAY,0.0647223964333534,0.8188233162251037,test,0.8,539,674,0.5,/Users/charlottejob/Code/Evaluation_neuron_interpretability/vega_fcn_sweep/fcn_080
REACTOME_RESPONSE_TO_ELEVATED_PLATELET_CYTOSOLIC_CA2_,0.0438805148005485,0.4321739253835128,test,0.8,539,674,0.5,/Users/charlottejob/Code/Evaluation_neuron_interpretability/vega_fcn_sweep/fcn_080
REACTOME_TRANSPORT_OF_MATURE_TRANSCRIPT_TO_CYTOPLASM,0.0388247221708297,0.4693837066163642,test,0.8,539,674,0.5,/Users/charlottejob/Code/Evaluation_neuron_interpretability/vega_fcn_sweep/fcn_080
REACTOME_METABOLISM_OF_AMINO_ACIDS_AND_DERIVATIVES,0.4324663877487182,0.8796699886446189,test,0.8,539,674,0.5,/Users/charlottejob/Code/Evaluation_neuron_interpretability/vega_fcn_sweep/fcn_080
REACTOME_RNA_POL_I_TRANSCRIPTION,0.5396674871444702,0.9927353447494788,test,0.8,539,674,0.5,/Users/charlottejob/Code/Evaluation_neuron_interpretability/vega_fcn_sweep/fcn_080
REACTOME_FATTY_ACYL_COA_BIOSYNTHESIS,-0.0143097825348377,0.40513166186571736,test,0.8,539,674,0.5,/Users/charlottejob/Code/Evaluation_neuron_interpretability/vega_fcn_sweep/fcn_080
REACTOME_E2F_ENABLED_INHIBITION_OF_PRE_REPLICATION_COMPLEX_FORMATION,,0.37166164987130834,test,0.8,539,674,0.5,/Users/charlottejob/Code/Evaluation_neuron_interpretability/vega_fcn_sweep/fcn_080
REACTOME_P75NTR_RECRUITS_SIGNALLING_COMPLEXES,,0.3754255551193125,test,0.8,539,674,0.5,/Users/charlottejob/Code/Evaluation_neuron_interpretability/vega_fcn_sweep/fcn_080
REACTOME_BIOLOGICAL_OXIDATIONS,0.2036228477954864,0.4773178275568631,test,0.8,539,674,0.5,/Users/charlottejob/Code/Evaluation_neuron_interpretability/vega_fcn_sweep/fcn_080
REACTOME_REGULATED_PROTEOLYSIS_OF_P75NTR,,0.3230153121319199,test,0.8,539,674,0.5,/Users/charlottejob/Code/Evaluation_neuron_interpretability/vega_fcn_sweep/fcn_080
REACTOME_TRANSMISSION_ACROSS_CHEMICAL_SYNAPSES,0.0762544646859169,0.3597191841008095,test,0.8,539,674,0.5,/Users/charlottejob/Code/Evaluation_neuron_interpretability/vega_fcn_sweep/fcn_080
REACTOME_P75NTR_SIGNALS_VIA_NFKB,-0.0132351052016019,0.4130997952773571,test,0.8,539,674,0.5,/Users/charlottejob/Code/Evaluation_neuron_interpretability/vega_fcn_sweep/fcn_080
REACTOME_CASPASE_MEDIATED_CLEAVAGE_OF_CYTOSKELETAL_PROTEINS,0.6393190622329712,0.9227615008248512,test,0.8,539,674,0.5,/Users/charlottejob/Code/Evaluation_neuron_interpretability/vega_fcn_sweep/fcn_080
REACTOME_XENOBIOTICS,0.0013571234885603,0.431383753971333,test,0.8,539,674,0.5,/Users/charlottejob/Code/Evaluation_neuron_interpretability/vega_fcn_sweep/fcn_080
REACTOME_INTEGRIN_CELL_SURFACE_INTERACTIONS,0.2574159204959869,0.7907742968772443,test,0.8,539,674,0.5,/Users/charlottejob/Code/Evaluation_neuron_interpretability/vega_fcn_sweep/fcn_080
REACTOME_REGULATION_OF_ORNITHINE_DECARBOXYLASE_ODC,0.8488383889198303,0.701661581263347,test,0.8,539,674,0.5,/Users/charlottejob/Code/Evaluation_neuron_interpretability/vega_fcn_sweep/fcn_080
REACTOME_CYTOCHROME_P450_ARRANGED_BY_SUBSTRATE_TYPE,-0.0087436251342296,0.5044992702220673,test,0.8,539,674,0.5,/Users/charlottejob/Code/Evaluation_neuron_interpretability/vega_fcn_sweep/fcn_080
REACTOME_BASE_FREE_SUGAR_PHOSPHATE_REMOVAL_VIA_THE_SINGLE_NUCLEOTIDE_REPLACEMENT_PATHWAY,,0.349139292413733,test,0.8,539,674,0.5,/Users/charlottejob/Code/Evaluation_neuron_interpretability/vega_fcn_sweep/fcn_080
REACTOME_APOPTOTIC_CLEAVAGE_OF_CELL_ADHESION_PROTEINS,0.0061359107494354,0.3378832640838086,test,0.8,539,674,0.5,/Users/charlottejob/Code/Evaluation_neuron_interpretability/vega_fcn_sweep/fcn_080
REACTOME_HDL_MEDIATED_LIPID_TRANSPORT,-0.0393031425774097,0.5194819535588087,test,0.8,539,674,0.5,/Users/charlottejob/Code/Evaluation_neuron_interpretability/vega_fcn_sweep/fcn_080
REACTOME_NRAGE_SIGNALS_DEATH_THROUGH_JNK,0.0155908968299627,0.3658808431341526,test,0.8,539,674,0.5,/Users/charlottejob/Code/Evaluation_neuron_interpretability/vega_fcn_sweep/fcn_080
REACTOME_SLBP_DEPENDENT_PROCESSING_OF_REPLICATION_DEPENDENT_HISTONE_PRE_MRNAS,,0.37848274658639797,test,0.8,539,674,0.5,/Users/charlottejob/Code/Evaluation_neuron_interpretability/vega_fcn_sweep/fcn_080
REACTOME_NRIF_SIGNALS_CELL_DEATH_FROM_THE_NUCLEUS,,0.48386336866902246,test,0.8,539,674,0.5,/Users/charlottejob/Code/Evaluation_neuron_interpretability/vega_fcn_sweep/fcn_080
REACTOME_REGULATION_OF_APOPTOSIS,0.0088253403082489,0.3744670244119934,test,0.8,539,674,0.5,/Users/charlottejob/Code/Evaluation_neuron_interpretability/vega_fcn_sweep/fcn_080
REACTOME_RNA_POL_II_TRANSCRIPTION,0.0161914862692356,0.4585465967091409,test,0.8,539,674,0.5,/Users/charlottejob/Code/Evaluation_neuron_interpretability/vega_fcn_sweep/fcn_080
REACTOME_NEURONAL_SYSTEM,0.0387273393571376,0.46280141342756187,test,0.8,539,674,0.5,/Users/charlottejob/Code/Evaluation_neuron_interpretability/vega_fcn_sweep/fcn_080
REACTOME_NFKB_IS_ACTIVATED_AND_SIGNALS_SURVIVAL,0.114155501127243,0.5450109372370856,test,0.8,539,674,0.5,/Users/charlottejob/Code/Evaluation_neuron_interpretability/vega_fcn_sweep/fcn_080
REACTOME_REGULATION_OF_BETA_CELL_DEVELOPMENT,0.0488215573132038,0.392728185522022,test,0.8,539,674,0.5,/Users/charlottejob/Code/Evaluation_neuron_interpretability/vega_fcn_sweep/fcn_080
REACTOME_PHASE1_FUNCTIONALIZATION_OF_COMPOUNDS,0.5833499431610107,0.7196896543186295,test,0.8,539,674,0.5,/Users/charlottejob/Code/Evaluation_neuron_interpretability/vega_fcn_sweep/fcn_080
REACTOME_RNA_POL_III_TRANSCRIPTION,,0.3984330148758888,test,0.8,539,674,0.5,/Users/charlottejob/Code/Evaluation_neuron_interpretability/vega_fcn_sweep/fcn_080
REACTOME_CELL_DEATH_SIGNALLING_VIA_NRAGE_NRIF_AND_NADE,-0.0220759510993957,0.4816990135011336,test,0.8,539,674,0.5,/Users/charlottejob/Code/Evaluation_neuron_interpretability/vega_fcn_sweep/fcn_080
REACTOME_NEUROTRANSMITTER_RELEASE_CYCLE,-0.0141581678763031,0.38036623195633806,test,0.8,539,674,0.5,/Users/charlottejob/Code/Evaluation_neuron_interpretability/vega_fcn_sweep/fcn_080
REACTOME_P75_NTR_RECEPTOR_MEDIATED_SIGNALLING,-0.0038542163092643,0.42741416060835746,test,0.8,539,674,0.5,/Users/charlottejob/Code/Evaluation_neuron_interpretability/vega_fcn_sweep/fcn_080
REACTOME_AMINO_ACID_TRANSPORT_ACROSS_THE_PLASMA_MEMBRANE,0.0614682994782924,0.5459601641604208,test,0.8,539,674,0.5,/Users/charlottejob/Code/Evaluation_neuron_interpretability/vega_fcn_sweep/fcn_080
REACTOME_ENDOGENOUS_STEROLS,0.0363447852432727,0.46206072112933566,test,0.8,539,674,0.5,/Users/charlottejob/Code/Evaluation_neuron_interpretability/vega_fcn_sweep/fcn_080
REACTOME_REGULATION_OF_GENE_EXPRESSION_IN_BETA_CELLS,,0.4704473923033849,test,0.8,539,674,0.5,/Users/charlottejob/Code/Evaluation_neuron_interpretability/vega_fcn_sweep/fcn_080
REACTOME_GLYCOLYSIS,0.0210195165127515,0.3758376693496588,test,0.8,539,674,0.5,/Users/charlottejob/Code/Evaluation_neuron_interpretability/vega_fcn_sweep/fcn_080
REACTOME_PROCESSIVE_SYNTHESIS_ON_THE_LAGGING_STRAND,,0.47161715307769486,test,0.8,539,674,0.5,/Users/charlottejob/Code/Evaluation_neuron_interpretability/vega_fcn_sweep/fcn_080
REACTOME_PEPTIDE_CHAIN_ELONGATION,0.7388836741447449,1.0,test,0.8,539,674,0.5,/Users/charlottejob/Code/Evaluation_neuron_interpretability/vega_fcn_sweep/fcn_080
REACTOME_COMMON_PATHWAY,0.3772584199905395,0.7729374329764607,test,0.8,539,674,0.5,/Users/charlottejob/Code/Evaluation_neuron_interpretability/vega_fcn_sweep/fcn_080
REACTOME_MRNA_CAPPING,0.8010017275810242,0.8053253381875289,test,0.8,539,674,0.5,/Users/charlottejob/Code/Evaluation_neuron_interpretability/vega_fcn_sweep/fcn_080
REACTOME_MITOCHONDRIAL_FATTY_ACID_BETA_OXIDATION,,0.9497430528290364,test,0.8,539,674,0.5,/Users/charlottejob/Code/Evaluation_neuron_interpretability/vega_fcn_sweep/fcn_080
REACTOME_SIGNALING_BY_GPCR,0.0730682462453842,0.4307936415228415,test,0.8,539,674,0.5,/Users/charlottejob/Code/Evaluation_neuron_interpretability/vega_fcn_sweep/fcn_080
REACTOME_PEPTIDE_LIGAND_BINDING_RECEPTORS,0.1180891245603561,0.43835826580055437,test,0.8,539,674,0.5,/Users/charlottejob/Code/Evaluation_neuron_interpretability/vega_fcn_sweep/fcn_080
REACTOME_METABOLISM_OF_POLYAMINES,0.0097622741013765,0.4083853567784493,test,0.8,539,674,0.5,/Users/charlottejob/Code/Evaluation_neuron_interpretability/vega_fcn_sweep/fcn_080
REACTOME_CLASS_A1_RHODOPSIN_LIKE_RECEPTORS,0.0210934616625309,0.3645830549066357,test,0.8,539,674,0.5,/Users/charlottejob/Code/Evaluation_neuron_interpretability/vega_fcn_sweep/fcn_080
REACTOME_NOTCH_HLH_TRANSCRIPTION_PATHWAY,,0.47910308423853776,test,0.8,539,674,0.5,/Users/charlottejob/Code/Evaluation_neuron_interpretability/vega_fcn_sweep/fcn_080
REACTOME_INTEGRATION_OF_ENERGY_METABOLISM,0.0052766767330467,0.4541224037228473,test,0.8,539,674,0.5,/Users/charlottejob/Code/Evaluation_neuron_interpretability/vega_fcn_sweep/fcn_080
REACTOME_CELL_CYCLE_MITOTIC,-0.0044698612764477,0.3843139454446875,test,0.8,539,674,0.5,/Users/charlottejob/Code/Evaluation_neuron_interpretability/vega_fcn_sweep/fcn_080
REACTOME_GLUCONEOGENESIS,0.6450334191322327,0.971307910538926,test,0.8,539,674,0.5,/Users/charlottejob/Code/Evaluation_neuron_interpretability/vega_fcn_sweep/fcn_080
REACTOME_DOPAMINE_NEUROTRANSMITTER_RELEASE_CYCLE,-0.0298517663031816,0.9383758983799187,test,0.8,539,674,0.5,/Users/charlottejob/Code/Evaluation_neuron_interpretability/vega_fcn_sweep/fcn_080
REACTOME_OPIOID_SIGNALLING,0.0125188007950782,0.3480629684551339,test,0.8,539,674,0.5,/Users/charlottejob/Code/Evaluation_neuron_interpretability/vega_fcn_sweep/fcn_080
REACTOME_RECRUITMENT_OF_MITOTIC_CENTROSOME_PROTEINS_AND_COMPLEXES,-0.0136701986193656,0.387025568487841,test,0.8,539,674,0.5,/Users/charlottejob/Code/Evaluation_neuron_interpretability/vega_fcn_sweep/fcn_080
REACTOME_MITOCHONDRIAL_TRNA_AMINOACYLATION,0.1098045408725738,0.4784809329041946,test,0.8,539,674,0.5,/Users/charlottejob/Code/Evaluation_neuron_interpretability/vega_fcn_sweep/fcn_080
REACTOME_CYTOSOLIC_TRNA_AMINOACYLATION,0.0117713212966918,0.34394629115277653,test,0.8,539,674,0.5,/Users/charlottejob/Code/Evaluation_neuron_interpretability/vega_fcn_sweep/fcn_080
REACTOME_CA_DEPENDENT_EVENTS,-0.0408459343016147,0.3877942443260728,test,0.8,539,674,0.5,/Users/charlottejob/Code/Evaluation_neuron_interpretability/vega_fcn_sweep/fcn_080
REACTOME_ACETYLCHOLINE_NEUROTRANSMITTER_RELEASE_CYCLE,-0.0185703374445438,0.3611822291812135,test,0.8,539,674,0.5,/Users/charlottejob/Code/Evaluation_neuron_interpretability/vega_fcn_sweep/fcn_080
REACTOME_ADENYLATE_CYCLASE_ACTIVATING_PATHWAY,,0.5578624089342582,test,0.8,539,674,0.5,/Users/charlottejob/Code/Evaluation_neuron_interpretability/vega_fcn_sweep/fcn_080
REACTOME_ADENYLATE_CYCLASE_INHIBITORY_PATHWAY,,0.43724643371286487,test,0.8,539,674,0.5,/Users/charlottejob/Code/Evaluation_neuron_interpretability/vega_fcn_sweep/fcn_080
REACTOME_DARPP_32_EVENTS,0.0144838029518723,0.5714220417347889,test,0.8,539,674,0.5,/Users/charlottejob/Code/Evaluation_neuron_interpretability/vega_fcn_sweep/fcn_080
REACTOME_CHEMOKINE_RECEPTORS_BIND_CHEMOKINES,0.0444836765527725,0.5325771179910089,test,0.8,539,674,0.5,/Users/charlottejob/Code/Evaluation_neuron_interpretability/vega_fcn_sweep/fcn_080
REACTOME_LOSS_OF_NLP_FROM_MITOTIC_CENTROSOMES,-0.0289622507989406,0.46079080601042227,test,0.8,539,674,0.5,/Users/charlottejob/Code/Evaluation_neuron_interpretability/vega_fcn_sweep/fcn_080
REACTOME_NEUROTRANSMITTER_RECEPTOR_BINDING_AND_DOWNSTREAM_TRANSMISSION_IN_THE_POSTSYNAPTIC_CELL,0.0012106144567951,0.30533222691777173,test,0.8,539,674,0.5,/Users/charlottejob/Code/Evaluation_neuron_interpretability/vega_fcn_sweep/fcn_080
REACTOME_CELL_CYCLE_CHECKPOINTS,0.0593900680541992,0.4133376491426824,test,0.8,539,674,0.5,/Users/charlottejob/Code/Evaluation_neuron_interpretability/vega_fcn_sweep/fcn_080
REACTOME_DIABETES_PATHWAYS,0.0045996927656233,0.47925921570094926,test,0.8,539,674,0.5,/Users/charlottejob/Code/Evaluation_neuron_interpretability/vega_fcn_sweep/fcn_080
REACTOME_P130CAS_LINKAGE_TO_MAPK_SIGNALING_FOR_INTEGRINS,0.0334673300385475,0.3597212288137101,test,0.8,539,674,0.5,/Users/charlottejob/Code/Evaluation_neuron_interpretability/vega_fcn_sweep/fcn_080
REACTOME_GLYCOPROTEIN_HORMONES,,0.42805566461632427,test,0.8,539,674,0.5,/Users/charlottejob/Code/Evaluation_neuron_interpretability/vega_fcn_sweep/fcn_080
REACTOME_NOREPINEPHRINE_NEUROTRANSMITTER_RELEASE_CYCLE,0.0243598911911249,0.890774987128217,test,0.8,539,674,0.5,/Users/charlottejob/Code/Evaluation_neuron_interpretability/vega_fcn_sweep/fcn_080
REACTOME_PLC_BETA_MEDIATED_EVENTS,0.3480398952960968,0.8029740431458094,test,0.8,539,674,0.5,/Users/charlottejob/Code/Evaluation_neuron_interpretability/vega_fcn_sweep/fcn_080
REACTOME_REGULATION_OF_INSULIN_LIKE_GROWTH_FACTOR_IGF_ACTIVITY_BY_INSULIN_LIKE_GROWTH_FACTOR_BINDING_PROTEINS_IGFBPS,0.0974309891462326,0.3264199809166308,test,0.8,539,674,0.5,/Users/charlottejob/Code/Evaluation_neuron_interpretability/vega_fcn_sweep/fcn_080
REACTOME_GRB2_SOS_PROVIDES_LINKAGE_TO_MAPK_SIGNALING_FOR_INTERGRINS_,0.0514940097928047,0.43829598710407497,test,0.8,539,674,0.5,/Users/charlottejob/Code/Evaluation_neuron_interpretability/vega_fcn_sweep/fcn_080
REACTOME_PEPTIDE_HORMONE_BIOSYNTHESIS,,0.9484325786328144,test,0.8,539,674,0.5,/Users/charlottejob/Code/Evaluation_neuron_interpretability/vega_fcn_sweep/fcn_080
REACTOME_G_PROTEIN_ACTIVATION,0.0269372928887605,0.6284670989707822,test,0.8,539,674,0.5,/Users/charlottejob/Code/Evaluation_neuron_interpretability/vega_fcn_sweep/fcn_080
REACTOME_ACETYLCHOLINE_BINDING_AND_DOWNSTREAM_EVENTS,0.0374310798943042,0.49064453066889296,test,0.8,539,674,0.5,/Users/charlottejob/Code/Evaluation_neuron_interpretability/vega_fcn_sweep/fcn_080
REACTOME_ABC_FAMILY_PROTEINS_MEDIATED_TRANSPORT,0.2174025177955627,0.8017292753379327,test,0.8,539,674,0.5,/Users/charlottejob/Code/Evaluation_neuron_interpretability/vega_fcn_sweep/fcn_080
REACTOME_TRNA_AMINOACYLATION,-0.0156078478321433,0.3805019210275394,test,0.8,539,674,0.5,/Users/charlottejob/Code/Evaluation_neuron_interpretability/vega_fcn_sweep/fcn_080
REACTOME_OLFACTORY_SIGNALING_PATHWAY,,0.3883749945469615,test,0.8,539,674,0.5,/Users/charlottejob/Code/Evaluation_neuron_interpretability/vega_fcn_sweep/fcn_080
REACTOME_STEROID_HORMONES,,0.3960127382977795,test,0.8,539,674,0.5,/Users/charlottejob/Code/Evaluation_neuron_interpretability/vega_fcn_sweep/fcn_080
REACTOME_PKA_MEDIATED_PHOSPHORYLATION_OF_CREB,-0.0239421334117651,0.3590633405411106,test,0.8,539,674,0.5,/Users/charlottejob/Code/Evaluation_neuron_interpretability/vega_fcn_sweep/fcn_080
REACTOME_RECRUITMENT_OF_NUMA_TO_MITOTIC_CENTROSOMES,,0.2910282249269292,test,0.8,539,674,0.5,/Users/charlottejob/Code/Evaluation_neuron_interpretability/vega_fcn_sweep/fcn_080
REACTOME_AMINE_DERIVED_HORMONES,-0.017084427177906,0.3652560352028744,test,0.8,539,674,0.5,/Users/charlottejob/Code/Evaluation_neuron_interpretability/vega_fcn_sweep/fcn_080
REACTOME_TRANSMEMBRANE_TRANSPORT_OF_SMALL_MOLECULES,0.0311839878559112,0.4820207124187192,test,0.8,539,674,0.5,/Users/charlottejob/Code/Evaluation_neuron_interpretability/vega_fcn_sweep/fcn_080
REACTOME_INTEGRIN_ALPHAIIB_BETA3_SIGNALING,-0.0010800140444189,0.6047392233276133,test,0.8,539,674,0.5,/Users/charlottejob/Code/Evaluation_neuron_interpretability/vega_fcn_sweep/fcn_080
REACTOME_NUCLEAR_RECEPTOR_TRANSCRIPTION_PATHWAY,-0.0332870669662952,0.4087827416007628,test,0.8,539,674,0.5,/Users/charlottejob/Code/Evaluation_neuron_interpretability/vega_fcn_sweep/fcn_080
REACTOME_INSULIN_SYNTHESIS_AND_PROCESSING,0.0073954728431999,0.3899744680250806,test,0.8,539,674,0.5,/Users/charlottejob/Code/Evaluation_neuron_interpretability/vega_fcn_sweep/fcn_080
REACTOME_CYCLIN_E_ASSOCIATED_EVENTS_DURING_G1_S_TRANSITION_,-0.007381506729871,0.4027932020864883,test,0.8,539,674,0.5,/Users/charlottejob/Code/Evaluation_neuron_interpretability/vega_fcn_sweep/fcn_080
REACTOME_HOMOLOGOUS_RECOMBINATION_REPAIR_OF_REPLICATION_INDEPENDENT_DOUBLE_STRAND_BREAKS,,0.9393587226802772,test,0.8,539,674,0.5,/Users/charlottejob/Code/Evaluation_neuron_interpretability/vega_fcn_sweep/fcn_080
REACTOME_G1_PHASE,-0.006046132184565,0.3511951362293081,test,0.8,539,674,0.5,/Users/charlottejob/Code/Evaluation_neuron_interpretability/vega_fcn_sweep/fcn_080
REACTOME_ELEVATION_OF_CYTOSOLIC_CA2_LEVELS,-0.0079628275707364,0.4692660252528178,test,0.8,539,674,0.5,/Users/charlottejob/Code/Evaluation_neuron_interpretability/vega_fcn_sweep/fcn_080
REACTOME_P53_DEPENDENT_G1_DNA_DAMAGE_RESPONSE,0.0235430933535099,0.3511369487174062,test,0.8,539,674,0.5,/Users/charlottejob/Code/Evaluation_neuron_interpretability/vega_fcn_sweep/fcn_080
REACTOME_TRANSCRIPTION_COUPLED_NER_TC_NER,0.0182822365313768,0.47265309463061217,test,0.8,539,674,0.5,/Users/charlottejob/Code/Evaluation_neuron_interpretability/vega_fcn_sweep/fcn_080
REACTOME_RNA_POL_II_TRANSCRIPTION_PRE_INITIATION_AND_PROMOTER_OPENING,0.0122367842122912,0.46942555485572157,test,0.8,539,674,0.5,/Users/charlottejob/Code/Evaluation_neuron_interpretability/vega_fcn_sweep/fcn_080
REACTOME_GLUCAGON_SIGNALING_IN_METABOLIC_REGULATION,-0.0172670222818851,0.38633504076843717,test,0.8,539,674,0.5,/Users/charlottejob/Code/Evaluation_neuron_interpretability/vega_fcn_sweep/fcn_080
REACTOME_MRNA_PROCESSING,0.3807619214057922,0.8343578323814294,test,0.8,539,674,0.5,/Users/charlottejob/Code/Evaluation_neuron_interpretability/vega_fcn_sweep/fcn_080
REACTOME_SIGNALING_BY_PDGF,-0.0008378294878639,0.4553075085587221,test,0.8,539,674,0.5,/Users/charlottejob/Code/Evaluation_neuron_interpretability/vega_fcn_sweep/fcn_080
REACTOME_ASSOCIATION_OF_TRIC_CCT_WITH_TARGET_PROTEINS_DURING_BIOSYNTHESIS,0.0423936322331428,0.3108735563384595,test,0.8,539,674,0.5,/Users/charlottejob/Code/Evaluation_neuron_interpretability/vega_fcn_sweep/fcn_080
REACTOME_PREFOLDIN_MEDIATED_TRANSFER_OF_SUBSTRATE_TO_CCT_TRIC,-0.0053307455964386,0.4206035328667548,test,0.8,539,674,0.5,/Users/charlottejob/Code/Evaluation_neuron_interpretability/vega_fcn_sweep/fcn_080
REACTOME_HORMONE_LIGAND_BINDING_RECEPTORS,,0.5021960476377437,test,0.8,539,674,0.5,/Users/charlottejob/Code/Evaluation_neuron_interpretability/vega_fcn_sweep/fcn_080
REACTOME_GPVI_MEDIATED_ACTIVATION_CASCADE,0.0136036891490221,0.342504414760353,test,0.8,539,674,0.5,/Users/charlottejob/Code/Evaluation_neuron_interpretability/vega_fcn_sweep/fcn_080
REACTOME_PROTEIN_FOLDING,0.0078319376334548,0.3623096547243657,test,0.8,539,674,0.5,/Users/charlottejob/Code/Evaluation_neuron_interpretability/vega_fcn_sweep/fcn_080
REACTOME_FORMATION_OF_TUBULIN_FOLDING_INTERMEDIATES_BY_CCT_TRIC,0.023505687713623,0.38673884766684397,test,0.8,539,674,0.5,/Users/charlottejob/Code/Evaluation_neuron_interpretability/vega_fcn_sweep/fcn_080
REACTOME_PEROXISOMAL_LIPID_METABOLISM,-0.0243475325405597,0.4355856543772897,test,0.8,539,674,0.5,/Users/charlottejob/Code/Evaluation_neuron_interpretability/vega_fcn_sweep/fcn_080
REACTOME_POST_CHAPERONIN_TUBULIN_FOLDING_PATHWAY,0.0115661257877945,0.3897194735982896,test,0.8,539,674,0.5,/Users/charlottejob/Code/Evaluation_neuron_interpretability/vega_fcn_sweep/fcn_080
REACTOME_STRIATED_MUSCLE_CONTRACTION,0.0493275299668312,0.4621642103199814,test,0.8,539,674,0.5,/Users/charlottejob/Code/Evaluation_neuron_interpretability/vega_fcn_sweep/fcn_080
REACTOME_METABOLISM_OF_NUCLEOTIDES,0.2019445896148681,0.5120279289890597,test,0.8,539,674,0.5,/Users/charlottejob/Code/Evaluation_neuron_interpretability/vega_fcn_sweep/fcn_080
REACTOME_AMINE_LIGAND_BINDING_RECEPTORS,0.0051969680935144,0.3643350704092439,test,0.8,539,674,0.5,/Users/charlottejob/Code/Evaluation_neuron_interpretability/vega_fcn_sweep/fcn_080
REACTOME_METABOLISM_OF_PROTEINS,0.2241911590099334,0.9999854135442536,test,0.8,539,674,0.5,/Users/charlottejob/Code/Evaluation_neuron_interpretability/vega_fcn_sweep/fcn_080
REACTOME_DOWNSTREAM_SIGNAL_TRANSDUCTION,0.0040124412626028,0.44836453555150757,test,0.8,539,674,0.5,/Users/charlottejob/Code/Evaluation_neuron_interpretability/vega_fcn_sweep/fcn_080
REACTOME_MUSCLE_CONTRACTION,0.0252238027751445,0.43071155140501427,test,0.8,539,674,0.5,/Users/charlottejob/Code/Evaluation_neuron_interpretability/vega_fcn_sweep/fcn_080
REACTOME_SEROTONIN_RECEPTORS,,0.38980238188718763,test,0.8,539,674,0.5,/Users/charlottejob/Code/Evaluation_neuron_interpretability/vega_fcn_sweep/fcn_080
REACTOME_CDC6_ASSOCIATION_WITH_THE_ORC_ORIGIN_COMPLEX,,0.4218348383719408,test,0.8,539,674,0.5,/Users/charlottejob/Code/Evaluation_neuron_interpretability/vega_fcn_sweep/fcn_080
REACTOME_M_G1_TRANSITION,0.0747064873576164,0.9140917467801468,test,0.8,539,674,0.5,/Users/charlottejob/Code/Evaluation_neuron_interpretability/vega_fcn_sweep/fcn_080
REACTOME_MRNA_SPLICING,,0.3764132094403001,test,0.8,539,674,0.5,/Users/charlottejob/Code/Evaluation_neuron_interpretability/vega_fcn_sweep/fcn_080
REACTOME_MRNA_SPLICING_MINOR_PATHWAY,,0.944440082013698,test,0.8,539,674,0.5,/Users/charlottejob/Code/Evaluation_neuron_interpretability/vega_fcn_sweep/fcn_080
REACTOME_3_UTR_MEDIATED_TRANSLATIONAL_REGULATION,0.0627864897251129,0.34748712163140194,test,0.8,539,674,0.5,/Users/charlottejob/Code/Evaluation_neuron_interpretability/vega_fcn_sweep/fcn_080
REACTOME_PROCESSING_OF_CAPPED_INTRONLESS_PRE_MRNA,,0.347807878549928,test,0.8,539,674,0.5,/Users/charlottejob/Code/Evaluation_neuron_interpretability/vega_fcn_sweep/fcn_080
REACTOME_PURINE_RIBONUCLEOSIDE_MONOPHOSPHATE_BIOSYNTHESIS,,0.4372603934912533,test,0.8,539,674,0.5,/Users/charlottejob/Code/Evaluation_neuron_interpretability/vega_fcn_sweep/fcn_080
REACTOME_G1_S_TRANSITION,0.0281626638025045,0.5162674645347289,test,0.8,539,674,0.5,/Users/charlottejob/Code/Evaluation_neuron_interpretability/vega_fcn_sweep/fcn_080
REACTOME_CITRIC_ACID_CYCLE_TCA_CYCLE,,0.5212860445840423,test,0.8,539,674,0.5,/Users/charlottejob/Code/Evaluation_neuron_interpretability/vega_fcn_sweep/fcn_080
REACTOME_TRANSCRIPTION,-0.035926591604948,0.3975537669589495,test,0.8,539,674,0.5,/Users/charlottejob/Code/Evaluation_neuron_interpretability/vega_fcn_sweep/fcn_080
REACTOME_POL_SWITCHING,,0.40314793002661087,test,0.8,539,674,0.5,/Users/charlottejob/Code/Evaluation_neuron_interpretability/vega_fcn_sweep/fcn_080
REACTOME_NUCLEOTIDE_EXCISION_REPAIR,-0.010594006627798,0.39290759699522093,test,0.8,539,674,0.5,/Users/charlottejob/Code/Evaluation_neuron_interpretability/vega_fcn_sweep/fcn_080
REACTOME_REGULATION_OF_THE_FANCONI_ANEMIA_PATHWAY,,0.5892509706408411,test,0.8,539,674,0.5,/Users/charlottejob/Code/Evaluation_neuron_interpretability/vega_fcn_sweep/fcn_080
REACTOME_AXON_GUIDANCE,0.0981542468070983,0.38731285789423,test,0.8,539,674,0.5,/Users/charlottejob/Code/Evaluation_neuron_interpretability/vega_fcn_sweep/fcn_080
REACTOME_ACTIVATION_OF_CHAPERONE_GENES_BY_XBP1S,-0.0067071933299303,0.4101635172574324,test,0.8,539,674,0.5,/Users/charlottejob/Code/Evaluation_neuron_interpretability/vega_fcn_sweep/fcn_080
REACTOME_REGULATION_OF_INSULIN_SECRETION_BY_GLUCAGON_LIKE_PEPTIDE1,0.0222390741109848,0.435735167922618,test,0.8,539,674,0.5,/Users/charlottejob/Code/Evaluation_neuron_interpretability/vega_fcn_sweep/fcn_080
REACTOME_PERK_REGULATED_GENE_EXPRESSION,0.0196285024285316,0.3556950754388917,test,0.8,539,674,0.5,/Users/charlottejob/Code/Evaluation_neuron_interpretability/vega_fcn_sweep/fcn_080
REACTOME_G_ALPHA_Q_SIGNALLING_EVENTS,0.0322383604943752,0.4130411357953131,test,0.8,539,674,0.5,/Users/charlottejob/Code/Evaluation_neuron_interpretability/vega_fcn_sweep/fcn_080
REACTOME_P2Y_RECEPTORS,0.4308728575706482,0.7544405882630907,test,0.8,539,674,0.5,/Users/charlottejob/Code/Evaluation_neuron_interpretability/vega_fcn_sweep/fcn_080
REACTOME_TRAFFICKING_OF_AMPA_RECEPTORS,0.0323023162782192,0.39818893655152376,test,0.8,539,674,0.5,/Users/charlottejob/Code/Evaluation_neuron_interpretability/vega_fcn_sweep/fcn_080
REACTOME_NCAM1_INTERACTIONS,0.0125956442207098,0.517777940883497,test,0.8,539,674,0.5,/Users/charlottejob/Code/Evaluation_neuron_interpretability/vega_fcn_sweep/fcn_080
REACTOME_CLASS_C_3_METABOTROPIC_GLUTAMATE_PHEROMONE_RECEPTORS,,0.39749247480696237,test,0.8,539,674,0.5,/Users/charlottejob/Code/Evaluation_neuron_interpretability/vega_fcn_sweep/fcn_080
REACTOME_REGULATION_OF_INSULIN_SECRETION,0.0447009354829788,0.411622511055236,test,0.8,539,674,0.5,/Users/charlottejob/Code/Evaluation_neuron_interpretability/vega_fcn_sweep/fcn_080
REACTOME_NCAM_SIGNALING_FOR_NEURITE_OUT_GROWTH,0.0103433076292276,0.41593005896441737,test,0.8,539,674,0.5,/Users/charlottejob/Code/Evaluation_neuron_interpretability/vega_fcn_sweep/fcn_080
REACTOME_INHIBITION_OF_INSULIN_SECRETION_BY_ADRENALINE_NORADRENALINE,0.0387059226632118,0.3892297836120079,test,0.8,539,674,0.5,/Users/charlottejob/Code/Evaluation_neuron_interpretability/vega_fcn_sweep/fcn_080
REACTOME_NUCLEOTIDE_LIKE_PURINERGIC_RECEPTORS,0.6620380878448486,0.7211123303878174,test,0.8,539,674,0.5,/Users/charlottejob/Code/Evaluation_neuron_interpretability/vega_fcn_sweep/fcn_080
REACTOME_ACTIVATION_OF_CHAPERONES_BY_ATF6_ALPHA,,0.3294804344981024,test,0.8,539,674,0.5,/Users/charlottejob/Code/Evaluation_neuron_interpretability/vega_fcn_sweep/fcn_080
REACTOME_TRANSPORT_OF_MATURE_MRNA_DERIVED_FROM_AN_INTRONLESS_TRANSCRIPT,0.7975695133209229,0.858894586289044,test,0.8,539,674,0.5,/Users/charlottejob/Code/Evaluation_neuron_interpretability/vega_fcn_sweep/fcn_080
REACTOME_EICOSANOID_LIGAND_BINDING_RECEPTORS,0.0436732210218906,0.3977111434306946,test,0.8,539,674,0.5,/Users/charlottejob/Code/Evaluation_neuron_interpretability/vega_fcn_sweep/fcn_080
REACTOME_ACTIVATION_OF_GENES_BY_ATF4,-0.0278010293841362,0.4488982135846093,test,0.8,539,674,0.5,/Users/charlottejob/Code/Evaluation_neuron_interpretability/vega_fcn_sweep/fcn_080
REACTOME_UNFOLDED_PROTEIN_RESPONSE,-0.0132404146715998,0.4199628211677102,test,0.8,539,674,0.5,/Users/charlottejob/Code/Evaluation_neuron_interpretability/vega_fcn_sweep/fcn_080
REACTOME_CLASS_B_2_SECRETIN_FAMILY_RECEPTORS,0.4714657366275787,0.7216751006994431,test,0.8,539,674,0.5,/Users/charlottejob/Code/Evaluation_neuron_interpretability/vega_fcn_sweep/fcn_080
REACTOME_GLUCAGON_TYPE_LIGAND_RECEPTORS,0.0839008912444114,0.4477378443959267,test,0.8,539,674,0.5,/Users/charlottejob/Code/Evaluation_neuron_interpretability/vega_fcn_sweep/fcn_080
REACTOME_REGULATION_OF_INSULIN_SECRETION_BY_ACETYLCHOLINE,0.5944361686706543,0.7593730449158199,test,0.8,539,674,0.5,/Users/charlottejob/Code/Evaluation_neuron_interpretability/vega_fcn_sweep/fcn_080
REACTOME_G_ALPHA1213_SIGNALLING_EVENTS,0.0660073012113571,0.39545831923419,test,0.8,539,674,0.5,/Users/charlottejob/Code/Evaluation_neuron_interpretability/vega_fcn_sweep/fcn_080
REACTOME_FANCONI_ANEMIA_PATHWAY,-0.0201593022793531,0.40798041333319357,test,0.8,539,674,0.5,/Users/charlottejob/Code/Evaluation_neuron_interpretability/vega_fcn_sweep/fcn_080
REACTOME_TRAFFICKING_OF_GLUR2_CONTAINING_AMPA_RECEPTORS,-0.0015742133837193,0.510986616542143,test,0.8,539,674,0.5,/Users/charlottejob/Code/Evaluation_neuron_interpretability/vega_fcn_sweep/fcn_080
REACTOME_ACTIVATION_OF_CHAPERONE_GENES_BY_ATF6_ALPHA,,0.4769707280896916,test,0.8,539,674,0.5,/Users/charlottejob/Code/Evaluation_neuron_interpretability/vega_fcn_sweep/fcn_080
REACTOME_PROSTANOID_LIGAND_RECEPTORS,0.0884601175785064,0.4369444342351897,test,0.8,539,674,0.5,/Users/charlottejob/Code/Evaluation_neuron_interpretability/vega_fcn_sweep/fcn_080
REACTOME_OPSINS,,0.3790777821402085,test,0.8,539,674,0.5,/Users/charlottejob/Code/Evaluation_neuron_interpretability/vega_fcn_sweep/fcn_080
REACTOME_FORMATION_OF_RNA_POL_II_ELONGATION_COMPLEX_,-0.0199615005403757,0.4687227554008804,test,0.8,539,674,0.5,/Users/charlottejob/Code/Evaluation_neuron_interpretability/vega_fcn_sweep/fcn_080
REACTOME_MRNA_3_END_PROCESSING,,0.3886472102255377,test,0.8,539,674,0.5,/Users/charlottejob/Code/Evaluation_neuron_interpretability/vega_fcn_sweep/fcn_080
REACTOME_POST_TRANSLATIONAL_MODIFICATION_SYNTHESIS_OF_GPI_ANCHORED_PROTEINS,0.0498607195913791,0.6123349865263026,test,0.8,539,674,0.5,/Users/charlottejob/Code/Evaluation_neuron_interpretability/vega_fcn_sweep/fcn_080
REACTOME_CYCLIN_A_B1_ASSOCIATED_EVENTS_DURING_G2_M_TRANSITION,0.0052326777949929,0.29852444183087523,test,0.8,539,674,0.5,/Users/charlottejob/Code/Evaluation_neuron_interpretability/vega_fcn_sweep/fcn_080
REACTOME_ELONGATION_ARREST_AND_RECOVERY,,0.5077328447410897,test,0.8,539,674,0.5,/Users/charlottejob/Code/Evaluation_neuron_interpretability/vega_fcn_sweep/fcn_080
REACTOME_SLC_MEDIATED_TRANSMEMBRANE_TRANSPORT,0.025992602109909,0.4146635838822726,test,0.8,539,674,0.5,/Users/charlottejob/Code/Evaluation_neuron_interpretability/vega_fcn_sweep/fcn_080
REACTOME_ADP_SIGNALLING_THROUGH_P2RY1,-0.04204036667943,0.407675666368081,test,0.8,539,674,0.5,/Users/charlottejob/Code/Evaluation_neuron_interpretability/vega_fcn_sweep/fcn_080
REACTOME_G_BETA_GAMMA_SIGNALLING_THROUGH_PLC_BETA,0.0207898709923028,0.4660003053701523,test,0.8,539,674,0.5,/Users/charlottejob/Code/Evaluation_neuron_interpretability/vega_fcn_sweep/fcn_080
REACTOME_CD28_CO_STIMULATION,0.0262757055461406,0.4453275401307384,test,0.8,539,674,0.5,/Users/charlottejob/Code/Evaluation_neuron_interpretability/vega_fcn_sweep/fcn_080
REACTOME_GPCR_DOWNSTREAM_SIGNALING,0.0821775570511818,0.4196555732618922,test,0.8,539,674,0.5,/Users/charlottejob/Code/Evaluation_neuron_interpretability/vega_fcn_sweep/fcn_080
REACTOME_SYNTHESIS_SECRETION_AND_DEACYLATION_OF_GHRELIN,0.0359341464936733,0.30429935025671684,test,0.8,539,674,0.5,/Users/charlottejob/Code/Evaluation_neuron_interpretability/vega_fcn_sweep/fcn_080
REACTOME_ADHERENS_JUNCTIONS_INTERACTIONS,,0.4062361628136939,test,0.8,539,674,0.5,/Users/charlottejob/Code/Evaluation_neuron_interpretability/vega_fcn_sweep/fcn_080
REACTOME_CRMPS_IN_SEMA3A_SIGNALING,-0.0135063715279102,0.480379854281849,test,0.8,539,674,0.5,/Users/charlottejob/Code/Evaluation_neuron_interpretability/vega_fcn_sweep/fcn_080
REACTOME_OTHER_SEMAPHORIN_INTERACTIONS,0.0299770534038543,0.4764314979426893,test,0.8,539,674,0.5,/Users/charlottejob/Code/Evaluation_neuron_interpretability/vega_fcn_sweep/fcn_080
REACTOME_ACTIVATION_OF_RAC,0.7421833276748657,0.8181568386546885,test,0.8,539,674,0.5,/Users/charlottejob/Code/Evaluation_neuron_interpretability/vega_fcn_sweep/fcn_080
REACTOME_PURINE_SALVAGE,0.0246266797184944,0.3618941609480255,test,0.8,539,674,0.5,/Users/charlottejob/Code/Evaluation_neuron_interpretability/vega_fcn_sweep/fcn_080
REACTOME_G_ALPHA_I_SIGNALLING_EVENTS,0.0389689654111862,0.417872128975265,test,0.8,539,674,0.5,/Users/charlottejob/Code/Evaluation_neuron_interpretability/vega_fcn_sweep/fcn_080
REACTOME_SEMA3A_PAK_DEPENDENT_AXON_REPULSION,,0.4427361165641496,test,0.8,539,674,0.5,/Users/charlottejob/Code/Evaluation_neuron_interpretability/vega_fcn_sweep/fcn_080
REACTOME_CD28_DEPENDENT_VAV1_PATHWAY,,0.3155590455001527,test,0.8,539,674,0.5,/Users/charlottejob/Code/Evaluation_neuron_interpretability/vega_fcn_sweep/fcn_080
REACTOME_SEMA4D_IN_SEMAPHORIN_SIGNALING,0.0076216198503971,0.5314165124235796,test,0.8,539,674,0.5,/Users/charlottejob/Code/Evaluation_neuron_interpretability/vega_fcn_sweep/fcn_080
REACTOME_SEMAPHORIN_INTERACTIONS,0.3368971943855285,0.7850994124824555,test,0.8,539,674,0.5,/Users/charlottejob/Code/Evaluation_neuron_interpretability/vega_fcn_sweep/fcn_080
REACTOME_SEMA4D_INDUCED_CELL_MIGRATION_AND_GROWTH_CONE_COLLAPSE,0.0428704395890235,0.5244072157720568,test,0.8,539,674,0.5,/Users/charlottejob/Code/Evaluation_neuron_interpretability/vega_fcn_sweep/fcn_080
REACTOME_SEMA3A_PLEXIN_REPULSION_SIGNALING_BY_INHIBITING_INTEGRIN_ADHESION,,0.3283025781965711,test,0.8,539,674,0.5,/Users/charlottejob/Code/Evaluation_neuron_interpretability/vega_fcn_sweep/fcn_080
REACTOME_LYSOSOME_VESICLE_BIOGENESIS,0.2842526435852051,0.4509574690308051,test,0.8,539,674,0.5,/Users/charlottejob/Code/Evaluation_neuron_interpretability/vega_fcn_sweep/fcn_080
REACTOME_G_BETA_GAMMA_SIGNALLING_THROUGH_PI3KGAMMA,-0.0538280196487903,0.3928595410897622,test,0.8,539,674,0.5,/Users/charlottejob/Code/Evaluation_neuron_interpretability/vega_fcn_sweep/fcn_080
REACTOME_TRANSPORT_OF_GLUCOSE_AND_OTHER_SUGARS_BILE_SALTS_AND_ORGANIC_ACIDS_METAL_IONS_AND_AMINE_COMPOUNDS,0.0097007472068071,0.4628922208427508,test,0.8,539,674,0.5,/Users/charlottejob/Code/Evaluation_neuron_interpretability/vega_fcn_sweep/fcn_080
REACTOME_SPHINGOLIPID_METABOLISM,0.4216477274894714,0.867602965592159,test,0.8,539,674,0.5,/Users/charlottejob/Code/Evaluation_neuron_interpretability/vega_fcn_sweep/fcn_080
REACTOME_PD1_SIGNALING,0.4221416413784027,0.950740809621226,test,0.8,539,674,0.5,/Users/charlottejob/Code/Evaluation_neuron_interpretability/vega_fcn_sweep/fcn_080
REACTOME_G_ALPHA_S_SIGNALLING_EVENTS,0.0021589554380625,0.4546945334684673,test,0.8,539,674,0.5,/Users/charlottejob/Code/Evaluation_neuron_interpretability/vega_fcn_sweep/fcn_080
REACTOME_CELL_CELL_JUNCTION_ORGANIZATION,0.0165487937629222,0.3637908365939415,test,0.8,539,674,0.5,/Users/charlottejob/Code/Evaluation_neuron_interpretability/vega_fcn_sweep/fcn_080
REACTOME_G_ALPHA_Z_SIGNALLING_EVENTS,0.0225083455443382,0.5620080544318432,test,0.8,539,674,0.5,/Users/charlottejob/Code/Evaluation_neuron_interpretability/vega_fcn_sweep/fcn_080
REACTOME_FACILITATIVE_NA_INDEPENDENT_GLUCOSE_TRANSPORTERS,,0.4057496837237708,test,0.8,539,674,0.5,/Users/charlottejob/Code/Evaluation_neuron_interpretability/vega_fcn_sweep/fcn_080
REACTOME_COSTIMULATION_BY_THE_CD28_FAMILY,0.0491704046726226,0.3900257972208372,test,0.8,539,674,0.5,/Users/charlottejob/Code/Evaluation_neuron_interpretability/vega_fcn_sweep/fcn_080
REACTOME_SIGNALING_BY_ROBO_RECEPTOR,0.7369401454925537,0.7810237373922998,test,0.8,539,674,0.5,/Users/charlottejob/Code/Evaluation_neuron_interpretability/vega_fcn_sweep/fcn_080
REACTOME_CD28_DEPENDENT_PI3K_AKT_SIGNALING,0.0044420664198696,0.41505061977676827,test,0.8,539,674,0.5,/Users/charlottejob/Code/Evaluation_neuron_interpretability/vega_fcn_sweep/fcn_080
REACTOME_TIGHT_JUNCTION_INTERACTIONS,0.099256508052349,0.902533703666756,test,0.8,539,674,0.5,/Users/charlottejob/Code/Evaluation_neuron_interpretability/vega_fcn_sweep/fcn_080
REACTOME_G_PROTEIN_BETA_GAMMA_SIGNALLING,0.0969656780362129,0.2925773240849803,test,0.8,539,674,0.5,/Users/charlottejob/Code/Evaluation_neuron_interpretability/vega_fcn_sweep/fcn_080
REACTOME_TRANSPORT_OF_INORGANIC_CATIONS_ANIONS_AND_AMINO_ACIDS_OLIGOPEPTIDES,0.5076984763145447,0.7528991687901632,test,0.8,539,674,0.5,/Users/charlottejob/Code/Evaluation_neuron_interpretability/vega_fcn_sweep/fcn_080
REACTOME_GOLGI_ASSOCIATED_VESICLE_BIOGENESIS,0.0717613920569419,0.5133220821686619,test,0.8,539,674,0.5,/Users/charlottejob/Code/Evaluation_neuron_interpretability/vega_fcn_sweep/fcn_080
REACTOME_CTLA4_INHIBITORY_SIGNALING,0.7195454835891724,0.7788010551335492,test,0.8,539,674,0.5,/Users/charlottejob/Code/Evaluation_neuron_interpretability/vega_fcn_sweep/fcn_080
REACTOME_FORMATION_OF_TRANSCRIPTION_COUPLED_NER_TC_NER_REPAIR_COMPLEX,-0.0221389941871166,0.946745593714304,test,0.8,539,674,0.5,/Users/charlottejob/Code/Evaluation_neuron_interpretability/vega_fcn_sweep/fcn_080
REACTOME_AMINO_ACID_AND_OLIGOPEPTIDE_SLC_TRANSPORTERS,-0.0129830026999115,0.395370037310538,test,0.8,539,674,0.5,/Users/charlottejob/Code/Evaluation_neuron_interpretability/vega_fcn_sweep/fcn_080
REACTOME_CDT1_ASSOCIATION_WITH_THE_CDC6_ORC_ORIGIN_COMPLEX,,0.4157972342189067,test,0.8,539,674,0.5,/Users/charlottejob/Code/Evaluation_neuron_interpretability/vega_fcn_sweep/fcn_080
REACTOME_BRANCHED_CHAIN_AMINO_ACID_CATABOLISM,,0.4553557562273698,test,0.8,539,674,0.5,/Users/charlottejob/Code/Evaluation_neuron_interpretability/vega_fcn_sweep/fcn_080
REACTOME_REPAIR_SYNTHESIS_FOR_GAP_FILLING_BY_DNA_POL_IN_TC_NER,,0.4080844566592504,test,0.8,539,674,0.5,/Users/charlottejob/Code/Evaluation_neuron_interpretability/vega_fcn_sweep/fcn_080
REACTOME_RECEPTOR_LIGAND_BINDING_INITIATES_THE_SECOND_PROTEOLYTIC_CLEAVAGE_OF_NOTCH_RECEPTOR,,0.9465462635780656,test,0.8,539,674,0.5,/Users/charlottejob/Code/Evaluation_neuron_interpretability/vega_fcn_sweep/fcn_080
REACTOME_SYNTHESIS_OF_DNA,0.0098660290241241,0.4321657039278334,test,0.8,539,674,0.5,/Users/charlottejob/Code/Evaluation_neuron_interpretability/vega_fcn_sweep/fcn_080
REACTOME_NA_CL_DEPENDENT_NEUROTRANSMITTER_TRANSPORTERS,,0.386737092292326,test,0.8,539,674,0.5,/Users/charlottejob/Code/Evaluation_neuron_interpretability/vega_fcn_sweep/fcn_080
REACTOME_FORMATION_OF_FIBRIN_CLOT_CLOTTING_CASCADE,-0.0434824787080287,0.46713992509680297,test,0.8,539,674,0.5,/Users/charlottejob/Code/Evaluation_neuron_interpretability/vega_fcn_sweep/fcn_080
REACTOME_DEADENYLATION_OF_MRNA,,0.9452916284953976,test,0.8,539,674,0.5,/Users/charlottejob/Code/Evaluation_neuron_interpretability/vega_fcn_sweep/fcn_080
REACTOME_MRNA_DECAY_BY_5_TO_3_EXORIBONUCLEASE,,0.46960520001744976,test,0.8,539,674,0.5,/Users/charlottejob/Code/Evaluation_neuron_interpretability/vega_fcn_sweep/fcn_080
REACTOME_SIGNAL_AMPLIFICATION,0.0219440963119268,0.45443454654364207,test,0.8,539,674,0.5,/Users/charlottejob/Code/Evaluation_neuron_interpretability/vega_fcn_sweep/fcn_080
REACTOME_ZINC_TRANSPORTERS,,0.5010653055882739,test,0.8,539,674,0.5,/Users/charlottejob/Code/Evaluation_neuron_interpretability/vega_fcn_sweep/fcn_080
REACTOME_DOUBLE_STRAND_BREAK_REPAIR,0.0564590729773044,0.4789282909865949,test,0.8,539,674,0.5,/Users/charlottejob/Code/Evaluation_neuron_interpretability/vega_fcn_sweep/fcn_080
REACTOME_RAS_ACTIVATION_UOPN_CA2_INFUX_THROUGH_NMDA_RECEPTOR,,0.9392976486498278,test,0.8,539,674,0.5,/Users/charlottejob/Code/Evaluation_neuron_interpretability/vega_fcn_sweep/fcn_080
REACTOME_METAL_ION_SLC_TRANSPORTERS,0.0029764934442937,0.323580193839497,test,0.8,539,674,0.5,/Users/charlottejob/Code/Evaluation_neuron_interpretability/vega_fcn_sweep/fcn_080
REACTOME_AUTODEGRADATION_OF_THE_E3_UBIQUITIN_LIGASE_COP1,,0.3605060419665837,test,0.8,539,674,0.5,/Users/charlottejob/Code/Evaluation_neuron_interpretability/vega_fcn_sweep/fcn_080
REACTOME_SMOOTH_MUSCLE_CONTRACTION,0.0408403985202312,0.42482109010338187,test,0.8,539,674,0.5,/Users/charlottejob/Code/Evaluation_neuron_interpretability/vega_fcn_sweep/fcn_080
REACTOME_ACTIVATION_OF_NMDA_RECEPTOR_UPON_GLUTAMATE_BINDING_AND_POSTSYNAPTIC_EVENTS,,0.38782358330061517,test,0.8,539,674,0.5,/Users/charlottejob/Code/Evaluation_neuron_interpretability/vega_fcn_sweep/fcn_080
REACTOME_CREB_PHOSPHORYLATION_THROUGH_THE_ACTIVATION_OF_RAS,,0.46567028748418626,test,0.8,539,674,0.5,/Users/charlottejob/Code/Evaluation_neuron_interpretability/vega_fcn_sweep/fcn_080
REACTOME_POST_NMDA_RECEPTOR_ACTIVATION_EVENTS,,0.4147153513937965,test,0.8,539,674,0.5,/Users/charlottejob/Code/Evaluation_neuron_interpretability/vega_fcn_sweep/fcn_080
REACTOME_UNBLOCKING_OF_NMDA_RECEPTOR_GLUTAMATE_BINDING_AND_ACTIVATION,,0.944399947650831,test,0.8,539,674,0.5,/Users/charlottejob/Code/Evaluation_neuron_interpretability/vega_fcn_sweep/fcn_080
REACTOME_METABOLISM_OF_MRNA,0.0213655792176723,0.369670110047493,test,0.8,539,674,0.5,/Users/charlottejob/Code/Evaluation_neuron_interpretability/vega_fcn_sweep/fcn_080
REACTOME_MRNA_DECAY_BY_3_TO_5_EXORIBONUCLEASE,,0.4875382803297998,test,0.8,539,674,0.5,/Users/charlottejob/Code/Evaluation_neuron_interpretability/vega_fcn_sweep/fcn_080
REACTOME_BILE_SALT_AND_ORGANIC_ANION_SLC_TRANSPORTERS,0.00189163768664,0.3728729017793856,test,0.8,539,674,0.5,/Users/charlottejob/Code/Evaluation_neuron_interpretability/vega_fcn_sweep/fcn_080
REACTOME_DEADENYLATION_DEPENDENT_MRNA_DECAY,,0.4768590498625835,test,0.8,539,674,0.5,/Users/charlottejob/Code/Evaluation_neuron_interpretability/vega_fcn_sweep/fcn_080
REACTOME_CREB_PHOSPHORYLATION_THROUGH_THE_ACTIVATION_OF_CAMKII,,0.9396728176940192,test,0.8,539,674,0.5,/Users/charlottejob/Code/Evaluation_neuron_interpretability/vega_fcn_sweep/fcn_080
REACTOME_THROMBOXANE_SIGNALLING_THROUGH_TP_RECEPTOR,0.0427083037793636,0.3999912751385071,test,0.8,539,674,0.5,/Users/charlottejob/Code/Evaluation_neuron_interpretability/vega_fcn_sweep/fcn_080
REACTOME_CELL_EXTRACELLULAR_MATRIX_INTERACTIONS,-0.0038532470352947,0.5006397582590163,test,0.8,539,674,0.5,/Users/charlottejob/Code/Evaluation_neuron_interpretability/vega_fcn_sweep/fcn_080
REACTOME_ADP_SIGNALLING_THROUGH_P2RY12,0.0988423973321914,0.39492668797334307,test,0.8,539,674,0.5,/Users/charlottejob/Code/Evaluation_neuron_interpretability/vega_fcn_sweep/fcn_080
REACTOME_CELL_JUNCTION_ORGANIZATION,0.0433208160102367,0.40165956255578983,test,0.8,539,674,0.5,/Users/charlottejob/Code/Evaluation_neuron_interpretability/vega_fcn_sweep/fcn_080
REACTOME_AMINE_COMPOUND_SLC_TRANSPORTERS,,0.4365107367482389,test,0.8,539,674,0.5,/Users/charlottejob/Code/Evaluation_neuron_interpretability/vega_fcn_sweep/fcn_080
REACTOME_PYRUVATE_METABOLISM,-0.032083872705698,0.3768876465727898,test,0.8,539,674,0.5,/Users/charlottejob/Code/Evaluation_neuron_interpretability/vega_fcn_sweep/fcn_080
REACTOME_PURINE_CATABOLISM,0.0266846064478158,0.45185052951028837,test,0.8,539,674,0.5,/Users/charlottejob/Code/Evaluation_neuron_interpretability/vega_fcn_sweep/fcn_080
REACTOME_GLUCOSE_TRANSPORT,0.0216835010796785,0.3699499189002411,test,0.8,539,674,0.5,/Users/charlottejob/Code/Evaluation_neuron_interpretability/vega_fcn_sweep/fcn_080
REACTOME_FRS2_MEDIATED_CASCADE,0.2270486801862716,0.8366870499284117,test,0.8,539,674,0.5,/Users/charlottejob/Code/Evaluation_neuron_interpretability/vega_fcn_sweep/fcn_080
REACTOME_METABOLISM_OF_RNA,0.0481840632855892,0.37644323472168867,test,0.8,539,674,0.5,/Users/charlottejob/Code/Evaluation_neuron_interpretability/vega_fcn_sweep/fcn_080
REACTOME_MITOTIC_G1_G1_S_PHASES,-0.0073970844969153,0.38538813766240276,test,0.8,539,674,0.5,/Users/charlottejob/Code/Evaluation_neuron_interpretability/vega_fcn_sweep/fcn_080
REACTOME_PI_3K_CASCADE,0.0117784431204199,0.6172884129510245,test,0.8,539,674,0.5,/Users/charlottejob/Code/Evaluation_neuron_interpretability/vega_fcn_sweep/fcn_080
REACTOME_DOWNSTREAM_SIGNALING_OF_ACTIVATED_FGFR,0.0332674272358417,0.40114342665579417,test,0.8,539,674,0.5,/Users/charlottejob/Code/Evaluation_neuron_interpretability/vega_fcn_sweep/fcn_080
REACTOME_REGULATION_OF_MITOTIC_CELL_CYCLE,0.0149195045232772,0.469753572594264,test,0.8,539,674,0.5,/Users/charlottejob/Code/Evaluation_neuron_interpretability/vega_fcn_sweep/fcn_080
REACTOME_TAK1_ACTIVATES_NFKB_BY_PHOSPHORYLATION_AND_ACTIVATION_OF_IKKS_COMPLEX,0.0198772307485342,0.4344453215088568,test,0.8,539,674,0.5,/Users/charlottejob/Code/Evaluation_neuron_interpretability/vega_fcn_sweep/fcn_080
REACTOME_REGULATION_OF_AMPK_ACTIVITY_VIA_LKB1,-0.0268016625195741,0.6335778570036811,test,0.8,539,674,0.5,/Users/charlottejob/Code/Evaluation_neuron_interpretability/vega_fcn_sweep/fcn_080
REACTOME_MITOTIC_M_M_G1_PHASES,0.2228672355413437,0.9973125718421387,test,0.8,539,674,0.5,/Users/charlottejob/Code/Evaluation_neuron_interpretability/vega_fcn_sweep/fcn_080
REACTOME_MYOGENESIS,-0.0041390461847186,0.3703309531548723,test,0.8,539,674,0.5,/Users/charlottejob/Code/Evaluation_neuron_interpretability/vega_fcn_sweep/fcn_080
REACTOME_MAP_KINASE_ACTIVATION_IN_TLR_CASCADE,0.0554452985525131,0.37564596398518657,test,0.8,539,674,0.5,/Users/charlottejob/Code/Evaluation_neuron_interpretability/vega_fcn_sweep/fcn_080
REACTOME_PHOSPHOLIPASE_C_MEDIATED_CASCADE,0.0026919066440314,0.4345419240451458,test,0.8,539,674,0.5,/Users/charlottejob/Code/Evaluation_neuron_interpretability/vega_fcn_sweep/fcn_080
REACTOME_ACTIVATION_OF_KAINATE_RECEPTORS_UPON_GLUTAMATE_BINDING,0.059079173952341,0.46883770303479777,test,0.8,539,674,0.5,/Users/charlottejob/Code/Evaluation_neuron_interpretability/vega_fcn_sweep/fcn_080
REACTOME_IONOTROPIC_ACTIVITY_OF_KAINATE_RECEPTORS,,0.42502988265061287,test,0.8,539,674,0.5,/Users/charlottejob/Code/Evaluation_neuron_interpretability/vega_fcn_sweep/fcn_080
REACTOME_ACTIVATION_OF_THE_AP1_FAMILY_OF_TRANSCRIPTION_FACTORS,0.0229936242103576,0.43156025766043493,test,0.8,539,674,0.5,/Users/charlottejob/Code/Evaluation_neuron_interpretability/vega_fcn_sweep/fcn_080
REACTOME_MAPK_TARGETS_NUCLEAR_EVENTS_MEDIATED_BY_MAP_KINASES,0.0381174236536026,0.5150256263330467,test,0.8,539,674,0.5,/Users/charlottejob/Code/Evaluation_neuron_interpretability/vega_fcn_sweep/fcn_080
REACTOME_SYNTHESIS_AND_INTERCONVERSION_OF_NUCLEOTIDE_DI_AND_TRIPHOSPHATES,0.0118776578456163,0.3733629199618599,test,0.8,539,674,0.5,/Users/charlottejob/Code/Evaluation_neuron_interpretability/vega_fcn_sweep/fcn_080
REACTOME_GPCR_LIGAND_BINDING,0.0811360850930213,0.4938125270236019,test,0.8,539,674,0.5,/Users/charlottejob/Code/Evaluation_neuron_interpretability/vega_fcn_sweep/fcn_080
REACTOME_RNA_POL_I_RNA_POL_III_AND_MITOCHONDRIAL_TRANSCRIPTION,0.0097855543717741,0.4789906677539186,test,0.8,539,674,0.5,/Users/charlottejob/Code/Evaluation_neuron_interpretability/vega_fcn_sweep/fcn_080
REACTOME_JNK_C_JUN_KINASES_PHOSPHORYLATION_AND_ACTIVATION_MEDIATED_BY_ACTIVATED_HUMAN_TAK1,,0.4818775901932556,test,0.8,539,674,0.5,/Users/charlottejob/Code/Evaluation_neuron_interpretability/vega_fcn_sweep/fcn_080
REACTOME_SHC_MEDIATED_CASCADE,-0.0093484930694103,0.4728951990012907,test,0.8,539,674,0.5,/Users/charlottejob/Code/Evaluation_neuron_interpretability/vega_fcn_sweep/fcn_080
REACTOME_THROMBIN_SIGNALLING_THROUGH_PROTEINASE_ACTIVATED_RECEPTORS_PARS,-0.0034448467195034,0.358843172921395,test,0.8,539,674,0.5,/Users/charlottejob/Code/Evaluation_neuron_interpretability/vega_fcn_sweep/fcn_080
REACTOME_ENERGY_DEPENDENT_REGULATION_OF_MTOR_BY_LKB1_AMPK,0.0040764873847365,0.5892493843023877,test,0.8,539,674,0.5,/Users/charlottejob/Code/Evaluation_neuron_interpretability/vega_fcn_sweep/fcn_080
REACTOME_MITOTIC_G2_G2_M_PHASES,0.0228697396814823,0.5621049089153981,test,0.8,539,674,0.5,/Users/charlottejob/Code/Evaluation_neuron_interpretability/vega_fcn_sweep/fcn_080
REACTOME_REGULATION_OF_RHEB_GTPASE_ACTIVITY_BY_AMPK,,0.5158242812895346,test,0.8,539,674,0.5,/Users/charlottejob/Code/Evaluation_neuron_interpretability/vega_fcn_sweep/fcn_080
REACTOME_ACTIVATED_TAK1_MEDIATES_P38_MAPK_ACTIVATION,,0.4140383021419535,test,0.8,539,674,0.5,/Users/charlottejob/Code/Evaluation_neuron_interpretability/vega_fcn_sweep/fcn_080
REACTOME_DNA_REPAIR,0.0149594750255346,0.4810852771547868,test,0.8,539,674,0.5,/Users/charlottejob/Code/Evaluation_neuron_interpretability/vega_fcn_sweep/fcn_080
REACTOME_EFFECTS_OF_PIP2_HYDROLYSIS,0.8751736283302307,0.7121336779002514,test,0.8,539,674,0.5,/Users/charlottejob/Code/Evaluation_neuron_interpretability/vega_fcn_sweep/fcn_080
REACTOME_RNA_POL_II_PRE_TRANSCRIPTION_EVENTS,0.0502913892269134,0.9476174208861324,test,0.8,539,674,0.5,/Users/charlottejob/Code/Evaluation_neuron_interpretability/vega_fcn_sweep/fcn_080
REACTOME_ROLE_OF_DCC_IN_REGULATING_APOPTOSIS,0.0300996582955122,0.4632222707875839,test,0.8,539,674,0.5,/Users/charlottejob/Code/Evaluation_neuron_interpretability/vega_fcn_sweep/fcn_080
REACTOME_POST_TRANSLATIONAL_PROTEIN_MODIFICATION,2.11792066693306e-05,0.3577711987605981,test,0.8,539,674,0.5,/Users/charlottejob/Code/Evaluation_neuron_interpretability/vega_fcn_sweep/fcn_080
REACTOME_CHROMOSOME_MAINTENANCE,0.53724604845047,0.7019934595169721,test,0.8,539,674,0.5,/Users/charlottejob/Code/Evaluation_neuron_interpretability/vega_fcn_sweep/fcn_080
REACTOME_DEPOSITION_OF_NEW_CENPA_CONTAINING_NUCLEOSOMES_AT_THE_CENTROMERE,0.5275582671165466,0.6876406809892571,test,0.8,539,674,0.5,/Users/charlottejob/Code/Evaluation_neuron_interpretability/vega_fcn_sweep/fcn_080
REACTOME_L1CAM_INTERACTIONS,0.6397395133972168,0.7943329009098985,test,0.8,539,674,0.5,/Users/charlottejob/Code/Evaluation_neuron_interpretability/vega_fcn_sweep/fcn_080
REACTOME_ROLE_OF_SECOND_MESSENGERS_IN_NETRIN1_SIGNALING,-0.018430158495903,0.940031140343948,test,0.8,539,674,0.5,/Users/charlottejob/Code/Evaluation_neuron_interpretability/vega_fcn_sweep/fcn_080
REACTOME_SIGNALING_BY_ILS,0.0327651500701904,0.359650162314344,test,0.8,539,674,0.5,/Users/charlottejob/Code/Evaluation_neuron_interpretability/vega_fcn_sweep/fcn_080
REACTOME_NETRIN1_SIGNALING,0.027945514768362,0.4370308087473569,test,0.8,539,674,0.5,/Users/charlottejob/Code/Evaluation_neuron_interpretability/vega_fcn_sweep/fcn_080
REACTOME_METABOLISM_OF_LIPIDS_AND_LIPOPROTEINS,0.2631439864635467,0.3949173264152912,test,0.8,539,674,0.5,/Users/charlottejob/Code/Evaluation_neuron_interpretability/vega_fcn_sweep/fcn_080
REACTOME_INTERACTION_BETWEEN_L1_AND_ANKYRINS,0.0446099564433097,0.25418977816457133,test,0.8,539,674,0.5,/Users/charlottejob/Code/Evaluation_neuron_interpretability/vega_fcn_sweep/fcn_080
REACTOME_SIGNAL_TRANSDUCTION_BY_L1,0.8440946340560913,0.786887954420692,test,0.8,539,674,0.5,/Users/charlottejob/Code/Evaluation_neuron_interpretability/vega_fcn_sweep/fcn_080
REACTOME_FATTY_ACID_TRIACYLGLYCEROL_AND_KETONE_BODY_METABOLISM,0.0360168181359767,0.3455986725577247,test,0.8,539,674,0.5,/Users/charlottejob/Code/Evaluation_neuron_interpretability/vega_fcn_sweep/fcn_080
REACTOME_TRANSPORT_OF_VITAMINS_NUCLEOSIDES_AND_RELATED_MOLECULES,,0.3601566513929811,test,0.8,539,674,0.5,/Users/charlottejob/Code/Evaluation_neuron_interpretability/vega_fcn_sweep/fcn_080
REACTOME_HIGHLY_CALCIUM_PERMEABLE_POSTSYNAPTIC_NICOTINIC_ACETYLCHOLINE_RECEPTORS,,0.5108336605156393,test,0.8,539,674,0.5,/Users/charlottejob/Code/Evaluation_neuron_interpretability/vega_fcn_sweep/fcn_080
REACTOME_RNA_POL_I_PROMOTER_OPENING,0.0065621081739664,0.4437871189066366,test,0.8,539,674,0.5,/Users/charlottejob/Code/Evaluation_neuron_interpretability/vega_fcn_sweep/fcn_080
REACTOME_PRESYNAPTIC_NICOTINIC_ACETYLCHOLINE_RECEPTORS,0.1057702451944351,0.8520223950211505,test,0.8,539,674,0.5,/Users/charlottejob/Code/Evaluation_neuron_interpretability/vega_fcn_sweep/fcn_080
REACTOME_ORGANIC_CATION_ANION_ZWITTERION_TRANSPORT,-0.0218173079192638,0.40120686581875,test,0.8,539,674,0.5,/Users/charlottejob/Code/Evaluation_neuron_interpretability/vega_fcn_sweep/fcn_080
REACTOME_DCC_MEDIATED_ATTRACTIVE_SIGNALING,0.0141916228458285,0.3510787612055042,test,0.8,539,674,0.5,/Users/charlottejob/Code/Evaluation_neuron_interpretability/vega_fcn_sweep/fcn_080
REACTOME_RECYCLING_PATHWAY_OF_L1,0.7771648168563843,0.7363151232171499,test,0.8,539,674,0.5,/Users/charlottejob/Code/Evaluation_neuron_interpretability/vega_fcn_sweep/fcn_080
REACTOME_SYNTHESIS_OF_SUBSTRATES_IN_N_GLYCAN_BIOSYTHESIS,,0.935751864939144,test,0.8,539,674,0.5,/Users/charlottejob/Code/Evaluation_neuron_interpretability/vega_fcn_sweep/fcn_080
REACTOME_RESPIRATORY_ELECTRON_TRANSPORT,,0.9397897308380228,test,0.8,539,674,0.5,/Users/charlottejob/Code/Evaluation_neuron_interpretability/vega_fcn_sweep/fcn_080
REACTOME_ASPARAGINE_N_LINKED_GLYCOSYLATION,-0.0387703478336334,0.3600757468361519,test,0.8,539,674,0.5,/Users/charlottejob/Code/Evaluation_neuron_interpretability/vega_fcn_sweep/fcn_080
REACTOME_ASSEMBLY_OF_THE_PRE_REPLICATIVE_COMPLEX,,0.2827273917026567,test,0.8,539,674,0.5,/Users/charlottejob/Code/Evaluation_neuron_interpretability/vega_fcn_sweep/fcn_080
REACTOME_BIOSYNTHESIS_OF_THE_N_GLYCAN_PRECURSOR_DOLICHOL_LIPID_LINKED_OLIGOSACCHARIDE_LLO_AND_TRANSFER_TO_A_NASCENT_PROTEIN,0.0148452287539839,0.38754097557304557,test,0.8,539,674,0.5,/Users/charlottejob/Code/Evaluation_neuron_interpretability/vega_fcn_sweep/fcn_080
REACTOME_IL1_SIGNALING,0.0370514094829559,0.3957037122600315,test,0.8,539,674,0.5,/Users/charlottejob/Code/Evaluation_neuron_interpretability/vega_fcn_sweep/fcn_080
REACTOME_GLOBAL_GENOMIC_NER_GG_NER,-0.0175061356276273,0.5395026670794502,test,0.8,539,674,0.5,/Users/charlottejob/Code/Evaluation_neuron_interpretability/vega_fcn_sweep/fcn_080
REACTOME_CGMP_EFFECTS,0.0399325042963027,0.3697908736263448,test,0.8,539,674,0.5,/Users/charlottejob/Code/Evaluation_neuron_interpretability/vega_fcn_sweep/fcn_080
REACTOME_REGULATION_OF_SIGNALING_BY_CBL,0.0507362261414527,0.4274792117152752,test,0.8,539,674,0.5,/Users/charlottejob/Code/Evaluation_neuron_interpretability/vega_fcn_sweep/fcn_080
REACTOME_AMINO_ACID_SYNTHESIS_AND_INTERCONVERSION_TRANSAMINATION,0.7613051533699036,0.7093473557650299,test,0.8,539,674,0.5,/Users/charlottejob/Code/Evaluation_neuron_interpretability/vega_fcn_sweep/fcn_080
REACTOME_CALNEXIN_CALRETICULIN_CYCLE,,0.4759551542119268,test,0.8,539,674,0.5,/Users/charlottejob/Code/Evaluation_neuron_interpretability/vega_fcn_sweep/fcn_080
REACTOME_SYNTHESIS_SECRETION_AND_INACTIVATION_OF_GIP,,0.358167779086507,test,0.8,539,674,0.5,/Users/charlottejob/Code/Evaluation_neuron_interpretability/vega_fcn_sweep/fcn_080
REACTOME_PASSIVE_TRANSPORT_BY_AQUAPORINS,-0.0131986001506447,0.3646793399810564,test,0.8,539,674,0.5,/Users/charlottejob/Code/Evaluation_neuron_interpretability/vega_fcn_sweep/fcn_080
REACTOME_NEPHRIN_INTERACTIONS,-0.0239241477102041,0.3922927533793258,test,0.8,539,674,0.5,/Users/charlottejob/Code/Evaluation_neuron_interpretability/vega_fcn_sweep/fcn_080
REACTOME_IL_3_5_AND_GM_CSF_SIGNALING,0.4066103100776672,0.7482623966722907,test,0.8,539,674,0.5,/Users/charlottejob/Code/Evaluation_neuron_interpretability/vega_fcn_sweep/fcn_080
REACTOME_NITRIC_OXIDE_STIMULATES_GUANYLATE_CYCLASE,0.0253625251352787,0.3018112384642714,test,0.8,539,674,0.5,/Users/charlottejob/Code/Evaluation_neuron_interpretability/vega_fcn_sweep/fcn_080
REACTOME_PLATELET_HOMEOSTASIS,0.4783739149570465,0.7091852578696787,test,0.8,539,674,0.5,/Users/charlottejob/Code/Evaluation_neuron_interpretability/vega_fcn_sweep/fcn_080
REACTOME_N_GLYCAN_TRIMMING_IN_THE_ER_AND_CALNEXIN_CALRETICULIN_CYCLE,,0.9404772499236576,test,0.8,539,674,0.5,/Users/charlottejob/Code/Evaluation_neuron_interpretability/vega_fcn_sweep/fcn_080
REACTOME_PLATELET_SENSITIZATION_BY_LDL,0.0758700892329216,0.41150524443139597,test,0.8,539,674,0.5,/Users/charlottejob/Code/Evaluation_neuron_interpretability/vega_fcn_sweep/fcn_080
REACTOME_AQUAPORIN_MEDIATED_TRANSPORT,-0.0365272611379623,0.4706012938072647,test,0.8,539,674,0.5,/Users/charlottejob/Code/Evaluation_neuron_interpretability/vega_fcn_sweep/fcn_080
REACTOME_IL_RECEPTOR_SHC_SIGNALING,0.0254229754209518,0.4372206112528412,test,0.8,539,674,0.5,/Users/charlottejob/Code/Evaluation_neuron_interpretability/vega_fcn_sweep/fcn_080
REACTOME_RAP1_SIGNALLING,0.0077548995614051,0.4636868477380083,test,0.8,539,674,0.5,/Users/charlottejob/Code/Evaluation_neuron_interpretability/vega_fcn_sweep/fcn_080
REACTOME_PLATELET_CALCIUM_HOMEOSTASIS,-0.0085765412077307,0.32240612695921733,test,0.8,539,674,0.5,/Users/charlottejob/Code/Evaluation_neuron_interpretability/vega_fcn_sweep/fcn_080
REACTOME_SIGNAL_REGULATORY_PROTEIN_SIRP_FAMILY_INTERACTIONS,0.4075714945793152,0.7929452606781972,test,0.8,539,674,0.5,/Users/charlottejob/Code/Evaluation_neuron_interpretability/vega_fcn_sweep/fcn_080
REACTOME_PROSTACYCLIN_SIGNALLING_THROUGH_PROSTACYCLIN_RECEPTOR,-0.0399780869483947,0.4412496529044412,test,0.8,539,674,0.5,/Users/charlottejob/Code/Evaluation_neuron_interpretability/vega_fcn_sweep/fcn_080
REACTOME_GABA_SYNTHESIS_RELEASE_REUPTAKE_AND_DEGRADATION,0.0257597565650939,0.3153400750573896,test,0.8,539,674,0.5,/Users/charlottejob/Code/Evaluation_neuron_interpretability/vega_fcn_sweep/fcn_080
REACTOME_INCRETIN_SYNTHESIS_SECRETION_AND_INACTIVATION,,0.4476447236400122,test,0.8,539,674,0.5,/Users/charlottejob/Code/Evaluation_neuron_interpretability/vega_fcn_sweep/fcn_080
REACTOME_TRANSPORT_OF_ORGANIC_ANIONS,,0.9379156305893644,test,0.8,539,674,0.5,/Users/charlottejob/Code/Evaluation_neuron_interpretability/vega_fcn_sweep/fcn_080
REACTOME_SYNTHESIS_SECRETION_AND_INACTIVATION_OF_GLP1,,0.3965973040177987,test,0.8,539,674,0.5,/Users/charlottejob/Code/Evaluation_neuron_interpretability/vega_fcn_sweep/fcn_080
REACTOME_REGULATION_OF_WATER_BALANCE_BY_RENAL_AQUAPORINS,0.333264946937561,0.7280580758261023,test,0.8,539,674,0.5,/Users/charlottejob/Code/Evaluation_neuron_interpretability/vega_fcn_sweep/fcn_080
REACTOME_DESTABILIZATION_OF_MRNA_BY_BRF1,0.7134080529212952,0.7800909032040142,test,0.8,539,674,0.5,/Users/charlottejob/Code/Evaluation_neuron_interpretability/vega_fcn_sweep/fcn_080
REACTOME_IRAK1_RECRUITS_IKK_COMPLEX,,0.5364742834707499,test,0.8,539,674,0.5,/Users/charlottejob/Code/Evaluation_neuron_interpretability/vega_fcn_sweep/fcn_080
REACTOME_TRAF6_MEDIATED_IRF7_ACTIVATION,0.0166737250983715,0.460189508665657,test,0.8,539,674,0.5,/Users/charlottejob/Code/Evaluation_neuron_interpretability/vega_fcn_sweep/fcn_080
REACTOME_CIRCADIAN_CLOCK,0.4566956162452698,0.7924933635708384,test,0.8,539,674,0.5,/Users/charlottejob/Code/Evaluation_neuron_interpretability/vega_fcn_sweep/fcn_080
REACTOME_TRAF6_MEDIATED_NFKB_ACTIVATION,-0.0315842144191265,0.4370323672086218,test,0.8,539,674,0.5,/Users/charlottejob/Code/Evaluation_neuron_interpretability/vega_fcn_sweep/fcn_080
REACTOME_FACTORS_INVOLVED_IN_MEGAKARYOCYTE_DEVELOPMENT_AND_PLATELET_PRODUCTION,0.3563228547573089,0.7179822347387905,test,0.8,539,674,0.5,/Users/charlottejob/Code/Evaluation_neuron_interpretability/vega_fcn_sweep/fcn_080
REACTOME_REGULATION_OF_IFNG_SIGNALING,0.0006602639332413,0.40863878487421557,test,0.8,539,674,0.5,/Users/charlottejob/Code/Evaluation_neuron_interpretability/vega_fcn_sweep/fcn_080
REACTOME_GABA_A_RECEPTOR_ACTIVATION,,0.44304497666099557,test,0.8,539,674,0.5,/Users/charlottejob/Code/Evaluation_neuron_interpretability/vega_fcn_sweep/fcn_080
REACTOME_REGULATION_OF_MRNA_STABILITY_BY_PROTEINS_THAT_BIND_AU_RICH_ELEMENTS,0.0122263971716165,0.4090549477060183,test,0.8,539,674,0.5,/Users/charlottejob/Code/Evaluation_neuron_interpretability/vega_fcn_sweep/fcn_080
REACTOME_INHIBITION_OF_VOLTAGE_GATED_CA2_CHANNELS_VIA_GBETA_GAMMA_SUBUNITS,-0.0293788686394691,0.4004872041974515,test,0.8,539,674,0.5,/Users/charlottejob/Code/Evaluation_neuron_interpretability/vega_fcn_sweep/fcn_080
REACTOME_IRAK2_MEDIATED_ACTIVATION_OF_TAK1_COMPLEX_UPON_TLR7_8_OR_9_STIMULATION,,0.3449443790079832,test,0.8,539,674,0.5,/Users/charlottejob/Code/Evaluation_neuron_interpretability/vega_fcn_sweep/fcn_080
REACTOME_TRAF6_MEDIATED_INDUCTION_OF_NFKB_AND_MAP_KINASES_UPON_TLR7_8_OR_9_ACTIVATION,0.0647494494915008,0.5607944685710176,test,0.8,539,674,0.5,/Users/charlottejob/Code/Evaluation_neuron_interpretability/vega_fcn_sweep/fcn_080
REACTOME_TRAF3_DEPENDENT_IRF_ACTIVATION_PATHWAY,0.0268661119043827,0.38125736160188467,test,0.8,539,674,0.5,/Users/charlottejob/Code/Evaluation_neuron_interpretability/vega_fcn_sweep/fcn_080
REACTOME_GABA_B_RECEPTOR_ACTIVATION,0.0815360322594642,0.4980654602562731,test,0.8,539,674,0.5,/Users/charlottejob/Code/Evaluation_neuron_interpretability/vega_fcn_sweep/fcn_080
REACTOME_NFKB_ACTIVATION_THROUGH_FADD_RIP1_PATHWAY_MEDIATED_BY_CASPASE_8_AND10,,0.3652628364524714,test,0.8,539,674,0.5,/Users/charlottejob/Code/Evaluation_neuron_interpretability/vega_fcn_sweep/fcn_080
REACTOME_DESTABILIZATION_OF_MRNA_BY_KSRP,,0.9396710727217203,test,0.8,539,674,0.5,/Users/charlottejob/Code/Evaluation_neuron_interpretability/vega_fcn_sweep/fcn_080
REACTOME_TRANSPORT_TO_THE_GOLGI_AND_SUBSEQUENT_MODIFICATION,,0.31551018627579297,test,0.8,539,674,0.5,/Users/charlottejob/Code/Evaluation_neuron_interpretability/vega_fcn_sweep/fcn_080
REACTOME_IRON_UPTAKE_AND_TRANSPORT,0.0482610836625099,0.5256516770430197,test,0.8,539,674,0.5,/Users/charlottejob/Code/Evaluation_neuron_interpretability/vega_fcn_sweep/fcn_080
REACTOME_DESTABILIZATION_OF_MRNA_BY_TRISTETRAPROLIN_TTP,,0.6358347511233259,test,0.8,539,674,0.5,/Users/charlottejob/Code/Evaluation_neuron_interpretability/vega_fcn_sweep/fcn_080
REACTOME_INTERFERON_GAMMA_SIGNALING,0.3704917728900909,0.9991094257232328,test,0.8,539,674,0.5,/Users/charlottejob/Code/Evaluation_neuron_interpretability/vega_fcn_sweep/fcn_080
REACTOME_N_GLYCAN_ANTENNAE_ELONGATION,,0.5311433930986346,test,0.8,539,674,0.5,/Users/charlottejob/Code/Evaluation_neuron_interpretability/vega_fcn_sweep/fcn_080
REACTOME_TRAF6_MEDIATED_IRF7_ACTIVATION_IN_TLR7_8_OR_9_SIGNALING,0.0907776206731796,0.4401694570643333,test,0.8,539,674,0.5,/Users/charlottejob/Code/Evaluation_neuron_interpretability/vega_fcn_sweep/fcn_080
REACTOME_ACTIVATION_OF_IRF3_IRF7_MEDIATED_BY_TBK1_IKK_EPSILON,0.2982121407985687,0.5086842693681655,test,0.8,539,674,0.5,/Users/charlottejob/Code/Evaluation_neuron_interpretability/vega_fcn_sweep/fcn_080
REACTOME_ION_TRANSPORT_BY_P_TYPE_ATPASES,-0.0173389595001935,0.4935060389200125,test,0.8,539,674,0.5,/Users/charlottejob/Code/Evaluation_neuron_interpretability/vega_fcn_sweep/fcn_080
REACTOME_INTERFERON_ALPHA_BETA_SIGNALING,0.0638938099145889,0.3877256291879584,test,0.8,539,674,0.5,/Users/charlottejob/Code/Evaluation_neuron_interpretability/vega_fcn_sweep/fcn_080
REACTOME_ADVANCED_GLYCOSYLATION_ENDPRODUCT_RECEPTOR_SIGNALING,0.0398458391427993,0.5902218617853212,test,0.8,539,674,0.5,/Users/charlottejob/Code/Evaluation_neuron_interpretability/vega_fcn_sweep/fcn_080
REACTOME_GABA_RECEPTOR_ACTIVATION,0.0036183393094688,0.2782239354677517,test,0.8,539,674,0.5,/Users/charlottejob/Code/Evaluation_neuron_interpretability/vega_fcn_sweep/fcn_080
REACTOME_KINESINS,0.0231949687004089,0.3475742101896802,test,0.8,539,674,0.5,/Users/charlottejob/Code/Evaluation_neuron_interpretability/vega_fcn_sweep/fcn_080
REACTOME_N_GLYCAN_ANTENNAE_ELONGATION_IN_THE_MEDIAL_TRANS_GOLGI,,0.44829036339048123,test,0.8,539,674,0.5,/Users/charlottejob/Code/Evaluation_neuron_interpretability/vega_fcn_sweep/fcn_080
REACTOME_REGULATION_OF_IFNA_SIGNALING,-0.0099432412534952,0.4542604996220312,test,0.8,539,674,0.5,/Users/charlottejob/Code/Evaluation_neuron_interpretability/vega_fcn_sweep/fcn_080
REACTOME_INTERFERON_SIGNALING,0.0868553891777992,0.4873499700949256,test,0.8,539,674,0.5,/Users/charlottejob/Code/Evaluation_neuron_interpretability/vega_fcn_sweep/fcn_080
REACTOME_NEGATIVE_REGULATORS_OF_RIG_I_MDA5_SIGNALING,0.0391824468970298,0.4488245064117036,test,0.8,539,674,0.5,/Users/charlottejob/Code/Evaluation_neuron_interpretability/vega_fcn_sweep/fcn_080
REACTOME_NFKB_AND_MAP_KINASES_ACTIVATION_MEDIATED_BY_TLR4_SIGNALING_REPERTOIRE,0.1244177222251892,0.5126805005979747,test,0.8,539,674,0.5,/Users/charlottejob/Code/Evaluation_neuron_interpretability/vega_fcn_sweep/fcn_080
REACTOME_TRANSFERRIN_ENDOCYTOSIS_AND_RECYCLING,,0.346204249007547,test,0.8,539,674,0.5,/Users/charlottejob/Code/Evaluation_neuron_interpretability/vega_fcn_sweep/fcn_080
REACTOME_DSCAM_INTERACTIONS,,0.4348191772455612,test,0.8,539,674,0.5,/Users/charlottejob/Code/Evaluation_neuron_interpretability/vega_fcn_sweep/fcn_080
REACTOME_ION_CHANNEL_TRANSPORT,0.310295045375824,0.8139232065693929,test,0.8,539,674,0.5,/Users/charlottejob/Code/Evaluation_neuron_interpretability/vega_fcn_sweep/fcn_080
REACTOME_DESTABILIZATION_OF_MRNA_BY_AUF1_HNRNP_D0,,0.619953758234088,test,0.8,539,674,0.5,/Users/charlottejob/Code/Evaluation_neuron_interpretability/vega_fcn_sweep/fcn_080
REACTOME_TRAF6_MEDIATED_INDUCTION_OF_TAK1_COMPLEX,0.0759006515145301,0.4573290005047956,test,0.8,539,674,0.5,/Users/charlottejob/Code/Evaluation_neuron_interpretability/vega_fcn_sweep/fcn_080
REACTOME_RIG_I_MDA5_MEDIATED_INDUCTION_OF_IFN_ALPHA_BETA_PATHWAYS,0.0705441311001777,0.4548770556799937,test,0.8,539,674,0.5,/Users/charlottejob/Code/Evaluation_neuron_interpretability/vega_fcn_sweep/fcn_080
REACTOME_IKK_COMPLEX_RECRUITMENT_MEDIATED_BY_RIP1,-0.0823174938559532,0.4748864209994952,test,0.8,539,674,0.5,/Users/charlottejob/Code/Evaluation_neuron_interpretability/vega_fcn_sweep/fcn_080
REACTOME_LIGAND_GATED_ION_CHANNEL_TRANSPORT,,0.7069894865419012,test,0.8,539,674,0.5,/Users/charlottejob/Code/Evaluation_neuron_interpretability/vega_fcn_sweep/fcn_080
REACTOME_FORMATION_OF_INCISION_COMPLEX_IN_GG_NER,0.008036145940423,0.921217070731872,test,0.8,539,674,0.5,/Users/charlottejob/Code/Evaluation_neuron_interpretability/vega_fcn_sweep/fcn_080
REACTOME_TRANSCRIPTIONAL_REGULATION_OF_WHITE_ADIPOCYTE_DIFFERENTIATION,0.0761648342013359,0.4286854388608572,test,0.8,539,674,0.5,/Users/charlottejob/Code/Evaluation_neuron_interpretability/vega_fcn_sweep/fcn_080
REACTOME_ENDOSOMAL_SORTING_COMPLEX_REQUIRED_FOR_TRANSPORT_ESCRT,,0.4059416306766131,test,0.8,539,674,0.5,/Users/charlottejob/Code/Evaluation_neuron_interpretability/vega_fcn_sweep/fcn_080
REACTOME_MEIOTIC_RECOMBINATION,-0.0195873398333787,0.4170588412949668,test,0.8,539,674,0.5,/Users/charlottejob/Code/Evaluation_neuron_interpretability/vega_fcn_sweep/fcn_080
REACTOME_IL_2_SIGNALING,0.0727999955415725,0.3239721047006854,test,0.8,539,674,0.5,/Users/charlottejob/Code/Evaluation_neuron_interpretability/vega_fcn_sweep/fcn_080
REACTOME_IL_6_SIGNALING,-0.0259407944977283,0.41903204823936857,test,0.8,539,674,0.5,/Users/charlottejob/Code/Evaluation_neuron_interpretability/vega_fcn_sweep/fcn_080
REACTOME_PLATELET_AGGREGATION_PLUG_FORMATION,0.0153190176934003,0.38537349126259407,test,0.8,539,674,0.5,/Users/charlottejob/Code/Evaluation_neuron_interpretability/vega_fcn_sweep/fcn_080
REACTOME_SIGNALING_BY_NOTCH,0.3222304582595825,0.6951637571858024,test,0.8,539,674,0.5,/Users/charlottejob/Code/Evaluation_neuron_interpretability/vega_fcn_sweep/fcn_080
REACTOME_LAGGING_STRAND_SYNTHESIS,,0.5514566156262268,test,0.8,539,674,0.5,/Users/charlottejob/Code/Evaluation_neuron_interpretability/vega_fcn_sweep/fcn_080
REACTOME_INTRINSIC_PATHWAY,0.1473382413387298,0.8390222217555132,test,0.8,539,674,0.5,/Users/charlottejob/Code/Evaluation_neuron_interpretability/vega_fcn_sweep/fcn_080
REACTOME_INHIBITION_OF_REPLICATION_INITIATION_OF_DAMAGED_DNA_BY_RB1_E2F1,,0.4013401387252977,test,0.8,539,674,0.5,/Users/charlottejob/Code/Evaluation_neuron_interpretability/vega_fcn_sweep/fcn_080
REACTOME_ETHANOL_OXIDATION,0.0602284781634807,0.582495377700419,test,0.8,539,674,0.5,/Users/charlottejob/Code/Evaluation_neuron_interpretability/vega_fcn_sweep/fcn_080
REACTOME_SYNTHESIS_OF_VERY_LONG_CHAIN_FATTY_ACYL_COAS,0.0596730969846248,0.38931047133561186,test,0.8,539,674,0.5,/Users/charlottejob/Code/Evaluation_neuron_interpretability/vega_fcn_sweep/fcn_080
REACTOME_DNA_REPLICATION,-0.0024730297736823,0.4493494816533147,test,0.8,539,674,0.5,/Users/charlottejob/Code/Evaluation_neuron_interpretability/vega_fcn_sweep/fcn_080
REACTOME_CLEAVAGE_OF_GROWING_TRANSCRIPT_IN_THE_TERMINATION_REGION_,,0.9476822405444312,test,0.8,539,674,0.5,/Users/charlottejob/Code/Evaluation_neuron_interpretability/vega_fcn_sweep/fcn_080
REACTOME_PKB_MEDIATED_EVENTS,0.5967119336128235,0.8324613680713043,test,0.8,539,674,0.5,/Users/charlottejob/Code/Evaluation_neuron_interpretability/vega_fcn_sweep/fcn_080
REACTOME_E2F_MEDIATED_REGULATION_OF_DNA_REPLICATION,0.5201553106307983,0.905159781816142,test,0.8,539,674,0.5,/Users/charlottejob/Code/Evaluation_neuron_interpretability/vega_fcn_sweep/fcn_080
REACTOME_METABOLISM_OF_CARBOHYDRATES,0.0112213194370269,0.505910217129708,test,0.8,539,674,0.5,/Users/charlottejob/Code/Evaluation_neuron_interpretability/vega_fcn_sweep/fcn_080
REACTOME_HORMONE_SENSITIVE_LIPASE_HSL_MEDIATED_TRIACYLGLYCEROL_HYDROLYSIS,-0.00141028361395,0.9374651062258368,test,0.8,539,674,0.5,/Users/charlottejob/Code/Evaluation_neuron_interpretability/vega_fcn_sweep/fcn_080
REACTOME_SIGNALING_BY_INSULIN_RECEPTOR,0.5041986703872681,0.7905173507293648,test,0.8,539,674,0.5,/Users/charlottejob/Code/Evaluation_neuron_interpretability/vega_fcn_sweep/fcn_080
REACTOME_SIGNAL_ATTENUATION,0.8641606569290161,0.7848163296737529,test,0.8,539,674,0.5,/Users/charlottejob/Code/Evaluation_neuron_interpretability/vega_fcn_sweep/fcn_080
REACTOME_PURINE_METABOLISM,0.5043337345123291,0.8460356021089238,test,0.8,539,674,0.5,/Users/charlottejob/Code/Evaluation_neuron_interpretability/vega_fcn_sweep/fcn_080
REACTOME_SOS_MEDIATED_SIGNALLING,0.8665284514427185,0.7972372006573593,test,0.8,539,674,0.5,/Users/charlottejob/Code/Evaluation_neuron_interpretability/vega_fcn_sweep/fcn_080
REACTOME_RNA_POL_III_TRANSCRIPTION_INITIATION_FROM_TYPE_3_PROMOTER,,0.4018008114121189,test,0.8,539,674,0.5,/Users/charlottejob/Code/Evaluation_neuron_interpretability/vega_fcn_sweep/fcn_080
REACTOME_APOPTOSIS,0.0836087167263031,0.4552806038025899,test,0.8,539,674,0.5,/Users/charlottejob/Code/Evaluation_neuron_interpretability/vega_fcn_sweep/fcn_080
REACTOME_LIPID_DIGESTION_MOBILIZATION_AND_TRANSPORT,-0.0101463990285992,0.4290513238999192,test,0.8,539,674,0.5,/Users/charlottejob/Code/Evaluation_neuron_interpretability/vega_fcn_sweep/fcn_080
REACTOME_HEMOSTASIS,0.0513105690479278,0.421103020578803,test,0.8,539,674,0.5,/Users/charlottejob/Code/Evaluation_neuron_interpretability/vega_fcn_sweep/fcn_080
REACTOME_INFLUENZA_LIFE_CYCLE,0.6746652126312256,1.0,test,0.8,539,674,0.5,/Users/charlottejob/Code/Evaluation_neuron_interpretability/vega_fcn_sweep/fcn_080
REACTOME_INFLUENZA_VIRAL_RNA_TRANSCRIPTION_AND_REPLICATION,0.057253859937191,0.3688960790157094,test,0.8,539,674,0.5,/Users/charlottejob/Code/Evaluation_neuron_interpretability/vega_fcn_sweep/fcn_080
REACTOME_NEP_NS2_INTERACTS_WITH_THE_CELLULAR_EXPORT_MACHINERY,0.8000415563583374,0.8262918781051568,test,0.8,539,674,0.5,/Users/charlottejob/Code/Evaluation_neuron_interpretability/vega_fcn_sweep/fcn_080
REACTOME_HIV_INFECTION,0.0503018908202648,0.3748532316852619,test,0.8,539,674,0.5,/Users/charlottejob/Code/Evaluation_neuron_interpretability/vega_fcn_sweep/fcn_080
REACTOME_TRANSPORT_OF_RIBONUCLEOPROTEINS_INTO_THE_HOST_NUCLEUS,0.0094021279364824,0.4627097779785151,test,0.8,539,674,0.5,/Users/charlottejob/Code/Evaluation_neuron_interpretability/vega_fcn_sweep/fcn_080
REACTOME_HIV_LIFE_CYCLE,0.0989020839333534,0.36212741795890924,test,0.8,539,674,0.5,/Users/charlottejob/Code/Evaluation_neuron_interpretability/vega_fcn_sweep/fcn_080
REACTOME_ABORTIVE_ELONGATION_OF_HIV1_TRANSCRIPT_IN_THE_ABSENCE_OF_TAT,,0.4302962090476814,test,0.8,539,674,0.5,/Users/charlottejob/Code/Evaluation_neuron_interpretability/vega_fcn_sweep/fcn_080
REACTOME_EARLY_PHASE_OF_HIV_LIFE_CYCLE,-0.0176292564719915,0.427157498725454,test,0.8,539,674,0.5,/Users/charlottejob/Code/Evaluation_neuron_interpretability/vega_fcn_sweep/fcn_080
REACTOME_HOST_INTERACTIONS_OF_HIV_FACTORS,0.0099569195881485,0.4560335913827674,test,0.8,539,674,0.5,/Users/charlottejob/Code/Evaluation_neuron_interpretability/vega_fcn_sweep/fcn_080
REACTOME_RNA_POL_III_TRANSCRIPTION_TERMINATION,,0.3849600837586703,test,0.8,539,674,0.5,/Users/charlottejob/Code/Evaluation_neuron_interpretability/vega_fcn_sweep/fcn_080
REACTOME_RESPIRATORY_ELECTRON_TRANSPORT_ATP_SYNTHESIS_BY_CHEMIOSMOTIC_COUPLING_AND_HEAT_PRODUCTION_BY_UNCOUPLING_PROTEINS_,-0.0223338063806295,0.456108250935819,test,0.8,539,674,0.5,/Users/charlottejob/Code/Evaluation_neuron_interpretability/vega_fcn_sweep/fcn_080
REACTOME_FORMATION_OF_THE_HIV1_EARLY_ELONGATION_COMPLEX,-0.0125505365431308,0.41964778182258133,test,0.8,539,674,0.5,/Users/charlottejob/Code/Evaluation_neuron_interpretability/vega_fcn_sweep/fcn_080
REACTOME_RAF_MAP_KINASE_CASCADE,,0.6563434105483575,test,0.8,539,674,0.5,/Users/charlottejob/Code/Evaluation_neuron_interpretability/vega_fcn_sweep/fcn_080
REACTOME_VIRAL_MESSENGER_RNA_SYNTHESIS,,0.4309976879117044,test,0.8,539,674,0.5,/Users/charlottejob/Code/Evaluation_neuron_interpretability/vega_fcn_sweep/fcn_080
REACTOME_LATE_PHASE_OF_HIV_LIFE_CYCLE,-0.0074836108833551,0.4952576742427547,test,0.8,539,674,0.5,/Users/charlottejob/Code/Evaluation_neuron_interpretability/vega_fcn_sweep/fcn_080
REACTOME_SHC_MEDIATED_SIGNALLING,,0.3719338655498844,test,0.8,539,674,0.5,/Users/charlottejob/Code/Evaluation_neuron_interpretability/vega_fcn_sweep/fcn_080
REACTOME_INTERACTIONS_OF_VPR_WITH_HOST_CELLULAR_PROTEINS,0.7812327146530151,0.8812118635812145,test,0.8,539,674,0.5,/Users/charlottejob/Code/Evaluation_neuron_interpretability/vega_fcn_sweep/fcn_080
REACTOME_FORMATION_OF_ATP_BY_CHEMIOSMOTIC_COUPLING,,0.3364934781660341,test,0.8,539,674,0.5,/Users/charlottejob/Code/Evaluation_neuron_interpretability/vega_fcn_sweep/fcn_080
REACTOME_APC_C_CDH1_MEDIATED_DEGRADATION_OF_CDC20_AND_OTHER_APC_C_CDH1_TARGETED_PROTEINS_IN_LATE_MITOSIS_EARLY_G1,0.7434771060943604,0.7628730469581506,test,0.8,539,674,0.5,/Users/charlottejob/Code/Evaluation_neuron_interpretability/vega_fcn_sweep/fcn_080
REACTOME_ACTIVATION_OF_ATR_IN_RESPONSE_TO_REPLICATION_STRESS,,0.6003228198752345,test,0.8,539,674,0.5,/Users/charlottejob/Code/Evaluation_neuron_interpretability/vega_fcn_sweep/fcn_080
REACTOME_UNWINDING_OF_DNA,,0.505357937442743,test,0.8,539,674,0.5,/Users/charlottejob/Code/Evaluation_neuron_interpretability/vega_fcn_sweep/fcn_080
REACTOME_APC_C_CDC20_MEDIATED_DEGRADATION_OF_MITOTIC_PROTEINS,-0.0181860290467739,0.5050165325613408,test,0.8,539,674,0.5,/Users/charlottejob/Code/Evaluation_neuron_interpretability/vega_fcn_sweep/fcn_080
REACTOME_GLUCURONIDATION,,0.5049304192295947,test,0.8,539,674,0.5,/Users/charlottejob/Code/Evaluation_neuron_interpretability/vega_fcn_sweep/fcn_080
REACTOME_AUTODEGRADATION_OF_CDH1_BY_CDH1_APC_C,8.080265251919627e-05,0.3259175923138274,test,0.8,539,674,0.5,/Users/charlottejob/Code/Evaluation_neuron_interpretability/vega_fcn_sweep/fcn_080
REACTOME_MYD88_MAL_CASCADE_INITIATED_ON_PLASMA_MEMBRANE,0.1135659590363502,0.48875228901580947,test,0.8,539,674,0.5,/Users/charlottejob/Code/Evaluation_neuron_interpretability/vega_fcn_sweep/fcn_080
REACTOME_INNATE_IMMUNE_SYSTEM,0.0792167261242866,0.6290612672238113,test,0.8,539,674,0.5,/Users/charlottejob/Code/Evaluation_neuron_interpretability/vega_fcn_sweep/fcn_080
REACTOME_REGULATION_OF_GLUCOKINASE_BY_GLUCOKINASE_REGULATORY_PROTEIN,-0.0052463021129369,0.3960031054190273,test,0.8,539,674,0.5,/Users/charlottejob/Code/Evaluation_neuron_interpretability/vega_fcn_sweep/fcn_080
REACTOME_MITOTIC_PROMETAPHASE,0.2527191936969757,0.9980616659061887,test,0.8,539,674,0.5,/Users/charlottejob/Code/Evaluation_neuron_interpretability/vega_fcn_sweep/fcn_080
REACTOME_APC_C_CDC20_MEDIATED_DEGRADATION_OF_CYCLIN_B,-0.0138055458664894,0.383402869428243,test,0.8,539,674,0.5,/Users/charlottejob/Code/Evaluation_neuron_interpretability/vega_fcn_sweep/fcn_080
REACTOME_SCF_BETA_TRCP_MEDIATED_DEGRADATION_OF_EMI1,0.0140033233910799,0.4338027178594659,test,0.8,539,674,0.5,/Users/charlottejob/Code/Evaluation_neuron_interpretability/vega_fcn_sweep/fcn_080
REACTOME_LIPOPROTEIN_METABOLISM,-0.0116522349417209,0.3842637695965623,test,0.8,539,674,0.5,/Users/charlottejob/Code/Evaluation_neuron_interpretability/vega_fcn_sweep/fcn_080
REACTOME_G1_S_SPECIFIC_TRANSCRIPTION,0.0017606909386813,0.4765217482752819,test,0.8,539,674,0.5,/Users/charlottejob/Code/Evaluation_neuron_interpretability/vega_fcn_sweep/fcn_080
REACTOME_THE_ROLE_OF_NEF_IN_HIV1_REPLICATION_AND_DISEASE_PATHOGENESIS,0.1029658019542694,0.48097506017309366,test,0.8,539,674,0.5,/Users/charlottejob/Code/Evaluation_neuron_interpretability/vega_fcn_sweep/fcn_080
REACTOME_CHYLOMICRON_MEDIATED_LIPID_TRANSPORT,-0.0219980534166097,0.3863106534830645,test,0.8,539,674,0.5,/Users/charlottejob/Code/Evaluation_neuron_interpretability/vega_fcn_sweep/fcn_080
REACTOME_SIGNALING_BY_TGF_BETA_RECEPTOR_COMPLEX,0.0161274690181016,0.4751574589337226,test,0.8,539,674,0.5,/Users/charlottejob/Code/Evaluation_neuron_interpretability/vega_fcn_sweep/fcn_080
REACTOME_CONVERSION_FROM_APC_C_CDC20_TO_APC_C_CDH1_IN_LATE_ANAPHASE,0.0098078297451138,0.3207547504505655,test,0.8,539,674,0.5,/Users/charlottejob/Code/Evaluation_neuron_interpretability/vega_fcn_sweep/fcn_080
REACTOME_ACTIVATED_TLR4_SIGNALLING,0.132033571600914,0.5288118967133068,test,0.8,539,674,0.5,/Users/charlottejob/Code/Evaluation_neuron_interpretability/vega_fcn_sweep/fcn_080
REACTOME_IMMUNE_SYSTEM,0.1980597376823425,0.6008284846391597,test,0.8,539,674,0.5,/Users/charlottejob/Code/Evaluation_neuron_interpretability/vega_fcn_sweep/fcn_080
REACTOME_BINDING_AND_ENTRY_OF_HIV_VIRION,-0.0024446537718176,0.3905189578776151,test,0.8,539,674,0.5,/Users/charlottejob/Code/Evaluation_neuron_interpretability/vega_fcn_sweep/fcn_080
REACTOME_PHOSPHORYLATION_OF_THE_APC_C,0.0459591895341873,0.4630119669495987,test,0.8,539,674,0.5,/Users/charlottejob/Code/Evaluation_neuron_interpretability/vega_fcn_sweep/fcn_080
REACTOME_CYTOSOLIC_SULFONATION_OF_SMALL_MOLECULES,0.0312041416764259,0.4282433863543425,test,0.8,539,674,0.5,/Users/charlottejob/Code/Evaluation_neuron_interpretability/vega_fcn_sweep/fcn_080
REACTOME_INTEGRATION_OF_PROVIRUS,0.7482156753540039,0.787740478994896,test,0.8,539,674,0.5,/Users/charlottejob/Code/Evaluation_neuron_interpretability/vega_fcn_sweep/fcn_080
REACTOME_GLUTATHIONE_CONJUGATION,0.036883283406496,0.38615310031730377,test,0.8,539,674,0.5,/Users/charlottejob/Code/Evaluation_neuron_interpretability/vega_fcn_sweep/fcn_080
REACTOME_COMPLEMENT_CASCADE,0.0225567948073148,0.40046233940924086,test,0.8,539,674,0.5,/Users/charlottejob/Code/Evaluation_neuron_interpretability/vega_fcn_sweep/fcn_080
REACTOME_PHASE_II_CONJUGATION,0.0817768424749374,0.47430625666049697,test,0.8,539,674,0.5,/Users/charlottejob/Code/Evaluation_neuron_interpretability/vega_fcn_sweep/fcn_080
REACTOME_MTORC1_MEDIATED_SIGNALLING,0.0418850556015968,0.4240667720261754,test,0.8,539,674,0.5,/Users/charlottejob/Code/Evaluation_neuron_interpretability/vega_fcn_sweep/fcn_080
REACTOME_TOLL_RECEPTOR_CASCADES,0.0840117558836937,0.4551920783676814,test,0.8,539,674,0.5,/Users/charlottejob/Code/Evaluation_neuron_interpretability/vega_fcn_sweep/fcn_080
REACTOME_ACTIVATION_OF_BH3_ONLY_PROTEINS,0.0052477275021374,0.3232611743209825,test,0.8,539,674,0.5,/Users/charlottejob/Code/Evaluation_neuron_interpretability/vega_fcn_sweep/fcn_080
REACTOME_GLUCOSE_METABOLISM,0.0435786694288253,0.4320415532255884,test,0.8,539,674,0.5,/Users/charlottejob/Code/Evaluation_neuron_interpretability/vega_fcn_sweep/fcn_080
REACTOME_RNA_POL_III_CHAIN_ELONGATION,,0.406117872878768,test,0.8,539,674,0.5,/Users/charlottejob/Code/Evaluation_neuron_interpretability/vega_fcn_sweep/fcn_080
REACTOME_VOLTAGE_GATED_POTASSIUM_CHANNELS,0.5494887232780457,0.784939866416416,test,0.8,539,674,0.5,/Users/charlottejob/Code/Evaluation_neuron_interpretability/vega_fcn_sweep/fcn_080
REACTOME_ADAPTIVE_IMMUNE_SYSTEM,0.159658133983612,0.4624036499826555,test,0.8,539,674,0.5,/Users/charlottejob/Code/Evaluation_neuron_interpretability/vega_fcn_sweep/fcn_080
REACTOME_NOD1_2_SIGNALING_PATHWAY,-0.0334988757967948,0.4073247610596857,test,0.8,539,674,0.5,/Users/charlottejob/Code/Evaluation_neuron_interpretability/vega_fcn_sweep/fcn_080
REACTOME_CYTOKINE_SIGNALING_IN_IMMUNE_SYSTEM,0.0780341923236846,0.3724913925885657,test,0.8,539,674,0.5,/Users/charlottejob/Code/Evaluation_neuron_interpretability/vega_fcn_sweep/fcn_080
REACTOME_MEIOTIC_SYNAPSIS,0.0473074577748775,0.3786380992032567,test,0.8,539,674,0.5,/Users/charlottejob/Code/Evaluation_neuron_interpretability/vega_fcn_sweep/fcn_080
REACTOME_ANTIGEN_PRESENTATION_FOLDING_ASSEMBLY_AND_PEPTIDE_LOADING_OF_CLASS_I_MHC,0.0554306656122207,0.3749989028909263,test,0.8,539,674,0.5,/Users/charlottejob/Code/Evaluation_neuron_interpretability/vega_fcn_sweep/fcn_080
REACTOME_THE_NLRP3_INFLAMMASOME,0.4699720740318298,0.870325382803298,test,0.8,539,674,0.5,/Users/charlottejob/Code/Evaluation_neuron_interpretability/vega_fcn_sweep/fcn_080
REACTOME_CLASS_I_MHC_MEDIATED_ANTIGEN_PROCESSING_PRESENTATION,0.1554053723812103,0.9999927849537427,test,0.8,539,674,0.5,/Users/charlottejob/Code/Evaluation_neuron_interpretability/vega_fcn_sweep/fcn_080
REACTOME_NONSENSE_MEDIATED_DECAY_ENHANCED_BY_THE_EXON_JUNCTION_COMPLEX,0.0540808849036693,0.3552354293499085,test,0.8,539,674,0.5,/Users/charlottejob/Code/Evaluation_neuron_interpretability/vega_fcn_sweep/fcn_080
REACTOME_PIP3_ACTIVATES_AKT_SIGNALING,0.0238369908183813,0.3972972782350493,test,0.8,539,674,0.5,/Users/charlottejob/Code/Evaluation_neuron_interpretability/vega_fcn_sweep/fcn_080
REACTOME_ANTIGEN_PROCESSING_UBIQUITINATION_PROTEASOME_DEGRADATION,-0.0413658618927001,0.3239175998775883,test,0.8,539,674,0.5,/Users/charlottejob/Code/Evaluation_neuron_interpretability/vega_fcn_sweep/fcn_080
REACTOME_TANDEM_PORE_DOMAIN_POTASSIUM_CHANNELS,,0.938891070104262,test,0.8,539,674,0.5,/Users/charlottejob/Code/Evaluation_neuron_interpretability/vega_fcn_sweep/fcn_080
REACTOME_INFLAMMASOMES,0.1360994577407837,0.5931287619870137,test,0.8,539,674,0.5,/Users/charlottejob/Code/Evaluation_neuron_interpretability/vega_fcn_sweep/fcn_080
REACTOME_POTASSIUM_CHANNELS,0.0524446591734886,0.4460298366395652,test,0.8,539,674,0.5,/Users/charlottejob/Code/Evaluation_neuron_interpretability/vega_fcn_sweep/fcn_080
REACTOME_NUCLEOTIDE_BINDING_DOMAIN_LEUCINE_RICH_REPEAT_CONTAINING_RECEPTOR_NLR_SIGNALING_PATHWAYS,0.0227909013628959,0.43210072167907027,test,0.8,539,674,0.5,/Users/charlottejob/Code/Evaluation_neuron_interpretability/vega_fcn_sweep/fcn_080
REACTOME_INWARDLY_RECTIFYING_K_CHANNELS,0.0261854883283376,0.409606667380519,test,0.8,539,674,0.5,/Users/charlottejob/Code/Evaluation_neuron_interpretability/vega_fcn_sweep/fcn_080
REACTOME_AMYLOIDS,0.2809610664844513,0.41471556458045766,test,0.8,539,674,0.5,/Users/charlottejob/Code/Evaluation_neuron_interpretability/vega_fcn_sweep/fcn_080
REACTOME_PACKAGING_OF_TELOMERE_ENDS,-0.0267356149852275,0.4291713967457056,test,0.8,539,674,0.5,/Users/charlottejob/Code/Evaluation_neuron_interpretability/vega_fcn_sweep/fcn_080
REACTOME_TELOMERE_MAINTENANCE,-0.0205097291618585,0.4360857507812403,test,0.8,539,674,0.5,/Users/charlottejob/Code/Evaluation_neuron_interpretability/vega_fcn_sweep/fcn_080
REACTOME_PLATELET_ACTIVATION_SIGNALING_AND_AGGREGATION,0.1142356172204017,0.4626791160617477,test,0.8,539,674,0.5,/Users/charlottejob/Code/Evaluation_neuron_interpretability/vega_fcn_sweep/fcn_080
REACTOME_REMOVAL_OF_THE_FLAP_INTERMEDIATE_FROM_THE_C_STRAND,,0.41163722025912847,test,0.8,539,674,0.5,/Users/charlottejob/Code/Evaluation_neuron_interpretability/vega_fcn_sweep/fcn_080
REACTOME_CREATION_OF_C4_AND_C2_ACTIVATORS,-0.0102149499580264,0.47147203993493747,test,0.8,539,674,0.5,/Users/charlottejob/Code/Evaluation_neuron_interpretability/vega_fcn_sweep/fcn_080
REACTOME_APC_CDC20_MEDIATED_DEGRADATION_OF_NEK2A,-0.0108792977407574,0.4050725871684618,test,0.8,539,674,0.5,/Users/charlottejob/Code/Evaluation_neuron_interpretability/vega_fcn_sweep/fcn_080
REACTOME_INITIAL_TRIGGERING_OF_COMPLEMENT,0.0549852736294269,0.4001118262381513,test,0.8,539,674,0.5,/Users/charlottejob/Code/Evaluation_neuron_interpretability/vega_fcn_sweep/fcn_080
REACTOME_EXTENSION_OF_TELOMERES,,0.662916721197051,test,0.8,539,674,0.5,/Users/charlottejob/Code/Evaluation_neuron_interpretability/vega_fcn_sweep/fcn_080
REACTOME_G2_M_CHECKPOINTS,0.0247485041618347,0.3127882291376797,test,0.8,539,674,0.5,/Users/charlottejob/Code/Evaluation_neuron_interpretability/vega_fcn_sweep/fcn_080
REACTOME_G2_M_DNA_DAMAGE_CHECKPOINT,,0.35341621951751523,test,0.8,539,674,0.5,/Users/charlottejob/Code/Evaluation_neuron_interpretability/vega_fcn_sweep/fcn_080
REACTOME_S_PHASE,-0.0036992356181144,0.4831477988256861,test,0.8,539,674,0.5,/Users/charlottejob/Code/Evaluation_neuron_interpretability/vega_fcn_sweep/fcn_080
REACTOME_SCFSKP2_MEDIATED_DEGRADATION_OF_P27_P21,0.0019674212671816,0.4505705902682269,test,0.8,539,674,0.5,/Users/charlottejob/Code/Evaluation_neuron_interpretability/vega_fcn_sweep/fcn_080
REACTOME_TRYPTOPHAN_CATABOLISM,-0.008035235106945,0.3797800169862956,test,0.8,539,674,0.5,/Users/charlottejob/Code/Evaluation_neuron_interpretability/vega_fcn_sweep/fcn_080
REACTOME_DNA_STRAND_ELONGATION,,0.5369820704096322,test,0.8,539,674,0.5,/Users/charlottejob/Code/Evaluation_neuron_interpretability/vega_fcn_sweep/fcn_080
REACTOME_RESOLUTION_OF_AP_SITES_VIA_THE_SINGLE_NUCLEOTIDE_REPLACEMENT_PATHWAY,,0.5011473192863064,test,0.8,539,674,0.5,/Users/charlottejob/Code/Evaluation_neuron_interpretability/vega_fcn_sweep/fcn_080
REACTOME_FGFR_LIGAND_BINDING_AND_ACTIVATION,0.0009318850934505,0.36736421150631604,test,0.8,539,674,0.5,/Users/charlottejob/Code/Evaluation_neuron_interpretability/vega_fcn_sweep/fcn_080
REACTOME_CHOLESTEROL_BIOSYNTHESIS,,0.9389224796056362,test,0.8,539,674,0.5,/Users/charlottejob/Code/Evaluation_neuron_interpretability/vega_fcn_sweep/fcn_080
REACTOME_APOBEC3G_MEDIATED_RESISTANCE_TO_HIV1_INFECTION,0.0017777064349502,0.3678254462465237,test,0.8,539,674,0.5,/Users/charlottejob/Code/Evaluation_neuron_interpretability/vega_fcn_sweep/fcn_080
REACTOME_GAP_JUNCTION_TRAFFICKING,-0.002926142886281,0.9421922828535276,test,0.8,539,674,0.5,/Users/charlottejob/Code/Evaluation_neuron_interpretability/vega_fcn_sweep/fcn_080
REACTOME_FGFR2C_LIGAND_BINDING_AND_ACTIVATION,,0.3569131440038389,test,0.8,539,674,0.5,/Users/charlottejob/Code/Evaluation_neuron_interpretability/vega_fcn_sweep/fcn_080
REACTOME_METABOLISM_OF_PORPHYRINS,-0.0173363424837589,0.462070930017161,test,0.8,539,674,0.5,/Users/charlottejob/Code/Evaluation_neuron_interpretability/vega_fcn_sweep/fcn_080
REACTOME_FGFR4_LIGAND_BINDING_AND_ACTIVATION,,0.4630580639532347,test,0.8,539,674,0.5,/Users/charlottejob/Code/Evaluation_neuron_interpretability/vega_fcn_sweep/fcn_080
REACTOME_VIF_MEDIATED_DEGRADATION_OF_APOBEC3G,0.035548910498619,0.3596049543471298,test,0.8,539,674,0.5,/Users/charlottejob/Code/Evaluation_neuron_interpretability/vega_fcn_sweep/fcn_080
REACTOME_SIGNALING_BY_FGFR,0.0656015500426292,0.8627907488744316,test,0.8,539,674,0.5,/Users/charlottejob/Code/Evaluation_neuron_interpretability/vega_fcn_sweep/fcn_080
REACTOME_DIGESTION_OF_DIETARY_CARBOHYDRATE,,0.3611778563015312,test,0.8,539,674,0.5,/Users/charlottejob/Code/Evaluation_neuron_interpretability/vega_fcn_sweep/fcn_080
REACTOME_FGFR1_LIGAND_BINDING_AND_ACTIVATION,0.0056045390665531,0.483755104631726,test,0.8,539,674,0.5,/Users/charlottejob/Code/Evaluation_neuron_interpretability/vega_fcn_sweep/fcn_080
REACTOME_GAP_JUNCTION_ASSEMBLY,,0.4502447323648737,test,0.8,539,674,0.5,/Users/charlottejob/Code/Evaluation_neuron_interpretability/vega_fcn_sweep/fcn_080
REACTOME_SYNTHESIS_OF_GLYCOSYLPHOSPHATIDYLINOSITOL_GPI,,0.46813767831435676,test,0.8,539,674,0.5,/Users/charlottejob/Code/Evaluation_neuron_interpretability/vega_fcn_sweep/fcn_080
REACTOME_RNA_POL_I_TRANSCRIPTION_INITIATION,0.0144905745983123,0.9478451634942832,test,0.8,539,674,0.5,/Users/charlottejob/Code/Evaluation_neuron_interpretability/vega_fcn_sweep/fcn_080
REACTOME_PYRIMIDINE_METABOLISM,0.0387608595192432,0.4600952833008104,test,0.8,539,674,0.5,/Users/charlottejob/Code/Evaluation_neuron_interpretability/vega_fcn_sweep/fcn_080
REACTOME_INTRINSIC_PATHWAY_FOR_APOPTOSIS,-0.0385188832879066,0.5180314130226188,test,0.8,539,674,0.5,/Users/charlottejob/Code/Evaluation_neuron_interpretability/vega_fcn_sweep/fcn_080
REACTOME_PI3K_CASCADE,0.3818690180778503,0.7141777656972004,test,0.8,539,674,0.5,/Users/charlottejob/Code/Evaluation_neuron_interpretability/vega_fcn_sweep/fcn_080
REACTOME_APOPTOTIC_EXECUTION_PHASE,0.0028400435112416,0.38926113871250567,test,0.8,539,674,0.5,/Users/charlottejob/Code/Evaluation_neuron_interpretability/vega_fcn_sweep/fcn_080
REACTOME_SHC_RELATED_EVENTS,,0.3900117785630154,test,0.8,539,674,0.5,/Users/charlottejob/Code/Evaluation_neuron_interpretability/vega_fcn_sweep/fcn_080
