{
  "dataset": "PBMC_8K",
  "fully_connected_neuron_fraction": 0.8,
  "n_fully_connected_neurons_selected": 539,
  "n_pathway_nodes": 674,
  "n_genes": 2000,
  "n_latent_nodes": 675,
  "mask_density": 0.8004140740740741,
  "n_epochs_trained": 425,
  "train": {
    "mse": 0.029584219679236412,
    "pearson_overall": 1.0,
    "pearson_per_cell_mean": 0.9580336809158325,
    "n_cells": 6875,
    "n_genes": 2000
  },
  "test": {
    "mse": 0.04119933769106865,
    "pearson_overall": 0.938495397567749,
    "pearson_per_cell_mean": 0.9415565133094788,
    "n_cells": 849,
    "n_genes": 2000
  },
  "hyperparameters": {
    "n_top_genes": 2000,
    "train_size": 0.9,
    "batch_size": 256,
    "learning_rate": 0.00062187,
    "n_epochs": 1000,
    "train_patience": 25,
    "test_patience": 25,
    "kld_weight": 0.000233864,
    "dropout": 0.0452273,
    "seed": 42,
    "gmt_path": "vega/vega/data/reactomes.gmt"
  }
}