pathway,distance_corr,reduction_score_probability,eval_split,fully_connected_neuron_fraction,n_fully_connected_neurons_selected,n_pathway_nodes,overlap_threshold,run_dir
REACTOME_GLYCOGEN_BREAKDOWN_GLYCOGENOLYSIS,-0.0189225263893604,0.27820860832690153,test,0.5,337,674,0.5,/Users/charlottejob/Code/Evaluation_neuron_interpretability/vega_fcn_sweep/fcn_050
REACTOME_TRANSLATION,0.7458646893501282,0.9999964415217476,test,0.5,337,674,0.5,/Users/charlottejob/Code/Evaluation_neuron_interpretability/vega_fcn_sweep/fcn_050
REACTOME_PYRIMIDINE_CATABOLISM,-0.0133983176201581,0.2683572574472324,test,0.5,337,674,0.5,/Users/charlottejob/Code/Evaluation_neuron_interpretability/vega_fcn_sweep/fcn_050
REACTOME_RNA_POL_III_TRANSCRIPTION_INITIATION_FROM_TYPE_2_PROMOTER,,0.8766025389346943,test,0.5,337,674,0.5,/Users/charlottejob/Code/Evaluation_neuron_interpretability/vega_fcn_sweep/fcn_050
REACTOME_INHIBITION_OF_THE_PROTEOLYTIC_ACTIVITY_OF_APC_C_REQUIRED_FOR_THE_ONSET_OF_ANAPHASE_BY_MITOTIC_SPINDLE_CHECKPOINT_COMPONENTS,1.5435049135703593e-05,0.8734868803837258,test,0.5,337,674,0.5,/Users/charlottejob/Code/Evaluation_neuron_interpretability/vega_fcn_sweep/fcn_050
REACTOME_PYRUVATE_METABOLISM_AND_CITRIC_ACID_TCA_CYCLE,0.4908996820449829,0.7475390902160459,test,0.5,337,674,0.5,/Users/charlottejob/Code/Evaluation_neuron_interpretability/vega_fcn_sweep/fcn_050
REACTOME_EXTRINSIC_PATHWAY_FOR_APOPTOSIS,0.0614660233259201,0.42201682551998687,test,0.5,337,674,0.5,/Users/charlottejob/Code/Evaluation_neuron_interpretability/vega_fcn_sweep/fcn_050
REACTOME_PTM_GAMMA_CARBOXYLATION_HYPUSINE_FORMATION_AND_ARYLSULFATASE_ACTIVATION,-0.0257955454289913,0.3341653808548323,test,0.5,337,674,0.5,/Users/charlottejob/Code/Evaluation_neuron_interpretability/vega_fcn_sweep/fcn_050
REACTOME_APOPTOTIC_CLEAVAGE_OF_CELLULAR_PROTEINS,0.6186129450798035,0.9095982044313534,test,0.5,337,674,0.5,/Users/charlottejob/Code/Evaluation_neuron_interpretability/vega_fcn_sweep/fcn_050
REACTOME_RNA_POL_I_TRANSCRIPTION_TERMINATION,-0.0192405059933662,0.2998000135222174,test,0.5,337,674,0.5,/Users/charlottejob/Code/Evaluation_neuron_interpretability/vega_fcn_sweep/fcn_050
REACTOME_FORMATION_OF_THE_TERNARY_COMPLEX_AND_SUBSEQUENTLY_THE_43S_COMPLEX,0.1163585633039474,0.3333456946438441,test,0.5,337,674,0.5,/Users/charlottejob/Code/Evaluation_neuron_interpretability/vega_fcn_sweep/fcn_050
REACTOME_ACTIVATION_OF_THE_PRE_REPLICATIVE_COMPLEX,0.0178428832441568,0.30770577044578273,test,0.5,337,674,0.5,/Users/charlottejob/Code/Evaluation_neuron_interpretability/vega_fcn_sweep/fcn_050
REACTOME_PROCESSING_OF_INTRONLESS_PRE_MRNAS,,0.3247882039872617,test,0.5,337,674,0.5,/Users/charlottejob/Code/Evaluation_neuron_interpretability/vega_fcn_sweep/fcn_050
REACTOME_GAP_JUNCTION_DEGRADATION,0.272834300994873,0.7119222509831512,test,0.5,337,674,0.5,/Users/charlottejob/Code/Evaluation_neuron_interpretability/vega_fcn_sweep/fcn_050
REACTOME_BASE_EXCISION_REPAIR,,0.8802861754569645,test,0.5,337,674,0.5,/Users/charlottejob/Code/Evaluation_neuron_interpretability/vega_fcn_sweep/fcn_050
REACTOME_BILE_ACID_AND_BILE_SALT_METABOLISM,-0.0149600226432085,0.3166864151555546,test,0.5,337,674,0.5,/Users/charlottejob/Code/Evaluation_neuron_interpretability/vega_fcn_sweep/fcn_050
REACTOME_SYNTHESIS_OF_BILE_ACIDS_AND_BILE_SALTS_VIA_7ALPHA_HYDROXYCHOLESTEROL,0.0360254198312759,0.7193726550712084,test,0.5,337,674,0.5,/Users/charlottejob/Code/Evaluation_neuron_interpretability/vega_fcn_sweep/fcn_050
REACTOME_RECYCLING_OF_BILE_ACIDS_AND_SALTS,0.019911490380764,0.2888019768413179,test,0.5,337,674,0.5,/Users/charlottejob/Code/Evaluation_neuron_interpretability/vega_fcn_sweep/fcn_050
REACTOME_SIGNALING_BY_RHO_GTPASES,0.0825212299823761,0.305894433518628,test,0.5,337,674,0.5,/Users/charlottejob/Code/Evaluation_neuron_interpretability/vega_fcn_sweep/fcn_050
REACTOME_SIGNALING_BY_WNT,,0.298241940409196,test,0.5,337,674,0.5,/Users/charlottejob/Code/Evaluation_neuron_interpretability/vega_fcn_sweep/fcn_050
REACTOME_METABOLISM_OF_NON_CODING_RNA,0.7715192437171936,0.7685981738799295,test,0.5,337,674,0.5,/Users/charlottejob/Code/Evaluation_neuron_interpretability/vega_fcn_sweep/fcn_050
REACTOME_SYNTHESIS_OF_BILE_ACIDS_AND_BILE_SALTS_VIA_24_HYDROXYCHOLESTEROL,-0.0188816897571086,0.8757564073446119,test,0.5,337,674,0.5,/Users/charlottejob/Code/Evaluation_neuron_interpretability/vega_fcn_sweep/fcn_050
REACTOME_SYNTHESIS_OF_BILE_ACIDS_AND_BILE_SALTS,0.0261050388216972,0.3109558242265146,test,0.5,337,674,0.5,/Users/charlottejob/Code/Evaluation_neuron_interpretability/vega_fcn_sweep/fcn_050
REACTOME_METABOLISM_OF_STEROID_HORMONES_AND_VITAMINS_A_AND_D,,0.3387392575142869,test,0.5,337,674,0.5,/Users/charlottejob/Code/Evaluation_neuron_interpretability/vega_fcn_sweep/fcn_050
REACTOME_ANDROGEN_BIOSYNTHESIS,,0.3058727042708197,test,0.5,337,674,0.5,/Users/charlottejob/Code/Evaluation_neuron_interpretability/vega_fcn_sweep/fcn_050
REACTOME_SIGNALLING_BY_NGF,0.0333422981202602,0.3523564676391532,test,0.5,337,674,0.5,/Users/charlottejob/Code/Evaluation_neuron_interpretability/vega_fcn_sweep/fcn_050
REACTOME_CTNNB1_PHOSPHORYLATION_CASCADE,,0.8762430746411901,test,0.5,337,674,0.5,/Users/charlottejob/Code/Evaluation_neuron_interpretability/vega_fcn_sweep/fcn_050
REACTOME_INSULIN_RECEPTOR_RECYCLING,,0.871543864241155,test,0.5,337,674,0.5,/Users/charlottejob/Code/Evaluation_neuron_interpretability/vega_fcn_sweep/fcn_050
REACTOME_COPI_MEDIATED_TRANSPORT,,0.2847620294027833,test,0.5,337,674,0.5,/Users/charlottejob/Code/Evaluation_neuron_interpretability/vega_fcn_sweep/fcn_050
REACTOME_NEF_MEDIATED_DOWNREGULATION_OF_MHC_CLASS_I_COMPLEX_CELL_SURFACE_EXPRESSION,0.0506005063652992,0.3261699368367995,test,0.5,337,674,0.5,/Users/charlottejob/Code/Evaluation_neuron_interpretability/vega_fcn_sweep/fcn_050
REACTOME_SIGNALING_BY_SCF_KIT,-0.0313468724489212,0.3128270184627614,test,0.5,337,674,0.5,/Users/charlottejob/Code/Evaluation_neuron_interpretability/vega_fcn_sweep/fcn_050
REACTOME_DEVELOPMENTAL_BIOLOGY,0.0424970462918281,0.3318914424713635,test,0.5,337,674,0.5,/Users/charlottejob/Code/Evaluation_neuron_interpretability/vega_fcn_sweep/fcn_050
REACTOME_CROSS_PRESENTATION_OF_SOLUBLE_EXOGENOUS_ANTIGENS_ENDOSOMES,0.5056748390197754,0.6209959002212412,test,0.5,337,674,0.5,/Users/charlottejob/Code/Evaluation_neuron_interpretability/vega_fcn_sweep/fcn_050
REACTOME_SIGNALING_BY_NODAL,,0.322682022422894,test,0.5,337,674,0.5,/Users/charlottejob/Code/Evaluation_neuron_interpretability/vega_fcn_sweep/fcn_050
REACTOME_DAG_AND_IP3_SIGNALING,0.0886427909135818,0.802415484415379,test,0.5,337,674,0.5,/Users/charlottejob/Code/Evaluation_neuron_interpretability/vega_fcn_sweep/fcn_050
REACTOME_SPRY_REGULATION_OF_FGF_SIGNALING,0.0671495497226715,0.7443434685399518,test,0.5,337,674,0.5,/Users/charlottejob/Code/Evaluation_neuron_interpretability/vega_fcn_sweep/fcn_050
REACTOME_TCA_CYCLE_AND_RESPIRATORY_ELECTRON_TRANSPORT,-0.0148825272917747,0.8732164645973071,test,0.5,337,674,0.5,/Users/charlottejob/Code/Evaluation_neuron_interpretability/vega_fcn_sweep/fcn_050
REACTOME_BMAL1_CLOCK_NPAS2_ACTIVATES_CIRCADIAN_EXPRESSION,0.5679867267608643,0.6218273799806558,test,0.5,337,674,0.5,/Users/charlottejob/Code/Evaluation_neuron_interpretability/vega_fcn_sweep/fcn_050
REACTOME_ANTIGEN_PROCESSING_CROSS_PRESENTATION,0.2474130690097808,0.999936332091809,test,0.5,337,674,0.5,/Users/charlottejob/Code/Evaluation_neuron_interpretability/vega_fcn_sweep/fcn_050
REACTOME_GROWTH_HORMONE_RECEPTOR_SIGNALING,-0.0252332519739866,0.3209481566372026,test,0.5,337,674,0.5,/Users/charlottejob/Code/Evaluation_neuron_interpretability/vega_fcn_sweep/fcn_050
REACTOME_TRIF_MEDIATED_TLR3_SIGNALING,0.3599331378936767,0.9734657157102908,test,0.5,337,674,0.5,/Users/charlottejob/Code/Evaluation_neuron_interpretability/vega_fcn_sweep/fcn_050
REACTOME_CELL_CELL_COMMUNICATION,0.0533467419445514,0.32526582441873597,test,0.5,337,674,0.5,/Users/charlottejob/Code/Evaluation_neuron_interpretability/vega_fcn_sweep/fcn_050
REACTOME_ABCA_TRANSPORTERS_IN_LIPID_HOMEOSTASIS,-0.0290579386055469,0.3044356600364191,test,0.5,337,674,0.5,/Users/charlottejob/Code/Evaluation_neuron_interpretability/vega_fcn_sweep/fcn_050
REACTOME_ENDOSOMAL_VACUOLAR_PATHWAY,0.0276053547859191,0.4816852135084296,test,0.5,337,674,0.5,/Users/charlottejob/Code/Evaluation_neuron_interpretability/vega_fcn_sweep/fcn_050
REACTOME_TETRAHYDROBIOPTERIN_BH4_SYNTHESIS_RECYCLING_SALVAGE_AND_REGULATION,,0.3064747197138245,test,0.5,337,674,0.5,/Users/charlottejob/Code/Evaluation_neuron_interpretability/vega_fcn_sweep/fcn_050
REACTOME_ER_PHAGOSOME_PATHWAY,0.6536542177200317,0.9997279169497209,test,0.5,337,674,0.5,/Users/charlottejob/Code/Evaluation_neuron_interpretability/vega_fcn_sweep/fcn_050
REACTOME_MEIOSIS,-0.003021378070116,0.3195050868446617,test,0.5,337,674,0.5,/Users/charlottejob/Code/Evaluation_neuron_interpretability/vega_fcn_sweep/fcn_050
REACTOME_NEGATIVE_REGULATION_OF_FGFR_SIGNALING,-0.0161579344421625,0.8784934147124959,test,0.5,337,674,0.5,/Users/charlottejob/Code/Evaluation_neuron_interpretability/vega_fcn_sweep/fcn_050
REACTOME_G0_AND_EARLY_G1,0.3598145842552185,0.8126229846249557,test,0.5,337,674,0.5,/Users/charlottejob/Code/Evaluation_neuron_interpretability/vega_fcn_sweep/fcn_050
REACTOME_REGULATION_OF_KIT_SIGNALING,0.0475844889879226,0.3523959148840129,test,0.5,337,674,0.5,/Users/charlottejob/Code/Evaluation_neuron_interpretability/vega_fcn_sweep/fcn_050
REACTOME_MEMBRANE_TRAFFICKING,0.2663674056529999,0.9926830138844271,test,0.5,337,674,0.5,/Users/charlottejob/Code/Evaluation_neuron_interpretability/vega_fcn_sweep/fcn_050
REACTOME_NEF_MEDIATES_DOWN_MODULATION_OF_CELL_SURFACE_RECEPTORS_BY_RECRUITING_THEM_TO_CLATHRIN_ADAPTERS,0.1504555344581604,0.3649749970024615,test,0.5,337,674,0.5,/Users/charlottejob/Code/Evaluation_neuron_interpretability/vega_fcn_sweep/fcn_050
REACTOME_IMMUNOREGULATORY_INTERACTIONS_BETWEEN_A_LYMPHOID_AND_A_NON_LYMPHOID_CELL,0.2385019958019256,0.887079659164465,test,0.5,337,674,0.5,/Users/charlottejob/Code/Evaluation_neuron_interpretability/vega_fcn_sweep/fcn_050
REACTOME_ACTIVATED_AMPK_STIMULATES_FATTY_ACID_OXIDATION_IN_MUSCLE,0.357717752456665,0.6328950163162061,test,0.5,337,674,0.5,/Users/charlottejob/Code/Evaluation_neuron_interpretability/vega_fcn_sweep/fcn_050
REACTOME_VITAMIN_B5_PANTOTHENATE_METABOLISM,,0.3026741700475505,test,0.5,337,674,0.5,/Users/charlottejob/Code/Evaluation_neuron_interpretability/vega_fcn_sweep/fcn_050
REACTOME_BOTULINUM_NEUROTOXICITY,0.0604398846626281,0.3066370257182977,test,0.5,337,674,0.5,/Users/charlottejob/Code/Evaluation_neuron_interpretability/vega_fcn_sweep/fcn_050
REACTOME_METABOLISM_OF_VITAMINS_AND_COFACTORS,0.0170280151069164,0.3286849138134717,test,0.5,337,674,0.5,/Users/charlottejob/Code/Evaluation_neuron_interpretability/vega_fcn_sweep/fcn_050
REACTOME_TRANS_GOLGI_NETWORK_VESICLE_BUDDING,0.1234092265367508,0.3590925385363855,test,0.5,337,674,0.5,/Users/charlottejob/Code/Evaluation_neuron_interpretability/vega_fcn_sweep/fcn_050
REACTOME_PROTEOLYTIC_CLEAVAGE_OF_SNARE_COMPLEX_PROTEINS,0.6330863833427429,0.6204667565091594,test,0.5,337,674,0.5,/Users/charlottejob/Code/Evaluation_neuron_interpretability/vega_fcn_sweep/fcn_050
REACTOME_RESOLUTION_OF_AP_SITES_VIA_THE_MULTIPLE_NUCLEOTIDE_PATCH_REPLACEMENT_PATHWAY,,0.8724355450857217,test,0.5,337,674,0.5,/Users/charlottejob/Code/Evaluation_neuron_interpretability/vega_fcn_sweep/fcn_050
REACTOME_GAMMA_CARBOXYLATION_TRANSPORT_AND_AMINO_TERMINAL_CLEAVAGE_OF_PROTEINS,-0.019930612295866,0.3119391160468899,test,0.5,337,674,0.5,/Users/charlottejob/Code/Evaluation_neuron_interpretability/vega_fcn_sweep/fcn_050
REACTOME_IL_7_SIGNALING,-0.0095709543675184,0.26920774681882254,test,0.5,337,674,0.5,/Users/charlottejob/Code/Evaluation_neuron_interpretability/vega_fcn_sweep/fcn_050
REACTOME_CELL_CYCLE,0.2521150708198547,0.5900582819333644,test,0.5,337,674,0.5,/Users/charlottejob/Code/Evaluation_neuron_interpretability/vega_fcn_sweep/fcn_050
REACTOME_SIGNALING_BY_ERBB4,0.0356142148375511,0.3434860977263804,test,0.5,337,674,0.5,/Users/charlottejob/Code/Evaluation_neuron_interpretability/vega_fcn_sweep/fcn_050
REACTOME_ORC1_REMOVAL_FROM_CHROMATIN,0.6430892944335938,0.6939883483915561,test,0.5,337,674,0.5,/Users/charlottejob/Code/Evaluation_neuron_interpretability/vega_fcn_sweep/fcn_050
REACTOME_O_LINKED_GLYCOSYLATION_OF_MUCINS,-0.0092654656618833,0.341934829944812,test,0.5,337,674,0.5,/Users/charlottejob/Code/Evaluation_neuron_interpretability/vega_fcn_sweep/fcn_050
REACTOME_SULFUR_AMINO_ACID_METABOLISM,-0.013151410035789,0.3491941994946053,test,0.5,337,674,0.5,/Users/charlottejob/Code/Evaluation_neuron_interpretability/vega_fcn_sweep/fcn_050
REACTOME_DOWNREGULATION_OF_ERBB2_ERBB3_SIGNALING,0.3235006034374237,0.6296897024464654,test,0.5,337,674,0.5,/Users/charlottejob/Code/Evaluation_neuron_interpretability/vega_fcn_sweep/fcn_050
REACTOME_ANTIVIRAL_MECHANISM_BY_IFN_STIMULATED_GENES,0.1685456782579422,0.3443766284755684,test,0.5,337,674,0.5,/Users/charlottejob/Code/Evaluation_neuron_interpretability/vega_fcn_sweep/fcn_050
REACTOME_PROLACTIN_RECEPTOR_SIGNALING,,0.297139117916503,test,0.5,337,674,0.5,/Users/charlottejob/Code/Evaluation_neuron_interpretability/vega_fcn_sweep/fcn_050
REACTOME_SIGNALING_BY_ERBB2,0.2043742835521698,0.2998056445511781,test,0.5,337,674,0.5,/Users/charlottejob/Code/Evaluation_neuron_interpretability/vega_fcn_sweep/fcn_050
REACTOME_SPHINGOLIPID_DE_NOVO_BIOSYNTHESIS,0.0862441435456276,0.674320107389692,test,0.5,337,674,0.5,/Users/charlottejob/Code/Evaluation_neuron_interpretability/vega_fcn_sweep/fcn_050
REACTOME_TERMINATION_OF_O_GLYCAN_BIOSYNTHESIS,,0.3108179557649522,test,0.5,337,674,0.5,/Users/charlottejob/Code/Evaluation_neuron_interpretability/vega_fcn_sweep/fcn_050
REACTOME_DEFENSINS,0.0980303734540939,0.2963142401247018,test,0.5,337,674,0.5,/Users/charlottejob/Code/Evaluation_neuron_interpretability/vega_fcn_sweep/fcn_050
REACTOME_SIGNALING_BY_CONSTITUTIVELY_ACTIVE_EGFR,0.008694008924067,0.7600633316207233,test,0.5,337,674,0.5,/Users/charlottejob/Code/Evaluation_neuron_interpretability/vega_fcn_sweep/fcn_050
REACTOME_GRB2_EVENTS_IN_ERBB2_SIGNALING,0.0911782458424568,0.3074204946996466,test,0.5,337,674,0.5,/Users/charlottejob/Code/Evaluation_neuron_interpretability/vega_fcn_sweep/fcn_050
REACTOME_SIGNALING_BY_EGFR_IN_CANCER,0.0088573973625898,0.3070448148006991,test,0.5,337,674,0.5,/Users/charlottejob/Code/Evaluation_neuron_interpretability/vega_fcn_sweep/fcn_050
REACTOME_MEMBRANE_BINDING_AND_TARGETTING_OF_GAG_PROTEINS,-0.0145150339230895,0.344190931555015,test,0.5,337,674,0.5,/Users/charlottejob/Code/Evaluation_neuron_interpretability/vega_fcn_sweep/fcn_050
REACTOME_BETA_DEFENSINS,0.0490968823432922,0.298111404554261,test,0.5,337,674,0.5,/Users/charlottejob/Code/Evaluation_neuron_interpretability/vega_fcn_sweep/fcn_050
REACTOME_SRP_DEPENDENT_COTRANSLATIONAL_PROTEIN_TARGETING_TO_MEMBRANE,0.130750685930252,0.3287372103254005,test,0.5,337,674,0.5,/Users/charlottejob/Code/Evaluation_neuron_interpretability/vega_fcn_sweep/fcn_050
REACTOME_PI3K_EVENTS_IN_ERBB4_SIGNALING,0.3911803066730499,0.5974836706285469,test,0.5,337,674,0.5,/Users/charlottejob/Code/Evaluation_neuron_interpretability/vega_fcn_sweep/fcn_050
REACTOME_SHC1_EVENTS_IN_ERBB4_SIGNALING,0.0541348159313201,0.2912672887440666,test,0.5,337,674,0.5,/Users/charlottejob/Code/Evaluation_neuron_interpretability/vega_fcn_sweep/fcn_050
REACTOME_PI3K_EVENTS_IN_ERBB2_SIGNALING,0.0241098441183567,0.2984914102674595,test,0.5,337,674,0.5,/Users/charlottejob/Code/Evaluation_neuron_interpretability/vega_fcn_sweep/fcn_050
REACTOME_NUCLEAR_SIGNALING_BY_ERBB4,0.0441817343235015,0.2746732683043806,test,0.5,337,674,0.5,/Users/charlottejob/Code/Evaluation_neuron_interpretability/vega_fcn_sweep/fcn_050
REACTOME_GLYCOSPHINGOLIPID_METABOLISM,0.019548412412405,0.3368072195043173,test,0.5,337,674,0.5,/Users/charlottejob/Code/Evaluation_neuron_interpretability/vega_fcn_sweep/fcn_050
REACTOME_PPARA_ACTIVATES_GENE_EXPRESSION,0.4204613864421844,0.5662535326846282,test,0.5,337,674,0.5,/Users/charlottejob/Code/Evaluation_neuron_interpretability/vega_fcn_sweep/fcn_050
REACTOME_ASSOCIATION_OF_LICENSING_FACTORS_WITH_THE_PRE_REPLICATIVE_COMPLEX,,0.3027858482746586,test,0.5,337,674,0.5,/Users/charlottejob/Code/Evaluation_neuron_interpretability/vega_fcn_sweep/fcn_050
REACTOME_RIP_MEDIATED_NFKB_ACTIVATION_VIA_DAI,0.6003175973892212,0.6795771725444697,test,0.5,337,674,0.5,/Users/charlottejob/Code/Evaluation_neuron_interpretability/vega_fcn_sweep/fcn_050
REACTOME_PRE_NOTCH_TRANSCRIPTION_AND_TRANSLATION,,0.311147755529381,test,0.5,337,674,0.5,/Users/charlottejob/Code/Evaluation_neuron_interpretability/vega_fcn_sweep/fcn_050
REACTOME_DEGRADATION_OF_THE_EXTRACELLULAR_MATRIX,0.0238266419619321,0.3575870222287561,test,0.5,337,674,0.5,/Users/charlottejob/Code/Evaluation_neuron_interpretability/vega_fcn_sweep/fcn_050
REACTOME_MITOCHONDRIAL_PROTEIN_IMPORT,,0.281535575622737,test,0.5,337,674,0.5,/Users/charlottejob/Code/Evaluation_neuron_interpretability/vega_fcn_sweep/fcn_050
REACTOME_SIGNALING_BY_HIPPO,0.3254907429218292,0.5983878640427328,test,0.5,337,674,0.5,/Users/charlottejob/Code/Evaluation_neuron_interpretability/vega_fcn_sweep/fcn_050
REACTOME_ACTIVATED_NOTCH1_TRANSMITS_SIGNAL_TO_THE_NUCLEUS,-0.0003114882856607,0.30480439546612703,test,0.5,337,674,0.5,/Users/charlottejob/Code/Evaluation_neuron_interpretability/vega_fcn_sweep/fcn_050
REACTOME_TRAFFICKING_AND_PROCESSING_OF_ENDOSOMAL_TLR,0.2688167095184326,0.295253973080566,test,0.5,337,674,0.5,/Users/charlottejob/Code/Evaluation_neuron_interpretability/vega_fcn_sweep/fcn_050
REACTOME_SIGNALING_BY_NOTCH4,,0.873103869476072,test,0.5,337,674,0.5,/Users/charlottejob/Code/Evaluation_neuron_interpretability/vega_fcn_sweep/fcn_050
REACTOME_DOWNSTREAM_SIGNALING_EVENTS_OF_B_CELL_RECEPTOR_BCR,0.3357246220111847,0.7788726029200873,test,0.5,337,674,0.5,/Users/charlottejob/Code/Evaluation_neuron_interpretability/vega_fcn_sweep/fcn_050
REACTOME_ACTIVATION_OF_NF_KAPPAB_IN_B_CELLS,0.5529723167419434,0.8134219529979247,test,0.5,337,674,0.5,/Users/charlottejob/Code/Evaluation_neuron_interpretability/vega_fcn_sweep/fcn_050
REACTOME_RORA_ACTIVATES_CIRCADIAN_EXPRESSION,0.7812726497650146,0.723431628246116,test,0.5,337,674,0.5,/Users/charlottejob/Code/Evaluation_neuron_interpretability/vega_fcn_sweep/fcn_050
REACTOME_ANTIGEN_ACTIVATES_B_CELL_RECEPTOR_LEADING_TO_GENERATION_OF_SECOND_MESSENGERS,0.6655749082565308,0.6515739565615022,test,0.5,337,674,0.5,/Users/charlottejob/Code/Evaluation_neuron_interpretability/vega_fcn_sweep/fcn_050
REACTOME_REGULATION_OF_COMPLEMENT_CASCADE,0.0101151317358016,0.8748702955858434,test,0.5,337,674,0.5,/Users/charlottejob/Code/Evaluation_neuron_interpretability/vega_fcn_sweep/fcn_050
REACTOME_YAP1_AND_WWTR1_TAZ_STIMULATED_GENE_EXPRESSION,,0.3005540287047943,test,0.5,337,674,0.5,/Users/charlottejob/Code/Evaluation_neuron_interpretability/vega_fcn_sweep/fcn_050
REACTOME_SIGNALING_BY_NOTCH2,,0.2865174715351394,test,0.5,337,674,0.5,/Users/charlottejob/Code/Evaluation_neuron_interpretability/vega_fcn_sweep/fcn_050
REACTOME_PRE_NOTCH_EXPRESSION_AND_PROCESSING,,0.8793648300833223,test,0.5,337,674,0.5,/Users/charlottejob/Code/Evaluation_neuron_interpretability/vega_fcn_sweep/fcn_050
REACTOME_SIGNALING_BY_THE_B_CELL_RECEPTOR_BCR,0.4188714921474457,0.7814127831419766,test,0.5,337,674,0.5,/Users/charlottejob/Code/Evaluation_neuron_interpretability/vega_fcn_sweep/fcn_050
REACTOME_EXTRACELLULAR_MATRIX_ORGANIZATION,0.0694602578878402,0.41340123121968697,test,0.5,337,674,0.5,/Users/charlottejob/Code/Evaluation_neuron_interpretability/vega_fcn_sweep/fcn_050
REACTOME_NOTCH1_INTRACELLULAR_DOMAIN_REGULATES_TRANSCRIPTION,0.5647118091583252,0.5874975205334934,test,0.5,337,674,0.5,/Users/charlottejob/Code/Evaluation_neuron_interpretability/vega_fcn_sweep/fcn_050
REACTOME_CIRCADIAN_REPRESSION_OF_EXPRESSION_BY_REV_ERBA,0.7691615223884583,0.6821523220595659,test,0.5,337,674,0.5,/Users/charlottejob/Code/Evaluation_neuron_interpretability/vega_fcn_sweep/fcn_050
REACTOME_PRE_NOTCH_PROCESSING_IN_GOLGI,,0.27728307813113473,test,0.5,337,674,0.5,/Users/charlottejob/Code/Evaluation_neuron_interpretability/vega_fcn_sweep/fcn_050
REACTOME_SIGNALING_BY_NOTCH1,-0.0410913154482841,0.2911274018599581,test,0.5,337,674,0.5,/Users/charlottejob/Code/Evaluation_neuron_interpretability/vega_fcn_sweep/fcn_050
REACTOME_SIGNALING_BY_NOTCH3,,0.295090520437988,test,0.5,337,674,0.5,/Users/charlottejob/Code/Evaluation_neuron_interpretability/vega_fcn_sweep/fcn_050
REACTOME_TRIGLYCERIDE_BIOSYNTHESIS,0.0552320741117,0.3037582079656941,test,0.5,337,674,0.5,/Users/charlottejob/Code/Evaluation_neuron_interpretability/vega_fcn_sweep/fcn_050
REACTOME_INSULIN_RECEPTOR_SIGNALLING_CASCADE,0.0089860912412405,0.8662680076107636,test,0.5,337,674,0.5,/Users/charlottejob/Code/Evaluation_neuron_interpretability/vega_fcn_sweep/fcn_050
REACTOME_ARMS_MEDIATED_ACTIVATION,,0.8762762291148627,test,0.5,337,674,0.5,/Users/charlottejob/Code/Evaluation_neuron_interpretability/vega_fcn_sweep/fcn_050
REACTOME_PROLONGED_ERK_ACTIVATION_EVENTS,,0.2680957989791912,test,0.5,337,674,0.5,/Users/charlottejob/Code/Evaluation_neuron_interpretability/vega_fcn_sweep/fcn_050
REACTOME_SIGNALLING_TO_RAS,0.0478323809802532,0.3000047536801407,test,0.5,337,674,0.5,/Users/charlottejob/Code/Evaluation_neuron_interpretability/vega_fcn_sweep/fcn_050
REACTOME_SIGNALING_BY_BMP,0.0006047303322702,0.8756959662790574,test,0.5,337,674,0.5,/Users/charlottejob/Code/Evaluation_neuron_interpretability/vega_fcn_sweep/fcn_050
REACTOME_CELL_SURFACE_INTERACTIONS_AT_THE_VASCULAR_WALL,0.0385390855371952,0.3907346833098127,test,0.5,337,674,0.5,/Users/charlottejob/Code/Evaluation_neuron_interpretability/vega_fcn_sweep/fcn_050
REACTOME_NGF_SIGNALLING_VIA_TRKA_FROM_THE_PLASMA_MEMBRANE,0.0283498279750347,0.3258674228577969,test,0.5,337,674,0.5,/Users/charlottejob/Code/Evaluation_neuron_interpretability/vega_fcn_sweep/fcn_050
REACTOME_SIGNALLING_TO_ERKS,0.0419674590229988,0.3006936656721892,test,0.5,337,674,0.5,/Users/charlottejob/Code/Evaluation_neuron_interpretability/vega_fcn_sweep/fcn_050
REACTOME_P38MAPK_EVENTS,0.4939858019351959,0.6018722457265295,test,0.5,337,674,0.5,/Users/charlottejob/Code/Evaluation_neuron_interpretability/vega_fcn_sweep/fcn_050
REACTOME_ACYL_CHAIN_REMODELLING_OF_PI,-0.0368263684213161,0.284217253746164,test,0.5,337,674,0.5,/Users/charlottejob/Code/Evaluation_neuron_interpretability/vega_fcn_sweep/fcn_050
REACTOME_TGF_BETA_RECEPTOR_SIGNALING_IN_EMT_EPITHELIAL_TO_MESENCHYMAL_TRANSITION,,0.8705963442830346,test,0.5,337,674,0.5,/Users/charlottejob/Code/Evaluation_neuron_interpretability/vega_fcn_sweep/fcn_050
REACTOME_DOWNREGULATION_OF_TGF_BETA_RECEPTOR_SIGNALING,,0.8787697945295119,test,0.5,337,674,0.5,/Users/charlottejob/Code/Evaluation_neuron_interpretability/vega_fcn_sweep/fcn_050
REACTOME_COLLAGEN_FORMATION,0.3884740769863128,0.6152767787292802,test,0.5,337,674,0.5,/Users/charlottejob/Code/Evaluation_neuron_interpretability/vega_fcn_sweep/fcn_050
REACTOME_SMAD2_SMAD3_SMAD4_HETEROTRIMER_REGULATES_TRANSCRIPTION,0.0428184941411018,0.3684954989062763,test,0.5,337,674,0.5,/Users/charlottejob/Code/Evaluation_neuron_interpretability/vega_fcn_sweep/fcn_050
REACTOME_SIGNALING_BY_FGFR_IN_DISEASE,-0.007290868088603,0.8602387785685452,test,0.5,337,674,0.5,/Users/charlottejob/Code/Evaluation_neuron_interpretability/vega_fcn_sweep/fcn_050
REACTOME_HS_GAG_DEGRADATION,0.0191327910870313,0.325696490547441,test,0.5,337,674,0.5,/Users/charlottejob/Code/Evaluation_neuron_interpretability/vega_fcn_sweep/fcn_050
REACTOME_SYNTHESIS_OF_PIPS_AT_THE_EARLY_ENDOSOME_MEMBRANE,,0.8850150503860752,test,0.5,337,674,0.5,/Users/charlottejob/Code/Evaluation_neuron_interpretability/vega_fcn_sweep/fcn_050
REACTOME_SIGNALLING_TO_P38_VIA_RIT_AND_RIN,0.7013638615608215,0.6137907050710733,test,0.5,337,674,0.5,/Users/charlottejob/Code/Evaluation_neuron_interpretability/vega_fcn_sweep/fcn_050
REACTOME_P53_INDEPENDENT_G1_S_DNA_DAMAGE_CHECKPOINT,,0.879005365789818,test,0.5,337,674,0.5,/Users/charlottejob/Code/Evaluation_neuron_interpretability/vega_fcn_sweep/fcn_050
REACTOME_REGULATION_OF_HYPOXIA_INDUCIBLE_FACTOR_HIF_BY_OXYGEN,,0.8779077782140208,test,0.5,337,674,0.5,/Users/charlottejob/Code/Evaluation_neuron_interpretability/vega_fcn_sweep/fcn_050
REACTOME_ACYL_CHAIN_REMODELLING_OF_PC,0.0211055371910333,0.3138052516874378,test,0.5,337,674,0.5,/Users/charlottejob/Code/Evaluation_neuron_interpretability/vega_fcn_sweep/fcn_050
REACTOME_SYNTHESIS_OF_PIPS_AT_THE_GOLGI_MEMBRANE,,0.3029079963355581,test,0.5,337,674,0.5,/Users/charlottejob/Code/Evaluation_neuron_interpretability/vega_fcn_sweep/fcn_050
REACTOME_TGF_BETA_RECEPTOR_SIGNALING_ACTIVATES_SMADS,,0.2948427343715918,test,0.5,337,674,0.5,/Users/charlottejob/Code/Evaluation_neuron_interpretability/vega_fcn_sweep/fcn_050
REACTOME_ACTIVATED_POINT_MUTANTS_OF_FGFR2,,0.8743096453343804,test,0.5,337,674,0.5,/Users/charlottejob/Code/Evaluation_neuron_interpretability/vega_fcn_sweep/fcn_050
REACTOME_PHOSPHOLIPID_METABOLISM,0.0583900809288024,0.3112224131285952,test,0.5,337,674,0.5,/Users/charlottejob/Code/Evaluation_neuron_interpretability/vega_fcn_sweep/fcn_050
REACTOME_CS_DS_DEGRADATION,0.0466754734516143,0.3120618094116327,test,0.5,337,674,0.5,/Users/charlottejob/Code/Evaluation_neuron_interpretability/vega_fcn_sweep/fcn_050
REACTOME_SYNTHESIS_OF_PA,0.0387893170118331,0.2915317405903346,test,0.5,337,674,0.5,/Users/charlottejob/Code/Evaluation_neuron_interpretability/vega_fcn_sweep/fcn_050
REACTOME_OXYGEN_DEPENDENT_PROLINE_HYDROXYLATION_OF_HYPOXIA_INDUCIBLE_FACTOR_ALPHA,,0.8762936788378484,test,0.5,337,674,0.5,/Users/charlottejob/Code/Evaluation_neuron_interpretability/vega_fcn_sweep/fcn_050
REACTOME_SYNTHESIS_OF_PIPS_AT_THE_LATE_ENDOSOME_MEMBRANE,,0.8786668411638965,test,0.5,337,674,0.5,/Users/charlottejob/Code/Evaluation_neuron_interpretability/vega_fcn_sweep/fcn_050
REACTOME_SYNTHESIS_OF_PE,,0.3309305064782096,test,0.5,337,674,0.5,/Users/charlottejob/Code/Evaluation_neuron_interpretability/vega_fcn_sweep/fcn_050
REACTOME_GASTRIN_CREB_SIGNALLING_PATHWAY_VIA_PKC_AND_MAPK,0.0757559165358543,0.38294263431091696,test,0.5,337,674,0.5,/Users/charlottejob/Code/Evaluation_neuron_interpretability/vega_fcn_sweep/fcn_050
REACTOME_CHONDROITIN_SULFATE_BIOSYNTHESIS,0.0705348625779151,0.3011696060412969,test,0.5,337,674,0.5,/Users/charlottejob/Code/Evaluation_neuron_interpretability/vega_fcn_sweep/fcn_050
REACTOME_HYALURONAN_UPTAKE_AND_DEGRADATION,,0.8709767482441216,test,0.5,337,674,0.5,/Users/charlottejob/Code/Evaluation_neuron_interpretability/vega_fcn_sweep/fcn_050
REACTOME_SIGNALING_BY_FGFR1_MUTANTS,-0.0367884039878845,0.3133416580320058,test,0.5,337,674,0.5,/Users/charlottejob/Code/Evaluation_neuron_interpretability/vega_fcn_sweep/fcn_050
REACTOME_SYNTHESIS_OF_PIPS_AT_THE_PLASMA_MEMBRANE,-0.0095629906281828,0.32338132658263463,test,0.5,337,674,0.5,/Users/charlottejob/Code/Evaluation_neuron_interpretability/vega_fcn_sweep/fcn_050
REACTOME_THE_ACTIVATION_OF_ARYLSULFATASES,0.0368516705930233,0.6534442233411566,test,0.5,337,674,0.5,/Users/charlottejob/Code/Evaluation_neuron_interpretability/vega_fcn_sweep/fcn_050
REACTOME_TRANSCRIPTIONAL_ACTIVITY_OF_SMAD2_SMAD3_SMAD4_HETEROTRIMER,0.6736231446266174,0.9808139903937708,test,0.5,337,674,0.5,/Users/charlottejob/Code/Evaluation_neuron_interpretability/vega_fcn_sweep/fcn_050
REACTOME_HYALURONAN_METABOLISM,,0.2826087335863543,test,0.5,337,674,0.5,/Users/charlottejob/Code/Evaluation_neuron_interpretability/vega_fcn_sweep/fcn_050
REACTOME_DOWNREGULATION_OF_SMAD2_3_SMAD4_TRANSCRIPTIONAL_ACTIVITY,0.0149157084524631,0.3177227877453795,test,0.5,337,674,0.5,/Users/charlottejob/Code/Evaluation_neuron_interpretability/vega_fcn_sweep/fcn_050
REACTOME_KERATAN_SULFATE_BIOSYNTHESIS,0.7069430351257324,0.6108226267420634,test,0.5,337,674,0.5,/Users/charlottejob/Code/Evaluation_neuron_interpretability/vega_fcn_sweep/fcn_050
REACTOME_REVERSIBLE_HYDRATION_OF_CARBON_DIOXIDE,0.090517483651638,0.678410278456414,test,0.5,337,674,0.5,/Users/charlottejob/Code/Evaluation_neuron_interpretability/vega_fcn_sweep/fcn_050
REACTOME_SIGNALING_BY_FGFR1_FUSION_MUTANTS,0.7984763979911804,0.6571772112849852,test,0.5,337,674,0.5,/Users/charlottejob/Code/Evaluation_neuron_interpretability/vega_fcn_sweep/fcn_050
REACTOME_ALPHA_LINOLENIC_ACID_ALA_METABOLISM,-0.0157151632010936,0.33201680244488563,test,0.5,337,674,0.5,/Users/charlottejob/Code/Evaluation_neuron_interpretability/vega_fcn_sweep/fcn_050
REACTOME_SIGNALING_BY_ACTIVATED_POINT_MUTANTS_OF_FGFR1,-0.0213525667786598,0.2878077766728028,test,0.5,337,674,0.5,/Users/charlottejob/Code/Evaluation_neuron_interpretability/vega_fcn_sweep/fcn_050
REACTOME_PI_METABOLISM,-0.01317566819489,0.3501749204507497,test,0.5,337,674,0.5,/Users/charlottejob/Code/Evaluation_neuron_interpretability/vega_fcn_sweep/fcn_050
REACTOME_ABACAVIR_TRANSPORT_AND_METABOLISM,,0.8782620075906296,test,0.5,337,674,0.5,/Users/charlottejob/Code/Evaluation_neuron_interpretability/vega_fcn_sweep/fcn_050
REACTOME_CHONDROITIN_SULFATE_DERMATAN_SULFATE_METABOLISM,0.4809542298316955,0.6485441801435545,test,0.5,337,674,0.5,/Users/charlottejob/Code/Evaluation_neuron_interpretability/vega_fcn_sweep/fcn_050
REACTOME_LATENT_INFECTION_OF_HOMO_SAPIENS_WITH_MYCOBACTERIUM_TUBERCULOSIS,0.2492606490850448,0.3381340165949977,test,0.5,337,674,0.5,/Users/charlottejob/Code/Evaluation_neuron_interpretability/vega_fcn_sweep/fcn_050
REACTOME_SYNTHESIS_OF_PC,,0.8885887536535357,test,0.5,337,674,0.5,/Users/charlottejob/Code/Evaluation_neuron_interpretability/vega_fcn_sweep/fcn_050
REACTOME_HS_GAG_BIOSYNTHESIS,0.0389784984290599,0.7994830713738977,test,0.5,337,674,0.5,/Users/charlottejob/Code/Evaluation_neuron_interpretability/vega_fcn_sweep/fcn_050
REACTOME_SIGNALING_BY_FGFR3_MUTANTS,,0.8795480521746718,test,0.5,337,674,0.5,/Users/charlottejob/Code/Evaluation_neuron_interpretability/vega_fcn_sweep/fcn_050
REACTOME_KERATAN_SULFATE_KERATIN_METABOLISM,0.5151442289352417,0.5983860564249257,test,0.5,337,674,0.5,/Users/charlottejob/Code/Evaluation_neuron_interpretability/vega_fcn_sweep/fcn_050
REACTOME_APOPTOSIS_INDUCED_DNA_FRAGMENTATION,0.0033218539319932,0.3098184622372931,test,0.5,337,674,0.5,/Users/charlottejob/Code/Evaluation_neuron_interpretability/vega_fcn_sweep/fcn_050
REACTOME_KERATAN_SULFATE_DEGRADATION,-0.0057825334370136,0.3217332864291002,test,0.5,337,674,0.5,/Users/charlottejob/Code/Evaluation_neuron_interpretability/vega_fcn_sweep/fcn_050
REACTOME_HEPARAN_SULFATE_HEPARIN_HS_GAG_METABOLISM,0.2111221253871917,0.294013770499909,test,0.5,337,674,0.5,/Users/charlottejob/Code/Evaluation_neuron_interpretability/vega_fcn_sweep/fcn_050
REACTOME_GLYCOSAMINOGLYCAN_METABOLISM,0.2823489308357239,0.5987045357238664,test,0.5,337,674,0.5,/Users/charlottejob/Code/Evaluation_neuron_interpretability/vega_fcn_sweep/fcn_050
REACTOME_ACYL_CHAIN_REMODELLING_OF_PG,0.0120816640555858,0.3134732696939332,test,0.5,337,674,0.5,/Users/charlottejob/Code/Evaluation_neuron_interpretability/vega_fcn_sweep/fcn_050
REACTOME_ACYL_CHAIN_REMODELLING_OF_PE,0.6485185623168945,0.602579293709401,test,0.5,337,674,0.5,/Users/charlottejob/Code/Evaluation_neuron_interpretability/vega_fcn_sweep/fcn_050
REACTOME_ACYL_CHAIN_REMODELLING_OF_PS,0.032873123884201,0.2710859975530079,test,0.5,337,674,0.5,/Users/charlottejob/Code/Evaluation_neuron_interpretability/vega_fcn_sweep/fcn_050
REACTOME_SIGNALING_BY_FGFR_MUTANTS,0.7500635981559753,0.6559378547358008,test,0.5,337,674,0.5,/Users/charlottejob/Code/Evaluation_neuron_interpretability/vega_fcn_sweep/fcn_050
REACTOME_MHC_CLASS_II_ANTIGEN_PRESENTATION,0.5241894721984863,0.9664116995690598,test,0.5,337,674,0.5,/Users/charlottejob/Code/Evaluation_neuron_interpretability/vega_fcn_sweep/fcn_050
REACTOME_GLYCEROPHOSPHOLIPID_BIOSYNTHESIS,0.0378471612930297,0.34039693933951753,test,0.5,337,674,0.5,/Users/charlottejob/Code/Evaluation_neuron_interpretability/vega_fcn_sweep/fcn_050
REACTOME_A_TETRASACCHARIDE_LINKER_SEQUENCE_IS_REQUIRED_FOR_GAG_SYNTHESIS,0.0514442697167396,0.2940427854985,test,0.5,337,674,0.5,/Users/charlottejob/Code/Evaluation_neuron_interpretability/vega_fcn_sweep/fcn_050
REACTOME_CDK_MEDIATED_PHOSPHORYLATION_AND_REMOVAL_OF_CDC6,,0.32559961610609434,test,0.5,337,674,0.5,/Users/charlottejob/Code/Evaluation_neuron_interpretability/vega_fcn_sweep/fcn_050
REACTOME_PLATELET_ADHESION_TO_EXPOSED_COLLAGEN,0.4151349067687988,0.7541233760525992,test,0.5,337,674,0.5,/Users/charlottejob/Code/Evaluation_neuron_interpretability/vega_fcn_sweep/fcn_050
REACTOME_VEGF_LIGAND_RECEPTOR_INTERACTIONS,0.0272301156073808,0.3060206981157795,test,0.5,337,674,0.5,/Users/charlottejob/Code/Evaluation_neuron_interpretability/vega_fcn_sweep/fcn_050
REACTOME_ENOS_ACTIVATION_AND_REGULATION,-0.0135902408510446,0.2712324787312055,test,0.5,337,674,0.5,/Users/charlottejob/Code/Evaluation_neuron_interpretability/vega_fcn_sweep/fcn_050
REACTOME_MICRORNA_MIRNA_BIOGENESIS,,0.32117960127382983,test,0.5,337,674,0.5,/Users/charlottejob/Code/Evaluation_neuron_interpretability/vega_fcn_sweep/fcn_050
REACTOME_NUCLEAR_EVENTS_KINASE_AND_TRANSCRIPTION_FACTOR_ACTIVATION,0.0886484384536743,0.3177747142950204,test,0.5,337,674,0.5,/Users/charlottejob/Code/Evaluation_neuron_interpretability/vega_fcn_sweep/fcn_050
REACTOME_RETROGRADE_NEUROTROPHIN_SIGNALLING,,0.8724809143654845,test,0.5,337,674,0.5,/Users/charlottejob/Code/Evaluation_neuron_interpretability/vega_fcn_sweep/fcn_050
REACTOME_ERKS_ARE_INACTIVATED,0.1637895703315735,0.3077193537612291,test,0.5,337,674,0.5,/Users/charlottejob/Code/Evaluation_neuron_interpretability/vega_fcn_sweep/fcn_050
REACTOME_NEGATIVE_REGULATION_OF_THE_PI3K_AKT_NETWORK,,0.3046023644374646,test,0.5,337,674,0.5,/Users/charlottejob/Code/Evaluation_neuron_interpretability/vega_fcn_sweep/fcn_050
REACTOME_PI3K_AKT_ACTIVATION,0.0398640222847461,0.8788587248549029,test,0.5,337,674,0.5,/Users/charlottejob/Code/Evaluation_neuron_interpretability/vega_fcn_sweep/fcn_050
REACTOME_REGULATORY_RNA_PATHWAYS,,0.2904314444008202,test,0.5,337,674,0.5,/Users/charlottejob/Code/Evaluation_neuron_interpretability/vega_fcn_sweep/fcn_050
REACTOME_EGFR_DOWNREGULATION,-0.0251264758408069,0.28488196059694393,test,0.5,337,674,0.5,/Users/charlottejob/Code/Evaluation_neuron_interpretability/vega_fcn_sweep/fcn_050
REACTOME_PROCESSING_OF_CAPPED_INTRON_CONTAINING_PRE_MRNA,0.7706878185272217,0.7465377223978675,test,0.5,337,674,0.5,/Users/charlottejob/Code/Evaluation_neuron_interpretability/vega_fcn_sweep/fcn_050
REACTOME_PECAM1_INTERACTIONS,0.5331279635429382,0.5754154724757763,test,0.5,337,674,0.5,/Users/charlottejob/Code/Evaluation_neuron_interpretability/vega_fcn_sweep/fcn_050
REACTOME_TCR_SIGNALING,0.0266995355486869,0.33793573086966544,test,0.5,337,674,0.5,/Users/charlottejob/Code/Evaluation_neuron_interpretability/vega_fcn_sweep/fcn_050
REACTOME_REGULATION_OF_PYRUVATE_DEHYDROGENASE_PDH_COMPLEX,0.0272400937974452,0.7761635487602756,test,0.5,337,674,0.5,/Users/charlottejob/Code/Evaluation_neuron_interpretability/vega_fcn_sweep/fcn_050
REACTOME_DOWNSTREAM_TCR_SIGNALING,0.3891879916191101,0.8508322743350653,test,0.5,337,674,0.5,/Users/charlottejob/Code/Evaluation_neuron_interpretability/vega_fcn_sweep/fcn_050
REACTOME_BASIGIN_INTERACTIONS,0.560386061668396,0.7597420000987425,test,0.5,337,674,0.5,/Users/charlottejob/Code/Evaluation_neuron_interpretability/vega_fcn_sweep/fcn_050
REACTOME_AKT_PHOSPHORYLATES_TARGETS_IN_THE_CYTOSOL,0.0129513461142778,0.3041496512275801,test,0.5,337,674,0.5,/Users/charlottejob/Code/Evaluation_neuron_interpretability/vega_fcn_sweep/fcn_050
REACTOME_GAB1_SIGNALOSOME,0.0104260742664337,0.8634277408429728,test,0.5,337,674,0.5,/Users/charlottejob/Code/Evaluation_neuron_interpretability/vega_fcn_sweep/fcn_050
REACTOME_SHC1_EVENTS_IN_EGFR_SIGNALING,,0.8755450857217643,test,0.5,337,674,0.5,/Users/charlottejob/Code/Evaluation_neuron_interpretability/vega_fcn_sweep/fcn_050
REACTOME_ACTIVATION_OF_THE_MRNA_UPON_BINDING_OF_THE_CAP_BINDING_COMPLEX_AND_EIFS_AND_SUBSEQUENT_BINDING_TO_43S,0.0897697061300277,0.45186221919480046,test,0.5,337,674,0.5,/Users/charlottejob/Code/Evaluation_neuron_interpretability/vega_fcn_sweep/fcn_050
REACTOME_PHOSPHORYLATION_OF_CD3_AND_TCR_ZETA_CHAINS,0.001598872244358,0.3521153662496418,test,0.5,337,674,0.5,/Users/charlottejob/Code/Evaluation_neuron_interpretability/vega_fcn_sweep/fcn_050
REACTOME_GLUTAMATE_NEUROTRANSMITTER_RELEASE_CYCLE,0.0267735011875629,0.8816466007913502,test,0.5,337,674,0.5,/Users/charlottejob/Code/Evaluation_neuron_interpretability/vega_fcn_sweep/fcn_050
REACTOME_TRANSLOCATION_OF_ZAP_70_TO_IMMUNOLOGICAL_SYNAPSE,0.0775321945548057,0.8898527502767783,test,0.5,337,674,0.5,/Users/charlottejob/Code/Evaluation_neuron_interpretability/vega_fcn_sweep/fcn_050
REACTOME_ERK_MAPK_TARGETS,0.123782604932785,0.2838827355140401,test,0.5,337,674,0.5,/Users/charlottejob/Code/Evaluation_neuron_interpretability/vega_fcn_sweep/fcn_050
REACTOME_TIE2_SIGNALING,0.0406249836087226,0.8757519350496381,test,0.5,337,674,0.5,/Users/charlottejob/Code/Evaluation_neuron_interpretability/vega_fcn_sweep/fcn_050
REACTOME_GENERATION_OF_SECOND_MESSENGER_MOLECULES,0.0659790411591529,0.8884826908260048,test,0.5,337,674,0.5,/Users/charlottejob/Code/Evaluation_neuron_interpretability/vega_fcn_sweep/fcn_050
REACTOME_GENERIC_TRANSCRIPTION_PATHWAY,0.5956080555915833,0.9796655456601412,test,0.5,337,674,0.5,/Users/charlottejob/Code/Evaluation_neuron_interpretability/vega_fcn_sweep/fcn_050
REACTOME_RESPONSE_TO_ELEVATED_PLATELET_CYTOSOLIC_CA2_,0.0506672412157058,0.45487426738757153,test,0.5,337,674,0.5,/Users/charlottejob/Code/Evaluation_neuron_interpretability/vega_fcn_sweep/fcn_050
REACTOME_TRANSPORT_OF_MATURE_TRANSCRIPT_TO_CYTOPLASM,0.057968582957983,0.3182319756989648,test,0.5,337,674,0.5,/Users/charlottejob/Code/Evaluation_neuron_interpretability/vega_fcn_sweep/fcn_050
REACTOME_METABOLISM_OF_AMINO_ACIDS_AND_DERIVATIVES,0.5137923359870911,0.9008008717547238,test,0.5,337,674,0.5,/Users/charlottejob/Code/Evaluation_neuron_interpretability/vega_fcn_sweep/fcn_050
REACTOME_RNA_POL_I_TRANSCRIPTION,0.5129600763320923,0.9910700371477756,test,0.5,337,674,0.5,/Users/charlottejob/Code/Evaluation_neuron_interpretability/vega_fcn_sweep/fcn_050
REACTOME_FATTY_ACYL_COA_BIOSYNTHESIS,0.0208512339740991,0.8867730774699437,test,0.5,337,674,0.5,/Users/charlottejob/Code/Evaluation_neuron_interpretability/vega_fcn_sweep/fcn_050
REACTOME_E2F_ENABLED_INHIBITION_OF_PRE_REPLICATION_COMPLEX_FORMATION,,0.28405706059416314,test,0.5,337,674,0.5,/Users/charlottejob/Code/Evaluation_neuron_interpretability/vega_fcn_sweep/fcn_050
REACTOME_P75NTR_RECRUITS_SIGNALLING_COMPLEXES,,0.2894106356061597,test,0.5,337,674,0.5,/Users/charlottejob/Code/Evaluation_neuron_interpretability/vega_fcn_sweep/fcn_050
REACTOME_BIOLOGICAL_OXIDATIONS,0.0441684648394584,0.3258771298679841,test,0.5,337,674,0.5,/Users/charlottejob/Code/Evaluation_neuron_interpretability/vega_fcn_sweep/fcn_050
REACTOME_REGULATED_PROTEOLYSIS_OF_P75NTR,,0.3168520699733892,test,0.5,337,674,0.5,/Users/charlottejob/Code/Evaluation_neuron_interpretability/vega_fcn_sweep/fcn_050
REACTOME_TRANSMISSION_ACROSS_CHEMICAL_SYNAPSES,0.0551892295479774,0.3237048254716099,test,0.5,337,674,0.5,/Users/charlottejob/Code/Evaluation_neuron_interpretability/vega_fcn_sweep/fcn_050
REACTOME_P75NTR_SIGNALS_VIA_NFKB,0.0479245707392692,0.2981168321274329,test,0.5,337,674,0.5,/Users/charlottejob/Code/Evaluation_neuron_interpretability/vega_fcn_sweep/fcn_050
REACTOME_CASPASE_MEDIATED_CLEAVAGE_OF_CYTOSKELETAL_PROTEINS,0.5941700339317322,0.9242527478912146,test,0.5,337,674,0.5,/Users/charlottejob/Code/Evaluation_neuron_interpretability/vega_fcn_sweep/fcn_050
REACTOME_XENOBIOTICS,0.0188131164759397,0.3335937199637905,test,0.5,337,674,0.5,/Users/charlottejob/Code/Evaluation_neuron_interpretability/vega_fcn_sweep/fcn_050
REACTOME_INTEGRIN_CELL_SURFACE_INTERACTIONS,0.2486162930727005,0.5789002125886983,test,0.5,337,674,0.5,/Users/charlottejob/Code/Evaluation_neuron_interpretability/vega_fcn_sweep/fcn_050
REACTOME_REGULATION_OF_ORNITHINE_DECARBOXYLASE_ODC,0.8103262186050415,0.6246360703638073,test,0.5,337,674,0.5,/Users/charlottejob/Code/Evaluation_neuron_interpretability/vega_fcn_sweep/fcn_050
REACTOME_CYTOCHROME_P450_ARRANGED_BY_SUBSTRATE_TYPE,0.050523042678833,0.3039221382405397,test,0.5,337,674,0.5,/Users/charlottejob/Code/Evaluation_neuron_interpretability/vega_fcn_sweep/fcn_050
REACTOME_BASE_FREE_SUGAR_PHOSPHATE_REMOVAL_VIA_THE_SINGLE_NUCLEOTIDE_REPLACEMENT_PATHWAY,,0.8787645596126162,test,0.5,337,674,0.5,/Users/charlottejob/Code/Evaluation_neuron_interpretability/vega_fcn_sweep/fcn_050
REACTOME_APOPTOTIC_CLEAVAGE_OF_CELL_ADHESION_PROTEINS,0.0296535082161426,0.3054667628611903,test,0.5,337,674,0.5,/Users/charlottejob/Code/Evaluation_neuron_interpretability/vega_fcn_sweep/fcn_050
REACTOME_HDL_MEDIATED_LIPID_TRANSPORT,0.0046231793239712,0.32407173705760284,test,0.5,337,674,0.5,/Users/charlottejob/Code/Evaluation_neuron_interpretability/vega_fcn_sweep/fcn_050
REACTOME_NRAGE_SIGNALS_DEATH_THROUGH_JNK,0.0270655564963817,0.3343705500764727,test,0.5,337,674,0.5,/Users/charlottejob/Code/Evaluation_neuron_interpretability/vega_fcn_sweep/fcn_050
REACTOME_SLBP_DEPENDENT_PROCESSING_OF_REPLICATION_DEPENDENT_HISTONE_PRE_MRNAS,,0.8744684378135497,test,0.5,337,674,0.5,/Users/charlottejob/Code/Evaluation_neuron_interpretability/vega_fcn_sweep/fcn_050
REACTOME_NRIF_SIGNALS_CELL_DEATH_FROM_THE_NUCLEUS,,0.8768555599179864,test,0.5,337,674,0.5,/Users/charlottejob/Code/Evaluation_neuron_interpretability/vega_fcn_sweep/fcn_050
REACTOME_REGULATION_OF_APOPTOSIS,0.0182711612433195,0.8628385459179643,test,0.5,337,674,0.5,/Users/charlottejob/Code/Evaluation_neuron_interpretability/vega_fcn_sweep/fcn_050
REACTOME_RNA_POL_II_TRANSCRIPTION,0.6035965085029602,0.7182817575043724,test,0.5,337,674,0.5,/Users/charlottejob/Code/Evaluation_neuron_interpretability/vega_fcn_sweep/fcn_050
REACTOME_NEURONAL_SYSTEM,0.0285808704793453,0.3134473498233215,test,0.5,337,674,0.5,/Users/charlottejob/Code/Evaluation_neuron_interpretability/vega_fcn_sweep/fcn_050
REACTOME_NFKB_IS_ACTIVATED_AND_SIGNALS_SURVIVAL,0.1206035315990448,0.3593145296988053,test,0.5,337,674,0.5,/Users/charlottejob/Code/Evaluation_neuron_interpretability/vega_fcn_sweep/fcn_050
REACTOME_REGULATION_OF_BETA_CELL_DEVELOPMENT,0.5273289680480957,0.6156115988126647,test,0.5,337,674,0.5,/Users/charlottejob/Code/Evaluation_neuron_interpretability/vega_fcn_sweep/fcn_050
REACTOME_PHASE1_FUNCTIONALIZATION_OF_COMPOUNDS,0.5277881622314453,0.6012248998114722,test,0.5,337,674,0.5,/Users/charlottejob/Code/Evaluation_neuron_interpretability/vega_fcn_sweep/fcn_050
REACTOME_RNA_POL_III_TRANSCRIPTION,,0.2722907123849409,test,0.5,337,674,0.5,/Users/charlottejob/Code/Evaluation_neuron_interpretability/vega_fcn_sweep/fcn_050
REACTOME_CELL_DEATH_SIGNALLING_VIA_NRAGE_NRIF_AND_NADE,0.388746440410614,0.6562693435484955,test,0.5,337,674,0.5,/Users/charlottejob/Code/Evaluation_neuron_interpretability/vega_fcn_sweep/fcn_050
REACTOME_NEUROTRANSMITTER_RELEASE_CYCLE,0.0476100668311119,0.8846443616761638,test,0.5,337,674,0.5,/Users/charlottejob/Code/Evaluation_neuron_interpretability/vega_fcn_sweep/fcn_050
REACTOME_P75_NTR_RECEPTOR_MEDIATED_SIGNALLING,0.0403219647705554,0.304707155032222,test,0.5,337,674,0.5,/Users/charlottejob/Code/Evaluation_neuron_interpretability/vega_fcn_sweep/fcn_050
REACTOME_AMINO_ACID_TRANSPORT_ACROSS_THE_PLASMA_MEMBRANE,0.1216780245304107,0.2863159154971733,test,0.5,337,674,0.5,/Users/charlottejob/Code/Evaluation_neuron_interpretability/vega_fcn_sweep/fcn_050
REACTOME_ENDOGENOUS_STEROLS,0.0006997724995017,0.3204507497846456,test,0.5,337,674,0.5,/Users/charlottejob/Code/Evaluation_neuron_interpretability/vega_fcn_sweep/fcn_050
REACTOME_REGULATION_OF_GENE_EXPRESSION_IN_BETA_CELLS,,0.8830745033606645,test,0.5,337,674,0.5,/Users/charlottejob/Code/Evaluation_neuron_interpretability/vega_fcn_sweep/fcn_050
REACTOME_GLYCOLYSIS,-0.0181539822369813,0.3672688960178656,test,0.5,337,674,0.5,/Users/charlottejob/Code/Evaluation_neuron_interpretability/vega_fcn_sweep/fcn_050
REACTOME_PROCESSIVE_SYNTHESIS_ON_THE_LAGGING_STRAND,,0.8682563364306591,test,0.5,337,674,0.5,/Users/charlottejob/Code/Evaluation_neuron_interpretability/vega_fcn_sweep/fcn_050
REACTOME_PEPTIDE_CHAIN_ELONGATION,0.7967228293418884,0.999998226120028,test,0.5,337,674,0.5,/Users/charlottejob/Code/Evaluation_neuron_interpretability/vega_fcn_sweep/fcn_050
REACTOME_COMMON_PATHWAY,0.1986209899187088,0.6127103000896577,test,0.5,337,674,0.5,/Users/charlottejob/Code/Evaluation_neuron_interpretability/vega_fcn_sweep/fcn_050
REACTOME_MRNA_CAPPING,0.6311162710189819,0.6739336831209624,test,0.5,337,674,0.5,/Users/charlottejob/Code/Evaluation_neuron_interpretability/vega_fcn_sweep/fcn_050
REACTOME_MITOCHONDRIAL_FATTY_ACID_BETA_OXIDATION,,0.8792112725210488,test,0.5,337,674,0.5,/Users/charlottejob/Code/Evaluation_neuron_interpretability/vega_fcn_sweep/fcn_050
REACTOME_SIGNALING_BY_GPCR,0.2400944828987121,0.3535418431017531,test,0.5,337,674,0.5,/Users/charlottejob/Code/Evaluation_neuron_interpretability/vega_fcn_sweep/fcn_050
REACTOME_PEPTIDE_LIGAND_BINDING_RECEPTORS,0.0208564214408397,0.3516377139713506,test,0.5,337,674,0.5,/Users/charlottejob/Code/Evaluation_neuron_interpretability/vega_fcn_sweep/fcn_050
REACTOME_METABOLISM_OF_POLYAMINES,0.6004671454429626,0.8899605689413468,test,0.5,337,674,0.5,/Users/charlottejob/Code/Evaluation_neuron_interpretability/vega_fcn_sweep/fcn_050
REACTOME_CLASS_A1_RHODOPSIN_LIKE_RECEPTORS,0.1299299299716949,0.38843954532252056,test,0.5,337,674,0.5,/Users/charlottejob/Code/Evaluation_neuron_interpretability/vega_fcn_sweep/fcn_050
REACTOME_NOTCH_HLH_TRANSCRIPTION_PATHWAY,,0.2837900798324826,test,0.5,337,674,0.5,/Users/charlottejob/Code/Evaluation_neuron_interpretability/vega_fcn_sweep/fcn_050
REACTOME_INTEGRATION_OF_ENERGY_METABOLISM,0.0385421589016914,0.3498027884021287,test,0.5,337,674,0.5,/Users/charlottejob/Code/Evaluation_neuron_interpretability/vega_fcn_sweep/fcn_050
REACTOME_CELL_CYCLE_MITOTIC,-0.0244346130639314,0.3169910445528821,test,0.5,337,674,0.5,/Users/charlottejob/Code/Evaluation_neuron_interpretability/vega_fcn_sweep/fcn_050
REACTOME_GLUCONEOGENESIS,0.6131465435028076,0.9543453796705152,test,0.5,337,674,0.5,/Users/charlottejob/Code/Evaluation_neuron_interpretability/vega_fcn_sweep/fcn_050
REACTOME_DOPAMINE_NEUROTRANSMITTER_RELEASE_CYCLE,0.0061775813810527,0.8867459427434883,test,0.5,337,674,0.5,/Users/charlottejob/Code/Evaluation_neuron_interpretability/vega_fcn_sweep/fcn_050
REACTOME_OPIOID_SIGNALLING,0.1220182478427887,0.6443590605815046,test,0.5,337,674,0.5,/Users/charlottejob/Code/Evaluation_neuron_interpretability/vega_fcn_sweep/fcn_050
REACTOME_RECRUITMENT_OF_MITOTIC_CENTROSOME_PROTEINS_AND_COMPLEXES,0.7815023064613342,0.7088363945235863,test,0.5,337,674,0.5,/Users/charlottejob/Code/Evaluation_neuron_interpretability/vega_fcn_sweep/fcn_050
REACTOME_MITOCHONDRIAL_TRNA_AMINOACYLATION,0.7855415940284729,0.6028331556923011,test,0.5,337,674,0.5,/Users/charlottejob/Code/Evaluation_neuron_interpretability/vega_fcn_sweep/fcn_050
REACTOME_CYTOSOLIC_TRNA_AMINOACYLATION,0.0149406921118497,0.3114581090943458,test,0.5,337,674,0.5,/Users/charlottejob/Code/Evaluation_neuron_interpretability/vega_fcn_sweep/fcn_050
REACTOME_CA_DEPENDENT_EVENTS,-0.0106965582817792,0.2754917989557514,test,0.5,337,674,0.5,/Users/charlottejob/Code/Evaluation_neuron_interpretability/vega_fcn_sweep/fcn_050
REACTOME_ACETYLCHOLINE_NEUROTRANSMITTER_RELEASE_CYCLE,0.0174747109413146,0.8848504404618325,test,0.5,337,674,0.5,/Users/charlottejob/Code/Evaluation_neuron_interpretability/vega_fcn_sweep/fcn_050
REACTOME_ADENYLATE_CYCLASE_ACTIVATING_PATHWAY,,0.2836836365222702,test,0.5,337,674,0.5,/Users/charlottejob/Code/Evaluation_neuron_interpretability/vega_fcn_sweep/fcn_050
REACTOME_ADENYLATE_CYCLASE_INHIBITORY_PATHWAY,,0.2969140164899883,test,0.5,337,674,0.5,/Users/charlottejob/Code/Evaluation_neuron_interpretability/vega_fcn_sweep/fcn_050
REACTOME_DARPP_32_EVENTS,-0.0072975978255271,0.3369776558901605,test,0.5,337,674,0.5,/Users/charlottejob/Code/Evaluation_neuron_interpretability/vega_fcn_sweep/fcn_050
REACTOME_CHEMOKINE_RECEPTORS_BIND_CHEMOKINES,0.0438097417354583,0.693645017632737,test,0.5,337,674,0.5,/Users/charlottejob/Code/Evaluation_neuron_interpretability/vega_fcn_sweep/fcn_050
REACTOME_LOSS_OF_NLP_FROM_MITOTIC_CENTROSOMES,0.7643347382545471,0.7693926888146033,test,0.5,337,674,0.5,/Users/charlottejob/Code/Evaluation_neuron_interpretability/vega_fcn_sweep/fcn_050
REACTOME_NEUROTRANSMITTER_RECEPTOR_BINDING_AND_DOWNSTREAM_TRANSMISSION_IN_THE_POSTSYNAPTIC_CELL,0.0121483393013477,0.3085782010488966,test,0.5,337,674,0.5,/Users/charlottejob/Code/Evaluation_neuron_interpretability/vega_fcn_sweep/fcn_050
REACTOME_CELL_CYCLE_CHECKPOINTS,0.0072501562535762,0.3157715857901977,test,0.5,337,674,0.5,/Users/charlottejob/Code/Evaluation_neuron_interpretability/vega_fcn_sweep/fcn_050
REACTOME_DIABETES_PATHWAYS,0.385660171508789,0.6331503290335342,test,0.5,337,674,0.5,/Users/charlottejob/Code/Evaluation_neuron_interpretability/vega_fcn_sweep/fcn_050
REACTOME_P130CAS_LINKAGE_TO_MAPK_SIGNALING_FOR_INTEGRINS,0.6944843530654907,0.7706009202224761,test,0.5,337,674,0.5,/Users/charlottejob/Code/Evaluation_neuron_interpretability/vega_fcn_sweep/fcn_050
REACTOME_GLYCOPROTEIN_HORMONES,,0.2751664267329756,test,0.5,337,674,0.5,/Users/charlottejob/Code/Evaluation_neuron_interpretability/vega_fcn_sweep/fcn_050
REACTOME_NOREPINEPHRINE_NEUROTRANSMITTER_RELEASE_CYCLE,-0.0197651945054531,0.8743537659663005,test,0.5,337,674,0.5,/Users/charlottejob/Code/Evaluation_neuron_interpretability/vega_fcn_sweep/fcn_050
REACTOME_PLC_BETA_MEDIATED_EVENTS,0.0844516679644584,0.6990374678026202,test,0.5,337,674,0.5,/Users/charlottejob/Code/Evaluation_neuron_interpretability/vega_fcn_sweep/fcn_050
REACTOME_REGULATION_OF_INSULIN_LIKE_GROWTH_FACTOR_IGF_ACTIVITY_BY_INSULIN_LIKE_GROWTH_FACTOR_BINDING_PROTEINS_IGFBPS,0.0546437539160251,0.2691034661130392,test,0.5,337,674,0.5,/Users/charlottejob/Code/Evaluation_neuron_interpretability/vega_fcn_sweep/fcn_050
REACTOME_GRB2_SOS_PROVIDES_LINKAGE_TO_MAPK_SIGNALING_FOR_INTERGRINS_,-0.016028169542551,0.3338315202886638,test,0.5,337,674,0.5,/Users/charlottejob/Code/Evaluation_neuron_interpretability/vega_fcn_sweep/fcn_050
REACTOME_PEPTIDE_HORMONE_BIOSYNTHESIS,,0.8765152903197662,test,0.5,337,674,0.5,/Users/charlottejob/Code/Evaluation_neuron_interpretability/vega_fcn_sweep/fcn_050
REACTOME_G_PROTEIN_ACTIVATION,-0.0202375818043947,0.297052092464442,test,0.5,337,674,0.5,/Users/charlottejob/Code/Evaluation_neuron_interpretability/vega_fcn_sweep/fcn_050
REACTOME_ACETYLCHOLINE_BINDING_AND_DOWNSTREAM_EVENTS,0.00866459030658,0.3217437873768107,test,0.5,337,674,0.5,/Users/charlottejob/Code/Evaluation_neuron_interpretability/vega_fcn_sweep/fcn_050
REACTOME_ABC_FAMILY_PROTEINS_MEDIATED_TRANSPORT,0.0480870343744754,0.6959272813954793,test,0.5,337,674,0.5,/Users/charlottejob/Code/Evaluation_neuron_interpretability/vega_fcn_sweep/fcn_050
REACTOME_TRNA_AMINOACYLATION,0.0095711760222911,0.3050384906612822,test,0.5,337,674,0.5,/Users/charlottejob/Code/Evaluation_neuron_interpretability/vega_fcn_sweep/fcn_050
REACTOME_OLFACTORY_SIGNALING_PATHWAY,,0.3218636304148672,test,0.5,337,674,0.5,/Users/charlottejob/Code/Evaluation_neuron_interpretability/vega_fcn_sweep/fcn_050
REACTOME_STEROID_HORMONES,,0.8758888452645814,test,0.5,337,674,0.5,/Users/charlottejob/Code/Evaluation_neuron_interpretability/vega_fcn_sweep/fcn_050
REACTOME_PKA_MEDIATED_PHOSPHORYLATION_OF_CREB,-0.0190505553036928,0.30621275249195723,test,0.5,337,674,0.5,/Users/charlottejob/Code/Evaluation_neuron_interpretability/vega_fcn_sweep/fcn_050
REACTOME_RECRUITMENT_OF_NUMA_TO_MITOTIC_CENTROSOMES,,0.2679404964446189,test,0.5,337,674,0.5,/Users/charlottejob/Code/Evaluation_neuron_interpretability/vega_fcn_sweep/fcn_050
REACTOME_AMINE_DERIVED_HORMONES,-0.0160460993647575,0.8708726971511257,test,0.5,337,674,0.5,/Users/charlottejob/Code/Evaluation_neuron_interpretability/vega_fcn_sweep/fcn_050
REACTOME_TRANSMEMBRANE_TRANSPORT_OF_SMALL_MOLECULES,0.313654214143753,0.9996584798862116,test,0.5,337,674,0.5,/Users/charlottejob/Code/Evaluation_neuron_interpretability/vega_fcn_sweep/fcn_050
REACTOME_INTEGRIN_ALPHAIIB_BETA3_SIGNALING,0.0195455439388752,0.3124152469132503,test,0.5,337,674,0.5,/Users/charlottejob/Code/Evaluation_neuron_interpretability/vega_fcn_sweep/fcn_050
REACTOME_NUCLEAR_RECEPTOR_TRANSCRIPTION_PATHWAY,0.7831075191497803,0.6671521818385775,test,0.5,337,674,0.5,/Users/charlottejob/Code/Evaluation_neuron_interpretability/vega_fcn_sweep/fcn_050
REACTOME_INSULIN_SYNTHESIS_AND_PROCESSING,0.022816564887762,0.29075241742663094,test,0.5,337,674,0.5,/Users/charlottejob/Code/Evaluation_neuron_interpretability/vega_fcn_sweep/fcn_050
REACTOME_CYCLIN_E_ASSOCIATED_EVENTS_DURING_G1_S_TRANSITION_,-0.0440899096429348,0.2934633403296226,test,0.5,337,674,0.5,/Users/charlottejob/Code/Evaluation_neuron_interpretability/vega_fcn_sweep/fcn_050
REACTOME_HOMOLOGOUS_RECOMBINATION_REPAIR_OF_REPLICATION_INDEPENDENT_DOUBLE_STRAND_BREAKS,,0.8728700431880644,test,0.5,337,674,0.5,/Users/charlottejob/Code/Evaluation_neuron_interpretability/vega_fcn_sweep/fcn_050
REACTOME_G1_PHASE,0.0109665300697088,0.3142919108778909,test,0.5,337,674,0.5,/Users/charlottejob/Code/Evaluation_neuron_interpretability/vega_fcn_sweep/fcn_050
REACTOME_ELEVATION_OF_CYTOSOLIC_CA2_LEVELS,0.0191050805151462,0.3241930982184704,test,0.5,337,674,0.5,/Users/charlottejob/Code/Evaluation_neuron_interpretability/vega_fcn_sweep/fcn_050
REACTOME_P53_DEPENDENT_G1_DNA_DAMAGE_RESPONSE,0.0655911341309547,0.3060098883505074,test,0.5,337,674,0.5,/Users/charlottejob/Code/Evaluation_neuron_interpretability/vega_fcn_sweep/fcn_050
REACTOME_TRANSCRIPTION_COUPLED_NER_TC_NER,-0.031616885215044,0.306662538831894,test,0.5,337,674,0.5,/Users/charlottejob/Code/Evaluation_neuron_interpretability/vega_fcn_sweep/fcn_050
REACTOME_RNA_POL_II_TRANSCRIPTION_PRE_INITIATION_AND_PROMOTER_OPENING,0.0082932198420166,0.8638455051081957,test,0.5,337,674,0.5,/Users/charlottejob/Code/Evaluation_neuron_interpretability/vega_fcn_sweep/fcn_050
REACTOME_GLUCAGON_SIGNALING_IN_METABOLIC_REGULATION,-0.0249142162501811,0.3035089160982825,test,0.5,337,674,0.5,/Users/charlottejob/Code/Evaluation_neuron_interpretability/vega_fcn_sweep/fcn_050
REACTOME_MRNA_PROCESSING,0.3359174430370331,0.7167464305872403,test,0.5,337,674,0.5,/Users/charlottejob/Code/Evaluation_neuron_interpretability/vega_fcn_sweep/fcn_050
REACTOME_SIGNALING_BY_PDGF,-0.0213434528559446,0.2943815153616679,test,0.5,337,674,0.5,/Users/charlottejob/Code/Evaluation_neuron_interpretability/vega_fcn_sweep/fcn_050
REACTOME_ASSOCIATION_OF_TRIC_CCT_WITH_TARGET_PROTEINS_DURING_BIOSYNTHESIS,0.0780549496412277,0.7395012399869088,test,0.5,337,674,0.5,/Users/charlottejob/Code/Evaluation_neuron_interpretability/vega_fcn_sweep/fcn_050
REACTOME_PREFOLDIN_MEDIATED_TRANSFER_OF_SUBSTRATE_TO_CCT_TRIC,0.0503709390759468,0.3043117264283921,test,0.5,337,674,0.5,/Users/charlottejob/Code/Evaluation_neuron_interpretability/vega_fcn_sweep/fcn_050
REACTOME_HORMONE_LIGAND_BINDING_RECEPTORS,,0.29513588971775073,test,0.5,337,674,0.5,/Users/charlottejob/Code/Evaluation_neuron_interpretability/vega_fcn_sweep/fcn_050
REACTOME_GPVI_MEDIATED_ACTIVATION_CASCADE,0.1379610151052475,0.33267309998045713,test,0.5,337,674,0.5,/Users/charlottejob/Code/Evaluation_neuron_interpretability/vega_fcn_sweep/fcn_050
REACTOME_PROTEIN_FOLDING,0.4779985547065735,0.9978837320262475,test,0.5,337,674,0.5,/Users/charlottejob/Code/Evaluation_neuron_interpretability/vega_fcn_sweep/fcn_050
REACTOME_FORMATION_OF_TUBULIN_FOLDING_INTERMEDIATES_BY_CCT_TRIC,0.0082433251664042,0.3139539986553831,test,0.5,337,674,0.5,/Users/charlottejob/Code/Evaluation_neuron_interpretability/vega_fcn_sweep/fcn_050
REACTOME_PEROXISOMAL_LIPID_METABOLISM,0.3917347192764282,0.6742744598273765,test,0.5,337,674,0.5,/Users/charlottejob/Code/Evaluation_neuron_interpretability/vega_fcn_sweep/fcn_050
REACTOME_POST_CHAPERONIN_TUBULIN_FOLDING_PATHWAY,0.012519059702754,0.3168626542315935,test,0.5,337,674,0.5,/Users/charlottejob/Code/Evaluation_neuron_interpretability/vega_fcn_sweep/fcn_050
REACTOME_STRIATED_MUSCLE_CONTRACTION,0.0594019629061222,0.3052940527882641,test,0.5,337,674,0.5,/Users/charlottejob/Code/Evaluation_neuron_interpretability/vega_fcn_sweep/fcn_050
REACTOME_METABOLISM_OF_NUCLEOTIDES,0.1900343745946884,0.3573184491912407,test,0.5,337,674,0.5,/Users/charlottejob/Code/Evaluation_neuron_interpretability/vega_fcn_sweep/fcn_050
REACTOME_AMINE_LIGAND_BINDING_RECEPTORS,0.7071468234062195,0.5988350756519277,test,0.5,337,674,0.5,/Users/charlottejob/Code/Evaluation_neuron_interpretability/vega_fcn_sweep/fcn_050
REACTOME_METABOLISM_OF_PROTEINS,0.4462131857872009,0.9999890601581902,test,0.5,337,674,0.5,/Users/charlottejob/Code/Evaluation_neuron_interpretability/vega_fcn_sweep/fcn_050
REACTOME_DOWNSTREAM_SIGNAL_TRANSDUCTION,0.0941915810108184,0.8489728507780435,test,0.5,337,674,0.5,/Users/charlottejob/Code/Evaluation_neuron_interpretability/vega_fcn_sweep/fcn_050
REACTOME_MUSCLE_CONTRACTION,0.0423141792416572,0.3043075887598855,test,0.5,337,674,0.5,/Users/charlottejob/Code/Evaluation_neuron_interpretability/vega_fcn_sweep/fcn_050
REACTOME_SEROTONIN_RECEPTORS,,0.3160563626052436,test,0.5,337,674,0.5,/Users/charlottejob/Code/Evaluation_neuron_interpretability/vega_fcn_sweep/fcn_050
REACTOME_CDC6_ASSOCIATION_WITH_THE_ORC_ORIGIN_COMPLEX,,0.312671116346028,test,0.5,337,674,0.5,/Users/charlottejob/Code/Evaluation_neuron_interpretability/vega_fcn_sweep/fcn_050
REACTOME_M_G1_TRANSITION,0.0167730934917926,0.8090105131988161,test,0.5,337,674,0.5,/Users/charlottejob/Code/Evaluation_neuron_interpretability/vega_fcn_sweep/fcn_050
REACTOME_MRNA_SPLICING,,0.3365615320856781,test,0.5,337,674,0.5,/Users/charlottejob/Code/Evaluation_neuron_interpretability/vega_fcn_sweep/fcn_050
REACTOME_MRNA_SPLICING_MINOR_PATHWAY,,0.8774017362474371,test,0.5,337,674,0.5,/Users/charlottejob/Code/Evaluation_neuron_interpretability/vega_fcn_sweep/fcn_050
REACTOME_3_UTR_MEDIATED_TRANSLATIONAL_REGULATION,0.7649934887886047,0.9999822612002782,test,0.5,337,674,0.5,/Users/charlottejob/Code/Evaluation_neuron_interpretability/vega_fcn_sweep/fcn_050
REACTOME_PROCESSING_OF_CAPPED_INTRONLESS_PRE_MRNA,,0.8761889804999347,test,0.5,337,674,0.5,/Users/charlottejob/Code/Evaluation_neuron_interpretability/vega_fcn_sweep/fcn_050
REACTOME_PURINE_RIBONUCLEOSIDE_MONOPHOSPHATE_BIOSYNTHESIS,,0.291542991755006,test,0.5,337,674,0.5,/Users/charlottejob/Code/Evaluation_neuron_interpretability/vega_fcn_sweep/fcn_050
REACTOME_G1_S_TRANSITION,0.0128449145704507,0.3065589973743992,test,0.5,337,674,0.5,/Users/charlottejob/Code/Evaluation_neuron_interpretability/vega_fcn_sweep/fcn_050
REACTOME_CITRIC_ACID_CYCLE_TCA_CYCLE,,0.3026985996597304,test,0.5,337,674,0.5,/Users/charlottejob/Code/Evaluation_neuron_interpretability/vega_fcn_sweep/fcn_050
REACTOME_TRANSCRIPTION,0.0050188302993774,0.3330006979889194,test,0.5,337,674,0.5,/Users/charlottejob/Code/Evaluation_neuron_interpretability/vega_fcn_sweep/fcn_050
REACTOME_POL_SWITCHING,,0.8814884613706757,test,0.5,337,674,0.5,/Users/charlottejob/Code/Evaluation_neuron_interpretability/vega_fcn_sweep/fcn_050
REACTOME_NUCLEOTIDE_EXCISION_REPAIR,0.0016773062525317,0.8745547454086735,test,0.5,337,674,0.5,/Users/charlottejob/Code/Evaluation_neuron_interpretability/vega_fcn_sweep/fcn_050
REACTOME_REGULATION_OF_THE_FANCONI_ANEMIA_PATHWAY,,0.8743515246695457,test,0.5,337,674,0.5,/Users/charlottejob/Code/Evaluation_neuron_interpretability/vega_fcn_sweep/fcn_050
REACTOME_AXON_GUIDANCE,0.6302875876426697,0.7665974027898157,test,0.5,337,674,0.5,/Users/charlottejob/Code/Evaluation_neuron_interpretability/vega_fcn_sweep/fcn_050
REACTOME_ACTIVATION_OF_CHAPERONE_GENES_BY_XBP1S,-0.0361410267651081,0.316295545672997,test,0.5,337,674,0.5,/Users/charlottejob/Code/Evaluation_neuron_interpretability/vega_fcn_sweep/fcn_050
REACTOME_REGULATION_OF_INSULIN_SECRETION_BY_GLUCAGON_LIKE_PEPTIDE1,0.0038229799829423,0.3175305810819006,test,0.5,337,674,0.5,/Users/charlottejob/Code/Evaluation_neuron_interpretability/vega_fcn_sweep/fcn_050
REACTOME_PERK_REGULATED_GENE_EXPRESSION,0.013687533326447,0.3129434488754277,test,0.5,337,674,0.5,/Users/charlottejob/Code/Evaluation_neuron_interpretability/vega_fcn_sweep/fcn_050
REACTOME_G_ALPHA_Q_SIGNALLING_EVENTS,0.0150338727980852,0.3215417655954491,test,0.5,337,674,0.5,/Users/charlottejob/Code/Evaluation_neuron_interpretability/vega_fcn_sweep/fcn_050
REACTOME_P2Y_RECEPTORS,0.3549782037734985,0.6310842053495328,test,0.5,337,674,0.5,/Users/charlottejob/Code/Evaluation_neuron_interpretability/vega_fcn_sweep/fcn_050
REACTOME_TRAFFICKING_OF_AMPA_RECEPTORS,-0.024727925658226,0.29316020770874573,test,0.5,337,674,0.5,/Users/charlottejob/Code/Evaluation_neuron_interpretability/vega_fcn_sweep/fcn_050
REACTOME_NCAM1_INTERACTIONS,-0.016508437693119,0.3171788768773177,test,0.5,337,674,0.5,/Users/charlottejob/Code/Evaluation_neuron_interpretability/vega_fcn_sweep/fcn_050
REACTOME_CLASS_C_3_METABOTROPIC_GLUTAMATE_PHEROMONE_RECEPTORS,,0.30084020416175894,test,0.5,337,674,0.5,/Users/charlottejob/Code/Evaluation_neuron_interpretability/vega_fcn_sweep/fcn_050
REACTOME_REGULATION_OF_INSULIN_SECRETION,0.0680432990193367,0.3235184863706533,test,0.5,337,674,0.5,/Users/charlottejob/Code/Evaluation_neuron_interpretability/vega_fcn_sweep/fcn_050
REACTOME_NCAM_SIGNALING_FOR_NEURITE_OUT_GROWTH,-0.0234447792172431,0.3157532015136706,test,0.5,337,674,0.5,/Users/charlottejob/Code/Evaluation_neuron_interpretability/vega_fcn_sweep/fcn_050
REACTOME_INHIBITION_OF_INSULIN_SECRETION_BY_ADRENALINE_NORADRENALINE,0.0147665608674287,0.2830430434790499,test,0.5,337,674,0.5,/Users/charlottejob/Code/Evaluation_neuron_interpretability/vega_fcn_sweep/fcn_050
REACTOME_NUCLEOTIDE_LIKE_PURINERGIC_RECEPTORS,0.6591863632202148,0.6047355773858591,test,0.5,337,674,0.5,/Users/charlottejob/Code/Evaluation_neuron_interpretability/vega_fcn_sweep/fcn_050
REACTOME_ACTIVATION_OF_CHAPERONES_BY_ATF6_ALPHA,,0.3027073245212232,test,0.5,337,674,0.5,/Users/charlottejob/Code/Evaluation_neuron_interpretability/vega_fcn_sweep/fcn_050
REACTOME_TRANSPORT_OF_MATURE_MRNA_DERIVED_FROM_AN_INTRONLESS_TRANSCRIPT,0.7713603973388672,0.7508152005455334,test,0.5,337,674,0.5,/Users/charlottejob/Code/Evaluation_neuron_interpretability/vega_fcn_sweep/fcn_050
REACTOME_EICOSANOID_LIGAND_BINDING_RECEPTORS,-0.0210635922849178,0.3086368544761165,test,0.5,337,674,0.5,/Users/charlottejob/Code/Evaluation_neuron_interpretability/vega_fcn_sweep/fcn_050
REACTOME_ACTIVATION_OF_GENES_BY_ATF4,-0.0300997644662857,0.2713258595546581,test,0.5,337,674,0.5,/Users/charlottejob/Code/Evaluation_neuron_interpretability/vega_fcn_sweep/fcn_050
REACTOME_UNFOLDED_PROTEIN_RESPONSE,0.6491777300834656,0.5957196947754789,test,0.5,337,674,0.5,/Users/charlottejob/Code/Evaluation_neuron_interpretability/vega_fcn_sweep/fcn_050
REACTOME_CLASS_B_2_SECRETIN_FAMILY_RECEPTORS,0.1516569852828979,0.6410246622751531,test,0.5,337,674,0.5,/Users/charlottejob/Code/Evaluation_neuron_interpretability/vega_fcn_sweep/fcn_050
REACTOME_GLUCAGON_TYPE_LIGAND_RECEPTORS,-0.0381957776844501,0.3004676942510086,test,0.5,337,674,0.5,/Users/charlottejob/Code/Evaluation_neuron_interpretability/vega_fcn_sweep/fcn_050
REACTOME_REGULATION_OF_INSULIN_SECRETION_BY_ACETYLCHOLINE,0.6129662990570068,0.6089604456980283,test,0.5,337,674,0.5,/Users/charlottejob/Code/Evaluation_neuron_interpretability/vega_fcn_sweep/fcn_050
REACTOME_G_ALPHA1213_SIGNALLING_EVENTS,0.092569887638092,0.3071043040755307,test,0.5,337,674,0.5,/Users/charlottejob/Code/Evaluation_neuron_interpretability/vega_fcn_sweep/fcn_050
REACTOME_FANCONI_ANEMIA_PATHWAY,-0.0198534075170755,0.8868541450405957,test,0.5,337,674,0.5,/Users/charlottejob/Code/Evaluation_neuron_interpretability/vega_fcn_sweep/fcn_050
REACTOME_TRAFFICKING_OF_GLUR2_CONTAINING_AMPA_RECEPTORS,0.4827755689620971,0.6484072687560052,test,0.5,337,674,0.5,/Users/charlottejob/Code/Evaluation_neuron_interpretability/vega_fcn_sweep/fcn_050
REACTOME_ACTIVATION_OF_CHAPERONE_GENES_BY_ATF6_ALPHA,,0.3228320900405707,test,0.5,337,674,0.5,/Users/charlottejob/Code/Evaluation_neuron_interpretability/vega_fcn_sweep/fcn_050
REACTOME_PROSTANOID_LIGAND_RECEPTORS,0.0083420369774103,0.2772057678205458,test,0.5,337,674,0.5,/Users/charlottejob/Code/Evaluation_neuron_interpretability/vega_fcn_sweep/fcn_050
REACTOME_OPSINS,,0.8797993281856651,test,0.5,337,674,0.5,/Users/charlottejob/Code/Evaluation_neuron_interpretability/vega_fcn_sweep/fcn_050
REACTOME_FORMATION_OF_RNA_POL_II_ELONGATION_COMPLEX_,-0.0170270577073097,0.2967219298339258,test,0.5,337,674,0.5,/Users/charlottejob/Code/Evaluation_neuron_interpretability/vega_fcn_sweep/fcn_050
REACTOME_MRNA_3_END_PROCESSING,,0.2941377655629718,test,0.5,337,674,0.5,/Users/charlottejob/Code/Evaluation_neuron_interpretability/vega_fcn_sweep/fcn_050
REACTOME_POST_TRANSLATIONAL_MODIFICATION_SYNTHESIS_OF_GPI_ANCHORED_PROTEINS,0.0058790920302271,0.30311799883262913,test,0.5,337,674,0.5,/Users/charlottejob/Code/Evaluation_neuron_interpretability/vega_fcn_sweep/fcn_050
REACTOME_CYCLIN_A_B1_ASSOCIATED_EVENTS_DURING_G2_M_TRANSITION,0.0287690348923206,0.2908429985806219,test,0.5,337,674,0.5,/Users/charlottejob/Code/Evaluation_neuron_interpretability/vega_fcn_sweep/fcn_050
REACTOME_ELONGATION_ARREST_AND_RECOVERY,,0.30502639270601584,test,0.5,337,674,0.5,/Users/charlottejob/Code/Evaluation_neuron_interpretability/vega_fcn_sweep/fcn_050
REACTOME_SLC_MEDIATED_TRANSMEMBRANE_TRANSPORT,0.0690855681896209,0.32753130044060563,test,0.5,337,674,0.5,/Users/charlottejob/Code/Evaluation_neuron_interpretability/vega_fcn_sweep/fcn_050
REACTOME_ADP_SIGNALLING_THROUGH_P2RY1,0.4141037464141845,0.6775256591324164,test,0.5,337,674,0.5,/Users/charlottejob/Code/Evaluation_neuron_interpretability/vega_fcn_sweep/fcn_050
REACTOME_G_BETA_GAMMA_SIGNALLING_THROUGH_PLC_BETA,0.5801595449447632,0.7135318966394741,test,0.5,337,674,0.5,/Users/charlottejob/Code/Evaluation_neuron_interpretability/vega_fcn_sweep/fcn_050
REACTOME_CD28_CO_STIMULATION,0.020929642021656,0.2936616385368961,test,0.5,337,674,0.5,/Users/charlottejob/Code/Evaluation_neuron_interpretability/vega_fcn_sweep/fcn_050
REACTOME_GPCR_DOWNSTREAM_SIGNALING,0.1166135221719741,0.31614086545493747,test,0.5,337,674,0.5,/Users/charlottejob/Code/Evaluation_neuron_interpretability/vega_fcn_sweep/fcn_050
REACTOME_SYNTHESIS_SECRETION_AND_DEACYLATION_OF_GHRELIN,0.0002022716216742,0.3034535305980504,test,0.5,337,674,0.5,/Users/charlottejob/Code/Evaluation_neuron_interpretability/vega_fcn_sweep/fcn_050
REACTOME_ADHERENS_JUNCTIONS_INTERACTIONS,,0.30332337493458783,test,0.5,337,674,0.5,/Users/charlottejob/Code/Evaluation_neuron_interpretability/vega_fcn_sweep/fcn_050
REACTOME_CRMPS_IN_SEMA3A_SIGNALING,0.7589640617370605,0.6772603727486405,test,0.5,337,674,0.5,/Users/charlottejob/Code/Evaluation_neuron_interpretability/vega_fcn_sweep/fcn_050
REACTOME_OTHER_SEMAPHORIN_INTERACTIONS,0.6372455358505249,0.7870162782191095,test,0.5,337,674,0.5,/Users/charlottejob/Code/Evaluation_neuron_interpretability/vega_fcn_sweep/fcn_050
REACTOME_ACTIVATION_OF_RAC,0.6395480036735535,0.6778099223454918,test,0.5,337,674,0.5,/Users/charlottejob/Code/Evaluation_neuron_interpretability/vega_fcn_sweep/fcn_050
REACTOME_PURINE_SALVAGE,-0.011198740452528,0.2902724470883497,test,0.5,337,674,0.5,/Users/charlottejob/Code/Evaluation_neuron_interpretability/vega_fcn_sweep/fcn_050
REACTOME_G_ALPHA_I_SIGNALLING_EVENTS,0.3268972933292389,0.8145152385159011,test,0.5,337,674,0.5,/Users/charlottejob/Code/Evaluation_neuron_interpretability/vega_fcn_sweep/fcn_050
REACTOME_SEMA3A_PAK_DEPENDENT_AXON_REPULSION,,0.27593595951664274,test,0.5,337,674,0.5,/Users/charlottejob/Code/Evaluation_neuron_interpretability/vega_fcn_sweep/fcn_050
REACTOME_CD28_DEPENDENT_VAV1_PATHWAY,,0.8714984949613925,test,0.5,337,674,0.5,/Users/charlottejob/Code/Evaluation_neuron_interpretability/vega_fcn_sweep/fcn_050
REACTOME_SEMA4D_IN_SEMAPHORIN_SIGNALING,0.4548918306827545,0.5959216725559483,test,0.5,337,674,0.5,/Users/charlottejob/Code/Evaluation_neuron_interpretability/vega_fcn_sweep/fcn_050
REACTOME_SEMAPHORIN_INTERACTIONS,0.5849083662033081,0.8134049921358696,test,0.5,337,674,0.5,/Users/charlottejob/Code/Evaluation_neuron_interpretability/vega_fcn_sweep/fcn_050
REACTOME_SEMA4D_INDUCED_CELL_MIGRATION_AND_GROWTH_CONE_COLLAPSE,0.4945262372493744,0.6031448062145943,test,0.5,337,674,0.5,/Users/charlottejob/Code/Evaluation_neuron_interpretability/vega_fcn_sweep/fcn_050
REACTOME_SEMA3A_PLEXIN_REPULSION_SIGNALING_BY_INHIBITING_INTEGRIN_ADHESION,,0.8791187889892249,test,0.5,337,674,0.5,/Users/charlottejob/Code/Evaluation_neuron_interpretability/vega_fcn_sweep/fcn_050
REACTOME_LYSOSOME_VESICLE_BIOGENESIS,0.108597993850708,0.3757168510687598,test,0.5,337,674,0.5,/Users/charlottejob/Code/Evaluation_neuron_interpretability/vega_fcn_sweep/fcn_050
REACTOME_G_BETA_GAMMA_SIGNALLING_THROUGH_PI3KGAMMA,0.4764669835567474,0.6484398394921244,test,0.5,337,674,0.5,/Users/charlottejob/Code/Evaluation_neuron_interpretability/vega_fcn_sweep/fcn_050
REACTOME_TRANSPORT_OF_GLUCOSE_AND_OTHER_SUGARS_BILE_SALTS_AND_ORGANIC_ACIDS_METAL_IONS_AND_AMINE_COMPOUNDS,0.2319288402795791,0.5817018431859421,test,0.5,337,674,0.5,/Users/charlottejob/Code/Evaluation_neuron_interpretability/vega_fcn_sweep/fcn_050
REACTOME_SPHINGOLIPID_METABOLISM,0.3900758028030395,0.8080710446300142,test,0.5,337,674,0.5,/Users/charlottejob/Code/Evaluation_neuron_interpretability/vega_fcn_sweep/fcn_050
REACTOME_PD1_SIGNALING,0.3248231709003448,0.8775578522277424,test,0.5,337,674,0.5,/Users/charlottejob/Code/Evaluation_neuron_interpretability/vega_fcn_sweep/fcn_050
REACTOME_G_ALPHA_S_SIGNALLING_EVENTS,0.1099493354558944,0.3392189625733877,test,0.5,337,674,0.5,/Users/charlottejob/Code/Evaluation_neuron_interpretability/vega_fcn_sweep/fcn_050
REACTOME_CELL_CELL_JUNCTION_ORGANIZATION,-0.0298657733947038,0.315314413906779,test,0.5,337,674,0.5,/Users/charlottejob/Code/Evaluation_neuron_interpretability/vega_fcn_sweep/fcn_050
REACTOME_G_ALPHA_Z_SIGNALLING_EVENTS,0.0599516741931438,0.31424625363656333,test,0.5,337,674,0.5,/Users/charlottejob/Code/Evaluation_neuron_interpretability/vega_fcn_sweep/fcn_050
REACTOME_FACILITATIVE_NA_INDEPENDENT_GLUCOSE_TRANSPORTERS,,0.8769864328403788,test,0.5,337,674,0.5,/Users/charlottejob/Code/Evaluation_neuron_interpretability/vega_fcn_sweep/fcn_050
REACTOME_COSTIMULATION_BY_THE_CD28_FAMILY,0.5727682709693909,0.9092779668610492,test,0.5,337,674,0.5,/Users/charlottejob/Code/Evaluation_neuron_interpretability/vega_fcn_sweep/fcn_050
REACTOME_SIGNALING_BY_ROBO_RECEPTOR,0.6183315515518188,0.6163076217628641,test,0.5,337,674,0.5,/Users/charlottejob/Code/Evaluation_neuron_interpretability/vega_fcn_sweep/fcn_050
REACTOME_CD28_DEPENDENT_PI3K_AKT_SIGNALING,0.6959252953529358,0.5691797773290707,test,0.5,337,674,0.5,/Users/charlottejob/Code/Evaluation_neuron_interpretability/vega_fcn_sweep/fcn_050
REACTOME_TIGHT_JUNCTION_INTERACTIONS,0.0637396648526191,0.8363514807211351,test,0.5,337,674,0.5,/Users/charlottejob/Code/Evaluation_neuron_interpretability/vega_fcn_sweep/fcn_050
REACTOME_G_PROTEIN_BETA_GAMMA_SIGNALLING,0.543408215045929,0.655506114673763,test,0.5,337,674,0.5,/Users/charlottejob/Code/Evaluation_neuron_interpretability/vega_fcn_sweep/fcn_050
REACTOME_TRANSPORT_OF_INORGANIC_CATIONS_ANIONS_AND_AMINO_ACIDS_OLIGOPEPTIDES,0.5330649018287659,0.6355267595884035,test,0.5,337,674,0.5,/Users/charlottejob/Code/Evaluation_neuron_interpretability/vega_fcn_sweep/fcn_050
REACTOME_GOLGI_ASSOCIATED_VESICLE_BIOGENESIS,0.0628737807273864,0.3413744000843837,test,0.5,337,674,0.5,/Users/charlottejob/Code/Evaluation_neuron_interpretability/vega_fcn_sweep/fcn_050
REACTOME_CTLA4_INHIBITORY_SIGNALING,0.5678814649581909,0.6279719712518427,test,0.5,337,674,0.5,/Users/charlottejob/Code/Evaluation_neuron_interpretability/vega_fcn_sweep/fcn_050
REACTOME_FORMATION_OF_TRANSCRIPTION_COUPLED_NER_TC_NER_REPAIR_COMPLEX,-0.0150602804496884,0.8823709428899824,test,0.5,337,674,0.5,/Users/charlottejob/Code/Evaluation_neuron_interpretability/vega_fcn_sweep/fcn_050
REACTOME_AMINO_ACID_AND_OLIGOPEPTIDE_SLC_TRANSPORTERS,0.0161034632474184,0.3000835784261865,test,0.5,337,674,0.5,/Users/charlottejob/Code/Evaluation_neuron_interpretability/vega_fcn_sweep/fcn_050
REACTOME_CDT1_ASSOCIATION_WITH_THE_CDC6_ORC_ORIGIN_COMPLEX,,0.8662408934258168,test,0.5,337,674,0.5,/Users/charlottejob/Code/Evaluation_neuron_interpretability/vega_fcn_sweep/fcn_050
REACTOME_BRANCHED_CHAIN_AMINO_ACID_CATABOLISM,,0.2825563844173974,test,0.5,337,674,0.5,/Users/charlottejob/Code/Evaluation_neuron_interpretability/vega_fcn_sweep/fcn_050
REACTOME_REPAIR_SYNTHESIS_FOR_GAP_FILLING_BY_DNA_POL_IN_TC_NER,,0.2882345242769271,test,0.5,337,674,0.5,/Users/charlottejob/Code/Evaluation_neuron_interpretability/vega_fcn_sweep/fcn_050
REACTOME_RECEPTOR_LIGAND_BINDING_INITIATES_THE_SECOND_PROTEOLYTIC_CLEAVAGE_OF_NOTCH_RECEPTOR,,0.8830920909130566,test,0.5,337,674,0.5,/Users/charlottejob/Code/Evaluation_neuron_interpretability/vega_fcn_sweep/fcn_050
REACTOME_SYNTHESIS_OF_DNA,0.0010885951342061,0.3072953033861605,test,0.5,337,674,0.5,/Users/charlottejob/Code/Evaluation_neuron_interpretability/vega_fcn_sweep/fcn_050
REACTOME_NA_CL_DEPENDENT_NEUROTRANSMITTER_TRANSPORTERS,,0.3274440518256772,test,0.5,337,674,0.5,/Users/charlottejob/Code/Evaluation_neuron_interpretability/vega_fcn_sweep/fcn_050
REACTOME_FORMATION_OF_FIBRIN_CLOT_CLOTTING_CASCADE,0.244296595454216,0.6248139762877072,test,0.5,337,674,0.5,/Users/charlottejob/Code/Evaluation_neuron_interpretability/vega_fcn_sweep/fcn_050
REACTOME_DEADENYLATION_OF_MRNA,,0.8761907254722332,test,0.5,337,674,0.5,/Users/charlottejob/Code/Evaluation_neuron_interpretability/vega_fcn_sweep/fcn_050
REACTOME_MRNA_DECAY_BY_5_TO_3_EXORIBONUCLEASE,,0.8780264363303232,test,0.5,337,674,0.5,/Users/charlottejob/Code/Evaluation_neuron_interpretability/vega_fcn_sweep/fcn_050
REACTOME_SIGNAL_AMPLIFICATION,0.0261187646538019,0.8500202415429735,test,0.5,337,674,0.5,/Users/charlottejob/Code/Evaluation_neuron_interpretability/vega_fcn_sweep/fcn_050
REACTOME_ZINC_TRANSPORTERS,,0.8783981154299174,test,0.5,337,674,0.5,/Users/charlottejob/Code/Evaluation_neuron_interpretability/vega_fcn_sweep/fcn_050
REACTOME_DOUBLE_STRAND_BREAK_REPAIR,-0.0073552820831537,0.3153377222502664,test,0.5,337,674,0.5,/Users/charlottejob/Code/Evaluation_neuron_interpretability/vega_fcn_sweep/fcn_050
REACTOME_RAS_ACTIVATION_UOPN_CA2_INFUX_THROUGH_NMDA_RECEPTOR,,0.8789722113161453,test,0.5,337,674,0.5,/Users/charlottejob/Code/Evaluation_neuron_interpretability/vega_fcn_sweep/fcn_050
REACTOME_METAL_ION_SLC_TRANSPORTERS,0.6123203635215759,0.5956143202161384,test,0.5,337,674,0.5,/Users/charlottejob/Code/Evaluation_neuron_interpretability/vega_fcn_sweep/fcn_050
REACTOME_AUTODEGRADATION_OF_THE_E3_UBIQUITIN_LIGASE_COP1,,0.3185708676874754,test,0.5,337,674,0.5,/Users/charlottejob/Code/Evaluation_neuron_interpretability/vega_fcn_sweep/fcn_050
REACTOME_SMOOTH_MUSCLE_CONTRACTION,-0.0054074944928288,0.3236059554374783,test,0.5,337,674,0.5,/Users/charlottejob/Code/Evaluation_neuron_interpretability/vega_fcn_sweep/fcn_050
REACTOME_ACTIVATION_OF_NMDA_RECEPTOR_UPON_GLUTAMATE_BINDING_AND_POSTSYNAPTIC_EVENTS,,0.8829943724643371,test,0.5,337,674,0.5,/Users/charlottejob/Code/Evaluation_neuron_interpretability/vega_fcn_sweep/fcn_050
REACTOME_CREB_PHOSPHORYLATION_THROUGH_THE_ACTIVATION_OF_RAS,,0.31616804083235184,test,0.5,337,674,0.5,/Users/charlottejob/Code/Evaluation_neuron_interpretability/vega_fcn_sweep/fcn_050
REACTOME_POST_NMDA_RECEPTOR_ACTIVATION_EVENTS,,0.8793438904157396,test,0.5,337,674,0.5,/Users/charlottejob/Code/Evaluation_neuron_interpretability/vega_fcn_sweep/fcn_050
REACTOME_UNBLOCKING_OF_NMDA_RECEPTOR_GLUTAMATE_BINDING_AND_ACTIVATION,,0.8791641582689874,test,0.5,337,674,0.5,/Users/charlottejob/Code/Evaluation_neuron_interpretability/vega_fcn_sweep/fcn_050
REACTOME_METABOLISM_OF_MRNA,0.6758420467376709,0.9999621210071483,test,0.5,337,674,0.5,/Users/charlottejob/Code/Evaluation_neuron_interpretability/vega_fcn_sweep/fcn_050
REACTOME_MRNA_DECAY_BY_3_TO_5_EXORIBONUCLEASE,,0.8809422850412251,test,0.5,337,674,0.5,/Users/charlottejob/Code/Evaluation_neuron_interpretability/vega_fcn_sweep/fcn_050
REACTOME_BILE_SALT_AND_ORGANIC_ANION_SLC_TRANSPORTERS,0.7326417565345764,0.6616332123974189,test,0.5,337,674,0.5,/Users/charlottejob/Code/Evaluation_neuron_interpretability/vega_fcn_sweep/fcn_050
REACTOME_DEADENYLATION_DEPENDENT_MRNA_DECAY,,0.3001474501592287,test,0.5,337,674,0.5,/Users/charlottejob/Code/Evaluation_neuron_interpretability/vega_fcn_sweep/fcn_050
REACTOME_CREB_PHOSPHORYLATION_THROUGH_THE_ACTIVATION_OF_CAMKII,,0.8841251145138072,test,0.5,337,674,0.5,/Users/charlottejob/Code/Evaluation_neuron_interpretability/vega_fcn_sweep/fcn_050
REACTOME_THROMBOXANE_SIGNALLING_THROUGH_TP_RECEPTOR,0.3774828016757965,0.6432894909043319,test,0.5,337,674,0.5,/Users/charlottejob/Code/Evaluation_neuron_interpretability/vega_fcn_sweep/fcn_050
REACTOME_CELL_EXTRACELLULAR_MATRIX_INTERACTIONS,0.4327390491962433,0.6572070082449941,test,0.5,337,674,0.5,/Users/charlottejob/Code/Evaluation_neuron_interpretability/vega_fcn_sweep/fcn_050
REACTOME_ADP_SIGNALLING_THROUGH_P2RY12,0.0141882691532373,0.8909239729147497,test,0.5,337,674,0.5,/Users/charlottejob/Code/Evaluation_neuron_interpretability/vega_fcn_sweep/fcn_050
REACTOME_CELL_JUNCTION_ORGANIZATION,0.6599760055541992,0.6524496418013983,test,0.5,337,674,0.5,/Users/charlottejob/Code/Evaluation_neuron_interpretability/vega_fcn_sweep/fcn_050
REACTOME_AMINE_COMPOUND_SLC_TRANSPORTERS,,0.8798955201086929,test,0.5,337,674,0.5,/Users/charlottejob/Code/Evaluation_neuron_interpretability/vega_fcn_sweep/fcn_050
REACTOME_PYRUVATE_METABOLISM,0.6736376285552979,0.6308668670780374,test,0.5,337,674,0.5,/Users/charlottejob/Code/Evaluation_neuron_interpretability/vega_fcn_sweep/fcn_050
REACTOME_PURINE_CATABOLISM,0.1002671420574188,0.34553893488887377,test,0.5,337,674,0.5,/Users/charlottejob/Code/Evaluation_neuron_interpretability/vega_fcn_sweep/fcn_050
REACTOME_GLUCOSE_TRANSPORT,0.072726309299469,0.3111636971541357,test,0.5,337,674,0.5,/Users/charlottejob/Code/Evaluation_neuron_interpretability/vega_fcn_sweep/fcn_050
REACTOME_FRS2_MEDIATED_CASCADE,0.129539743065834,0.7379710543577156,test,0.5,337,674,0.5,/Users/charlottejob/Code/Evaluation_neuron_interpretability/vega_fcn_sweep/fcn_050
REACTOME_METABOLISM_OF_RNA,0.0003770291805267,0.4059708115303654,test,0.5,337,674,0.5,/Users/charlottejob/Code/Evaluation_neuron_interpretability/vega_fcn_sweep/fcn_050
REACTOME_MITOTIC_G1_G1_S_PHASES,0.4993566870689392,0.734309271411745,test,0.5,337,674,0.5,/Users/charlottejob/Code/Evaluation_neuron_interpretability/vega_fcn_sweep/fcn_050
REACTOME_PI_3K_CASCADE,-0.0297903306782245,0.8782276409606273,test,0.5,337,674,0.5,/Users/charlottejob/Code/Evaluation_neuron_interpretability/vega_fcn_sweep/fcn_050
REACTOME_DOWNSTREAM_SIGNALING_OF_ACTIVATED_FGFR,0.0133892307057976,0.3077992208027543,test,0.5,337,674,0.5,/Users/charlottejob/Code/Evaluation_neuron_interpretability/vega_fcn_sweep/fcn_050
REACTOME_REGULATION_OF_MITOTIC_CELL_CYCLE,0.0224180277436971,0.2975701392141002,test,0.5,337,674,0.5,/Users/charlottejob/Code/Evaluation_neuron_interpretability/vega_fcn_sweep/fcn_050
REACTOME_TAK1_ACTIVATES_NFKB_BY_PHOSPHORYLATION_AND_ACTIVATION_OF_IKKS_COMPLEX,0.377747505903244,0.7941259052452574,test,0.5,337,674,0.5,/Users/charlottejob/Code/Evaluation_neuron_interpretability/vega_fcn_sweep/fcn_050
REACTOME_REGULATION_OF_AMPK_ACTIVITY_VIA_LKB1,0.0252695828676223,0.2936004311199816,test,0.5,337,674,0.5,/Users/charlottejob/Code/Evaluation_neuron_interpretability/vega_fcn_sweep/fcn_050
REACTOME_MITOTIC_M_M_G1_PHASES,0.1955992579460144,0.8901932819617692,test,0.5,337,674,0.5,/Users/charlottejob/Code/Evaluation_neuron_interpretability/vega_fcn_sweep/fcn_050
REACTOME_MYOGENESIS,-0.0474811866879463,0.3032752793476703,test,0.5,337,674,0.5,/Users/charlottejob/Code/Evaluation_neuron_interpretability/vega_fcn_sweep/fcn_050
REACTOME_MAP_KINASE_ACTIVATION_IN_TLR_CASCADE,0.0696271136403083,0.3366369903472376,test,0.5,337,674,0.5,/Users/charlottejob/Code/Evaluation_neuron_interpretability/vega_fcn_sweep/fcn_050
REACTOME_PHOSPHOLIPASE_C_MEDIATED_CASCADE,-0.0250169783830642,0.8835094788119108,test,0.5,337,674,0.5,/Users/charlottejob/Code/Evaluation_neuron_interpretability/vega_fcn_sweep/fcn_050
REACTOME_ACTIVATION_OF_KAINATE_RECEPTORS_UPON_GLUTAMATE_BINDING,0.1012104526162147,0.3265370297663191,test,0.5,337,674,0.5,/Users/charlottejob/Code/Evaluation_neuron_interpretability/vega_fcn_sweep/fcn_050
REACTOME_IONOTROPIC_ACTIVITY_OF_KAINATE_RECEPTORS,,0.8795323474239846,test,0.5,337,674,0.5,/Users/charlottejob/Code/Evaluation_neuron_interpretability/vega_fcn_sweep/fcn_050
REACTOME_ACTIVATION_OF_THE_AP1_FAMILY_OF_TRANSCRIPTION_FACTORS,0.781138002872467,0.9742461894426329,test,0.5,337,674,0.5,/Users/charlottejob/Code/Evaluation_neuron_interpretability/vega_fcn_sweep/fcn_050
REACTOME_MAPK_TARGETS_NUCLEAR_EVENTS_MEDIATED_BY_MAP_KINASES,0.5636461973190308,0.9793945889352248,test,0.5,337,674,0.5,/Users/charlottejob/Code/Evaluation_neuron_interpretability/vega_fcn_sweep/fcn_050
REACTOME_SYNTHESIS_AND_INTERCONVERSION_OF_NUCLEOTIDE_DI_AND_TRIPHOSPHATES,0.0096394335851073,0.3130906809131191,test,0.5,337,674,0.5,/Users/charlottejob/Code/Evaluation_neuron_interpretability/vega_fcn_sweep/fcn_050
REACTOME_GPCR_LIGAND_BINDING,0.0583757609128952,0.3515304677133187,test,0.5,337,674,0.5,/Users/charlottejob/Code/Evaluation_neuron_interpretability/vega_fcn_sweep/fcn_050
REACTOME_RNA_POL_I_RNA_POL_III_AND_MITOCHONDRIAL_TRANSCRIPTION,0.5043855309486389,0.9930307148681707,test,0.5,337,674,0.5,/Users/charlottejob/Code/Evaluation_neuron_interpretability/vega_fcn_sweep/fcn_050
REACTOME_JNK_C_JUN_KINASES_PHOSPHORYLATION_AND_ACTIVATION_MEDIATED_BY_ACTIVATED_HUMAN_TAK1,,0.33724207128211847,test,0.5,337,674,0.5,/Users/charlottejob/Code/Evaluation_neuron_interpretability/vega_fcn_sweep/fcn_050
REACTOME_SHC_MEDIATED_CASCADE,-0.0332425907254219,0.3065670778584174,test,0.5,337,674,0.5,/Users/charlottejob/Code/Evaluation_neuron_interpretability/vega_fcn_sweep/fcn_050
REACTOME_THROMBIN_SIGNALLING_THROUGH_PROTEINASE_ACTIVATED_RECEPTORS_PARS,0.0329845398664474,0.3000236303985844,test,0.5,337,674,0.5,/Users/charlottejob/Code/Evaluation_neuron_interpretability/vega_fcn_sweep/fcn_050
REACTOME_ENERGY_DEPENDENT_REGULATION_OF_MTOR_BY_LKB1_AMPK,0.774559497833252,0.6056551145469642,test,0.5,337,674,0.5,/Users/charlottejob/Code/Evaluation_neuron_interpretability/vega_fcn_sweep/fcn_050
REACTOME_MITOTIC_G2_G2_M_PHASES,0.7703589797019958,0.6985715171320527,test,0.5,337,674,0.5,/Users/charlottejob/Code/Evaluation_neuron_interpretability/vega_fcn_sweep/fcn_050
REACTOME_REGULATION_OF_RHEB_GTPASE_ACTIVITY_BY_AMPK,,0.8810714129913187,test,0.5,337,674,0.5,/Users/charlottejob/Code/Evaluation_neuron_interpretability/vega_fcn_sweep/fcn_050
REACTOME_ACTIVATED_TAK1_MEDIATES_P38_MAPK_ACTIVATION,,0.8747354185752302,test,0.5,337,674,0.5,/Users/charlottejob/Code/Evaluation_neuron_interpretability/vega_fcn_sweep/fcn_050
REACTOME_DNA_REPAIR,-0.0045459270477294,0.3138207184385605,test,0.5,337,674,0.5,/Users/charlottejob/Code/Evaluation_neuron_interpretability/vega_fcn_sweep/fcn_050
REACTOME_EFFECTS_OF_PIP2_HYDROLYSIS,0.8248707056045532,0.6067858586924038,test,0.5,337,674,0.5,/Users/charlottejob/Code/Evaluation_neuron_interpretability/vega_fcn_sweep/fcn_050
REACTOME_RNA_POL_II_PRE_TRANSCRIPTION_EVENTS,0.0621699355542659,0.873464071824325,test,0.5,337,674,0.5,/Users/charlottejob/Code/Evaluation_neuron_interpretability/vega_fcn_sweep/fcn_050
REACTOME_ROLE_OF_DCC_IN_REGULATING_APOPTOSIS,-0.0071641933172941,0.8696722189162669,test,0.5,337,674,0.5,/Users/charlottejob/Code/Evaluation_neuron_interpretability/vega_fcn_sweep/fcn_050
REACTOME_POST_TRANSLATIONAL_PROTEIN_MODIFICATION,0.0364884138107299,0.3757626884835365,test,0.5,337,674,0.5,/Users/charlottejob/Code/Evaluation_neuron_interpretability/vega_fcn_sweep/fcn_050
REACTOME_CHROMOSOME_MAINTENANCE,0.4521204531192779,0.6657966187339646,test,0.5,337,674,0.5,/Users/charlottejob/Code/Evaluation_neuron_interpretability/vega_fcn_sweep/fcn_050
REACTOME_DEPOSITION_OF_NEW_CENPA_CONTAINING_NUCLEOSOMES_AT_THE_CENTROMERE,0.3290439248085022,0.596210251791212,test,0.5,337,674,0.5,/Users/charlottejob/Code/Evaluation_neuron_interpretability/vega_fcn_sweep/fcn_050
REACTOME_L1CAM_INTERACTIONS,0.581349790096283,0.6973216886587456,test,0.5,337,674,0.5,/Users/charlottejob/Code/Evaluation_neuron_interpretability/vega_fcn_sweep/fcn_050
REACTOME_ROLE_OF_SECOND_MESSENGERS_IN_NETRIN1_SIGNALING,-0.0179008655250072,0.8794408781085489,test,0.5,337,674,0.5,/Users/charlottejob/Code/Evaluation_neuron_interpretability/vega_fcn_sweep/fcn_050
REACTOME_SIGNALING_BY_ILS,0.1162993162870407,0.35312706483955303,test,0.5,337,674,0.5,/Users/charlottejob/Code/Evaluation_neuron_interpretability/vega_fcn_sweep/fcn_050
REACTOME_NETRIN1_SIGNALING,0.0037337692920118,0.8480458938226403,test,0.5,337,674,0.5,/Users/charlottejob/Code/Evaluation_neuron_interpretability/vega_fcn_sweep/fcn_050
REACTOME_METABOLISM_OF_LIPIDS_AND_LIPOPROTEINS,0.2477255761623382,0.6034202561464717,test,0.5,337,674,0.5,/Users/charlottejob/Code/Evaluation_neuron_interpretability/vega_fcn_sweep/fcn_050
REACTOME_INTERACTION_BETWEEN_L1_AND_ANKYRINS,0.0477750450372695,0.819807209039785,test,0.5,337,674,0.5,/Users/charlottejob/Code/Evaluation_neuron_interpretability/vega_fcn_sweep/fcn_050
REACTOME_SIGNAL_TRANSDUCTION_BY_L1,0.7807950377464294,0.7121695828825324,test,0.5,337,674,0.5,/Users/charlottejob/Code/Evaluation_neuron_interpretability/vega_fcn_sweep/fcn_050
REACTOME_FATTY_ACID_TRIACYLGLYCEROL_AND_KETONE_BODY_METABOLISM,0.373886227607727,0.6139473819789762,test,0.5,337,674,0.5,/Users/charlottejob/Code/Evaluation_neuron_interpretability/vega_fcn_sweep/fcn_050
REACTOME_TRANSPORT_OF_VITAMINS_NUCLEOSIDES_AND_RELATED_MOLECULES,,0.873560446397053,test,0.5,337,674,0.5,/Users/charlottejob/Code/Evaluation_neuron_interpretability/vega_fcn_sweep/fcn_050
REACTOME_HIGHLY_CALCIUM_PERMEABLE_POSTSYNAPTIC_NICOTINIC_ACETYLCHOLINE_RECEPTORS,,0.8769113990315403,test,0.5,337,674,0.5,/Users/charlottejob/Code/Evaluation_neuron_interpretability/vega_fcn_sweep/fcn_050
REACTOME_RNA_POL_I_PROMOTER_OPENING,0.0239142309874296,0.3315034811605171,test,0.5,337,674,0.5,/Users/charlottejob/Code/Evaluation_neuron_interpretability/vega_fcn_sweep/fcn_050
REACTOME_PRESYNAPTIC_NICOTINIC_ACETYLCHOLINE_RECEPTORS,0.1104657351970672,0.7322888390677259,test,0.5,337,674,0.5,/Users/charlottejob/Code/Evaluation_neuron_interpretability/vega_fcn_sweep/fcn_050
REACTOME_ORGANIC_CATION_ANION_ZWITTERION_TRANSPORT,-0.0199002977460622,0.8773771202287207,test,0.5,337,674,0.5,/Users/charlottejob/Code/Evaluation_neuron_interpretability/vega_fcn_sweep/fcn_050
REACTOME_DCC_MEDIATED_ATTRACTIVE_SIGNALING,0.0208185072988271,0.7958411798311502,test,0.5,337,674,0.5,/Users/charlottejob/Code/Evaluation_neuron_interpretability/vega_fcn_sweep/fcn_050
REACTOME_RECYCLING_PATHWAY_OF_L1,0.7551395297050476,0.6855722286484935,test,0.5,337,674,0.5,/Users/charlottejob/Code/Evaluation_neuron_interpretability/vega_fcn_sweep/fcn_050
REACTOME_SYNTHESIS_OF_SUBSTRATES_IN_N_GLYCAN_BIOSYTHESIS,,0.8785761026043711,test,0.5,337,674,0.5,/Users/charlottejob/Code/Evaluation_neuron_interpretability/vega_fcn_sweep/fcn_050
REACTOME_RESPIRATORY_ELECTRON_TRANSPORT,,0.8773127426602103,test,0.5,337,674,0.5,/Users/charlottejob/Code/Evaluation_neuron_interpretability/vega_fcn_sweep/fcn_050
REACTOME_ASPARAGINE_N_LINKED_GLYCOSYLATION,0.0215550083667039,0.3204854238094988,test,0.5,337,674,0.5,/Users/charlottejob/Code/Evaluation_neuron_interpretability/vega_fcn_sweep/fcn_050
REACTOME_ASSEMBLY_OF_THE_PRE_REPLICATIVE_COMPLEX,,0.2954342799808053,test,0.5,337,674,0.5,/Users/charlottejob/Code/Evaluation_neuron_interpretability/vega_fcn_sweep/fcn_050
REACTOME_BIOSYNTHESIS_OF_THE_N_GLYCAN_PRECURSOR_DOLICHOL_LIPID_LINKED_OLIGOSACCHARIDE_LLO_AND_TRANSFER_TO_A_NASCENT_PROTEIN,0.0021240133792161,0.3247348073163603,test,0.5,337,674,0.5,/Users/charlottejob/Code/Evaluation_neuron_interpretability/vega_fcn_sweep/fcn_050
REACTOME_IL1_SIGNALING,0.0211007911711931,0.3166578283690103,test,0.5,337,674,0.5,/Users/charlottejob/Code/Evaluation_neuron_interpretability/vega_fcn_sweep/fcn_050
REACTOME_GLOBAL_GENOMIC_NER_GG_NER,-0.0225011818110942,0.3469783181920083,test,0.5,337,674,0.5,/Users/charlottejob/Code/Evaluation_neuron_interpretability/vega_fcn_sweep/fcn_050
REACTOME_CGMP_EFFECTS,-0.0171418450772762,0.8785040349891577,test,0.5,337,674,0.5,/Users/charlottejob/Code/Evaluation_neuron_interpretability/vega_fcn_sweep/fcn_050
REACTOME_REGULATION_OF_SIGNALING_BY_CBL,0.0258651711046695,0.3117346131533147,test,0.5,337,674,0.5,/Users/charlottejob/Code/Evaluation_neuron_interpretability/vega_fcn_sweep/fcn_050
REACTOME_AMINO_ACID_SYNTHESIS_AND_INTERCONVERSION_TRANSAMINATION,0.6463172435760498,0.5912209511626526,test,0.5,337,674,0.5,/Users/charlottejob/Code/Evaluation_neuron_interpretability/vega_fcn_sweep/fcn_050
REACTOME_CALNEXIN_CALRETICULIN_CYCLE,,0.8796021463159273,test,0.5,337,674,0.5,/Users/charlottejob/Code/Evaluation_neuron_interpretability/vega_fcn_sweep/fcn_050
REACTOME_SYNTHESIS_SECRETION_AND_INACTIVATION_OF_GIP,,0.30933123936657514,test,0.5,337,674,0.5,/Users/charlottejob/Code/Evaluation_neuron_interpretability/vega_fcn_sweep/fcn_050
REACTOME_PASSIVE_TRANSPORT_BY_AQUAPORINS,-0.0199925806373357,0.2952766913771831,test,0.5,337,674,0.5,/Users/charlottejob/Code/Evaluation_neuron_interpretability/vega_fcn_sweep/fcn_050
REACTOME_NEPHRIN_INTERACTIONS,-0.0270253140479326,0.31998429524931293,test,0.5,337,674,0.5,/Users/charlottejob/Code/Evaluation_neuron_interpretability/vega_fcn_sweep/fcn_050
REACTOME_IL_3_5_AND_GM_CSF_SIGNALING,0.4096800088882446,0.585827877347312,test,0.5,337,674,0.5,/Users/charlottejob/Code/Evaluation_neuron_interpretability/vega_fcn_sweep/fcn_050
REACTOME_NITRIC_OXIDE_STIMULATES_GUANYLATE_CYCLASE,-0.02084481716156,0.3012336863401921,test,0.5,337,674,0.5,/Users/charlottejob/Code/Evaluation_neuron_interpretability/vega_fcn_sweep/fcn_050
REACTOME_PLATELET_HOMEOSTASIS,0.4905620217323303,0.7356181173041976,test,0.5,337,674,0.5,/Users/charlottejob/Code/Evaluation_neuron_interpretability/vega_fcn_sweep/fcn_050
REACTOME_N_GLYCAN_TRIMMING_IN_THE_ER_AND_CALNEXIN_CALRETICULIN_CYCLE,,0.8840361209265803,test,0.5,337,674,0.5,/Users/charlottejob/Code/Evaluation_neuron_interpretability/vega_fcn_sweep/fcn_050
REACTOME_PLATELET_SENSITIZATION_BY_LDL,0.6136877536773682,0.733657680706574,test,0.5,337,674,0.5,/Users/charlottejob/Code/Evaluation_neuron_interpretability/vega_fcn_sweep/fcn_050
REACTOME_AQUAPORIN_MEDIATED_TRANSPORT,0.3238874077796936,0.6232272528795101,test,0.5,337,674,0.5,/Users/charlottejob/Code/Evaluation_neuron_interpretability/vega_fcn_sweep/fcn_050
REACTOME_IL_RECEPTOR_SHC_SIGNALING,-0.0333924666047096,0.2891610810925014,test,0.5,337,674,0.5,/Users/charlottejob/Code/Evaluation_neuron_interpretability/vega_fcn_sweep/fcn_050
REACTOME_RAP1_SIGNALLING,0.6137212514877319,0.7356998969156967,test,0.5,337,674,0.5,/Users/charlottejob/Code/Evaluation_neuron_interpretability/vega_fcn_sweep/fcn_050
REACTOME_PLATELET_CALCIUM_HOMEOSTASIS,0.0226072128862142,0.3166520092894419,test,0.5,337,674,0.5,/Users/charlottejob/Code/Evaluation_neuron_interpretability/vega_fcn_sweep/fcn_050
REACTOME_SIGNAL_REGULATORY_PROTEIN_SIRP_FAMILY_INTERACTIONS,0.2990328669548034,0.617134709565433,test,0.5,337,674,0.5,/Users/charlottejob/Code/Evaluation_neuron_interpretability/vega_fcn_sweep/fcn_050
REACTOME_PROSTACYCLIN_SIGNALLING_THROUGH_PROSTACYCLIN_RECEPTOR,0.0077222357504069,0.2907508334830608,test,0.5,337,674,0.5,/Users/charlottejob/Code/Evaluation_neuron_interpretability/vega_fcn_sweep/fcn_050
REACTOME_GABA_SYNTHESIS_RELEASE_REUPTAKE_AND_DEGRADATION,-0.0034243697300553,0.8771174000855979,test,0.5,337,674,0.5,/Users/charlottejob/Code/Evaluation_neuron_interpretability/vega_fcn_sweep/fcn_050
REACTOME_INCRETIN_SYNTHESIS_SECRETION_AND_INACTIVATION,,0.8774296558042141,test,0.5,337,674,0.5,/Users/charlottejob/Code/Evaluation_neuron_interpretability/vega_fcn_sweep/fcn_050
REACTOME_TRANSPORT_OF_ORGANIC_ANIONS,,0.8802826855123674,test,0.5,337,674,0.5,/Users/charlottejob/Code/Evaluation_neuron_interpretability/vega_fcn_sweep/fcn_050
REACTOME_SYNTHESIS_SECRETION_AND_INACTIVATION_OF_GLP1,,0.32761680408323524,test,0.5,337,674,0.5,/Users/charlottejob/Code/Evaluation_neuron_interpretability/vega_fcn_sweep/fcn_050
REACTOME_REGULATION_OF_WATER_BALANCE_BY_RENAL_AQUAPORINS,0.5157482624053955,0.613729078396137,test,0.5,337,674,0.5,/Users/charlottejob/Code/Evaluation_neuron_interpretability/vega_fcn_sweep/fcn_050
REACTOME_DESTABILIZATION_OF_MRNA_BY_BRF1,0.7312600612640381,0.7490816046148165,test,0.5,337,674,0.5,/Users/charlottejob/Code/Evaluation_neuron_interpretability/vega_fcn_sweep/fcn_050
REACTOME_IRAK1_RECRUITS_IKK_COMPLEX,,0.8721580944902501,test,0.5,337,674,0.5,/Users/charlottejob/Code/Evaluation_neuron_interpretability/vega_fcn_sweep/fcn_050
REACTOME_TRAF6_MEDIATED_IRF7_ACTIVATION,0.8323693871498108,0.5904583123001851,test,0.5,337,674,0.5,/Users/charlottejob/Code/Evaluation_neuron_interpretability/vega_fcn_sweep/fcn_050
REACTOME_CIRCADIAN_CLOCK,0.5016947984695435,0.6559815762178507,test,0.5,337,674,0.5,/Users/charlottejob/Code/Evaluation_neuron_interpretability/vega_fcn_sweep/fcn_050
REACTOME_TRAF6_MEDIATED_NFKB_ACTIVATION,0.619031548500061,0.8173863598236217,test,0.5,337,674,0.5,/Users/charlottejob/Code/Evaluation_neuron_interpretability/vega_fcn_sweep/fcn_050
REACTOME_FACTORS_INVOLVED_IN_MEGAKARYOCYTE_DEVELOPMENT_AND_PLATELET_PRODUCTION,0.3261009454727173,0.6260279674451147,test,0.5,337,674,0.5,/Users/charlottejob/Code/Evaluation_neuron_interpretability/vega_fcn_sweep/fcn_050
REACTOME_REGULATION_OF_IFNG_SIGNALING,0.5463615655899048,0.7578872422340593,test,0.5,337,674,0.5,/Users/charlottejob/Code/Evaluation_neuron_interpretability/vega_fcn_sweep/fcn_050
REACTOME_GABA_A_RECEPTOR_ACTIVATION,,0.2944187061030406,test,0.5,337,674,0.5,/Users/charlottejob/Code/Evaluation_neuron_interpretability/vega_fcn_sweep/fcn_050
REACTOME_REGULATION_OF_MRNA_STABILITY_BY_PROTEINS_THAT_BIND_AU_RICH_ELEMENTS,0.5812121629714966,0.7671516454510622,test,0.5,337,674,0.5,/Users/charlottejob/Code/Evaluation_neuron_interpretability/vega_fcn_sweep/fcn_050
REACTOME_INHIBITION_OF_VOLTAGE_GATED_CA2_CHANNELS_VIA_GBETA_GAMMA_SUBUNITS,0.000630433904007,0.2895224328086518,test,0.5,337,674,0.5,/Users/charlottejob/Code/Evaluation_neuron_interpretability/vega_fcn_sweep/fcn_050
REACTOME_IRAK2_MEDIATED_ACTIVATION_OF_TAK1_COMPLEX_UPON_TLR7_8_OR_9_STIMULATION,,0.3077014352397155,test,0.5,337,674,0.5,/Users/charlottejob/Code/Evaluation_neuron_interpretability/vega_fcn_sweep/fcn_050
REACTOME_TRAF6_MEDIATED_INDUCTION_OF_NFKB_AND_MAP_KINASES_UPON_TLR7_8_OR_9_ACTIVATION,0.3972665667533874,0.799442541292405,test,0.5,337,674,0.5,/Users/charlottejob/Code/Evaluation_neuron_interpretability/vega_fcn_sweep/fcn_050
REACTOME_TRAF3_DEPENDENT_IRF_ACTIVATION_PATHWAY,-0.0051265484653413,0.2876423243031016,test,0.5,337,674,0.5,/Users/charlottejob/Code/Evaluation_neuron_interpretability/vega_fcn_sweep/fcn_050
REACTOME_GABA_B_RECEPTOR_ACTIVATION,-0.0234101805835962,0.3004461576899739,test,0.5,337,674,0.5,/Users/charlottejob/Code/Evaluation_neuron_interpretability/vega_fcn_sweep/fcn_050
REACTOME_NFKB_ACTIVATION_THROUGH_FADD_RIP1_PATHWAY_MEDIATED_BY_CASPASE_8_AND10,,0.8792112725210488,test,0.5,337,674,0.5,/Users/charlottejob/Code/Evaluation_neuron_interpretability/vega_fcn_sweep/fcn_050
REACTOME_DESTABILIZATION_OF_MRNA_BY_KSRP,,0.8786877808314792,test,0.5,337,674,0.5,/Users/charlottejob/Code/Evaluation_neuron_interpretability/vega_fcn_sweep/fcn_050
REACTOME_TRANSPORT_TO_THE_GOLGI_AND_SUBSEQUENT_MODIFICATION,,0.8742241416917508,test,0.5,337,674,0.5,/Users/charlottejob/Code/Evaluation_neuron_interpretability/vega_fcn_sweep/fcn_050
REACTOME_IRON_UPTAKE_AND_TRANSPORT,0.0568224340677261,0.3727704862863873,test,0.5,337,674,0.5,/Users/charlottejob/Code/Evaluation_neuron_interpretability/vega_fcn_sweep/fcn_050
REACTOME_DESTABILIZATION_OF_MRNA_BY_TRISTETRAPROLIN_TTP,,0.358897177507307,test,0.5,337,674,0.5,/Users/charlottejob/Code/Evaluation_neuron_interpretability/vega_fcn_sweep/fcn_050
REACTOME_INTERFERON_GAMMA_SIGNALING,0.3826415836811065,0.9977699732827716,test,0.5,337,674,0.5,/Users/charlottejob/Code/Evaluation_neuron_interpretability/vega_fcn_sweep/fcn_050
REACTOME_N_GLYCAN_ANTENNAE_ELONGATION,,0.8814657767307943,test,0.5,337,674,0.5,/Users/charlottejob/Code/Evaluation_neuron_interpretability/vega_fcn_sweep/fcn_050
REACTOME_TRAF6_MEDIATED_IRF7_ACTIVATION_IN_TLR7_8_OR_9_SIGNALING,0.0400981903076171,0.2733625694093892,test,0.5,337,674,0.5,/Users/charlottejob/Code/Evaluation_neuron_interpretability/vega_fcn_sweep/fcn_050
REACTOME_ACTIVATION_OF_IRF3_IRF7_MEDIATED_BY_TBK1_IKK_EPSILON,0.0785555988550186,0.2861363320251909,test,0.5,337,674,0.5,/Users/charlottejob/Code/Evaluation_neuron_interpretability/vega_fcn_sweep/fcn_050
REACTOME_ION_TRANSPORT_BY_P_TYPE_ATPASES,0.0074711684137582,0.2885222891365946,test,0.5,337,674,0.5,/Users/charlottejob/Code/Evaluation_neuron_interpretability/vega_fcn_sweep/fcn_050
REACTOME_INTERFERON_ALPHA_BETA_SIGNALING,0.0713996142148971,0.3058369124793786,test,0.5,337,674,0.5,/Users/charlottejob/Code/Evaluation_neuron_interpretability/vega_fcn_sweep/fcn_050
REACTOME_ADVANCED_GLYCOSYLATION_ENDPRODUCT_RECEPTOR_SIGNALING,0.6248592138290405,0.7222506007769288,test,0.5,337,674,0.5,/Users/charlottejob/Code/Evaluation_neuron_interpretability/vega_fcn_sweep/fcn_050
REACTOME_GABA_RECEPTOR_ACTIVATION,0.1040197685360908,0.8733875861084341,test,0.5,337,674,0.5,/Users/charlottejob/Code/Evaluation_neuron_interpretability/vega_fcn_sweep/fcn_050
REACTOME_KINESINS,-0.0109949996694922,0.3261124101316613,test,0.5,337,674,0.5,/Users/charlottejob/Code/Evaluation_neuron_interpretability/vega_fcn_sweep/fcn_050
REACTOME_N_GLYCAN_ANTENNAE_ELONGATION_IN_THE_MEDIAL_TRANS_GOLGI,,0.8785377132138028,test,0.5,337,674,0.5,/Users/charlottejob/Code/Evaluation_neuron_interpretability/vega_fcn_sweep/fcn_050
REACTOME_REGULATION_OF_IFNA_SIGNALING,0.6161577105522156,0.7579645939911748,test,0.5,337,674,0.5,/Users/charlottejob/Code/Evaluation_neuron_interpretability/vega_fcn_sweep/fcn_050
REACTOME_INTERFERON_SIGNALING,0.0939355865120887,0.3291814816037927,test,0.5,337,674,0.5,/Users/charlottejob/Code/Evaluation_neuron_interpretability/vega_fcn_sweep/fcn_050
REACTOME_NEGATIVE_REGULATORS_OF_RIG_I_MDA5_SIGNALING,0.0066245077177882,0.3103450086370295,test,0.5,337,674,0.5,/Users/charlottejob/Code/Evaluation_neuron_interpretability/vega_fcn_sweep/fcn_050
REACTOME_NFKB_AND_MAP_KINASES_ACTIVATION_MEDIATED_BY_TLR4_SIGNALING_REPERTOIRE,0.0524702966213226,0.3055134892590723,test,0.5,337,674,0.5,/Users/charlottejob/Code/Evaluation_neuron_interpretability/vega_fcn_sweep/fcn_050
REACTOME_TRANSFERRIN_ENDOCYTOSIS_AND_RECYCLING,,0.2990062382759674,test,0.5,337,674,0.5,/Users/charlottejob/Code/Evaluation_neuron_interpretability/vega_fcn_sweep/fcn_050
REACTOME_DSCAM_INTERACTIONS,,0.3110133926623915,test,0.5,337,674,0.5,/Users/charlottejob/Code/Evaluation_neuron_interpretability/vega_fcn_sweep/fcn_050
REACTOME_ION_CHANNEL_TRANSPORT,0.1804889142513275,0.6954952684479775,test,0.5,337,674,0.5,/Users/charlottejob/Code/Evaluation_neuron_interpretability/vega_fcn_sweep/fcn_050
REACTOME_DESTABILIZATION_OF_MRNA_BY_AUF1_HNRNP_D0,,0.8835475286829821,test,0.5,337,674,0.5,/Users/charlottejob/Code/Evaluation_neuron_interpretability/vega_fcn_sweep/fcn_050
REACTOME_TRAF6_MEDIATED_INDUCTION_OF_TAK1_COMPLEX,0.0441503562033176,0.29501619552414604,test,0.5,337,674,0.5,/Users/charlottejob/Code/Evaluation_neuron_interpretability/vega_fcn_sweep/fcn_050
REACTOME_RIG_I_MDA5_MEDIATED_INDUCTION_OF_IFN_ALPHA_BETA_PATHWAYS,0.1413508802652359,0.332513645135596,test,0.5,337,674,0.5,/Users/charlottejob/Code/Evaluation_neuron_interpretability/vega_fcn_sweep/fcn_050
REACTOME_IKK_COMPLEX_RECRUITMENT_MEDIATED_BY_RIP1,-0.0849503725767135,0.300486566829323,test,0.5,337,674,0.5,/Users/charlottejob/Code/Evaluation_neuron_interpretability/vega_fcn_sweep/fcn_050
REACTOME_LIGAND_GATED_ION_CHANNEL_TRANSPORT,,0.8793072459974698,test,0.5,337,674,0.5,/Users/charlottejob/Code/Evaluation_neuron_interpretability/vega_fcn_sweep/fcn_050
REACTOME_FORMATION_OF_INCISION_COMPLEX_IN_GG_NER,-0.0237475596368312,0.8799814247435227,test,0.5,337,674,0.5,/Users/charlottejob/Code/Evaluation_neuron_interpretability/vega_fcn_sweep/fcn_050
REACTOME_TRANSCRIPTIONAL_REGULATION_OF_WHITE_ADIPOCYTE_DIFFERENTIATION,0.2751830816268921,0.3442035643716846,test,0.5,337,674,0.5,/Users/charlottejob/Code/Evaluation_neuron_interpretability/vega_fcn_sweep/fcn_050
REACTOME_ENDOSOMAL_SORTING_COMPLEX_REQUIRED_FOR_TRANSPORT_ESCRT,,0.3141456179383152,test,0.5,337,674,0.5,/Users/charlottejob/Code/Evaluation_neuron_interpretability/vega_fcn_sweep/fcn_050
REACTOME_MEIOTIC_RECOMBINATION,-0.0248380322009325,0.36089481547806224,test,0.5,337,674,0.5,/Users/charlottejob/Code/Evaluation_neuron_interpretability/vega_fcn_sweep/fcn_050
REACTOME_IL_2_SIGNALING,0.6078318953514099,0.5591859586852378,test,0.5,337,674,0.5,/Users/charlottejob/Code/Evaluation_neuron_interpretability/vega_fcn_sweep/fcn_050
REACTOME_IL_6_SIGNALING,-0.0318883135914802,0.3370356697079971,test,0.5,337,674,0.5,/Users/charlottejob/Code/Evaluation_neuron_interpretability/vega_fcn_sweep/fcn_050
REACTOME_PLATELET_AGGREGATION_PLUG_FORMATION,0.5906715989112854,0.7796389932992668,test,0.5,337,674,0.5,/Users/charlottejob/Code/Evaluation_neuron_interpretability/vega_fcn_sweep/fcn_050
REACTOME_SIGNALING_BY_NOTCH,0.2600192129611969,0.6160997134468997,test,0.5,337,674,0.5,/Users/charlottejob/Code/Evaluation_neuron_interpretability/vega_fcn_sweep/fcn_050
REACTOME_LAGGING_STRAND_SYNTHESIS,,0.29688260698861413,test,0.5,337,674,0.5,/Users/charlottejob/Code/Evaluation_neuron_interpretability/vega_fcn_sweep/fcn_050
REACTOME_INTRINSIC_PATHWAY,-0.0368486978113651,0.8688676653067938,test,0.5,337,674,0.5,/Users/charlottejob/Code/Evaluation_neuron_interpretability/vega_fcn_sweep/fcn_050
REACTOME_INHIBITION_OF_REPLICATION_INITIATION_OF_DAMAGED_DNA_BY_RB1_E2F1,,0.3009169829428958,test,0.5,337,674,0.5,/Users/charlottejob/Code/Evaluation_neuron_interpretability/vega_fcn_sweep/fcn_050
REACTOME_ETHANOL_OXIDATION,0.0916371643543243,0.3152880155742661,test,0.5,337,674,0.5,/Users/charlottejob/Code/Evaluation_neuron_interpretability/vega_fcn_sweep/fcn_050
REACTOME_SYNTHESIS_OF_VERY_LONG_CHAIN_FATTY_ACYL_COAS,0.0513108149170875,0.2942288551974006,test,0.5,337,674,0.5,/Users/charlottejob/Code/Evaluation_neuron_interpretability/vega_fcn_sweep/fcn_050
REACTOME_DNA_REPLICATION,0.2240682542324066,0.8867441714095613,test,0.5,337,674,0.5,/Users/charlottejob/Code/Evaluation_neuron_interpretability/vega_fcn_sweep/fcn_050
REACTOME_CLEAVAGE_OF_GROWING_TRANSCRIPT_IN_THE_TERMINATION_REGION_,,0.8796038912882257,test,0.5,337,674,0.5,/Users/charlottejob/Code/Evaluation_neuron_interpretability/vega_fcn_sweep/fcn_050
REACTOME_PKB_MEDIATED_EVENTS,0.5997345447540283,0.6622206986270063,test,0.5,337,674,0.5,/Users/charlottejob/Code/Evaluation_neuron_interpretability/vega_fcn_sweep/fcn_050
REACTOME_E2F_MEDIATED_REGULATION_OF_DNA_REPLICATION,0.6194102168083191,0.7849641034270007,test,0.5,337,674,0.5,/Users/charlottejob/Code/Evaluation_neuron_interpretability/vega_fcn_sweep/fcn_050
REACTOME_METABOLISM_OF_CARBOHYDRATES,0.0453025847673416,0.30473527361037533,test,0.5,337,674,0.5,/Users/charlottejob/Code/Evaluation_neuron_interpretability/vega_fcn_sweep/fcn_050
REACTOME_HORMONE_SENSITIVE_LIPASE_HSL_MEDIATED_TRIACYLGLYCEROL_HYDROLYSIS,-0.0203369259834289,0.8676460550564689,test,0.5,337,674,0.5,/Users/charlottejob/Code/Evaluation_neuron_interpretability/vega_fcn_sweep/fcn_050
REACTOME_SIGNALING_BY_INSULIN_RECEPTOR,0.5162274837493896,0.711535743408535,test,0.5,337,674,0.5,/Users/charlottejob/Code/Evaluation_neuron_interpretability/vega_fcn_sweep/fcn_050
REACTOME_SIGNAL_ATTENUATION,0.8095659017562866,0.6753999548459247,test,0.5,337,674,0.5,/Users/charlottejob/Code/Evaluation_neuron_interpretability/vega_fcn_sweep/fcn_050
REACTOME_PURINE_METABOLISM,0.4748323559761047,0.7748138566380616,test,0.5,337,674,0.5,/Users/charlottejob/Code/Evaluation_neuron_interpretability/vega_fcn_sweep/fcn_050
REACTOME_SOS_MEDIATED_SIGNALLING,0.8107464909553528,0.6804754129060148,test,0.5,337,674,0.5,/Users/charlottejob/Code/Evaluation_neuron_interpretability/vega_fcn_sweep/fcn_050
REACTOME_RNA_POL_III_TRANSCRIPTION_INITIATION_FROM_TYPE_3_PROMOTER,,0.3340138725297736,test,0.5,337,674,0.5,/Users/charlottejob/Code/Evaluation_neuron_interpretability/vega_fcn_sweep/fcn_050
REACTOME_APOPTOSIS,0.2766105234622955,0.7503158149448971,test,0.5,337,674,0.5,/Users/charlottejob/Code/Evaluation_neuron_interpretability/vega_fcn_sweep/fcn_050
REACTOME_LIPID_DIGESTION_MOBILIZATION_AND_TRANSPORT,0.784634530544281,0.7086293379532062,test,0.5,337,674,0.5,/Users/charlottejob/Code/Evaluation_neuron_interpretability/vega_fcn_sweep/fcn_050
REACTOME_HEMOSTASIS,0.0695187747478485,0.9461819696125322,test,0.5,337,674,0.5,/Users/charlottejob/Code/Evaluation_neuron_interpretability/vega_fcn_sweep/fcn_050
REACTOME_INFLUENZA_LIFE_CYCLE,0.7313613295555115,0.999944168890906,test,0.5,337,674,0.5,/Users/charlottejob/Code/Evaluation_neuron_interpretability/vega_fcn_sweep/fcn_050
REACTOME_INFLUENZA_VIRAL_RNA_TRANSCRIPTION_AND_REPLICATION,0.1348255723714828,0.3847297316474378,test,0.5,337,674,0.5,/Users/charlottejob/Code/Evaluation_neuron_interpretability/vega_fcn_sweep/fcn_050
REACTOME_NEP_NS2_INTERACTS_WITH_THE_CELLULAR_EXPORT_MACHINERY,0.7589108347892761,0.7725780883303665,test,0.5,337,674,0.5,/Users/charlottejob/Code/Evaluation_neuron_interpretability/vega_fcn_sweep/fcn_050
REACTOME_HIV_INFECTION,-0.015004338696599,0.3934299731968133,test,0.5,337,674,0.5,/Users/charlottejob/Code/Evaluation_neuron_interpretability/vega_fcn_sweep/fcn_050
REACTOME_TRANSPORT_OF_RIBONUCLEOPROTEINS_INTO_THE_HOST_NUCLEUS,-0.0198840051889419,0.3247943179503529,test,0.5,337,674,0.5,/Users/charlottejob/Code/Evaluation_neuron_interpretability/vega_fcn_sweep/fcn_050
REACTOME_HIV_LIFE_CYCLE,0.425645649433136,0.6898967124762729,test,0.5,337,674,0.5,/Users/charlottejob/Code/Evaluation_neuron_interpretability/vega_fcn_sweep/fcn_050
REACTOME_ABORTIVE_ELONGATION_OF_HIV1_TRANSCRIPT_IN_THE_ABSENCE_OF_TAT,,0.32913841992758364,test,0.5,337,674,0.5,/Users/charlottejob/Code/Evaluation_neuron_interpretability/vega_fcn_sweep/fcn_050
REACTOME_EARLY_PHASE_OF_HIV_LIFE_CYCLE,0.0251750331372022,0.32163739605857644,test,0.5,337,674,0.5,/Users/charlottejob/Code/Evaluation_neuron_interpretability/vega_fcn_sweep/fcn_050
REACTOME_HOST_INTERACTIONS_OF_HIV_FACTORS,0.0104553010314702,0.3563114216096171,test,0.5,337,674,0.5,/Users/charlottejob/Code/Evaluation_neuron_interpretability/vega_fcn_sweep/fcn_050
REACTOME_RNA_POL_III_TRANSCRIPTION_TERMINATION,,0.2996780526109148,test,0.5,337,674,0.5,/Users/charlottejob/Code/Evaluation_neuron_interpretability/vega_fcn_sweep/fcn_050
REACTOME_RESPIRATORY_ELECTRON_TRANSPORT_ATP_SYNTHESIS_BY_CHEMIOSMOTIC_COUPLING_AND_HEAT_PRODUCTION_BY_UNCOUPLING_PROTEINS_,0.0123402429744601,0.2797775704005061,test,0.5,337,674,0.5,/Users/charlottejob/Code/Evaluation_neuron_interpretability/vega_fcn_sweep/fcn_050
REACTOME_FORMATION_OF_THE_HIV1_EARLY_ELONGATION_COMPLEX,0.0002183856850024,0.8747593579081842,test,0.5,337,674,0.5,/Users/charlottejob/Code/Evaluation_neuron_interpretability/vega_fcn_sweep/fcn_050
REACTOME_RAF_MAP_KINASE_CASCADE,,0.874114208436941,test,0.5,337,674,0.5,/Users/charlottejob/Code/Evaluation_neuron_interpretability/vega_fcn_sweep/fcn_050
REACTOME_VIRAL_MESSENGER_RNA_SYNTHESIS,,0.2821096715089648,test,0.5,337,674,0.5,/Users/charlottejob/Code/Evaluation_neuron_interpretability/vega_fcn_sweep/fcn_050
REACTOME_LATE_PHASE_OF_HIV_LIFE_CYCLE,0.3473048806190491,0.6142702380433043,test,0.5,337,674,0.5,/Users/charlottejob/Code/Evaluation_neuron_interpretability/vega_fcn_sweep/fcn_050
REACTOME_SHC_MEDIATED_SIGNALLING,,0.2839453823670549,test,0.5,337,674,0.5,/Users/charlottejob/Code/Evaluation_neuron_interpretability/vega_fcn_sweep/fcn_050
REACTOME_INTERACTIONS_OF_VPR_WITH_HOST_CELLULAR_PROTEINS,0.7527045011520386,0.7701851802651505,test,0.5,337,674,0.5,/Users/charlottejob/Code/Evaluation_neuron_interpretability/vega_fcn_sweep/fcn_050
REACTOME_FORMATION_OF_ATP_BY_CHEMIOSMOTIC_COUPLING,,0.3100920472887493,test,0.5,337,674,0.5,/Users/charlottejob/Code/Evaluation_neuron_interpretability/vega_fcn_sweep/fcn_050
REACTOME_APC_C_CDH1_MEDIATED_DEGRADATION_OF_CDC20_AND_OTHER_APC_C_CDH1_TARGETED_PROTEINS_IN_LATE_MITOSIS_EARLY_G1,0.0162076093256473,0.8636578114578456,test,0.5,337,674,0.5,/Users/charlottejob/Code/Evaluation_neuron_interpretability/vega_fcn_sweep/fcn_050
REACTOME_ACTIVATION_OF_ATR_IN_RESPONSE_TO_REPLICATION_STRESS,,0.3095668106268813,test,0.5,337,674,0.5,/Users/charlottejob/Code/Evaluation_neuron_interpretability/vega_fcn_sweep/fcn_050
REACTOME_UNWINDING_OF_DNA,,0.28127731972254943,test,0.5,337,674,0.5,/Users/charlottejob/Code/Evaluation_neuron_interpretability/vega_fcn_sweep/fcn_050
REACTOME_APC_C_CDC20_MEDIATED_DEGRADATION_OF_MITOTIC_PROTEINS,0.4502338469028473,0.6271818723657882,test,0.5,337,674,0.5,/Users/charlottejob/Code/Evaluation_neuron_interpretability/vega_fcn_sweep/fcn_050
REACTOME_GLUCURONIDATION,,0.2821934301792959,test,0.5,337,674,0.5,/Users/charlottejob/Code/Evaluation_neuron_interpretability/vega_fcn_sweep/fcn_050
REACTOME_AUTODEGRADATION_OF_CDH1_BY_CDH1_APC_C,-0.0059507531113922,0.881473147869383,test,0.5,337,674,0.5,/Users/charlottejob/Code/Evaluation_neuron_interpretability/vega_fcn_sweep/fcn_050
REACTOME_MYD88_MAL_CASCADE_INITIATED_ON_PLASMA_MEMBRANE,0.3032112717628479,0.9803575674091336,test,0.5,337,674,0.5,/Users/charlottejob/Code/Evaluation_neuron_interpretability/vega_fcn_sweep/fcn_050
REACTOME_INNATE_IMMUNE_SYSTEM,0.0094927344471216,0.337480135359994,test,0.5,337,674,0.5,/Users/charlottejob/Code/Evaluation_neuron_interpretability/vega_fcn_sweep/fcn_050
REACTOME_REGULATION_OF_GLUCOKINASE_BY_GLUCOKINASE_REGULATORY_PROTEIN,0.7866843938827515,0.7488092636710388,test,0.5,337,674,0.5,/Users/charlottejob/Code/Evaluation_neuron_interpretability/vega_fcn_sweep/fcn_050
REACTOME_MITOTIC_PROMETAPHASE,0.2058627903461456,0.9170690124753728,test,0.5,337,674,0.5,/Users/charlottejob/Code/Evaluation_neuron_interpretability/vega_fcn_sweep/fcn_050
REACTOME_APC_C_CDC20_MEDIATED_DEGRADATION_OF_CYCLIN_B,0.009294600225985,0.8855705507542537,test,0.5,337,674,0.5,/Users/charlottejob/Code/Evaluation_neuron_interpretability/vega_fcn_sweep/fcn_050
REACTOME_SCF_BETA_TRCP_MEDIATED_DEGRADATION_OF_EMI1,-0.0080519272014498,0.2990331030360564,test,0.5,337,674,0.5,/Users/charlottejob/Code/Evaluation_neuron_interpretability/vega_fcn_sweep/fcn_050
REACTOME_LIPOPROTEIN_METABOLISM,-0.0360332503914833,0.2947817981705487,test,0.5,337,674,0.5,/Users/charlottejob/Code/Evaluation_neuron_interpretability/vega_fcn_sweep/fcn_050
REACTOME_G1_S_SPECIFIC_TRANSCRIPTION,0.0668807998299598,0.3041568511974872,test,0.5,337,674,0.5,/Users/charlottejob/Code/Evaluation_neuron_interpretability/vega_fcn_sweep/fcn_050
REACTOME_THE_ROLE_OF_NEF_IN_HIV1_REPLICATION_AND_DISEASE_PATHOGENESIS,0.0888484790921211,0.3565302154576422,test,0.5,337,674,0.5,/Users/charlottejob/Code/Evaluation_neuron_interpretability/vega_fcn_sweep/fcn_050
REACTOME_CHYLOMICRON_MEDIATED_LIPID_TRANSPORT,0.7967851758003235,0.727088597861684,test,0.5,337,674,0.5,/Users/charlottejob/Code/Evaluation_neuron_interpretability/vega_fcn_sweep/fcn_050
REACTOME_SIGNALING_BY_TGF_BETA_RECEPTOR_COMPLEX,0.6748713254928589,0.9811613522072464,test,0.5,337,674,0.5,/Users/charlottejob/Code/Evaluation_neuron_interpretability/vega_fcn_sweep/fcn_050
REACTOME_CONVERSION_FROM_APC_C_CDC20_TO_APC_C_CDH1_IN_LATE_ANAPHASE,-0.0128704905509948,0.276948784537443,test,0.5,337,674,0.5,/Users/charlottejob/Code/Evaluation_neuron_interpretability/vega_fcn_sweep/fcn_050
REACTOME_ACTIVATED_TLR4_SIGNALLING,0.0171212255954742,0.3232668555612686,test,0.5,337,674,0.5,/Users/charlottejob/Code/Evaluation_neuron_interpretability/vega_fcn_sweep/fcn_050
REACTOME_IMMUNE_SYSTEM,0.1403563618659973,0.3695413445273962,test,0.5,337,674,0.5,/Users/charlottejob/Code/Evaluation_neuron_interpretability/vega_fcn_sweep/fcn_050
REACTOME_BINDING_AND_ENTRY_OF_HIV_VIRION,0.7259644269943237,0.6599658561893543,test,0.5,337,674,0.5,/Users/charlottejob/Code/Evaluation_neuron_interpretability/vega_fcn_sweep/fcn_050
REACTOME_PHOSPHORYLATION_OF_THE_APC_C,-0.0200677812099456,0.8835841339763127,test,0.5,337,674,0.5,/Users/charlottejob/Code/Evaluation_neuron_interpretability/vega_fcn_sweep/fcn_050
REACTOME_CYTOSOLIC_SULFONATION_OF_SMALL_MOLECULES,-0.0378508977591991,0.28803479744017224,test,0.5,337,674,0.5,/Users/charlottejob/Code/Evaluation_neuron_interpretability/vega_fcn_sweep/fcn_050
REACTOME_INTEGRATION_OF_PROVIRUS,0.6365095376968384,0.594172415727186,test,0.5,337,674,0.5,/Users/charlottejob/Code/Evaluation_neuron_interpretability/vega_fcn_sweep/fcn_050
REACTOME_GLUTATHIONE_CONJUGATION,0.3211146593093872,0.8078064045280087,test,0.5,337,674,0.5,/Users/charlottejob/Code/Evaluation_neuron_interpretability/vega_fcn_sweep/fcn_050
REACTOME_COMPLEMENT_CASCADE,-0.0064308904111385,0.2936964440711925,test,0.5,337,674,0.5,/Users/charlottejob/Code/Evaluation_neuron_interpretability/vega_fcn_sweep/fcn_050
REACTOME_PHASE_II_CONJUGATION,0.3067419528961181,0.6846272225026642,test,0.5,337,674,0.5,/Users/charlottejob/Code/Evaluation_neuron_interpretability/vega_fcn_sweep/fcn_050
REACTOME_MTORC1_MEDIATED_SIGNALLING,0.692585825920105,0.7187986215755973,test,0.5,337,674,0.5,/Users/charlottejob/Code/Evaluation_neuron_interpretability/vega_fcn_sweep/fcn_050
REACTOME_TOLL_RECEPTOR_CASCADES,0.1435053646564483,0.8690421321393821,test,0.5,337,674,0.5,/Users/charlottejob/Code/Evaluation_neuron_interpretability/vega_fcn_sweep/fcn_050
REACTOME_ACTIVATION_OF_BH3_ONLY_PROTEINS,0.0030033066868782,0.3453184149869525,test,0.5,337,674,0.5,/Users/charlottejob/Code/Evaluation_neuron_interpretability/vega_fcn_sweep/fcn_050
REACTOME_GLUCOSE_METABOLISM,0.0857548639178276,0.3204225537539561,test,0.5,337,674,0.5,/Users/charlottejob/Code/Evaluation_neuron_interpretability/vega_fcn_sweep/fcn_050
REACTOME_RNA_POL_III_CHAIN_ELONGATION,,0.280942285041225,test,0.5,337,674,0.5,/Users/charlottejob/Code/Evaluation_neuron_interpretability/vega_fcn_sweep/fcn_050
REACTOME_VOLTAGE_GATED_POTASSIUM_CHANNELS,0.362822562456131,0.6981629635843182,test,0.5,337,674,0.5,/Users/charlottejob/Code/Evaluation_neuron_interpretability/vega_fcn_sweep/fcn_050
REACTOME_ADAPTIVE_IMMUNE_SYSTEM,0.2291534394025802,0.3500349829201037,test,0.5,337,674,0.5,/Users/charlottejob/Code/Evaluation_neuron_interpretability/vega_fcn_sweep/fcn_050
REACTOME_NOD1_2_SIGNALING_PATHWAY,0.6001436114311218,0.6705117636866726,test,0.5,337,674,0.5,/Users/charlottejob/Code/Evaluation_neuron_interpretability/vega_fcn_sweep/fcn_050
REACTOME_CYTOKINE_SIGNALING_IN_IMMUNE_SYSTEM,0.0794246196746826,0.34001351514602407,test,0.5,337,674,0.5,/Users/charlottejob/Code/Evaluation_neuron_interpretability/vega_fcn_sweep/fcn_050
REACTOME_MEIOTIC_SYNAPSIS,0.0521317422389984,0.29454236190435523,test,0.5,337,674,0.5,/Users/charlottejob/Code/Evaluation_neuron_interpretability/vega_fcn_sweep/fcn_050
REACTOME_ANTIGEN_PRESENTATION_FOLDING_ASSEMBLY_AND_PEPTIDE_LOADING_OF_CLASS_I_MHC,0.0898328274488449,0.3926211076764283,test,0.5,337,674,0.5,/Users/charlottejob/Code/Evaluation_neuron_interpretability/vega_fcn_sweep/fcn_050
REACTOME_THE_NLRP3_INFLAMMASOME,0.3884522616863251,0.6992435077682427,test,0.5,337,674,0.5,/Users/charlottejob/Code/Evaluation_neuron_interpretability/vega_fcn_sweep/fcn_050
REACTOME_CLASS_I_MHC_MEDIATED_ANTIGEN_PROCESSING_PRESENTATION,0.4085217714309692,0.9999260457758608,test,0.5,337,674,0.5,/Users/charlottejob/Code/Evaluation_neuron_interpretability/vega_fcn_sweep/fcn_050
REACTOME_NONSENSE_MEDIATED_DECAY_ENHANCED_BY_THE_EXON_JUNCTION_COMPLEX,0.0479721426963806,0.3421495167950956,test,0.5,337,674,0.5,/Users/charlottejob/Code/Evaluation_neuron_interpretability/vega_fcn_sweep/fcn_050
REACTOME_PIP3_ACTIVATES_AKT_SIGNALING,-0.0125093068927526,0.2831827511055627,test,0.5,337,674,0.5,/Users/charlottejob/Code/Evaluation_neuron_interpretability/vega_fcn_sweep/fcn_050
REACTOME_ANTIGEN_PROCESSING_UBIQUITINATION_PROTEASOME_DEGRADATION,0.0119694834575057,0.2923592354965322,test,0.5,337,674,0.5,/Users/charlottejob/Code/Evaluation_neuron_interpretability/vega_fcn_sweep/fcn_050
REACTOME_TANDEM_PORE_DOMAIN_POTASSIUM_CHANNELS,,0.8804833573267024,test,0.5,337,674,0.5,/Users/charlottejob/Code/Evaluation_neuron_interpretability/vega_fcn_sweep/fcn_050
REACTOME_INFLAMMASOMES,0.382923275232315,0.6734599660510568,test,0.5,337,674,0.5,/Users/charlottejob/Code/Evaluation_neuron_interpretability/vega_fcn_sweep/fcn_050
REACTOME_POTASSIUM_CHANNELS,0.0437184013426303,0.31752535613147603,test,0.5,337,674,0.5,/Users/charlottejob/Code/Evaluation_neuron_interpretability/vega_fcn_sweep/fcn_050
REACTOME_NUCLEOTIDE_BINDING_DOMAIN_LEUCINE_RICH_REPEAT_CONTAINING_RECEPTOR_NLR_SIGNALING_PATHWAYS,0.0475296899676322,0.364052670775959,test,0.5,337,674,0.5,/Users/charlottejob/Code/Evaluation_neuron_interpretability/vega_fcn_sweep/fcn_050
REACTOME_INWARDLY_RECTIFYING_K_CHANNELS,0.0059573426842689,0.8723578541599742,test,0.5,337,674,0.5,/Users/charlottejob/Code/Evaluation_neuron_interpretability/vega_fcn_sweep/fcn_050
REACTOME_AMYLOIDS,0.4327823221683502,0.9010316457832568,test,0.5,337,674,0.5,/Users/charlottejob/Code/Evaluation_neuron_interpretability/vega_fcn_sweep/fcn_050
REACTOME_PACKAGING_OF_TELOMERE_ENDS,-0.0042921197600662,0.728302483446944,test,0.5,337,674,0.5,/Users/charlottejob/Code/Evaluation_neuron_interpretability/vega_fcn_sweep/fcn_050
REACTOME_TELOMERE_MAINTENANCE,-0.0047021643258631,0.3233686334912691,test,0.5,337,674,0.5,/Users/charlottejob/Code/Evaluation_neuron_interpretability/vega_fcn_sweep/fcn_050
REACTOME_PLATELET_ACTIVATION_SIGNALING_AND_AGGREGATION,0.233731523156166,0.8897514801207498,test,0.5,337,674,0.5,/Users/charlottejob/Code/Evaluation_neuron_interpretability/vega_fcn_sweep/fcn_050
REACTOME_REMOVAL_OF_THE_FLAP_INTERMEDIATE_FROM_THE_C_STRAND,,0.30086986869083454,test,0.5,337,674,0.5,/Users/charlottejob/Code/Evaluation_neuron_interpretability/vega_fcn_sweep/fcn_050
REACTOME_CREATION_OF_C4_AND_C2_ACTIVATORS,0.2927883267402649,0.7126468814852207,test,0.5,337,674,0.5,/Users/charlottejob/Code/Evaluation_neuron_interpretability/vega_fcn_sweep/fcn_050
REACTOME_APC_CDC20_MEDIATED_DEGRADATION_OF_NEK2A,0.0179075524210929,0.3179289596548739,test,0.5,337,674,0.5,/Users/charlottejob/Code/Evaluation_neuron_interpretability/vega_fcn_sweep/fcn_050
REACTOME_INITIAL_TRIGGERING_OF_COMPLEMENT,0.4892152547836303,0.6462277048628638,test,0.5,337,674,0.5,/Users/charlottejob/Code/Evaluation_neuron_interpretability/vega_fcn_sweep/fcn_050
REACTOME_EXTENSION_OF_TELOMERES,,0.8742695109715135,test,0.5,337,674,0.5,/Users/charlottejob/Code/Evaluation_neuron_interpretability/vega_fcn_sweep/fcn_050
REACTOME_G2_M_CHECKPOINTS,0.0081230523064732,0.2719500434914251,test,0.5,337,674,0.5,/Users/charlottejob/Code/Evaluation_neuron_interpretability/vega_fcn_sweep/fcn_050
REACTOME_G2_M_DNA_DAMAGE_CHECKPOINT,,0.3262801553025345,test,0.5,337,674,0.5,/Users/charlottejob/Code/Evaluation_neuron_interpretability/vega_fcn_sweep/fcn_050
REACTOME_S_PHASE,0.5292852520942688,0.6681438578779104,test,0.5,337,674,0.5,/Users/charlottejob/Code/Evaluation_neuron_interpretability/vega_fcn_sweep/fcn_050
REACTOME_SCFSKP2_MEDIATED_DEGRADATION_OF_P27_P21,0.6491148471832275,0.6724748383092473,test,0.5,337,674,0.5,/Users/charlottejob/Code/Evaluation_neuron_interpretability/vega_fcn_sweep/fcn_050
REACTOME_TRYPTOPHAN_CATABOLISM,-0.0183848794549703,0.8582675376512078,test,0.5,337,674,0.5,/Users/charlottejob/Code/Evaluation_neuron_interpretability/vega_fcn_sweep/fcn_050
REACTOME_DNA_STRAND_ELONGATION,,0.8813872529773591,test,0.5,337,674,0.5,/Users/charlottejob/Code/Evaluation_neuron_interpretability/vega_fcn_sweep/fcn_050
REACTOME_RESOLUTION_OF_AP_SITES_VIA_THE_SINGLE_NUCLEOTIDE_REPLACEMENT_PATHWAY,,0.30346464249880034,test,0.5,337,674,0.5,/Users/charlottejob/Code/Evaluation_neuron_interpretability/vega_fcn_sweep/fcn_050
REACTOME_FGFR_LIGAND_BINDING_AND_ACTIVATION,0.0535536408424377,0.3089968472948097,test,0.5,337,674,0.5,/Users/charlottejob/Code/Evaluation_neuron_interpretability/vega_fcn_sweep/fcn_050
REACTOME_CHOLESTEROL_BIOSYNTHESIS,,0.8803420145705186,test,0.5,337,674,0.5,/Users/charlottejob/Code/Evaluation_neuron_interpretability/vega_fcn_sweep/fcn_050
REACTOME_APOBEC3G_MEDIATED_RESISTANCE_TO_HIV1_INFECTION,0.0368230082094669,0.3004723676311787,test,0.5,337,674,0.5,/Users/charlottejob/Code/Evaluation_neuron_interpretability/vega_fcn_sweep/fcn_050
REACTOME_GAP_JUNCTION_TRAFFICKING,0.0150479953736066,0.8681588513363331,test,0.5,337,674,0.5,/Users/charlottejob/Code/Evaluation_neuron_interpretability/vega_fcn_sweep/fcn_050
REACTOME_FGFR2C_LIGAND_BINDING_AND_ACTIVATION,,0.3249138419927583,test,0.5,337,674,0.5,/Users/charlottejob/Code/Evaluation_neuron_interpretability/vega_fcn_sweep/fcn_050
REACTOME_METABOLISM_OF_PORPHYRINS,0.0521268062293529,0.3122158028471268,test,0.5,337,674,0.5,/Users/charlottejob/Code/Evaluation_neuron_interpretability/vega_fcn_sweep/fcn_050
REACTOME_FGFR4_LIGAND_BINDING_AND_ACTIVATION,,0.3365318675566026,test,0.5,337,674,0.5,/Users/charlottejob/Code/Evaluation_neuron_interpretability/vega_fcn_sweep/fcn_050
REACTOME_VIF_MEDIATED_DEGRADATION_OF_APOBEC3G,0.7559886574745178,0.6145959672860476,test,0.5,337,674,0.5,/Users/charlottejob/Code/Evaluation_neuron_interpretability/vega_fcn_sweep/fcn_050
REACTOME_SIGNALING_BY_FGFR,0.0023268784862011,0.8650932561305401,test,0.5,337,674,0.5,/Users/charlottejob/Code/Evaluation_neuron_interpretability/vega_fcn_sweep/fcn_050
REACTOME_DIGESTION_OF_DIETARY_CARBOHYDRATE,,0.3204030886009685,test,0.5,337,674,0.5,/Users/charlottejob/Code/Evaluation_neuron_interpretability/vega_fcn_sweep/fcn_050
REACTOME_FGFR1_LIGAND_BINDING_AND_ACTIVATION,-0.0303334593772888,0.2828583116452607,test,0.5,337,674,0.5,/Users/charlottejob/Code/Evaluation_neuron_interpretability/vega_fcn_sweep/fcn_050
REACTOME_GAP_JUNCTION_ASSEMBLY,,0.3097168782445579,test,0.5,337,674,0.5,/Users/charlottejob/Code/Evaluation_neuron_interpretability/vega_fcn_sweep/fcn_050
REACTOME_SYNTHESIS_OF_GLYCOSYLPHOSPHATIDYLINOSITOL_GPI,,0.2909270165336125,test,0.5,337,674,0.5,/Users/charlottejob/Code/Evaluation_neuron_interpretability/vega_fcn_sweep/fcn_050
REACTOME_RNA_POL_I_TRANSCRIPTION_INITIATION,0.0219976548105478,0.8863528800543736,test,0.5,337,674,0.5,/Users/charlottejob/Code/Evaluation_neuron_interpretability/vega_fcn_sweep/fcn_050
REACTOME_PYRIMIDINE_METABOLISM,0.0346136353909969,0.4124008930611959,test,0.5,337,674,0.5,/Users/charlottejob/Code/Evaluation_neuron_interpretability/vega_fcn_sweep/fcn_050
REACTOME_INTRINSIC_PATHWAY_FOR_APOPTOSIS,-0.0161251053214073,0.41602095844755377,test,0.5,337,674,0.5,/Users/charlottejob/Code/Evaluation_neuron_interpretability/vega_fcn_sweep/fcn_050
REACTOME_PI3K_CASCADE,0.00889487657696,0.8629428286672104,test,0.5,337,674,0.5,/Users/charlottejob/Code/Evaluation_neuron_interpretability/vega_fcn_sweep/fcn_050
REACTOME_APOPTOTIC_EXECUTION_PHASE,0.2782846689224243,0.8093112640257887,test,0.5,337,674,0.5,/Users/charlottejob/Code/Evaluation_neuron_interpretability/vega_fcn_sweep/fcn_050
REACTOME_SHC_RELATED_EVENTS,,0.2927662173362998,test,0.5,337,674,0.5,/Users/charlottejob/Code/Evaluation_neuron_interpretability/vega_fcn_sweep/fcn_050
