{
  "dataset": "PBMC_8K",
  "fully_connected_neuron_fraction": 0.5,
  "n_fully_connected_neurons_selected": 337,
  "n_pathway_nodes": 674,
  "n_genes": 2000,
  "n_latent_nodes": 675,
  "mask_density": 0.5018518518518519,
  "n_epochs_trained": 177,
  "train": {
    "mse": 0.03672698140144348,
    "pearson_overall": 0.9936042428016663,
    "pearson_per_cell_mean": 0.9467154741287231,
    "n_cells": 6875,
    "n_genes": 2000
  },
  "test": {
    "mse": 0.04811137542128563,
    "pearson_overall": 0.9262040853500366,
    "pearson_per_cell_mean": 0.9301976561546326,
    "n_cells": 849,
    "n_genes": 2000
  },
  "hyperparameters": {
    "n_top_genes": 2000,
    "train_size": 0.9,
    "batch_size": 256,
    "learning_rate": 0.00062187,
    "n_epochs": 1000,
    "train_patience": 25,
    "test_patience": 25,
    "kld_weight": 0.000233864,
    "dropout": 0.0452273,
    "seed": 42,
    "gmt_path": "vega/vega/data/reactomes.gmt"
  }
}