pathway,distance_corr,reduction_score_probability,eval_split,fully_connected_neuron_fraction,n_fully_connected_neurons_selected,n_pathway_nodes,overlap_threshold,run_dir
REACTOME_GLYCOGEN_BREAKDOWN_GLYCOGENOLYSIS,-0.0195028148591518,0.5867562047474785,test,0.9,607,674,0.5,/Users/charlottejob/Code/Evaluation_neuron_interpretability/vega_fcn_sweep/fcn_090
REACTOME_TRANSLATION,0.7031958103179932,1.0,test,0.9,607,674,0.5,/Users/charlottejob/Code/Evaluation_neuron_interpretability/vega_fcn_sweep/fcn_090
REACTOME_PYRIMIDINE_CATABOLISM,0.043083157390356,0.4814950736247566,test,0.9,607,674,0.5,/Users/charlottejob/Code/Evaluation_neuron_interpretability/vega_fcn_sweep/fcn_090
REACTOME_RNA_POL_III_TRANSCRIPTION_INITIATION_FROM_TYPE_2_PROMOTER,,0.6096549317279589,test,0.9,607,674,0.5,/Users/charlottejob/Code/Evaluation_neuron_interpretability/vega_fcn_sweep/fcn_090
REACTOME_INHIBITION_OF_THE_PROTEOLYTIC_ACTIVITY_OF_APC_C_REQUIRED_FOR_THE_ONSET_OF_ANAPHASE_BY_MITOTIC_SPINDLE_CHECKPOINT_COMPONENTS,-0.0140585824847221,0.5138965757021017,test,0.9,607,674,0.5,/Users/charlottejob/Code/Evaluation_neuron_interpretability/vega_fcn_sweep/fcn_090
REACTOME_PYRUVATE_METABOLISM_AND_CITRIC_ACID_TCA_CYCLE,0.0519343502819538,0.4096880001267647,test,0.9,607,674,0.5,/Users/charlottejob/Code/Evaluation_neuron_interpretability/vega_fcn_sweep/fcn_090
REACTOME_EXTRINSIC_PATHWAY_FOR_APOPTOSIS,0.0195648279041051,0.5088269320163711,test,0.9,607,674,0.5,/Users/charlottejob/Code/Evaluation_neuron_interpretability/vega_fcn_sweep/fcn_090
REACTOME_PTM_GAMMA_CARBOXYLATION_HYPUSINE_FORMATION_AND_ARYLSULFATASE_ACTIVATION,0.0082342699170112,0.3488420671992474,test,0.9,607,674,0.5,/Users/charlottejob/Code/Evaluation_neuron_interpretability/vega_fcn_sweep/fcn_090
REACTOME_APOPTOTIC_CLEAVAGE_OF_CELLULAR_PROTEINS,0.0184510312974452,0.4724775421476541,test,0.9,607,674,0.5,/Users/charlottejob/Code/Evaluation_neuron_interpretability/vega_fcn_sweep/fcn_090
REACTOME_RNA_POL_I_TRANSCRIPTION_TERMINATION,0.0091172903776168,0.4808411530892929,test,0.9,607,674,0.5,/Users/charlottejob/Code/Evaluation_neuron_interpretability/vega_fcn_sweep/fcn_090
REACTOME_FORMATION_OF_THE_TERNARY_COMPLEX_AND_SUBSEQUENTLY_THE_43S_COMPLEX,0.0192666519433259,0.409773911630757,test,0.9,607,674,0.5,/Users/charlottejob/Code/Evaluation_neuron_interpretability/vega_fcn_sweep/fcn_090
REACTOME_ACTIVATION_OF_THE_PRE_REPLICATIVE_COMPLEX,0.020313823595643,0.415706267490641,test,0.9,607,674,0.5,/Users/charlottejob/Code/Evaluation_neuron_interpretability/vega_fcn_sweep/fcn_090
REACTOME_PROCESSING_OF_INTRONLESS_PRE_MRNAS,,0.3319530602451686,test,0.9,607,674,0.5,/Users/charlottejob/Code/Evaluation_neuron_interpretability/vega_fcn_sweep/fcn_090
REACTOME_GAP_JUNCTION_DEGRADATION,0.2113787829875946,0.8556382213494769,test,0.9,607,674,0.5,/Users/charlottejob/Code/Evaluation_neuron_interpretability/vega_fcn_sweep/fcn_090
REACTOME_BASE_EXCISION_REPAIR,,0.5494202329538018,test,0.9,607,674,0.5,/Users/charlottejob/Code/Evaluation_neuron_interpretability/vega_fcn_sweep/fcn_090
REACTOME_BILE_ACID_AND_BILE_SALT_METABOLISM,-0.0144268497824668,0.4019857810880007,test,0.9,607,674,0.5,/Users/charlottejob/Code/Evaluation_neuron_interpretability/vega_fcn_sweep/fcn_090
REACTOME_SYNTHESIS_OF_BILE_ACIDS_AND_BILE_SALTS_VIA_7ALPHA_HYDROXYCHOLESTEROL,-0.0173915829509496,0.5587000269375207,test,0.9,607,674,0.5,/Users/charlottejob/Code/Evaluation_neuron_interpretability/vega_fcn_sweep/fcn_090
REACTOME_RECYCLING_OF_BILE_ACIDS_AND_SALTS,-0.0177835822105407,0.5680308130004579,test,0.9,607,674,0.5,/Users/charlottejob/Code/Evaluation_neuron_interpretability/vega_fcn_sweep/fcn_090
REACTOME_SIGNALING_BY_RHO_GTPASES,0.1015693321824073,0.4352791945807952,test,0.9,607,674,0.5,/Users/charlottejob/Code/Evaluation_neuron_interpretability/vega_fcn_sweep/fcn_090
REACTOME_SIGNALING_BY_WNT,,0.5770291846616935,test,0.9,607,674,0.5,/Users/charlottejob/Code/Evaluation_neuron_interpretability/vega_fcn_sweep/fcn_090
REACTOME_METABOLISM_OF_NON_CODING_RNA,0.7996695637702942,0.8312672139713239,test,0.9,607,674,0.5,/Users/charlottejob/Code/Evaluation_neuron_interpretability/vega_fcn_sweep/fcn_090
REACTOME_SYNTHESIS_OF_BILE_ACIDS_AND_BILE_SALTS_VIA_24_HYDROXYCHOLESTEROL,0.0357567146420478,0.8739482482688682,test,0.9,607,674,0.5,/Users/charlottejob/Code/Evaluation_neuron_interpretability/vega_fcn_sweep/fcn_090
REACTOME_SYNTHESIS_OF_BILE_ACIDS_AND_BILE_SALTS,0.0388853065669536,0.3345780932812893,test,0.9,607,674,0.5,/Users/charlottejob/Code/Evaluation_neuron_interpretability/vega_fcn_sweep/fcn_090
REACTOME_METABOLISM_OF_STEROID_HORMONES_AND_VITAMINS_A_AND_D,,0.5277668717009117,test,0.9,607,674,0.5,/Users/charlottejob/Code/Evaluation_neuron_interpretability/vega_fcn_sweep/fcn_090
REACTOME_ANDROGEN_BIOSYNTHESIS,,0.4530523927932645,test,0.9,607,674,0.5,/Users/charlottejob/Code/Evaluation_neuron_interpretability/vega_fcn_sweep/fcn_090
REACTOME_SIGNALLING_BY_NGF,0.0767284110188484,0.4036517320527921,test,0.9,607,674,0.5,/Users/charlottejob/Code/Evaluation_neuron_interpretability/vega_fcn_sweep/fcn_090
REACTOME_CTNNB1_PHOSPHORYLATION_CASCADE,,0.4976695894952667,test,0.9,607,674,0.5,/Users/charlottejob/Code/Evaluation_neuron_interpretability/vega_fcn_sweep/fcn_090
REACTOME_INSULIN_RECEPTOR_RECYCLING,,0.4371644200148323,test,0.9,607,674,0.5,/Users/charlottejob/Code/Evaluation_neuron_interpretability/vega_fcn_sweep/fcn_090
REACTOME_COPI_MEDIATED_TRANSPORT,,0.5220660472015007,test,0.9,607,674,0.5,/Users/charlottejob/Code/Evaluation_neuron_interpretability/vega_fcn_sweep/fcn_090
REACTOME_NEF_MEDIATED_DOWNREGULATION_OF_MHC_CLASS_I_COMPLEX_CELL_SURFACE_EXPRESSION,0.0647010058164596,0.5699949420435194,test,0.9,607,674,0.5,/Users/charlottejob/Code/Evaluation_neuron_interpretability/vega_fcn_sweep/fcn_090
REACTOME_SIGNALING_BY_SCF_KIT,0.0147157022729516,0.4381752483207835,test,0.9,607,674,0.5,/Users/charlottejob/Code/Evaluation_neuron_interpretability/vega_fcn_sweep/fcn_090
REACTOME_DEVELOPMENTAL_BIOLOGY,0.0993287712335586,0.44593751931103837,test,0.9,607,674,0.5,/Users/charlottejob/Code/Evaluation_neuron_interpretability/vega_fcn_sweep/fcn_090
REACTOME_CROSS_PRESENTATION_OF_SOLUBLE_EXOGENOUS_ANTIGENS_ENDOSOMES,0.0227557756006717,0.39382691454075847,test,0.9,607,674,0.5,/Users/charlottejob/Code/Evaluation_neuron_interpretability/vega_fcn_sweep/fcn_090
REACTOME_SIGNALING_BY_NODAL,,0.5202669807616804,test,0.9,607,674,0.5,/Users/charlottejob/Code/Evaluation_neuron_interpretability/vega_fcn_sweep/fcn_090
REACTOME_DAG_AND_IP3_SIGNALING,0.0651298984885215,0.8814724961763621,test,0.9,607,674,0.5,/Users/charlottejob/Code/Evaluation_neuron_interpretability/vega_fcn_sweep/fcn_090
REACTOME_SPRY_REGULATION_OF_FGF_SIGNALING,0.0255423281341791,0.5619908592708577,test,0.9,607,674,0.5,/Users/charlottejob/Code/Evaluation_neuron_interpretability/vega_fcn_sweep/fcn_090
REACTOME_TCA_CYCLE_AND_RESPIRATORY_ELECTRON_TRANSPORT,0.04823724552989,0.5061308478449461,test,0.9,607,674,0.5,/Users/charlottejob/Code/Evaluation_neuron_interpretability/vega_fcn_sweep/fcn_090
REACTOME_BMAL1_CLOCK_NPAS2_ACTIVATES_CIRCADIAN_EXPRESSION,0.1553312391042709,0.40869682751163383,test,0.9,607,674,0.5,/Users/charlottejob/Code/Evaluation_neuron_interpretability/vega_fcn_sweep/fcn_090
REACTOME_ANTIGEN_PROCESSING_CROSS_PRESENTATION,0.1023102551698684,0.6526225872515625,test,0.9,607,674,0.5,/Users/charlottejob/Code/Evaluation_neuron_interpretability/vega_fcn_sweep/fcn_090
REACTOME_GROWTH_HORMONE_RECEPTOR_SIGNALING,-0.0021623326465487,0.4611555017915442,test,0.9,607,674,0.5,/Users/charlottejob/Code/Evaluation_neuron_interpretability/vega_fcn_sweep/fcn_090
REACTOME_TRIF_MEDIATED_TLR3_SIGNALING,0.08870480209589,0.7868025898386409,test,0.9,607,674,0.5,/Users/charlottejob/Code/Evaluation_neuron_interpretability/vega_fcn_sweep/fcn_090
REACTOME_CELL_CELL_COMMUNICATION,0.0808120593428611,0.4616031395159136,test,0.9,607,674,0.5,/Users/charlottejob/Code/Evaluation_neuron_interpretability/vega_fcn_sweep/fcn_090
REACTOME_ABCA_TRANSPORTERS_IN_LIPID_HOMEOSTASIS,0.0192490331828594,0.44582560037467717,test,0.9,607,674,0.5,/Users/charlottejob/Code/Evaluation_neuron_interpretability/vega_fcn_sweep/fcn_090
REACTOME_ENDOSOMAL_VACUOLAR_PATHWAY,0.0374395102262496,0.5114287221138125,test,0.9,607,674,0.5,/Users/charlottejob/Code/Evaluation_neuron_interpretability/vega_fcn_sweep/fcn_090
REACTOME_TETRAHYDROBIOPTERIN_BH4_SYNTHESIS_RECYCLING_SALVAGE_AND_REGULATION,,0.4430746411900712,test,0.9,607,674,0.5,/Users/charlottejob/Code/Evaluation_neuron_interpretability/vega_fcn_sweep/fcn_090
REACTOME_ER_PHAGOSOME_PATHWAY,0.0485730320215225,0.5009891535408537,test,0.9,607,674,0.5,/Users/charlottejob/Code/Evaluation_neuron_interpretability/vega_fcn_sweep/fcn_090
REACTOME_MEIOSIS,-0.0038291639648377,0.43399734537522383,test,0.9,607,674,0.5,/Users/charlottejob/Code/Evaluation_neuron_interpretability/vega_fcn_sweep/fcn_090
REACTOME_NEGATIVE_REGULATION_OF_FGFR_SIGNALING,0.0304381921887397,0.5299764428739695,test,0.9,607,674,0.5,/Users/charlottejob/Code/Evaluation_neuron_interpretability/vega_fcn_sweep/fcn_090
REACTOME_G0_AND_EARLY_G1,-0.0177482366561889,0.402975397832325,test,0.9,607,674,0.5,/Users/charlottejob/Code/Evaluation_neuron_interpretability/vega_fcn_sweep/fcn_090
REACTOME_REGULATION_OF_KIT_SIGNALING,0.0451807081699371,0.4614075735454885,test,0.9,607,674,0.5,/Users/charlottejob/Code/Evaluation_neuron_interpretability/vega_fcn_sweep/fcn_090
REACTOME_MEMBRANE_TRAFFICKING,0.0834396705031395,0.5545008387764571,test,0.9,607,674,0.5,/Users/charlottejob/Code/Evaluation_neuron_interpretability/vega_fcn_sweep/fcn_090
REACTOME_NEF_MEDIATES_DOWN_MODULATION_OF_CELL_SURFACE_RECEPTORS_BY_RECRUITING_THEM_TO_CLATHRIN_ADAPTERS,0.0595108047127723,0.5234989385187223,test,0.9,607,674,0.5,/Users/charlottejob/Code/Evaluation_neuron_interpretability/vega_fcn_sweep/fcn_090
REACTOME_IMMUNOREGULATORY_INTERACTIONS_BETWEEN_A_LYMPHOID_AND_A_NON_LYMPHOID_CELL,0.0501355864107608,0.4429924624270914,test,0.9,607,674,0.5,/Users/charlottejob/Code/Evaluation_neuron_interpretability/vega_fcn_sweep/fcn_090
REACTOME_ACTIVATED_AMPK_STIMULATES_FATTY_ACID_OXIDATION_IN_MUSCLE,0.009768565185368,0.4130835084319415,test,0.9,607,674,0.5,/Users/charlottejob/Code/Evaluation_neuron_interpretability/vega_fcn_sweep/fcn_090
REACTOME_VITAMIN_B5_PANTOTHENATE_METABOLISM,,0.5664337128648083,test,0.9,607,674,0.5,/Users/charlottejob/Code/Evaluation_neuron_interpretability/vega_fcn_sweep/fcn_090
REACTOME_BOTULINUM_NEUROTOXICITY,-0.0124615896493196,0.4706031119458682,test,0.9,607,674,0.5,/Users/charlottejob/Code/Evaluation_neuron_interpretability/vega_fcn_sweep/fcn_090
REACTOME_METABOLISM_OF_VITAMINS_AND_COFACTORS,0.0324750691652298,0.44407107741473667,test,0.9,607,674,0.5,/Users/charlottejob/Code/Evaluation_neuron_interpretability/vega_fcn_sweep/fcn_090
REACTOME_TRANS_GOLGI_NETWORK_VESICLE_BUDDING,0.0584624484181404,0.5118077003900876,test,0.9,607,674,0.5,/Users/charlottejob/Code/Evaluation_neuron_interpretability/vega_fcn_sweep/fcn_090
REACTOME_PROTEOLYTIC_CLEAVAGE_OF_SNARE_COMPLEX_PROTEINS,0.6590532660484314,0.769870577291072,test,0.9,607,674,0.5,/Users/charlottejob/Code/Evaluation_neuron_interpretability/vega_fcn_sweep/fcn_090
REACTOME_RESOLUTION_OF_AP_SITES_VIA_THE_MULTIPLE_NUCLEOTIDE_PATCH_REPLACEMENT_PATHWAY,,0.5557440125638006,test,0.9,607,674,0.5,/Users/charlottejob/Code/Evaluation_neuron_interpretability/vega_fcn_sweep/fcn_090
REACTOME_GAMMA_CARBOXYLATION_TRANSPORT_AND_AMINO_TERMINAL_CLEAVAGE_OF_PROTEINS,0.029848750680685,0.40932434516798477,test,0.9,607,674,0.5,/Users/charlottejob/Code/Evaluation_neuron_interpretability/vega_fcn_sweep/fcn_090
REACTOME_IL_7_SIGNALING,-0.0373037308454513,0.4942011202800173,test,0.9,607,674,0.5,/Users/charlottejob/Code/Evaluation_neuron_interpretability/vega_fcn_sweep/fcn_090
REACTOME_CELL_CYCLE,0.0321848839521408,0.4301695387652172,test,0.9,607,674,0.5,/Users/charlottejob/Code/Evaluation_neuron_interpretability/vega_fcn_sweep/fcn_090
REACTOME_SIGNALING_BY_ERBB4,0.0148437237367033,0.4243691330263768,test,0.9,607,674,0.5,/Users/charlottejob/Code/Evaluation_neuron_interpretability/vega_fcn_sweep/fcn_090
REACTOME_ORC1_REMOVAL_FROM_CHROMATIN,0.0304061453789472,0.5001269545714226,test,0.9,607,674,0.5,/Users/charlottejob/Code/Evaluation_neuron_interpretability/vega_fcn_sweep/fcn_090
REACTOME_O_LINKED_GLYCOSYLATION_OF_MUCINS,0.0185322184115648,0.3738208330275101,test,0.9,607,674,0.5,/Users/charlottejob/Code/Evaluation_neuron_interpretability/vega_fcn_sweep/fcn_090
REACTOME_SULFUR_AMINO_ACID_METABOLISM,0.0739547908306121,0.6047033864242449,test,0.9,607,674,0.5,/Users/charlottejob/Code/Evaluation_neuron_interpretability/vega_fcn_sweep/fcn_090
REACTOME_DOWNREGULATION_OF_ERBB2_ERBB3_SIGNALING,-0.0225958246737718,0.5893740158931609,test,0.9,607,674,0.5,/Users/charlottejob/Code/Evaluation_neuron_interpretability/vega_fcn_sweep/fcn_090
REACTOME_ANTIVIRAL_MECHANISM_BY_IFN_STIMULATED_GENES,0.0940539613366127,0.4577524360209872,test,0.9,607,674,0.5,/Users/charlottejob/Code/Evaluation_neuron_interpretability/vega_fcn_sweep/fcn_090
REACTOME_PROLACTIN_RECEPTOR_SIGNALING,,0.5846878680800942,test,0.9,607,674,0.5,/Users/charlottejob/Code/Evaluation_neuron_interpretability/vega_fcn_sweep/fcn_090
REACTOME_SIGNALING_BY_ERBB2,0.0814938843250274,0.4206907037279244,test,0.9,607,674,0.5,/Users/charlottejob/Code/Evaluation_neuron_interpretability/vega_fcn_sweep/fcn_090
REACTOME_SPHINGOLIPID_DE_NOVO_BIOSYNTHESIS,0.3787958920001983,0.8140282160464981,test,0.9,607,674,0.5,/Users/charlottejob/Code/Evaluation_neuron_interpretability/vega_fcn_sweep/fcn_090
REACTOME_TERMINATION_OF_O_GLYCAN_BIOSYNTHESIS,,0.474932600444968,test,0.9,607,674,0.5,/Users/charlottejob/Code/Evaluation_neuron_interpretability/vega_fcn_sweep/fcn_090
REACTOME_DEFENSINS,-0.0057054203934967,0.3940324287888442,test,0.9,607,674,0.5,/Users/charlottejob/Code/Evaluation_neuron_interpretability/vega_fcn_sweep/fcn_090
REACTOME_SIGNALING_BY_CONSTITUTIVELY_ACTIVE_EGFR,0.0015999194001778,0.4764288934791498,test,0.9,607,674,0.5,/Users/charlottejob/Code/Evaluation_neuron_interpretability/vega_fcn_sweep/fcn_090
REACTOME_GRB2_EVENTS_IN_ERBB2_SIGNALING,-0.0280866269022226,0.4564643473316345,test,0.9,607,674,0.5,/Users/charlottejob/Code/Evaluation_neuron_interpretability/vega_fcn_sweep/fcn_090
REACTOME_SIGNALING_BY_EGFR_IN_CANCER,-0.0009594489238224,0.6277175540516259,test,0.9,607,674,0.5,/Users/charlottejob/Code/Evaluation_neuron_interpretability/vega_fcn_sweep/fcn_090
REACTOME_MEMBRANE_BINDING_AND_TARGETTING_OF_GAG_PROTEINS,-0.0026595368981361,0.40903419278397013,test,0.9,607,674,0.5,/Users/charlottejob/Code/Evaluation_neuron_interpretability/vega_fcn_sweep/fcn_090
REACTOME_BETA_DEFENSINS,0.0341382548213005,0.4181267359379184,test,0.9,607,674,0.5,/Users/charlottejob/Code/Evaluation_neuron_interpretability/vega_fcn_sweep/fcn_090
REACTOME_SRP_DEPENDENT_COTRANSLATIONAL_PROTEIN_TARGETING_TO_MEMBRANE,0.1013398543000221,0.3885985638667745,test,0.9,607,674,0.5,/Users/charlottejob/Code/Evaluation_neuron_interpretability/vega_fcn_sweep/fcn_090
REACTOME_PI3K_EVENTS_IN_ERBB4_SIGNALING,0.46419757604599,0.7659224756397901,test,0.9,607,674,0.5,/Users/charlottejob/Code/Evaluation_neuron_interpretability/vega_fcn_sweep/fcn_090
REACTOME_SHC1_EVENTS_IN_ERBB4_SIGNALING,-0.0191011503338813,0.5033466635633327,test,0.9,607,674,0.5,/Users/charlottejob/Code/Evaluation_neuron_interpretability/vega_fcn_sweep/fcn_090
REACTOME_PI3K_EVENTS_IN_ERBB2_SIGNALING,0.0251008197665214,0.4324887241805281,test,0.9,607,674,0.5,/Users/charlottejob/Code/Evaluation_neuron_interpretability/vega_fcn_sweep/fcn_090
REACTOME_NUCLEAR_SIGNALING_BY_ERBB4,0.0372065193951129,0.409506076186849,test,0.9,607,674,0.5,/Users/charlottejob/Code/Evaluation_neuron_interpretability/vega_fcn_sweep/fcn_090
REACTOME_GLYCOSPHINGOLIPID_METABOLISM,0.0094306385144591,0.5185060358552799,test,0.9,607,674,0.5,/Users/charlottejob/Code/Evaluation_neuron_interpretability/vega_fcn_sweep/fcn_090
REACTOME_PPARA_ACTIVATES_GENE_EXPRESSION,0.0214910563081502,0.4640877626743351,test,0.9,607,674,0.5,/Users/charlottejob/Code/Evaluation_neuron_interpretability/vega_fcn_sweep/fcn_090
REACTOME_ASSOCIATION_OF_LICENSING_FACTORS_WITH_THE_PRE_REPLICATIVE_COMPLEX,,0.5309514461457925,test,0.9,607,674,0.5,/Users/charlottejob/Code/Evaluation_neuron_interpretability/vega_fcn_sweep/fcn_090
REACTOME_RIP_MEDIATED_NFKB_ACTIVATION_VIA_DAI,0.3772830963134765,0.8501809166088334,test,0.9,607,674,0.5,/Users/charlottejob/Code/Evaluation_neuron_interpretability/vega_fcn_sweep/fcn_090
REACTOME_PRE_NOTCH_TRANSCRIPTION_AND_TRANSLATION,,0.5408995332199101,test,0.9,607,674,0.5,/Users/charlottejob/Code/Evaluation_neuron_interpretability/vega_fcn_sweep/fcn_090
REACTOME_DEGRADATION_OF_THE_EXTRACELLULAR_MATRIX,0.0209923908114433,0.5459687736818247,test,0.9,607,674,0.5,/Users/charlottejob/Code/Evaluation_neuron_interpretability/vega_fcn_sweep/fcn_090
REACTOME_MITOCHONDRIAL_PROTEIN_IMPORT,,0.46844828338350136,test,0.9,607,674,0.5,/Users/charlottejob/Code/Evaluation_neuron_interpretability/vega_fcn_sweep/fcn_090
REACTOME_SIGNALING_BY_HIPPO,0.665757417678833,0.7912912359416442,test,0.9,607,674,0.5,/Users/charlottejob/Code/Evaluation_neuron_interpretability/vega_fcn_sweep/fcn_090
REACTOME_ACTIVATED_NOTCH1_TRANSMITS_SIGNAL_TO_THE_NUCLEUS,0.0318467170000076,0.40597071786322186,test,0.9,607,674,0.5,/Users/charlottejob/Code/Evaluation_neuron_interpretability/vega_fcn_sweep/fcn_090
REACTOME_TRAFFICKING_AND_PROCESSING_OF_ENDOSOMAL_TLR,0.0527885779738426,0.3857182302097423,test,0.9,607,674,0.5,/Users/charlottejob/Code/Evaluation_neuron_interpretability/vega_fcn_sweep/fcn_090
REACTOME_SIGNALING_BY_NOTCH4,,0.4998944291759368,test,0.9,607,674,0.5,/Users/charlottejob/Code/Evaluation_neuron_interpretability/vega_fcn_sweep/fcn_090
REACTOME_DOWNSTREAM_SIGNALING_EVENTS_OF_B_CELL_RECEPTOR_BCR,0.0690307319164276,0.3917475330849516,test,0.9,607,674,0.5,/Users/charlottejob/Code/Evaluation_neuron_interpretability/vega_fcn_sweep/fcn_090
REACTOME_ACTIVATION_OF_NF_KAPPAB_IN_B_CELLS,0.0033645895309746,0.4118167732346178,test,0.9,607,674,0.5,/Users/charlottejob/Code/Evaluation_neuron_interpretability/vega_fcn_sweep/fcn_090
REACTOME_RORA_ACTIVATES_CIRCADIAN_EXPRESSION,0.0444956868886947,0.5575204021537944,test,0.9,607,674,0.5,/Users/charlottejob/Code/Evaluation_neuron_interpretability/vega_fcn_sweep/fcn_090
REACTOME_ANTIGEN_ACTIVATES_B_CELL_RECEPTOR_LEADING_TO_GENERATION_OF_SECOND_MESSENGERS,0.0358288958668708,0.421432069639218,test,0.9,607,674,0.5,/Users/charlottejob/Code/Evaluation_neuron_interpretability/vega_fcn_sweep/fcn_090
REACTOME_REGULATION_OF_COMPLEMENT_CASCADE,0.0867105647921562,0.95050023837568,test,0.9,607,674,0.5,/Users/charlottejob/Code/Evaluation_neuron_interpretability/vega_fcn_sweep/fcn_090
REACTOME_YAP1_AND_WWTR1_TAZ_STIMULATED_GENE_EXPRESSION,,0.3757536099114427,test,0.9,607,674,0.5,/Users/charlottejob/Code/Evaluation_neuron_interpretability/vega_fcn_sweep/fcn_090
REACTOME_SIGNALING_BY_NOTCH2,,0.41626837673951933,test,0.9,607,674,0.5,/Users/charlottejob/Code/Evaluation_neuron_interpretability/vega_fcn_sweep/fcn_090
REACTOME_PRE_NOTCH_EXPRESSION_AND_PROCESSING,,0.9586703311084936,test,0.9,607,674,0.5,/Users/charlottejob/Code/Evaluation_neuron_interpretability/vega_fcn_sweep/fcn_090
REACTOME_SIGNALING_BY_THE_B_CELL_RECEPTOR_BCR,-0.0062511386349797,0.4512102563000992,test,0.9,607,674,0.5,/Users/charlottejob/Code/Evaluation_neuron_interpretability/vega_fcn_sweep/fcn_090
REACTOME_EXTRACELLULAR_MATRIX_ORGANIZATION,0.01896826736629,0.4423614000165006,test,0.9,607,674,0.5,/Users/charlottejob/Code/Evaluation_neuron_interpretability/vega_fcn_sweep/fcn_090
REACTOME_NOTCH1_INTRACELLULAR_DOMAIN_REGULATES_TRANSCRIPTION,0.6031618714332581,0.7488848983374847,test,0.9,607,674,0.5,/Users/charlottejob/Code/Evaluation_neuron_interpretability/vega_fcn_sweep/fcn_090
REACTOME_CIRCADIAN_REPRESSION_OF_EXPRESSION_BY_REV_ERBA,0.7796749472618103,0.8048264064165123,test,0.9,607,674,0.5,/Users/charlottejob/Code/Evaluation_neuron_interpretability/vega_fcn_sweep/fcn_090
REACTOME_PRE_NOTCH_PROCESSING_IN_GOLGI,,0.48471491515072207,test,0.9,607,674,0.5,/Users/charlottejob/Code/Evaluation_neuron_interpretability/vega_fcn_sweep/fcn_090
REACTOME_SIGNALING_BY_NOTCH1,0.0006312057375907,0.530188281208797,test,0.9,607,674,0.5,/Users/charlottejob/Code/Evaluation_neuron_interpretability/vega_fcn_sweep/fcn_090
REACTOME_SIGNALING_BY_NOTCH3,,0.4476691532521921,test,0.9,607,674,0.5,/Users/charlottejob/Code/Evaluation_neuron_interpretability/vega_fcn_sweep/fcn_090
REACTOME_TRIGLYCERIDE_BIOSYNTHESIS,-0.0003287177532911,0.44711636797077237,test,0.9,607,674,0.5,/Users/charlottejob/Code/Evaluation_neuron_interpretability/vega_fcn_sweep/fcn_090
REACTOME_INSULIN_RECEPTOR_SIGNALLING_CASCADE,-0.021550215780735,0.47886200960405917,test,0.9,607,674,0.5,/Users/charlottejob/Code/Evaluation_neuron_interpretability/vega_fcn_sweep/fcn_090
REACTOME_ARMS_MEDIATED_ACTIVATION,,0.4561706582907997,test,0.9,607,674,0.5,/Users/charlottejob/Code/Evaluation_neuron_interpretability/vega_fcn_sweep/fcn_090
REACTOME_PROLONGED_ERK_ACTIVATION_EVENTS,,0.392791519434629,test,0.9,607,674,0.5,/Users/charlottejob/Code/Evaluation_neuron_interpretability/vega_fcn_sweep/fcn_090
REACTOME_SIGNALLING_TO_RAS,0.0363166332244873,0.4529306438067471,test,0.9,607,674,0.5,/Users/charlottejob/Code/Evaluation_neuron_interpretability/vega_fcn_sweep/fcn_090
REACTOME_SIGNALING_BY_BMP,-0.0131187997758388,0.5210965597508677,test,0.9,607,674,0.5,/Users/charlottejob/Code/Evaluation_neuron_interpretability/vega_fcn_sweep/fcn_090
REACTOME_CELL_SURFACE_INTERACTIONS_AT_THE_VASCULAR_WALL,0.028439799323678,0.3986551287801712,test,0.9,607,674,0.5,/Users/charlottejob/Code/Evaluation_neuron_interpretability/vega_fcn_sweep/fcn_090
REACTOME_NGF_SIGNALLING_VIA_TRKA_FROM_THE_PLASMA_MEMBRANE,0.083135537803173,0.4868238864827142,test,0.9,607,674,0.5,/Users/charlottejob/Code/Evaluation_neuron_interpretability/vega_fcn_sweep/fcn_090
REACTOME_SIGNALLING_TO_ERKS,0.015856847167015,0.5646392726913664,test,0.9,607,674,0.5,/Users/charlottejob/Code/Evaluation_neuron_interpretability/vega_fcn_sweep/fcn_090
REACTOME_P38MAPK_EVENTS,0.014725437387824,0.4721390328197599,test,0.9,607,674,0.5,/Users/charlottejob/Code/Evaluation_neuron_interpretability/vega_fcn_sweep/fcn_090
REACTOME_ACYL_CHAIN_REMODELLING_OF_PI,0.0175804030150175,0.4718855032122555,test,0.9,607,674,0.5,/Users/charlottejob/Code/Evaluation_neuron_interpretability/vega_fcn_sweep/fcn_090
REACTOME_TGF_BETA_RECEPTOR_SIGNALING_IN_EMT_EPITHELIAL_TO_MESENCHYMAL_TRANSITION,,0.9594363739475635,test,0.9,607,674,0.5,/Users/charlottejob/Code/Evaluation_neuron_interpretability/vega_fcn_sweep/fcn_090
REACTOME_DOWNREGULATION_OF_TGF_BETA_RECEPTOR_SIGNALING,,0.3778667713650046,test,0.9,607,674,0.5,/Users/charlottejob/Code/Evaluation_neuron_interpretability/vega_fcn_sweep/fcn_090
REACTOME_COLLAGEN_FORMATION,-0.0013723722659051,0.3972316001519137,test,0.9,607,674,0.5,/Users/charlottejob/Code/Evaluation_neuron_interpretability/vega_fcn_sweep/fcn_090
REACTOME_SMAD2_SMAD3_SMAD4_HETEROTRIMER_REGULATES_TRANSCRIPTION,-0.0237685441970825,0.3863403724269448,test,0.9,607,674,0.5,/Users/charlottejob/Code/Evaluation_neuron_interpretability/vega_fcn_sweep/fcn_090
REACTOME_SIGNALING_BY_FGFR_IN_DISEASE,0.0161565262824296,0.5352370735339929,test,0.9,607,674,0.5,/Users/charlottejob/Code/Evaluation_neuron_interpretability/vega_fcn_sweep/fcn_090
REACTOME_HS_GAG_DEGRADATION,-0.0039068409241735,0.48236361158004,test,0.9,607,674,0.5,/Users/charlottejob/Code/Evaluation_neuron_interpretability/vega_fcn_sweep/fcn_090
REACTOME_SYNTHESIS_OF_PIPS_AT_THE_EARLY_ENDOSOME_MEMBRANE,,0.4299751341447454,test,0.9,607,674,0.5,/Users/charlottejob/Code/Evaluation_neuron_interpretability/vega_fcn_sweep/fcn_090
REACTOME_SIGNALLING_TO_P38_VIA_RIT_AND_RIN,-0.0005875946953892,0.4985879704871852,test,0.9,607,674,0.5,/Users/charlottejob/Code/Evaluation_neuron_interpretability/vega_fcn_sweep/fcn_090
REACTOME_P53_INDEPENDENT_G1_S_DNA_DAMAGE_CHECKPOINT,,0.4101452689438555,test,0.9,607,674,0.5,/Users/charlottejob/Code/Evaluation_neuron_interpretability/vega_fcn_sweep/fcn_090
REACTOME_REGULATION_OF_HYPOXIA_INDUCIBLE_FACTOR_HIF_BY_OXYGEN,,0.9625441696113074,test,0.9,607,674,0.5,/Users/charlottejob/Code/Evaluation_neuron_interpretability/vega_fcn_sweep/fcn_090
REACTOME_ACYL_CHAIN_REMODELLING_OF_PC,0.0444842167198658,0.4668225386682466,test,0.9,607,674,0.5,/Users/charlottejob/Code/Evaluation_neuron_interpretability/vega_fcn_sweep/fcn_090
REACTOME_SYNTHESIS_OF_PIPS_AT_THE_GOLGI_MEMBRANE,,0.4189661039131003,test,0.9,607,674,0.5,/Users/charlottejob/Code/Evaluation_neuron_interpretability/vega_fcn_sweep/fcn_090
REACTOME_TGF_BETA_RECEPTOR_SIGNALING_ACTIVATES_SMADS,,0.4277380796579854,test,0.9,607,674,0.5,/Users/charlottejob/Code/Evaluation_neuron_interpretability/vega_fcn_sweep/fcn_090
REACTOME_ACTIVATED_POINT_MUTANTS_OF_FGFR2,,0.4639462548532043,test,0.9,607,674,0.5,/Users/charlottejob/Code/Evaluation_neuron_interpretability/vega_fcn_sweep/fcn_090
REACTOME_PHOSPHOLIPID_METABOLISM,0.0292097255587577,0.38945260299038637,test,0.9,607,674,0.5,/Users/charlottejob/Code/Evaluation_neuron_interpretability/vega_fcn_sweep/fcn_090
REACTOME_CS_DS_DEGRADATION,0.0271875150501728,0.3553007039093612,test,0.9,607,674,0.5,/Users/charlottejob/Code/Evaluation_neuron_interpretability/vega_fcn_sweep/fcn_090
REACTOME_SYNTHESIS_OF_PA,-0.0101821292191743,0.49142801891602067,test,0.9,607,674,0.5,/Users/charlottejob/Code/Evaluation_neuron_interpretability/vega_fcn_sweep/fcn_090
REACTOME_OXYGEN_DEPENDENT_PROLINE_HYDROXYLATION_OF_HYPOXIA_INDUCIBLE_FACTOR_ALPHA,,0.4943192426820225,test,0.9,607,674,0.5,/Users/charlottejob/Code/Evaluation_neuron_interpretability/vega_fcn_sweep/fcn_090
REACTOME_SYNTHESIS_OF_PIPS_AT_THE_LATE_ENDOSOME_MEMBRANE,,0.4031845744448807,test,0.9,607,674,0.5,/Users/charlottejob/Code/Evaluation_neuron_interpretability/vega_fcn_sweep/fcn_090
REACTOME_SYNTHESIS_OF_PE,,0.4758504558740131,test,0.9,607,674,0.5,/Users/charlottejob/Code/Evaluation_neuron_interpretability/vega_fcn_sweep/fcn_090
REACTOME_GASTRIN_CREB_SIGNALLING_PATHWAY_VIA_PKC_AND_MAPK,0.0127137564122676,0.37129783415634654,test,0.9,607,674,0.5,/Users/charlottejob/Code/Evaluation_neuron_interpretability/vega_fcn_sweep/fcn_090
REACTOME_CHONDROITIN_SULFATE_BIOSYNTHESIS,0.0356788150966167,0.512813356293632,test,0.9,607,674,0.5,/Users/charlottejob/Code/Evaluation_neuron_interpretability/vega_fcn_sweep/fcn_090
REACTOME_HYALURONAN_UPTAKE_AND_DEGRADATION,,0.5295589582515378,test,0.9,607,674,0.5,/Users/charlottejob/Code/Evaluation_neuron_interpretability/vega_fcn_sweep/fcn_090
REACTOME_SIGNALING_BY_FGFR1_MUTANTS,-0.02971494756639,0.4500030996218461,test,0.9,607,674,0.5,/Users/charlottejob/Code/Evaluation_neuron_interpretability/vega_fcn_sweep/fcn_090
REACTOME_SYNTHESIS_OF_PIPS_AT_THE_PLASMA_MEMBRANE,-0.0256513375788927,0.335050893940193,test,0.9,607,674,0.5,/Users/charlottejob/Code/Evaluation_neuron_interpretability/vega_fcn_sweep/fcn_090
REACTOME_THE_ACTIVATION_OF_ARYLSULFATASES,-0.0115768080577254,0.4535341814598767,test,0.9,607,674,0.5,/Users/charlottejob/Code/Evaluation_neuron_interpretability/vega_fcn_sweep/fcn_090
REACTOME_TRANSCRIPTIONAL_ACTIVITY_OF_SMAD2_SMAD3_SMAD4_HETEROTRIMER,-0.0009727370925247,0.8339628164166367,test,0.9,607,674,0.5,/Users/charlottejob/Code/Evaluation_neuron_interpretability/vega_fcn_sweep/fcn_090
REACTOME_HYALURONAN_METABOLISM,,0.4845735723945383,test,0.9,607,674,0.5,/Users/charlottejob/Code/Evaluation_neuron_interpretability/vega_fcn_sweep/fcn_090
REACTOME_DOWNREGULATION_OF_SMAD2_3_SMAD4_TRANSCRIPTIONAL_ACTIVITY,0.0183772593736648,0.5183708720173993,test,0.9,607,674,0.5,/Users/charlottejob/Code/Evaluation_neuron_interpretability/vega_fcn_sweep/fcn_090
REACTOME_KERATAN_SULFATE_BIOSYNTHESIS,-0.0260824561119079,0.5728301979253628,test,0.9,607,674,0.5,/Users/charlottejob/Code/Evaluation_neuron_interpretability/vega_fcn_sweep/fcn_090
REACTOME_REVERSIBLE_HYDRATION_OF_CARBON_DIOXIDE,0.1209427863359451,0.4477968494965276,test,0.9,607,674,0.5,/Users/charlottejob/Code/Evaluation_neuron_interpretability/vega_fcn_sweep/fcn_090
REACTOME_SIGNALING_BY_FGFR1_FUSION_MUTANTS,-0.0294530093669891,0.4099167788434573,test,0.9,607,674,0.5,/Users/charlottejob/Code/Evaluation_neuron_interpretability/vega_fcn_sweep/fcn_090
REACTOME_ALPHA_LINOLENIC_ACID_ALA_METABOLISM,-0.0171230267733335,0.5112949573356224,test,0.9,607,674,0.5,/Users/charlottejob/Code/Evaluation_neuron_interpretability/vega_fcn_sweep/fcn_090
REACTOME_SIGNALING_BY_ACTIVATED_POINT_MUTANTS_OF_FGFR1,-0.0099469767883419,0.4402431885345915,test,0.9,607,674,0.5,/Users/charlottejob/Code/Evaluation_neuron_interpretability/vega_fcn_sweep/fcn_090
REACTOME_PI_METABOLISM,0.0181750636547803,0.5108028760789691,test,0.9,607,674,0.5,/Users/charlottejob/Code/Evaluation_neuron_interpretability/vega_fcn_sweep/fcn_090
REACTOME_ABACAVIR_TRANSPORT_AND_METABOLISM,,0.571991449635737,test,0.9,607,674,0.5,/Users/charlottejob/Code/Evaluation_neuron_interpretability/vega_fcn_sweep/fcn_090
REACTOME_CHONDROITIN_SULFATE_DERMATAN_SULFATE_METABOLISM,-0.0408297255635261,0.5852295766563275,test,0.9,607,674,0.5,/Users/charlottejob/Code/Evaluation_neuron_interpretability/vega_fcn_sweep/fcn_090
REACTOME_LATENT_INFECTION_OF_HOMO_SAPIENS_WITH_MYCOBACTERIUM_TUBERCULOSIS,0.2335141003131866,0.4906410303529894,test,0.9,607,674,0.5,/Users/charlottejob/Code/Evaluation_neuron_interpretability/vega_fcn_sweep/fcn_090
REACTOME_SYNTHESIS_OF_PC,,0.4448946472974741,test,0.9,607,674,0.5,/Users/charlottejob/Code/Evaluation_neuron_interpretability/vega_fcn_sweep/fcn_090
REACTOME_HS_GAG_BIOSYNTHESIS,0.0294999312609434,0.8995606630946514,test,0.9,607,674,0.5,/Users/charlottejob/Code/Evaluation_neuron_interpretability/vega_fcn_sweep/fcn_090
REACTOME_SIGNALING_BY_FGFR3_MUTANTS,,0.4598804693975483,test,0.9,607,674,0.5,/Users/charlottejob/Code/Evaluation_neuron_interpretability/vega_fcn_sweep/fcn_090
REACTOME_KERATAN_SULFATE_KERATIN_METABOLISM,0.0520741641521453,0.4770160272589601,test,0.9,607,674,0.5,/Users/charlottejob/Code/Evaluation_neuron_interpretability/vega_fcn_sweep/fcn_090
REACTOME_APOPTOSIS_INDUCED_DNA_FRAGMENTATION,0.0246206130832433,0.39255362415292067,test,0.9,607,674,0.5,/Users/charlottejob/Code/Evaluation_neuron_interpretability/vega_fcn_sweep/fcn_090
REACTOME_KERATAN_SULFATE_DEGRADATION,0.0246538873761892,0.4545457727559912,test,0.9,607,674,0.5,/Users/charlottejob/Code/Evaluation_neuron_interpretability/vega_fcn_sweep/fcn_090
REACTOME_HEPARAN_SULFATE_HEPARIN_HS_GAG_METABOLISM,0.2002827674150467,0.5031724420475275,test,0.9,607,674,0.5,/Users/charlottejob/Code/Evaluation_neuron_interpretability/vega_fcn_sweep/fcn_090
REACTOME_GLYCOSAMINOGLYCAN_METABOLISM,0.2924100160598755,0.7871224597476937,test,0.9,607,674,0.5,/Users/charlottejob/Code/Evaluation_neuron_interpretability/vega_fcn_sweep/fcn_090
REACTOME_ACYL_CHAIN_REMODELLING_OF_PG,-0.0060792993754148,0.4142432712761282,test,0.9,607,674,0.5,/Users/charlottejob/Code/Evaluation_neuron_interpretability/vega_fcn_sweep/fcn_090
REACTOME_ACYL_CHAIN_REMODELLING_OF_PE,0.0139523763209581,0.4601856357955467,test,0.9,607,674,0.5,/Users/charlottejob/Code/Evaluation_neuron_interpretability/vega_fcn_sweep/fcn_090
REACTOME_ACYL_CHAIN_REMODELLING_OF_PS,-0.0097625348716974,0.5171245561096689,test,0.9,607,674,0.5,/Users/charlottejob/Code/Evaluation_neuron_interpretability/vega_fcn_sweep/fcn_090
REACTOME_SIGNALING_BY_FGFR_MUTANTS,0.010350159369409,0.45330742761165627,test,0.9,607,674,0.5,/Users/charlottejob/Code/Evaluation_neuron_interpretability/vega_fcn_sweep/fcn_090
REACTOME_MHC_CLASS_II_ANTIGEN_PRESENTATION,-0.00073810108006,0.5768427808693567,test,0.9,607,674,0.5,/Users/charlottejob/Code/Evaluation_neuron_interpretability/vega_fcn_sweep/fcn_090
REACTOME_GLYCEROPHOSPHOLIPID_BIOSYNTHESIS,-0.0094478325918316,0.3769210800959944,test,0.9,607,674,0.5,/Users/charlottejob/Code/Evaluation_neuron_interpretability/vega_fcn_sweep/fcn_090
REACTOME_A_TETRASACCHARIDE_LINKER_SEQUENCE_IS_REQUIRED_FOR_GAG_SYNTHESIS,0.0271816998720169,0.520845950087681,test,0.9,607,674,0.5,/Users/charlottejob/Code/Evaluation_neuron_interpretability/vega_fcn_sweep/fcn_090
REACTOME_CDK_MEDIATED_PHOSPHORYLATION_AND_REMOVAL_OF_CDC6,,0.5041521615844349,test,0.9,607,674,0.5,/Users/charlottejob/Code/Evaluation_neuron_interpretability/vega_fcn_sweep/fcn_090
REACTOME_PLATELET_ADHESION_TO_EXPOSED_COLLAGEN,0.0356791839003562,0.4767681029481567,test,0.9,607,674,0.5,/Users/charlottejob/Code/Evaluation_neuron_interpretability/vega_fcn_sweep/fcn_090
REACTOME_VEGF_LIGAND_RECEPTOR_INTERACTIONS,0.0200946182012558,0.5471125044999703,test,0.9,607,674,0.5,/Users/charlottejob/Code/Evaluation_neuron_interpretability/vega_fcn_sweep/fcn_090
REACTOME_ENOS_ACTIVATION_AND_REGULATION,-0.0210653990507125,0.3264184592659487,test,0.9,607,674,0.5,/Users/charlottejob/Code/Evaluation_neuron_interpretability/vega_fcn_sweep/fcn_090
REACTOME_MICRORNA_MIRNA_BIOGENESIS,,0.3557213279239192,test,0.9,607,674,0.5,/Users/charlottejob/Code/Evaluation_neuron_interpretability/vega_fcn_sweep/fcn_090
REACTOME_NUCLEAR_EVENTS_KINASE_AND_TRANSCRIPTION_FACTOR_ACTIVATION,0.0915293172001838,0.5313998179516568,test,0.9,607,674,0.5,/Users/charlottejob/Code/Evaluation_neuron_interpretability/vega_fcn_sweep/fcn_090
REACTOME_RETROGRADE_NEUROTROPHIN_SIGNALLING,,0.3520830606814117,test,0.9,607,674,0.5,/Users/charlottejob/Code/Evaluation_neuron_interpretability/vega_fcn_sweep/fcn_090
REACTOME_ERKS_ARE_INACTIVATED,0.0117391888052225,0.7404338730376387,test,0.9,607,674,0.5,/Users/charlottejob/Code/Evaluation_neuron_interpretability/vega_fcn_sweep/fcn_090
REACTOME_NEGATIVE_REGULATION_OF_THE_PI3K_AKT_NETWORK,,0.3853335078305631,test,0.9,607,674,0.5,/Users/charlottejob/Code/Evaluation_neuron_interpretability/vega_fcn_sweep/fcn_090
REACTOME_PI3K_AKT_ACTIVATION,0.0433877632021904,0.42017265736480447,test,0.9,607,674,0.5,/Users/charlottejob/Code/Evaluation_neuron_interpretability/vega_fcn_sweep/fcn_090
REACTOME_REGULATORY_RNA_PATHWAYS,,0.4018234960520001,test,0.9,607,674,0.5,/Users/charlottejob/Code/Evaluation_neuron_interpretability/vega_fcn_sweep/fcn_090
REACTOME_EGFR_DOWNREGULATION,-0.0006457311101257,0.5555228859404562,test,0.9,607,674,0.5,/Users/charlottejob/Code/Evaluation_neuron_interpretability/vega_fcn_sweep/fcn_090
REACTOME_PROCESSING_OF_CAPPED_INTRON_CONTAINING_PRE_MRNA,0.0395555086433887,0.6414392872640966,test,0.9,607,674,0.5,/Users/charlottejob/Code/Evaluation_neuron_interpretability/vega_fcn_sweep/fcn_090
REACTOME_PECAM1_INTERACTIONS,0.2107479572296142,0.4862568715642179,test,0.9,607,674,0.5,/Users/charlottejob/Code/Evaluation_neuron_interpretability/vega_fcn_sweep/fcn_090
REACTOME_TCR_SIGNALING,-0.001241635531187,0.42922227524660816,test,0.9,607,674,0.5,/Users/charlottejob/Code/Evaluation_neuron_interpretability/vega_fcn_sweep/fcn_090
REACTOME_REGULATION_OF_PYRUVATE_DEHYDROGENASE_PDH_COMPLEX,0.0253430437296628,0.9220847181458128,test,0.9,607,674,0.5,/Users/charlottejob/Code/Evaluation_neuron_interpretability/vega_fcn_sweep/fcn_090
REACTOME_DOWNSTREAM_TCR_SIGNALING,0.0101704159751534,0.4269827396687347,test,0.9,607,674,0.5,/Users/charlottejob/Code/Evaluation_neuron_interpretability/vega_fcn_sweep/fcn_090
REACTOME_BASIGIN_INTERACTIONS,0.5295933485031128,0.8048831665291325,test,0.9,607,674,0.5,/Users/charlottejob/Code/Evaluation_neuron_interpretability/vega_fcn_sweep/fcn_090
REACTOME_AKT_PHOSPHORYLATES_TARGETS_IN_THE_CYTOSOL,-0.0104029923677444,0.414838168186595,test,0.9,607,674,0.5,/Users/charlottejob/Code/Evaluation_neuron_interpretability/vega_fcn_sweep/fcn_090
REACTOME_GAB1_SIGNALOSOME,0.0581681542098522,0.3709781935479251,test,0.9,607,674,0.5,/Users/charlottejob/Code/Evaluation_neuron_interpretability/vega_fcn_sweep/fcn_090
REACTOME_SHC1_EVENTS_IN_EGFR_SIGNALING,,0.5446407538280329,test,0.9,607,674,0.5,/Users/charlottejob/Code/Evaluation_neuron_interpretability/vega_fcn_sweep/fcn_090
REACTOME_ACTIVATION_OF_THE_MRNA_UPON_BINDING_OF_THE_CAP_BINDING_COMPLEX_AND_EIFS_AND_SUBSEQUENT_BINDING_TO_43S,0.0686961114406585,0.41364752295400686,test,0.9,607,674,0.5,/Users/charlottejob/Code/Evaluation_neuron_interpretability/vega_fcn_sweep/fcn_090
REACTOME_PHOSPHORYLATION_OF_CD3_AND_TCR_ZETA_CHAINS,0.0845407396554946,0.4330408146662564,test,0.9,607,674,0.5,/Users/charlottejob/Code/Evaluation_neuron_interpretability/vega_fcn_sweep/fcn_090
REACTOME_GLUTAMATE_NEUROTRANSMITTER_RELEASE_CYCLE,-0.0160598382353782,0.4593692473709825,test,0.9,607,674,0.5,/Users/charlottejob/Code/Evaluation_neuron_interpretability/vega_fcn_sweep/fcn_090
REACTOME_TRANSLOCATION_OF_ZAP_70_TO_IMMUNOLOGICAL_SYNAPSE,0.0586831420660018,0.45795265229894216,test,0.9,607,674,0.5,/Users/charlottejob/Code/Evaluation_neuron_interpretability/vega_fcn_sweep/fcn_090
REACTOME_ERK_MAPK_TARGETS,0.118306465446949,0.43630508767018616,test,0.9,607,674,0.5,/Users/charlottejob/Code/Evaluation_neuron_interpretability/vega_fcn_sweep/fcn_090
REACTOME_TIE2_SIGNALING,-0.008616654202342,0.3679521425767009,test,0.9,607,674,0.5,/Users/charlottejob/Code/Evaluation_neuron_interpretability/vega_fcn_sweep/fcn_090
REACTOME_GENERATION_OF_SECOND_MESSENGER_MOLECULES,0.0111716957762837,0.4615000398522809,test,0.9,607,674,0.5,/Users/charlottejob/Code/Evaluation_neuron_interpretability/vega_fcn_sweep/fcn_090
REACTOME_GENERIC_TRANSCRIPTION_PATHWAY,-0.0358612909913063,0.3216560339819537,test,0.9,607,674,0.5,/Users/charlottejob/Code/Evaluation_neuron_interpretability/vega_fcn_sweep/fcn_090
REACTOME_RESPONSE_TO_ELEVATED_PLATELET_CYTOSOLIC_CA2_,0.0399146080017089,0.39692515645621357,test,0.9,607,674,0.5,/Users/charlottejob/Code/Evaluation_neuron_interpretability/vega_fcn_sweep/fcn_090
REACTOME_TRANSPORT_OF_MATURE_TRANSCRIPT_TO_CYTOPLASM,0.0352867878973484,0.5423293215370583,test,0.9,607,674,0.5,/Users/charlottejob/Code/Evaluation_neuron_interpretability/vega_fcn_sweep/fcn_090
REACTOME_METABOLISM_OF_AMINO_ACIDS_AND_DERIVATIVES,0.4585114419460296,0.9047629123378684,test,0.9,607,674,0.5,/Users/charlottejob/Code/Evaluation_neuron_interpretability/vega_fcn_sweep/fcn_090
REACTOME_RNA_POL_I_TRANSCRIPTION,-0.0250563081353902,0.45541723294373476,test,0.9,607,674,0.5,/Users/charlottejob/Code/Evaluation_neuron_interpretability/vega_fcn_sweep/fcn_090
REACTOME_FATTY_ACYL_COA_BIOSYNTHESIS,-0.031948659569025,0.4868917407873556,test,0.9,607,674,0.5,/Users/charlottejob/Code/Evaluation_neuron_interpretability/vega_fcn_sweep/fcn_090
REACTOME_E2F_ENABLED_INHIBITION_OF_PRE_REPLICATION_COMPLEX_FORMATION,,0.511484535183004,test,0.9,607,674,0.5,/Users/charlottejob/Code/Evaluation_neuron_interpretability/vega_fcn_sweep/fcn_090
REACTOME_P75NTR_RECRUITS_SIGNALLING_COMPLEXES,,0.4184408672512324,test,0.9,607,674,0.5,/Users/charlottejob/Code/Evaluation_neuron_interpretability/vega_fcn_sweep/fcn_090
REACTOME_BIOLOGICAL_OXIDATIONS,0.2238879799842834,0.4834451675025361,test,0.9,607,674,0.5,/Users/charlottejob/Code/Evaluation_neuron_interpretability/vega_fcn_sweep/fcn_090
REACTOME_REGULATED_PROTEOLYSIS_OF_P75NTR,,0.5552275007634254,test,0.9,607,674,0.5,/Users/charlottejob/Code/Evaluation_neuron_interpretability/vega_fcn_sweep/fcn_090
REACTOME_TRANSMISSION_ACROSS_CHEMICAL_SYNAPSES,0.0673312842845916,0.4495840110681101,test,0.9,607,674,0.5,/Users/charlottejob/Code/Evaluation_neuron_interpretability/vega_fcn_sweep/fcn_090
REACTOME_P75NTR_SIGNALS_VIA_NFKB,0.0531304031610488,0.40669520163778117,test,0.9,607,674,0.5,/Users/charlottejob/Code/Evaluation_neuron_interpretability/vega_fcn_sweep/fcn_090
REACTOME_CASPASE_MEDIATED_CLEAVAGE_OF_CYTOSKELETAL_PROTEINS,0.5977434515953064,0.9505687690257244,test,0.9,607,674,0.5,/Users/charlottejob/Code/Evaluation_neuron_interpretability/vega_fcn_sweep/fcn_090
REACTOME_XENOBIOTICS,0.0293790157884359,0.6386392788863141,test,0.9,607,674,0.5,/Users/charlottejob/Code/Evaluation_neuron_interpretability/vega_fcn_sweep/fcn_090
REACTOME_INTEGRIN_CELL_SURFACE_INTERACTIONS,0.0007135035702958,0.4365519693182798,test,0.9,607,674,0.5,/Users/charlottejob/Code/Evaluation_neuron_interpretability/vega_fcn_sweep/fcn_090
REACTOME_REGULATION_OF_ORNITHINE_DECARBOXYLASE_ODC,-0.0223166290670633,0.41856713955674857,test,0.9,607,674,0.5,/Users/charlottejob/Code/Evaluation_neuron_interpretability/vega_fcn_sweep/fcn_090
REACTOME_CYTOCHROME_P450_ARRANGED_BY_SUBSTRATE_TYPE,0.0104392422363162,0.5916518334240053,test,0.9,607,674,0.5,/Users/charlottejob/Code/Evaluation_neuron_interpretability/vega_fcn_sweep/fcn_090
REACTOME_BASE_FREE_SUGAR_PHOSPHATE_REMOVAL_VIA_THE_SINGLE_NUCLEOTIDE_REPLACEMENT_PATHWAY,,0.5077729791039568,test,0.9,607,674,0.5,/Users/charlottejob/Code/Evaluation_neuron_interpretability/vega_fcn_sweep/fcn_090
REACTOME_APOPTOTIC_CLEAVAGE_OF_CELL_ADHESION_PROTEINS,-0.0313764512538909,0.4719745681339842,test,0.9,607,674,0.5,/Users/charlottejob/Code/Evaluation_neuron_interpretability/vega_fcn_sweep/fcn_090
REACTOME_HDL_MEDIATED_LIPID_TRANSPORT,-0.0119184963405132,0.6055373268270795,test,0.9,607,674,0.5,/Users/charlottejob/Code/Evaluation_neuron_interpretability/vega_fcn_sweep/fcn_090
REACTOME_NRAGE_SIGNALS_DEATH_THROUGH_JNK,0.0072737415321171,0.49901200710229776,test,0.9,607,674,0.5,/Users/charlottejob/Code/Evaluation_neuron_interpretability/vega_fcn_sweep/fcn_090
REACTOME_SLBP_DEPENDENT_PROCESSING_OF_REPLICATION_DEPENDENT_HISTONE_PRE_MRNAS,,0.3860594163067661,test,0.9,607,674,0.5,/Users/charlottejob/Code/Evaluation_neuron_interpretability/vega_fcn_sweep/fcn_090
REACTOME_NRIF_SIGNALS_CELL_DEATH_FROM_THE_NUCLEUS,,0.29300702351350183,test,0.9,607,674,0.5,/Users/charlottejob/Code/Evaluation_neuron_interpretability/vega_fcn_sweep/fcn_090
REACTOME_REGULATION_OF_APOPTOSIS,-0.001047964207828,0.5575087022691727,test,0.9,607,674,0.5,/Users/charlottejob/Code/Evaluation_neuron_interpretability/vega_fcn_sweep/fcn_090
REACTOME_RNA_POL_II_TRANSCRIPTION,0.0008600847795605,0.47398543741299937,test,0.9,607,674,0.5,/Users/charlottejob/Code/Evaluation_neuron_interpretability/vega_fcn_sweep/fcn_090
REACTOME_NEURONAL_SYSTEM,0.0765941590070724,0.44981672555948177,test,0.9,607,674,0.5,/Users/charlottejob/Code/Evaluation_neuron_interpretability/vega_fcn_sweep/fcn_090
REACTOME_NFKB_IS_ACTIVATED_AND_SIGNALS_SURVIVAL,0.0905402973294258,0.3773890150877784,test,0.9,607,674,0.5,/Users/charlottejob/Code/Evaluation_neuron_interpretability/vega_fcn_sweep/fcn_090
REACTOME_REGULATION_OF_BETA_CELL_DEVELOPMENT,0.0340223871171474,0.39356198841803897,test,0.9,607,674,0.5,/Users/charlottejob/Code/Evaluation_neuron_interpretability/vega_fcn_sweep/fcn_090
REACTOME_PHASE1_FUNCTIONALIZATION_OF_COMPOUNDS,0.0711082890629768,0.442293883989997,test,0.9,607,674,0.5,/Users/charlottejob/Code/Evaluation_neuron_interpretability/vega_fcn_sweep/fcn_090
REACTOME_RNA_POL_III_TRANSCRIPTION,,0.3504794311390307,test,0.9,607,674,0.5,/Users/charlottejob/Code/Evaluation_neuron_interpretability/vega_fcn_sweep/fcn_090
REACTOME_CELL_DEATH_SIGNALLING_VIA_NRAGE_NRIF_AND_NADE,-0.0066072396002709,0.4654743082304921,test,0.9,607,674,0.5,/Users/charlottejob/Code/Evaluation_neuron_interpretability/vega_fcn_sweep/fcn_090
REACTOME_NEUROTRANSMITTER_RELEASE_CYCLE,-0.01329249702394,0.45201915696615347,test,0.9,607,674,0.5,/Users/charlottejob/Code/Evaluation_neuron_interpretability/vega_fcn_sweep/fcn_090
REACTOME_P75_NTR_RECEPTOR_MEDIATED_SIGNALLING,0.0111385099589824,0.43969091057900006,test,0.9,607,674,0.5,/Users/charlottejob/Code/Evaluation_neuron_interpretability/vega_fcn_sweep/fcn_090
REACTOME_AMINO_ACID_TRANSPORT_ACROSS_THE_PLASMA_MEMBRANE,0.109062485396862,0.5127953223787415,test,0.9,607,674,0.5,/Users/charlottejob/Code/Evaluation_neuron_interpretability/vega_fcn_sweep/fcn_090
REACTOME_ENDOGENOUS_STEROLS,0.0335796065628528,0.6320253854402896,test,0.9,607,674,0.5,/Users/charlottejob/Code/Evaluation_neuron_interpretability/vega_fcn_sweep/fcn_090
REACTOME_REGULATION_OF_GENE_EXPRESSION_IN_BETA_CELLS,,0.5040733465688573,test,0.9,607,674,0.5,/Users/charlottejob/Code/Evaluation_neuron_interpretability/vega_fcn_sweep/fcn_090
REACTOME_GLYCOLYSIS,0.0168372057378292,0.3832163352742586,test,0.9,607,674,0.5,/Users/charlottejob/Code/Evaluation_neuron_interpretability/vega_fcn_sweep/fcn_090
REACTOME_PROCESSIVE_SYNTHESIS_ON_THE_LAGGING_STRAND,,0.5177123413165816,test,0.9,607,674,0.5,/Users/charlottejob/Code/Evaluation_neuron_interpretability/vega_fcn_sweep/fcn_090
REACTOME_PEPTIDE_CHAIN_ELONGATION,0.0521459579467773,0.3764066868179431,test,0.9,607,674,0.5,/Users/charlottejob/Code/Evaluation_neuron_interpretability/vega_fcn_sweep/fcn_090
REACTOME_COMMON_PATHWAY,0.3108329474925995,0.7763479422674613,test,0.9,607,674,0.5,/Users/charlottejob/Code/Evaluation_neuron_interpretability/vega_fcn_sweep/fcn_090
REACTOME_MRNA_CAPPING,-0.0186793487519025,0.5066067030731342,test,0.9,607,674,0.5,/Users/charlottejob/Code/Evaluation_neuron_interpretability/vega_fcn_sweep/fcn_090
REACTOME_MITOCHONDRIAL_FATTY_ACID_BETA_OXIDATION,,0.9560703223836322,test,0.9,607,674,0.5,/Users/charlottejob/Code/Evaluation_neuron_interpretability/vega_fcn_sweep/fcn_090
REACTOME_SIGNALING_BY_GPCR,0.0499565154314041,0.3801224581179608,test,0.9,607,674,0.5,/Users/charlottejob/Code/Evaluation_neuron_interpretability/vega_fcn_sweep/fcn_090
REACTOME_PEPTIDE_LIGAND_BINDING_RECEPTORS,0.0758441910147667,0.4385469343997518,test,0.9,607,674,0.5,/Users/charlottejob/Code/Evaluation_neuron_interpretability/vega_fcn_sweep/fcn_090
REACTOME_METABOLISM_OF_POLYAMINES,0.0075187953189015,0.4561209149125708,test,0.9,607,674,0.5,/Users/charlottejob/Code/Evaluation_neuron_interpretability/vega_fcn_sweep/fcn_090
REACTOME_CLASS_A1_RHODOPSIN_LIKE_RECEPTORS,0.081136517226696,0.4581575904018076,test,0.9,607,674,0.5,/Users/charlottejob/Code/Evaluation_neuron_interpretability/vega_fcn_sweep/fcn_090
REACTOME_NOTCH_HLH_TRANSCRIPTION_PATHWAY,,0.4391013392662392,test,0.9,607,674,0.5,/Users/charlottejob/Code/Evaluation_neuron_interpretability/vega_fcn_sweep/fcn_090
REACTOME_INTEGRATION_OF_ENERGY_METABOLISM,0.0094263032078742,0.43550630087788567,test,0.9,607,674,0.5,/Users/charlottejob/Code/Evaluation_neuron_interpretability/vega_fcn_sweep/fcn_090
REACTOME_CELL_CYCLE_MITOTIC,0.0118011869490146,0.41701347991100657,test,0.9,607,674,0.5,/Users/charlottejob/Code/Evaluation_neuron_interpretability/vega_fcn_sweep/fcn_090
REACTOME_GLUCONEOGENESIS,0.0937498733401298,0.9202698043498424,test,0.9,607,674,0.5,/Users/charlottejob/Code/Evaluation_neuron_interpretability/vega_fcn_sweep/fcn_090
REACTOME_DOPAMINE_NEUROTRANSMITTER_RELEASE_CYCLE,-0.0041745421476662,0.9277117143804264,test,0.9,607,674,0.5,/Users/charlottejob/Code/Evaluation_neuron_interpretability/vega_fcn_sweep/fcn_090
REACTOME_OPIOID_SIGNALLING,0.0171573162078857,0.515772433017462,test,0.9,607,674,0.5,/Users/charlottejob/Code/Evaluation_neuron_interpretability/vega_fcn_sweep/fcn_090
REACTOME_RECRUITMENT_OF_MITOTIC_CENTROSOME_PROTEINS_AND_COMPLEXES,-0.0251037571579217,0.4492665328113328,test,0.9,607,674,0.5,/Users/charlottejob/Code/Evaluation_neuron_interpretability/vega_fcn_sweep/fcn_090
REACTOME_MITOCHONDRIAL_TRNA_AMINOACYLATION,0.009207141585648,0.46951837403325647,test,0.9,607,674,0.5,/Users/charlottejob/Code/Evaluation_neuron_interpretability/vega_fcn_sweep/fcn_090
REACTOME_CYTOSOLIC_TRNA_AMINOACYLATION,0.049746137112379,0.4142501360747808,test,0.9,607,674,0.5,/Users/charlottejob/Code/Evaluation_neuron_interpretability/vega_fcn_sweep/fcn_090
REACTOME_CA_DEPENDENT_EVENTS,0.0042686234228312,0.5356275161295994,test,0.9,607,674,0.5,/Users/charlottejob/Code/Evaluation_neuron_interpretability/vega_fcn_sweep/fcn_090
REACTOME_ACETYLCHOLINE_NEUROTRANSMITTER_RELEASE_CYCLE,-0.0315411761403083,0.4350027859475395,test,0.9,607,674,0.5,/Users/charlottejob/Code/Evaluation_neuron_interpretability/vega_fcn_sweep/fcn_090
REACTOME_ADENYLATE_CYCLASE_ACTIVATING_PATHWAY,,0.5831121580944902,test,0.9,607,674,0.5,/Users/charlottejob/Code/Evaluation_neuron_interpretability/vega_fcn_sweep/fcn_090
REACTOME_ADENYLATE_CYCLASE_INHIBITORY_PATHWAY,,0.44371155607904733,test,0.9,607,674,0.5,/Users/charlottejob/Code/Evaluation_neuron_interpretability/vega_fcn_sweep/fcn_090
REACTOME_DARPP_32_EVENTS,-0.0069375932216644,0.4674173303095829,test,0.9,607,674,0.5,/Users/charlottejob/Code/Evaluation_neuron_interpretability/vega_fcn_sweep/fcn_090
REACTOME_CHEMOKINE_RECEPTORS_BIND_CHEMOKINES,0.0796406716108322,0.6277833657199932,test,0.9,607,674,0.5,/Users/charlottejob/Code/Evaluation_neuron_interpretability/vega_fcn_sweep/fcn_090
REACTOME_LOSS_OF_NLP_FROM_MITOTIC_CENTROSOMES,-0.0119948731735348,0.4600915090158101,test,0.9,607,674,0.5,/Users/charlottejob/Code/Evaluation_neuron_interpretability/vega_fcn_sweep/fcn_090
REACTOME_NEUROTRANSMITTER_RECEPTOR_BINDING_AND_DOWNSTREAM_TRANSMISSION_IN_THE_POSTSYNAPTIC_CELL,0.0607910901308059,0.5574575889299825,test,0.9,607,674,0.5,/Users/charlottejob/Code/Evaluation_neuron_interpretability/vega_fcn_sweep/fcn_090
REACTOME_CELL_CYCLE_CHECKPOINTS,0.037491288036108,0.4042330896699305,test,0.9,607,674,0.5,/Users/charlottejob/Code/Evaluation_neuron_interpretability/vega_fcn_sweep/fcn_090
REACTOME_DIABETES_PATHWAYS,0.0481849499046802,0.5129020704254716,test,0.9,607,674,0.5,/Users/charlottejob/Code/Evaluation_neuron_interpretability/vega_fcn_sweep/fcn_090
REACTOME_P130CAS_LINKAGE_TO_MAPK_SIGNALING_FOR_INTEGRINS,0.0276097673922777,0.47973802483106126,test,0.9,607,674,0.5,/Users/charlottejob/Code/Evaluation_neuron_interpretability/vega_fcn_sweep/fcn_090
REACTOME_GLYCOPROTEIN_HORMONES,,0.457472407625529,test,0.9,607,674,0.5,/Users/charlottejob/Code/Evaluation_neuron_interpretability/vega_fcn_sweep/fcn_090
REACTOME_NOREPINEPHRINE_NEUROTRANSMITTER_RELEASE_CYCLE,-0.0009992117993533,0.5722971019092556,test,0.9,607,674,0.5,/Users/charlottejob/Code/Evaluation_neuron_interpretability/vega_fcn_sweep/fcn_090
REACTOME_PLC_BETA_MEDIATED_EVENTS,0.3488444983959198,0.8215908630746452,test,0.9,607,674,0.5,/Users/charlottejob/Code/Evaluation_neuron_interpretability/vega_fcn_sweep/fcn_090
REACTOME_REGULATION_OF_INSULIN_LIKE_GROWTH_FACTOR_IGF_ACTIVITY_BY_INSULIN_LIKE_GROWTH_FACTOR_BINDING_PROTEINS_IGFBPS,0.0468288101255893,0.3994033825796103,test,0.9,607,674,0.5,/Users/charlottejob/Code/Evaluation_neuron_interpretability/vega_fcn_sweep/fcn_090
REACTOME_GRB2_SOS_PROVIDES_LINKAGE_TO_MAPK_SIGNALING_FOR_INTERGRINS_,0.0182203035801649,0.46552012497375617,test,0.9,607,674,0.5,/Users/charlottejob/Code/Evaluation_neuron_interpretability/vega_fcn_sweep/fcn_090
REACTOME_PEPTIDE_HORMONE_BIOSYNTHESIS,,0.9566950224665184,test,0.9,607,674,0.5,/Users/charlottejob/Code/Evaluation_neuron_interpretability/vega_fcn_sweep/fcn_090
REACTOME_G_PROTEIN_ACTIVATION,0.0219381172209978,0.4499647006085288,test,0.9,607,674,0.5,/Users/charlottejob/Code/Evaluation_neuron_interpretability/vega_fcn_sweep/fcn_090
REACTOME_ACETYLCHOLINE_BINDING_AND_DOWNSTREAM_EVENTS,-0.0092516848817467,0.4881820584307734,test,0.9,607,674,0.5,/Users/charlottejob/Code/Evaluation_neuron_interpretability/vega_fcn_sweep/fcn_090
REACTOME_ABC_FAMILY_PROTEINS_MEDIATED_TRANSPORT,0.1586935371160507,0.7895388131695552,test,0.9,607,674,0.5,/Users/charlottejob/Code/Evaluation_neuron_interpretability/vega_fcn_sweep/fcn_090
REACTOME_TRNA_AMINOACYLATION,0.0633039325475692,0.4624155168545628,test,0.9,607,674,0.5,/Users/charlottejob/Code/Evaluation_neuron_interpretability/vega_fcn_sweep/fcn_090
REACTOME_OLFACTORY_SIGNALING_PATHWAY,,0.49640797452340446,test,0.9,607,674,0.5,/Users/charlottejob/Code/Evaluation_neuron_interpretability/vega_fcn_sweep/fcn_090
REACTOME_STEROID_HORMONES,,0.38843955852200857,test,0.9,607,674,0.5,/Users/charlottejob/Code/Evaluation_neuron_interpretability/vega_fcn_sweep/fcn_090
REACTOME_PKA_MEDIATED_PHOSPHORYLATION_OF_CREB,0.0070974584668874,0.5415203136262152,test,0.9,607,674,0.5,/Users/charlottejob/Code/Evaluation_neuron_interpretability/vega_fcn_sweep/fcn_090
REACTOME_RECRUITMENT_OF_NUMA_TO_MITOTIC_CENTROSOMES,,0.3309427212842996,test,0.9,607,674,0.5,/Users/charlottejob/Code/Evaluation_neuron_interpretability/vega_fcn_sweep/fcn_090
REACTOME_AMINE_DERIVED_HORMONES,-0.0107060158625245,0.4470541359532772,test,0.9,607,674,0.5,/Users/charlottejob/Code/Evaluation_neuron_interpretability/vega_fcn_sweep/fcn_090
REACTOME_TRANSMEMBRANE_TRANSPORT_OF_SMALL_MOLECULES,0.0673751682043075,0.4184028889496898,test,0.9,607,674,0.5,/Users/charlottejob/Code/Evaluation_neuron_interpretability/vega_fcn_sweep/fcn_090
REACTOME_INTEGRIN_ALPHAIIB_BETA3_SIGNALING,0.0056180167011916,0.6363186021108753,test,0.9,607,674,0.5,/Users/charlottejob/Code/Evaluation_neuron_interpretability/vega_fcn_sweep/fcn_090
REACTOME_NUCLEAR_RECEPTOR_TRANSCRIPTION_PATHWAY,-0.0271901786327362,0.44721380896292556,test,0.9,607,674,0.5,/Users/charlottejob/Code/Evaluation_neuron_interpretability/vega_fcn_sweep/fcn_090
REACTOME_INSULIN_SYNTHESIS_AND_PROCESSING,-0.0135494992136955,0.44444503219709,test,0.9,607,674,0.5,/Users/charlottejob/Code/Evaluation_neuron_interpretability/vega_fcn_sweep/fcn_090
REACTOME_CYCLIN_E_ASSOCIATED_EVENTS_DURING_G1_S_TRANSITION_,-0.0120143182575702,0.44165537518708436,test,0.9,607,674,0.5,/Users/charlottejob/Code/Evaluation_neuron_interpretability/vega_fcn_sweep/fcn_090
REACTOME_HOMOLOGOUS_RECOMBINATION_REPAIR_OF_REPLICATION_INDEPENDENT_DOUBLE_STRAND_BREAKS,,0.3627605461763294,test,0.9,607,674,0.5,/Users/charlottejob/Code/Evaluation_neuron_interpretability/vega_fcn_sweep/fcn_090
REACTOME_G1_PHASE,0.028393106535077,0.5647150927826325,test,0.9,607,674,0.5,/Users/charlottejob/Code/Evaluation_neuron_interpretability/vega_fcn_sweep/fcn_090
REACTOME_ELEVATION_OF_CYTOSOLIC_CA2_LEVELS,-0.0094684017822146,0.4943380394924159,test,0.9,607,674,0.5,/Users/charlottejob/Code/Evaluation_neuron_interpretability/vega_fcn_sweep/fcn_090
REACTOME_P53_DEPENDENT_G1_DNA_DAMAGE_RESPONSE,-0.0163574591279029,0.5244158326456628,test,0.9,607,674,0.5,/Users/charlottejob/Code/Evaluation_neuron_interpretability/vega_fcn_sweep/fcn_090
REACTOME_TRANSCRIPTION_COUPLED_NER_TC_NER,0.0351770967245101,0.4734412975635099,test,0.9,607,674,0.5,/Users/charlottejob/Code/Evaluation_neuron_interpretability/vega_fcn_sweep/fcn_090
REACTOME_RNA_POL_II_TRANSCRIPTION_PRE_INITIATION_AND_PROMOTER_OPENING,-0.0149154476821422,0.40160273860486306,test,0.9,607,674,0.5,/Users/charlottejob/Code/Evaluation_neuron_interpretability/vega_fcn_sweep/fcn_090
REACTOME_GLUCAGON_SIGNALING_IN_METABOLIC_REGULATION,-0.0300037413835525,0.4550104546160097,test,0.9,607,674,0.5,/Users/charlottejob/Code/Evaluation_neuron_interpretability/vega_fcn_sweep/fcn_090
REACTOME_MRNA_PROCESSING,0.0058122044429183,0.4438394848648188,test,0.9,607,674,0.5,/Users/charlottejob/Code/Evaluation_neuron_interpretability/vega_fcn_sweep/fcn_090
REACTOME_SIGNALING_BY_PDGF,0.0319556407630443,0.4662989993725439,test,0.9,607,674,0.5,/Users/charlottejob/Code/Evaluation_neuron_interpretability/vega_fcn_sweep/fcn_090
REACTOME_ASSOCIATION_OF_TRIC_CCT_WITH_TARGET_PROTEINS_DURING_BIOSYNTHESIS,0.0267399102449417,0.4080318248721947,test,0.9,607,674,0.5,/Users/charlottejob/Code/Evaluation_neuron_interpretability/vega_fcn_sweep/fcn_090
REACTOME_PREFOLDIN_MEDIATED_TRANSFER_OF_SUBSTRATE_TO_CCT_TRIC,-0.0063290623947978,0.4097114339829975,test,0.9,607,674,0.5,/Users/charlottejob/Code/Evaluation_neuron_interpretability/vega_fcn_sweep/fcn_090
REACTOME_HORMONE_LIGAND_BINDING_RECEPTORS,,0.3733280984164376,test,0.9,607,674,0.5,/Users/charlottejob/Code/Evaluation_neuron_interpretability/vega_fcn_sweep/fcn_090
REACTOME_GPVI_MEDIATED_ACTIVATION_CASCADE,0.0913744270801544,0.6718164868191013,test,0.9,607,674,0.5,/Users/charlottejob/Code/Evaluation_neuron_interpretability/vega_fcn_sweep/fcn_090
REACTOME_PROTEIN_FOLDING,0.0044038365595042,0.6396147054214842,test,0.9,607,674,0.5,/Users/charlottejob/Code/Evaluation_neuron_interpretability/vega_fcn_sweep/fcn_090
REACTOME_FORMATION_OF_TUBULIN_FOLDING_INTERMEDIATES_BY_CCT_TRIC,0.0323452800512313,0.4680319969667129,test,0.9,607,674,0.5,/Users/charlottejob/Code/Evaluation_neuron_interpretability/vega_fcn_sweep/fcn_090
REACTOME_PEROXISOMAL_LIPID_METABOLISM,0.0300739351660013,0.3677843136222329,test,0.9,607,674,0.5,/Users/charlottejob/Code/Evaluation_neuron_interpretability/vega_fcn_sweep/fcn_090
REACTOME_POST_CHAPERONIN_TUBULIN_FOLDING_PATHWAY,0.0231325812637805,0.4461933825891424,test,0.9,607,674,0.5,/Users/charlottejob/Code/Evaluation_neuron_interpretability/vega_fcn_sweep/fcn_090
REACTOME_STRIATED_MUSCLE_CONTRACTION,0.0304690487682819,0.42099699497879683,test,0.9,607,674,0.5,/Users/charlottejob/Code/Evaluation_neuron_interpretability/vega_fcn_sweep/fcn_090
REACTOME_METABOLISM_OF_NUCLEOTIDES,0.263003408908844,0.5385632982806128,test,0.9,607,674,0.5,/Users/charlottejob/Code/Evaluation_neuron_interpretability/vega_fcn_sweep/fcn_090
REACTOME_AMINE_LIGAND_BINDING_RECEPTORS,0.0144186746329069,0.3978026164487458,test,0.9,607,674,0.5,/Users/charlottejob/Code/Evaluation_neuron_interpretability/vega_fcn_sweep/fcn_090
REACTOME_METABOLISM_OF_PROTEINS,0.5380829572677612,1.0,test,0.9,607,674,0.5,/Users/charlottejob/Code/Evaluation_neuron_interpretability/vega_fcn_sweep/fcn_090
REACTOME_DOWNSTREAM_SIGNAL_TRANSDUCTION,0.0053771436214447,0.44079626012334566,test,0.9,607,674,0.5,/Users/charlottejob/Code/Evaluation_neuron_interpretability/vega_fcn_sweep/fcn_090
REACTOME_MUSCLE_CONTRACTION,0.0500953793525695,0.4755962897526502,test,0.9,607,674,0.5,/Users/charlottejob/Code/Evaluation_neuron_interpretability/vega_fcn_sweep/fcn_090
REACTOME_SEROTONIN_RECEPTORS,,0.5178571740173624,test,0.9,607,674,0.5,/Users/charlottejob/Code/Evaluation_neuron_interpretability/vega_fcn_sweep/fcn_090
REACTOME_CDC6_ASSOCIATION_WITH_THE_ORC_ORIGIN_COMPLEX,,0.4588404659076037,test,0.9,607,674,0.5,/Users/charlottejob/Code/Evaluation_neuron_interpretability/vega_fcn_sweep/fcn_090
REACTOME_M_G1_TRANSITION,0.0631631463766098,0.926635128820376,test,0.9,607,674,0.5,/Users/charlottejob/Code/Evaluation_neuron_interpretability/vega_fcn_sweep/fcn_090
REACTOME_MRNA_SPLICING,,0.3721781616716835,test,0.9,607,674,0.5,/Users/charlottejob/Code/Evaluation_neuron_interpretability/vega_fcn_sweep/fcn_090
REACTOME_MRNA_SPLICING_MINOR_PATHWAY,,0.9604083235178642,test,0.9,607,674,0.5,/Users/charlottejob/Code/Evaluation_neuron_interpretability/vega_fcn_sweep/fcn_090
REACTOME_3_UTR_MEDIATED_TRANSLATIONAL_REGULATION,0.1184898391366005,0.3808502561482679,test,0.9,607,674,0.5,/Users/charlottejob/Code/Evaluation_neuron_interpretability/vega_fcn_sweep/fcn_090
REACTOME_PROCESSING_OF_CAPPED_INTRONLESS_PRE_MRNA,,0.3829045063909611,test,0.9,607,674,0.5,/Users/charlottejob/Code/Evaluation_neuron_interpretability/vega_fcn_sweep/fcn_090
REACTOME_PURINE_RIBONUCLEOSIDE_MONOPHOSPHATE_BIOSYNTHESIS,,0.46267591501984906,test,0.9,607,674,0.5,/Users/charlottejob/Code/Evaluation_neuron_interpretability/vega_fcn_sweep/fcn_090
REACTOME_G1_S_TRANSITION,-0.0233735665678977,0.5671118927739678,test,0.9,607,674,0.5,/Users/charlottejob/Code/Evaluation_neuron_interpretability/vega_fcn_sweep/fcn_090
REACTOME_CITRIC_ACID_CYCLE_TCA_CYCLE,,0.44246215591327487,test,0.9,607,674,0.5,/Users/charlottejob/Code/Evaluation_neuron_interpretability/vega_fcn_sweep/fcn_090
REACTOME_TRANSCRIPTION,0.0142786502838134,0.4243009204728875,test,0.9,607,674,0.5,/Users/charlottejob/Code/Evaluation_neuron_interpretability/vega_fcn_sweep/fcn_090
REACTOME_POL_SWITCHING,,0.3263447192775814,test,0.9,607,674,0.5,/Users/charlottejob/Code/Evaluation_neuron_interpretability/vega_fcn_sweep/fcn_090
REACTOME_NUCLEOTIDE_EXCISION_REPAIR,-0.0192343518137931,0.479488931353396,test,0.9,607,674,0.5,/Users/charlottejob/Code/Evaluation_neuron_interpretability/vega_fcn_sweep/fcn_090
REACTOME_REGULATION_OF_THE_FANCONI_ANEMIA_PATHWAY,,0.4131082319068185,test,0.9,607,674,0.5,/Users/charlottejob/Code/Evaluation_neuron_interpretability/vega_fcn_sweep/fcn_090
REACTOME_AXON_GUIDANCE,0.0598085969686508,0.4874121237712144,test,0.9,607,674,0.5,/Users/charlottejob/Code/Evaluation_neuron_interpretability/vega_fcn_sweep/fcn_090
REACTOME_ACTIVATION_OF_CHAPERONE_GENES_BY_XBP1S,0.0013906760141253,0.5378882944185713,test,0.9,607,674,0.5,/Users/charlottejob/Code/Evaluation_neuron_interpretability/vega_fcn_sweep/fcn_090
REACTOME_REGULATION_OF_INSULIN_SECRETION_BY_GLUCAGON_LIKE_PEPTIDE1,0.0757630169391632,0.5125530816285655,test,0.9,607,674,0.5,/Users/charlottejob/Code/Evaluation_neuron_interpretability/vega_fcn_sweep/fcn_090
REACTOME_PERK_REGULATED_GENE_EXPRESSION,-0.0083271246403455,0.5718334595322228,test,0.9,607,674,0.5,/Users/charlottejob/Code/Evaluation_neuron_interpretability/vega_fcn_sweep/fcn_090
REACTOME_G_ALPHA_Q_SIGNALLING_EVENTS,0.1035008803009986,0.5015011165483236,test,0.9,607,674,0.5,/Users/charlottejob/Code/Evaluation_neuron_interpretability/vega_fcn_sweep/fcn_090
REACTOME_P2Y_RECEPTORS,0.6719130277633667,0.7326581223955462,test,0.9,607,674,0.5,/Users/charlottejob/Code/Evaluation_neuron_interpretability/vega_fcn_sweep/fcn_090
REACTOME_TRAFFICKING_OF_AMPA_RECEPTORS,0.0141463875770568,0.5933507999096919,test,0.9,607,674,0.5,/Users/charlottejob/Code/Evaluation_neuron_interpretability/vega_fcn_sweep/fcn_090
REACTOME_NCAM1_INTERACTIONS,-0.0061154896393418,0.4697357337835051,test,0.9,607,674,0.5,/Users/charlottejob/Code/Evaluation_neuron_interpretability/vega_fcn_sweep/fcn_090
REACTOME_CLASS_C_3_METABOTROPIC_GLUTAMATE_PHEROMONE_RECEPTORS,,0.5267024385987873,test,0.9,607,674,0.5,/Users/charlottejob/Code/Evaluation_neuron_interpretability/vega_fcn_sweep/fcn_090
REACTOME_REGULATION_OF_INSULIN_SECRETION,0.0268184505403041,0.4689753396836774,test,0.9,607,674,0.5,/Users/charlottejob/Code/Evaluation_neuron_interpretability/vega_fcn_sweep/fcn_090
REACTOME_NCAM_SIGNALING_FOR_NEURITE_OUT_GROWTH,-0.0002130196080543,0.4944311383676845,test,0.9,607,674,0.5,/Users/charlottejob/Code/Evaluation_neuron_interpretability/vega_fcn_sweep/fcn_090
REACTOME_INHIBITION_OF_INSULIN_SECRETION_BY_ADRENALINE_NORADRENALINE,-0.003449881915003,0.44703185656650357,test,0.9,607,674,0.5,/Users/charlottejob/Code/Evaluation_neuron_interpretability/vega_fcn_sweep/fcn_090
REACTOME_NUCLEOTIDE_LIKE_PURINERGIC_RECEPTORS,0.033220749348402,0.4488035045162826,test,0.9,607,674,0.5,/Users/charlottejob/Code/Evaluation_neuron_interpretability/vega_fcn_sweep/fcn_090
REACTOME_ACTIVATION_OF_CHAPERONES_BY_ATF6_ALPHA,,0.5804249007547005,test,0.9,607,674,0.5,/Users/charlottejob/Code/Evaluation_neuron_interpretability/vega_fcn_sweep/fcn_090
REACTOME_TRANSPORT_OF_MATURE_MRNA_DERIVED_FROM_AN_INTRONLESS_TRANSCRIPT,0.7854607105255127,0.8669748576387967,test,0.9,607,674,0.5,/Users/charlottejob/Code/Evaluation_neuron_interpretability/vega_fcn_sweep/fcn_090
REACTOME_EICOSANOID_LIGAND_BINDING_RECEPTORS,0.0109341349452734,0.6726347052821516,test,0.9,607,674,0.5,/Users/charlottejob/Code/Evaluation_neuron_interpretability/vega_fcn_sweep/fcn_090
REACTOME_ACTIVATION_OF_GENES_BY_ATF4,-0.0226430669426918,0.5292430871052779,test,0.9,607,674,0.5,/Users/charlottejob/Code/Evaluation_neuron_interpretability/vega_fcn_sweep/fcn_090
REACTOME_UNFOLDED_PROTEIN_RESPONSE,0.0033736177720129,0.5593658885091428,test,0.9,607,674,0.5,/Users/charlottejob/Code/Evaluation_neuron_interpretability/vega_fcn_sweep/fcn_090
REACTOME_CLASS_B_2_SECRETIN_FAMILY_RECEPTORS,0.4159330427646637,0.7271154153761142,test,0.9,607,674,0.5,/Users/charlottejob/Code/Evaluation_neuron_interpretability/vega_fcn_sweep/fcn_090
REACTOME_GLUCAGON_TYPE_LIGAND_RECEPTORS,0.0038807243108749,0.4655309155518774,test,0.9,607,674,0.5,/Users/charlottejob/Code/Evaluation_neuron_interpretability/vega_fcn_sweep/fcn_090
REACTOME_REGULATION_OF_INSULIN_SECRETION_BY_ACETYLCHOLINE,0.543945848941803,0.7614771086948164,test,0.9,607,674,0.5,/Users/charlottejob/Code/Evaluation_neuron_interpretability/vega_fcn_sweep/fcn_090
REACTOME_G_ALPHA1213_SIGNALLING_EVENTS,0.039210308343172,0.4711536150203491,test,0.9,607,674,0.5,/Users/charlottejob/Code/Evaluation_neuron_interpretability/vega_fcn_sweep/fcn_090
REACTOME_FANCONI_ANEMIA_PATHWAY,-0.0054987827315926,0.45427331159367107,test,0.9,607,674,0.5,/Users/charlottejob/Code/Evaluation_neuron_interpretability/vega_fcn_sweep/fcn_090
REACTOME_TRAFFICKING_OF_GLUR2_CONTAINING_AMPA_RECEPTORS,0.0474559552967548,0.4392616433633135,test,0.9,607,674,0.5,/Users/charlottejob/Code/Evaluation_neuron_interpretability/vega_fcn_sweep/fcn_090
REACTOME_ACTIVATION_OF_CHAPERONE_GENES_BY_ATF6_ALPHA,,0.3383169742180343,test,0.9,607,674,0.5,/Users/charlottejob/Code/Evaluation_neuron_interpretability/vega_fcn_sweep/fcn_090
REACTOME_PROSTANOID_LIGAND_RECEPTORS,0.006180175114423,0.4249891052667504,test,0.9,607,674,0.5,/Users/charlottejob/Code/Evaluation_neuron_interpretability/vega_fcn_sweep/fcn_090
REACTOME_OPSINS,,0.34263403568468354,test,0.9,607,674,0.5,/Users/charlottejob/Code/Evaluation_neuron_interpretability/vega_fcn_sweep/fcn_090
REACTOME_FORMATION_OF_RNA_POL_II_ELONGATION_COMPLEX_,0.0087039321660995,0.46513225084424903,test,0.9,607,674,0.5,/Users/charlottejob/Code/Evaluation_neuron_interpretability/vega_fcn_sweep/fcn_090
REACTOME_MRNA_3_END_PROCESSING,,0.296654015617502,test,0.9,607,674,0.5,/Users/charlottejob/Code/Evaluation_neuron_interpretability/vega_fcn_sweep/fcn_090
REACTOME_POST_TRANSLATIONAL_MODIFICATION_SYNTHESIS_OF_GPI_ANCHORED_PROTEINS,0.0305568296462297,0.5024063918801313,test,0.9,607,674,0.5,/Users/charlottejob/Code/Evaluation_neuron_interpretability/vega_fcn_sweep/fcn_090
REACTOME_CYCLIN_A_B1_ASSOCIATED_EVENTS_DURING_G2_M_TRANSITION,-0.0278433486819267,0.41135712498052956,test,0.9,607,674,0.5,/Users/charlottejob/Code/Evaluation_neuron_interpretability/vega_fcn_sweep/fcn_090
REACTOME_ELONGATION_ARREST_AND_RECOVERY,,0.5086733848100162,test,0.9,607,674,0.5,/Users/charlottejob/Code/Evaluation_neuron_interpretability/vega_fcn_sweep/fcn_090
REACTOME_SLC_MEDIATED_TRANSMEMBRANE_TRANSPORT,0.0468981191515922,0.4735218630487574,test,0.9,607,674,0.5,/Users/charlottejob/Code/Evaluation_neuron_interpretability/vega_fcn_sweep/fcn_090
REACTOME_ADP_SIGNALLING_THROUGH_P2RY1,-0.0064317975193262,0.4384556343846114,test,0.9,607,674,0.5,/Users/charlottejob/Code/Evaluation_neuron_interpretability/vega_fcn_sweep/fcn_090
REACTOME_G_BETA_GAMMA_SIGNALLING_THROUGH_PLC_BETA,0.0154098821803927,0.4451824223123791,test,0.9,607,674,0.5,/Users/charlottejob/Code/Evaluation_neuron_interpretability/vega_fcn_sweep/fcn_090
REACTOME_CD28_CO_STIMULATION,0.0375363267958164,0.4880257206808081,test,0.9,607,674,0.5,/Users/charlottejob/Code/Evaluation_neuron_interpretability/vega_fcn_sweep/fcn_090
REACTOME_GPCR_DOWNSTREAM_SIGNALING,0.2811786234378814,0.4831135438077861,test,0.9,607,674,0.5,/Users/charlottejob/Code/Evaluation_neuron_interpretability/vega_fcn_sweep/fcn_090
REACTOME_SYNTHESIS_SECRETION_AND_DEACYLATION_OF_GHRELIN,0.0379068329930305,0.4374320635553085,test,0.9,607,674,0.5,/Users/charlottejob/Code/Evaluation_neuron_interpretability/vega_fcn_sweep/fcn_090
REACTOME_ADHERENS_JUNCTIONS_INTERACTIONS,,0.5529186509082444,test,0.9,607,674,0.5,/Users/charlottejob/Code/Evaluation_neuron_interpretability/vega_fcn_sweep/fcn_090
REACTOME_CRMPS_IN_SEMA3A_SIGNALING,0.022296417504549,0.4391408824646425,test,0.9,607,674,0.5,/Users/charlottejob/Code/Evaluation_neuron_interpretability/vega_fcn_sweep/fcn_090
REACTOME_OTHER_SEMAPHORIN_INTERACTIONS,0.029127761721611,0.5625865234337399,test,0.9,607,674,0.5,/Users/charlottejob/Code/Evaluation_neuron_interpretability/vega_fcn_sweep/fcn_090
REACTOME_ACTIVATION_OF_RAC,0.7438473701477051,0.8329246714515985,test,0.9,607,674,0.5,/Users/charlottejob/Code/Evaluation_neuron_interpretability/vega_fcn_sweep/fcn_090
REACTOME_PURINE_SALVAGE,0.0782168805599212,0.5268482980588998,test,0.9,607,674,0.5,/Users/charlottejob/Code/Evaluation_neuron_interpretability/vega_fcn_sweep/fcn_090
REACTOME_G_ALPHA_I_SIGNALLING_EVENTS,0.034140259027481,0.5163409157832745,test,0.9,607,674,0.5,/Users/charlottejob/Code/Evaluation_neuron_interpretability/vega_fcn_sweep/fcn_090
REACTOME_SEMA3A_PAK_DEPENDENT_AXON_REPULSION,,0.4232116215155084,test,0.9,607,674,0.5,/Users/charlottejob/Code/Evaluation_neuron_interpretability/vega_fcn_sweep/fcn_090
REACTOME_CD28_DEPENDENT_VAV1_PATHWAY,,0.4430222920211141,test,0.9,607,674,0.5,/Users/charlottejob/Code/Evaluation_neuron_interpretability/vega_fcn_sweep/fcn_090
REACTOME_SEMA4D_IN_SEMAPHORIN_SIGNALING,0.0110451402142643,0.48355558359975326,test,0.9,607,674,0.5,/Users/charlottejob/Code/Evaluation_neuron_interpretability/vega_fcn_sweep/fcn_090
REACTOME_SEMAPHORIN_INTERACTIONS,0.2813170254230499,0.8187229780721242,test,0.9,607,674,0.5,/Users/charlottejob/Code/Evaluation_neuron_interpretability/vega_fcn_sweep/fcn_090
REACTOME_SEMA4D_INDUCED_CELL_MIGRATION_AND_GROWTH_CONE_COLLAPSE,0.0526239983737468,0.5095998794099501,test,0.9,607,674,0.5,/Users/charlottejob/Code/Evaluation_neuron_interpretability/vega_fcn_sweep/fcn_090
REACTOME_SEMA3A_PLEXIN_REPULSION_SIGNALING_BY_INHIBITING_INTEGRIN_ADHESION,,0.4035213540985037,test,0.9,607,674,0.5,/Users/charlottejob/Code/Evaluation_neuron_interpretability/vega_fcn_sweep/fcn_090
REACTOME_LYSOSOME_VESICLE_BIOGENESIS,0.1847291141748428,0.5426477016003749,test,0.9,607,674,0.5,/Users/charlottejob/Code/Evaluation_neuron_interpretability/vega_fcn_sweep/fcn_090
REACTOME_G_BETA_GAMMA_SIGNALLING_THROUGH_PI3KGAMMA,0.1084692701697349,0.5403728849856897,test,0.9,607,674,0.5,/Users/charlottejob/Code/Evaluation_neuron_interpretability/vega_fcn_sweep/fcn_090
REACTOME_TRANSPORT_OF_GLUCOSE_AND_OTHER_SUGARS_BILE_SALTS_AND_ORGANIC_ACIDS_METAL_IONS_AND_AMINE_COMPOUNDS,-0.0154723450541496,0.4714343318583601,test,0.9,607,674,0.5,/Users/charlottejob/Code/Evaluation_neuron_interpretability/vega_fcn_sweep/fcn_090
REACTOME_SPHINGOLIPID_METABOLISM,0.0253083705902099,0.6151209283409128,test,0.9,607,674,0.5,/Users/charlottejob/Code/Evaluation_neuron_interpretability/vega_fcn_sweep/fcn_090
REACTOME_PD1_SIGNALING,0.0310630612075328,0.38926113871250567,test,0.9,607,674,0.5,/Users/charlottejob/Code/Evaluation_neuron_interpretability/vega_fcn_sweep/fcn_090
REACTOME_G_ALPHA_S_SIGNALLING_EVENTS,-0.0085907103493809,0.515190694022151,test,0.9,607,674,0.5,/Users/charlottejob/Code/Evaluation_neuron_interpretability/vega_fcn_sweep/fcn_090
REACTOME_CELL_CELL_JUNCTION_ORGANIZATION,-0.0203926917165517,0.5281483080822709,test,0.9,607,674,0.5,/Users/charlottejob/Code/Evaluation_neuron_interpretability/vega_fcn_sweep/fcn_090
REACTOME_G_ALPHA_Z_SIGNALLING_EVENTS,0.0323306992650032,0.4738285411460233,test,0.9,607,674,0.5,/Users/charlottejob/Code/Evaluation_neuron_interpretability/vega_fcn_sweep/fcn_090
REACTOME_FACILITATIVE_NA_INDEPENDENT_GLUCOSE_TRANSPORTERS,,0.5313807093312394,test,0.9,607,674,0.5,/Users/charlottejob/Code/Evaluation_neuron_interpretability/vega_fcn_sweep/fcn_090
REACTOME_COSTIMULATION_BY_THE_CD28_FAMILY,0.0186553075909614,0.4693287664303727,test,0.9,607,674,0.5,/Users/charlottejob/Code/Evaluation_neuron_interpretability/vega_fcn_sweep/fcn_090
REACTOME_SIGNALING_BY_ROBO_RECEPTOR,0.7254316806793213,0.8640057265168183,test,0.9,607,674,0.5,/Users/charlottejob/Code/Evaluation_neuron_interpretability/vega_fcn_sweep/fcn_090
REACTOME_CD28_DEPENDENT_PI3K_AKT_SIGNALING,0.0362389050424099,0.45674007235402997,test,0.9,607,674,0.5,/Users/charlottejob/Code/Evaluation_neuron_interpretability/vega_fcn_sweep/fcn_090
REACTOME_TIGHT_JUNCTION_INTERACTIONS,0.0316287279129028,0.9086925094989824,test,0.9,607,674,0.5,/Users/charlottejob/Code/Evaluation_neuron_interpretability/vega_fcn_sweep/fcn_090
REACTOME_G_PROTEIN_BETA_GAMMA_SIGNALLING,0.0504084303975105,0.4088033852462592,test,0.9,607,674,0.5,/Users/charlottejob/Code/Evaluation_neuron_interpretability/vega_fcn_sweep/fcn_090
REACTOME_TRANSPORT_OF_INORGANIC_CATIONS_ANIONS_AND_AMINO_ACIDS_OLIGOPEPTIDES,0.5266108512878418,0.7834245421458881,test,0.9,607,674,0.5,/Users/charlottejob/Code/Evaluation_neuron_interpretability/vega_fcn_sweep/fcn_090
REACTOME_GOLGI_ASSOCIATED_VESICLE_BIOGENESIS,0.0515621788799762,0.3897385862208393,test,0.9,607,674,0.5,/Users/charlottejob/Code/Evaluation_neuron_interpretability/vega_fcn_sweep/fcn_090
REACTOME_CTLA4_INHIBITORY_SIGNALING,0.0675636604428291,0.5822559827341782,test,0.9,607,674,0.5,/Users/charlottejob/Code/Evaluation_neuron_interpretability/vega_fcn_sweep/fcn_090
REACTOME_FORMATION_OF_TRANSCRIPTION_COUPLED_NER_TC_NER_REPAIR_COMPLEX,-0.0272851753979921,0.58263854045456,test,0.9,607,674,0.5,/Users/charlottejob/Code/Evaluation_neuron_interpretability/vega_fcn_sweep/fcn_090
REACTOME_AMINO_ACID_AND_OLIGOPEPTIDE_SLC_TRANSPORTERS,0.0798030495643615,0.5782674932819872,test,0.9,607,674,0.5,/Users/charlottejob/Code/Evaluation_neuron_interpretability/vega_fcn_sweep/fcn_090
REACTOME_CDT1_ASSOCIATION_WITH_THE_CDC6_ORC_ORIGIN_COMPLEX,,0.4742223967194521,test,0.9,607,674,0.5,/Users/charlottejob/Code/Evaluation_neuron_interpretability/vega_fcn_sweep/fcn_090
REACTOME_BRANCHED_CHAIN_AMINO_ACID_CATABOLISM,,0.590366007939624,test,0.9,607,674,0.5,/Users/charlottejob/Code/Evaluation_neuron_interpretability/vega_fcn_sweep/fcn_090
REACTOME_REPAIR_SYNTHESIS_FOR_GAP_FILLING_BY_DNA_POL_IN_TC_NER,,0.3183754307900363,test,0.9,607,674,0.5,/Users/charlottejob/Code/Evaluation_neuron_interpretability/vega_fcn_sweep/fcn_090
REACTOME_RECEPTOR_LIGAND_BINDING_INITIATES_THE_SECOND_PROTEOLYTIC_CLEAVAGE_OF_NOTCH_RECEPTOR,,0.4780246913580247,test,0.9,607,674,0.5,/Users/charlottejob/Code/Evaluation_neuron_interpretability/vega_fcn_sweep/fcn_090
REACTOME_SYNTHESIS_OF_DNA,0.020936394110322,0.5807572134882178,test,0.9,607,674,0.5,/Users/charlottejob/Code/Evaluation_neuron_interpretability/vega_fcn_sweep/fcn_090
REACTOME_NA_CL_DEPENDENT_NEUROTRANSMITTER_TRANSPORTERS,,0.4858929326866534,test,0.9,607,674,0.5,/Users/charlottejob/Code/Evaluation_neuron_interpretability/vega_fcn_sweep/fcn_090
REACTOME_FORMATION_OF_FIBRIN_CLOT_CLOTTING_CASCADE,-0.0131932338699698,0.5488228490016434,test,0.9,607,674,0.5,/Users/charlottejob/Code/Evaluation_neuron_interpretability/vega_fcn_sweep/fcn_090
REACTOME_DEADENYLATION_OF_MRNA,,0.9581468394189244,test,0.9,607,674,0.5,/Users/charlottejob/Code/Evaluation_neuron_interpretability/vega_fcn_sweep/fcn_090
REACTOME_MRNA_DECAY_BY_5_TO_3_EXORIBONUCLEASE,,0.39972429437682677,test,0.9,607,674,0.5,/Users/charlottejob/Code/Evaluation_neuron_interpretability/vega_fcn_sweep/fcn_090
REACTOME_SIGNAL_AMPLIFICATION,0.0260368194431066,0.5428140690630455,test,0.9,607,674,0.5,/Users/charlottejob/Code/Evaluation_neuron_interpretability/vega_fcn_sweep/fcn_090
REACTOME_ZINC_TRANSPORTERS,,0.29605025520219863,test,0.9,607,674,0.5,/Users/charlottejob/Code/Evaluation_neuron_interpretability/vega_fcn_sweep/fcn_090
REACTOME_DOUBLE_STRAND_BREAK_REPAIR,0.0050592422485351,0.310938288743059,test,0.9,607,674,0.5,/Users/charlottejob/Code/Evaluation_neuron_interpretability/vega_fcn_sweep/fcn_090
REACTOME_RAS_ACTIVATION_UOPN_CA2_INFUX_THROUGH_NMDA_RECEPTOR,,0.4611473192863065,test,0.9,607,674,0.5,/Users/charlottejob/Code/Evaluation_neuron_interpretability/vega_fcn_sweep/fcn_090
REACTOME_METAL_ION_SLC_TRANSPORTERS,-0.0261580478399992,0.31050843547829,test,0.9,607,674,0.5,/Users/charlottejob/Code/Evaluation_neuron_interpretability/vega_fcn_sweep/fcn_090
REACTOME_AUTODEGRADATION_OF_THE_E3_UBIQUITIN_LIGASE_COP1,,0.5304680888190901,test,0.9,607,674,0.5,/Users/charlottejob/Code/Evaluation_neuron_interpretability/vega_fcn_sweep/fcn_090
REACTOME_SMOOTH_MUSCLE_CONTRACTION,0.0319089889526367,0.4195653657742612,test,0.9,607,674,0.5,/Users/charlottejob/Code/Evaluation_neuron_interpretability/vega_fcn_sweep/fcn_090
REACTOME_ACTIVATION_OF_NMDA_RECEPTOR_UPON_GLUTAMATE_BINDING_AND_POSTSYNAPTIC_EVENTS,,0.5194416088644592,test,0.9,607,674,0.5,/Users/charlottejob/Code/Evaluation_neuron_interpretability/vega_fcn_sweep/fcn_090
REACTOME_CREB_PHOSPHORYLATION_THROUGH_THE_ACTIVATION_OF_RAS,,0.4652567290494264,test,0.9,607,674,0.5,/Users/charlottejob/Code/Evaluation_neuron_interpretability/vega_fcn_sweep/fcn_090
REACTOME_POST_NMDA_RECEPTOR_ACTIVATION_EVENTS,,0.42636653143131353,test,0.9,607,674,0.5,/Users/charlottejob/Code/Evaluation_neuron_interpretability/vega_fcn_sweep/fcn_090
REACTOME_UNBLOCKING_OF_NMDA_RECEPTOR_GLUTAMATE_BINDING_AND_ACTIVATION,,0.9646625659817649,test,0.9,607,674,0.5,/Users/charlottejob/Code/Evaluation_neuron_interpretability/vega_fcn_sweep/fcn_090
REACTOME_METABOLISM_OF_MRNA,0.1169843450188636,0.4800747478792274,test,0.9,607,674,0.5,/Users/charlottejob/Code/Evaluation_neuron_interpretability/vega_fcn_sweep/fcn_090
REACTOME_MRNA_DECAY_BY_3_TO_5_EXORIBONUCLEASE,,0.3878794224141692,test,0.9,607,674,0.5,/Users/charlottejob/Code/Evaluation_neuron_interpretability/vega_fcn_sweep/fcn_090
REACTOME_BILE_SALT_AND_ORGANIC_ANION_SLC_TRANSPORTERS,-0.0042999191209673,0.391282813273898,test,0.9,607,674,0.5,/Users/charlottejob/Code/Evaluation_neuron_interpretability/vega_fcn_sweep/fcn_090
REACTOME_DEADENYLATION_DEPENDENT_MRNA_DECAY,,0.5662435108842647,test,0.9,607,674,0.5,/Users/charlottejob/Code/Evaluation_neuron_interpretability/vega_fcn_sweep/fcn_090
REACTOME_CREB_PHOSPHORYLATION_THROUGH_THE_ACTIVATION_OF_CAMKII,,0.4657243816254417,test,0.9,607,674,0.5,/Users/charlottejob/Code/Evaluation_neuron_interpretability/vega_fcn_sweep/fcn_090
REACTOME_THROMBOXANE_SIGNALLING_THROUGH_TP_RECEPTOR,-0.0153538109734654,0.4714733382774214,test,0.9,607,674,0.5,/Users/charlottejob/Code/Evaluation_neuron_interpretability/vega_fcn_sweep/fcn_090
REACTOME_CELL_EXTRACELLULAR_MATRIX_INTERACTIONS,-0.0270913559943437,0.4742641903640136,test,0.9,607,674,0.5,/Users/charlottejob/Code/Evaluation_neuron_interpretability/vega_fcn_sweep/fcn_090
REACTOME_ADP_SIGNALLING_THROUGH_P2RY12,0.1411104500293731,0.45535852022047146,test,0.9,607,674,0.5,/Users/charlottejob/Code/Evaluation_neuron_interpretability/vega_fcn_sweep/fcn_090
REACTOME_CELL_JUNCTION_ORGANIZATION,0.0074052209965884,0.4557353150897653,test,0.9,607,674,0.5,/Users/charlottejob/Code/Evaluation_neuron_interpretability/vega_fcn_sweep/fcn_090
REACTOME_AMINE_COMPOUND_SLC_TRANSPORTERS,,0.4468534034078841,test,0.9,607,674,0.5,/Users/charlottejob/Code/Evaluation_neuron_interpretability/vega_fcn_sweep/fcn_090
REACTOME_PYRUVATE_METABOLISM,-0.0437838807702064,0.43688448218272596,test,0.9,607,674,0.5,/Users/charlottejob/Code/Evaluation_neuron_interpretability/vega_fcn_sweep/fcn_090
REACTOME_PURINE_CATABOLISM,0.0784086138010025,0.45780981733601467,test,0.9,607,674,0.5,/Users/charlottejob/Code/Evaluation_neuron_interpretability/vega_fcn_sweep/fcn_090
REACTOME_GLUCOSE_TRANSPORT,0.0305735990405082,0.4442472467831021,test,0.9,607,674,0.5,/Users/charlottejob/Code/Evaluation_neuron_interpretability/vega_fcn_sweep/fcn_090
REACTOME_FRS2_MEDIATED_CASCADE,0.2556298971176147,0.8479525048842245,test,0.9,607,674,0.5,/Users/charlottejob/Code/Evaluation_neuron_interpretability/vega_fcn_sweep/fcn_090
REACTOME_METABOLISM_OF_RNA,0.0376479215919971,0.3887521036369245,test,0.9,607,674,0.5,/Users/charlottejob/Code/Evaluation_neuron_interpretability/vega_fcn_sweep/fcn_090
REACTOME_MITOTIC_G1_G1_S_PHASES,0.0162767712026834,0.3934952975250698,test,0.9,607,674,0.5,/Users/charlottejob/Code/Evaluation_neuron_interpretability/vega_fcn_sweep/fcn_090
REACTOME_PI_3K_CASCADE,0.0158009901642799,0.466202717161636,test,0.9,607,674,0.5,/Users/charlottejob/Code/Evaluation_neuron_interpretability/vega_fcn_sweep/fcn_090
REACTOME_DOWNSTREAM_SIGNALING_OF_ACTIVATED_FGFR,0.0221067480742931,0.4890060704901695,test,0.9,607,674,0.5,/Users/charlottejob/Code/Evaluation_neuron_interpretability/vega_fcn_sweep/fcn_090
REACTOME_REGULATION_OF_MITOTIC_CELL_CYCLE,-0.0170397367328405,0.456924872635418,test,0.9,607,674,0.5,/Users/charlottejob/Code/Evaluation_neuron_interpretability/vega_fcn_sweep/fcn_090
REACTOME_TAK1_ACTIVATES_NFKB_BY_PHOSPHORYLATION_AND_ACTIVATION_OF_IKKS_COMPLEX,0.0367776528000831,0.47452422198794597,test,0.9,607,674,0.5,/Users/charlottejob/Code/Evaluation_neuron_interpretability/vega_fcn_sweep/fcn_090
REACTOME_REGULATION_OF_AMPK_ACTIVITY_VIA_LKB1,-0.0026983190327882,0.4910098494064202,test,0.9,607,674,0.5,/Users/charlottejob/Code/Evaluation_neuron_interpretability/vega_fcn_sweep/fcn_090
REACTOME_MITOTIC_M_M_G1_PHASES,0.2195298075675964,0.9993862375296236,test,0.9,607,674,0.5,/Users/charlottejob/Code/Evaluation_neuron_interpretability/vega_fcn_sweep/fcn_090
REACTOME_MYOGENESIS,-0.0367278195917606,0.435792851076323,test,0.9,607,674,0.5,/Users/charlottejob/Code/Evaluation_neuron_interpretability/vega_fcn_sweep/fcn_090
REACTOME_MAP_KINASE_ACTIVATION_IN_TLR_CASCADE,0.0199897158890962,0.3987503404464535,test,0.9,607,674,0.5,/Users/charlottejob/Code/Evaluation_neuron_interpretability/vega_fcn_sweep/fcn_090
REACTOME_PHOSPHOLIPASE_C_MEDIATED_CASCADE,-0.0147004276514053,0.4959396823874064,test,0.9,607,674,0.5,/Users/charlottejob/Code/Evaluation_neuron_interpretability/vega_fcn_sweep/fcn_090
REACTOME_ACTIVATION_OF_KAINATE_RECEPTORS_UPON_GLUTAMATE_BINDING,0.0405691787600517,0.4837154095595399,test,0.9,607,674,0.5,/Users/charlottejob/Code/Evaluation_neuron_interpretability/vega_fcn_sweep/fcn_090
REACTOME_IONOTROPIC_ACTIVITY_OF_KAINATE_RECEPTORS,,0.49881778126772236,test,0.9,607,674,0.5,/Users/charlottejob/Code/Evaluation_neuron_interpretability/vega_fcn_sweep/fcn_090
REACTOME_ACTIVATION_OF_THE_AP1_FAMILY_OF_TRANSCRIPTION_FACTORS,0.0150782521814107,0.3383016500473589,test,0.9,607,674,0.5,/Users/charlottejob/Code/Evaluation_neuron_interpretability/vega_fcn_sweep/fcn_090
REACTOME_MAPK_TARGETS_NUCLEAR_EVENTS_MEDIATED_BY_MAP_KINASES,0.0409439280629158,0.36438204989441747,test,0.9,607,674,0.5,/Users/charlottejob/Code/Evaluation_neuron_interpretability/vega_fcn_sweep/fcn_090
REACTOME_SYNTHESIS_AND_INTERCONVERSION_OF_NUCLEOTIDE_DI_AND_TRIPHOSPHATES,0.0094444034621119,0.5844656178136743,test,0.9,607,674,0.5,/Users/charlottejob/Code/Evaluation_neuron_interpretability/vega_fcn_sweep/fcn_090
REACTOME_GPCR_LIGAND_BINDING,0.050673309713602,0.4240785883615869,test,0.9,607,674,0.5,/Users/charlottejob/Code/Evaluation_neuron_interpretability/vega_fcn_sweep/fcn_090
REACTOME_RNA_POL_I_RNA_POL_III_AND_MITOCHONDRIAL_TRANSCRIPTION,0.0429089069366455,0.4043943100480203,test,0.9,607,674,0.5,/Users/charlottejob/Code/Evaluation_neuron_interpretability/vega_fcn_sweep/fcn_090
REACTOME_JNK_C_JUN_KINASES_PHOSPHORYLATION_AND_ACTIVATION_MEDIATED_BY_ACTIVATED_HUMAN_TAK1,,0.6139144091087554,test,0.9,607,674,0.5,/Users/charlottejob/Code/Evaluation_neuron_interpretability/vega_fcn_sweep/fcn_090
REACTOME_SHC_MEDIATED_CASCADE,-0.0263942126184701,0.3825687846920999,test,0.9,607,674,0.5,/Users/charlottejob/Code/Evaluation_neuron_interpretability/vega_fcn_sweep/fcn_090
REACTOME_THROMBIN_SIGNALLING_THROUGH_PROTEINASE_ACTIVATED_RECEPTORS_PARS,0.0185589548200368,0.5602419459724824,test,0.9,607,674,0.5,/Users/charlottejob/Code/Evaluation_neuron_interpretability/vega_fcn_sweep/fcn_090
REACTOME_ENERGY_DEPENDENT_REGULATION_OF_MTOR_BY_LKB1_AMPK,0.0103794299066066,0.37641549012689607,test,0.9,607,674,0.5,/Users/charlottejob/Code/Evaluation_neuron_interpretability/vega_fcn_sweep/fcn_090
REACTOME_MITOTIC_G2_G2_M_PHASES,-0.0260279327630996,0.4343916327922279,test,0.9,607,674,0.5,/Users/charlottejob/Code/Evaluation_neuron_interpretability/vega_fcn_sweep/fcn_090
REACTOME_REGULATION_OF_RHEB_GTPASE_ACTIVITY_BY_AMPK,,0.40812459102211757,test,0.9,607,674,0.5,/Users/charlottejob/Code/Evaluation_neuron_interpretability/vega_fcn_sweep/fcn_090
REACTOME_ACTIVATED_TAK1_MEDIATES_P38_MAPK_ACTIVATION,,0.6614561793831524,test,0.9,607,674,0.5,/Users/charlottejob/Code/Evaluation_neuron_interpretability/vega_fcn_sweep/fcn_090
REACTOME_DNA_REPAIR,-0.0124644702300429,0.3562199597341666,test,0.9,607,674,0.5,/Users/charlottejob/Code/Evaluation_neuron_interpretability/vega_fcn_sweep/fcn_090
REACTOME_EFFECTS_OF_PIP2_HYDROLYSIS,0.8389183878898621,0.7551289488951005,test,0.9,607,674,0.5,/Users/charlottejob/Code/Evaluation_neuron_interpretability/vega_fcn_sweep/fcn_090
REACTOME_RNA_POL_II_PRE_TRANSCRIPTION_EVENTS,-0.0321398116648197,0.416126667591871,test,0.9,607,674,0.5,/Users/charlottejob/Code/Evaluation_neuron_interpretability/vega_fcn_sweep/fcn_090
REACTOME_ROLE_OF_DCC_IN_REGULATING_APOPTOSIS,0.0138588584959506,0.577663912484048,test,0.9,607,674,0.5,/Users/charlottejob/Code/Evaluation_neuron_interpretability/vega_fcn_sweep/fcn_090
REACTOME_POST_TRANSLATIONAL_PROTEIN_MODIFICATION,-0.0257469490170478,0.4398108355705529,test,0.9,607,674,0.5,/Users/charlottejob/Code/Evaluation_neuron_interpretability/vega_fcn_sweep/fcn_090
REACTOME_CHROMOSOME_MAINTENANCE,0.5058519840240479,0.7731256605425256,test,0.9,607,674,0.5,/Users/charlottejob/Code/Evaluation_neuron_interpretability/vega_fcn_sweep/fcn_090
REACTOME_DEPOSITION_OF_NEW_CENPA_CONTAINING_NUCLEOSOMES_AT_THE_CENTROMERE,0.4677615463733673,0.7507865699509848,test,0.9,607,674,0.5,/Users/charlottejob/Code/Evaluation_neuron_interpretability/vega_fcn_sweep/fcn_090
REACTOME_L1CAM_INTERACTIONS,0.0387020371854305,0.4035071530797052,test,0.9,607,674,0.5,/Users/charlottejob/Code/Evaluation_neuron_interpretability/vega_fcn_sweep/fcn_090
REACTOME_ROLE_OF_SECOND_MESSENGERS_IN_NETRIN1_SIGNALING,-0.0092004500329494,0.5942995967904732,test,0.9,607,674,0.5,/Users/charlottejob/Code/Evaluation_neuron_interpretability/vega_fcn_sweep/fcn_090
REACTOME_SIGNALING_BY_ILS,0.0740153044462204,0.5057743686977506,test,0.9,607,674,0.5,/Users/charlottejob/Code/Evaluation_neuron_interpretability/vega_fcn_sweep/fcn_090
REACTOME_NETRIN1_SIGNALING,0.0313343852758407,0.40914009394468337,test,0.9,607,674,0.5,/Users/charlottejob/Code/Evaluation_neuron_interpretability/vega_fcn_sweep/fcn_090
REACTOME_METABOLISM_OF_LIPIDS_AND_LIPOPROTEINS,0.2080246210098266,0.5243491971194704,test,0.9,607,674,0.5,/Users/charlottejob/Code/Evaluation_neuron_interpretability/vega_fcn_sweep/fcn_090
REACTOME_INTERACTION_BETWEEN_L1_AND_ANKYRINS,-0.0127168837934732,0.3386301915676674,test,0.9,607,674,0.5,/Users/charlottejob/Code/Evaluation_neuron_interpretability/vega_fcn_sweep/fcn_090
REACTOME_SIGNAL_TRANSDUCTION_BY_L1,0.8003998398780823,0.7903149299948302,test,0.9,607,674,0.5,/Users/charlottejob/Code/Evaluation_neuron_interpretability/vega_fcn_sweep/fcn_090
REACTOME_FATTY_ACID_TRIACYLGLYCEROL_AND_KETONE_BODY_METABOLISM,0.0373278930783271,0.3553697278494618,test,0.9,607,674,0.5,/Users/charlottejob/Code/Evaluation_neuron_interpretability/vega_fcn_sweep/fcn_090
REACTOME_TRANSPORT_OF_VITAMINS_NUCLEOSIDES_AND_RELATED_MOLECULES,,0.3153037436257703,test,0.9,607,674,0.5,/Users/charlottejob/Code/Evaluation_neuron_interpretability/vega_fcn_sweep/fcn_090
REACTOME_HIGHLY_CALCIUM_PERMEABLE_POSTSYNAPTIC_NICOTINIC_ACETYLCHOLINE_RECEPTORS,,0.5155730052785412,test,0.9,607,674,0.5,/Users/charlottejob/Code/Evaluation_neuron_interpretability/vega_fcn_sweep/fcn_090
REACTOME_RNA_POL_I_PROMOTER_OPENING,0.0010792820248752,0.4297239055085656,test,0.9,607,674,0.5,/Users/charlottejob/Code/Evaluation_neuron_interpretability/vega_fcn_sweep/fcn_090
REACTOME_PRESYNAPTIC_NICOTINIC_ACETYLCHOLINE_RECEPTORS,0.00045574340038,0.3696841139912877,test,0.9,607,674,0.5,/Users/charlottejob/Code/Evaluation_neuron_interpretability/vega_fcn_sweep/fcn_090
REACTOME_ORGANIC_CATION_ANION_ZWITTERION_TRANSPORT,0.040075909346342,0.397827082306641,test,0.9,607,674,0.5,/Users/charlottejob/Code/Evaluation_neuron_interpretability/vega_fcn_sweep/fcn_090
REACTOME_DCC_MEDIATED_ATTRACTIVE_SIGNALING,-0.0009497087448835,0.3369303795236382,test,0.9,607,674,0.5,/Users/charlottejob/Code/Evaluation_neuron_interpretability/vega_fcn_sweep/fcn_090
REACTOME_RECYCLING_PATHWAY_OF_L1,0.7181624174118042,0.7303149225062107,test,0.9,607,674,0.5,/Users/charlottejob/Code/Evaluation_neuron_interpretability/vega_fcn_sweep/fcn_090
REACTOME_SYNTHESIS_OF_SUBSTRATES_IN_N_GLYCAN_BIOSYTHESIS,,0.9568799895301662,test,0.9,607,674,0.5,/Users/charlottejob/Code/Evaluation_neuron_interpretability/vega_fcn_sweep/fcn_090
REACTOME_RESPIRATORY_ELECTRON_TRANSPORT,,0.9620747720629934,test,0.9,607,674,0.5,/Users/charlottejob/Code/Evaluation_neuron_interpretability/vega_fcn_sweep/fcn_090
REACTOME_ASPARAGINE_N_LINKED_GLYCOSYLATION,0.0029071136377751,0.6891596966626239,test,0.9,607,674,0.5,/Users/charlottejob/Code/Evaluation_neuron_interpretability/vega_fcn_sweep/fcn_090
REACTOME_ASSEMBLY_OF_THE_PRE_REPLICATIVE_COMPLEX,,0.43779435501461417,test,0.9,607,674,0.5,/Users/charlottejob/Code/Evaluation_neuron_interpretability/vega_fcn_sweep/fcn_090
REACTOME_BIOSYNTHESIS_OF_THE_N_GLYCAN_PRECURSOR_DOLICHOL_LIPID_LINKED_OLIGOSACCHARIDE_LLO_AND_TRANSFER_TO_A_NASCENT_PROTEIN,-0.0154935782775282,0.5164138563505356,test,0.9,607,674,0.5,/Users/charlottejob/Code/Evaluation_neuron_interpretability/vega_fcn_sweep/fcn_090
REACTOME_IL1_SIGNALING,0.1123788282275199,0.5554143761474473,test,0.9,607,674,0.5,/Users/charlottejob/Code/Evaluation_neuron_interpretability/vega_fcn_sweep/fcn_090
REACTOME_GLOBAL_GENOMIC_NER_GG_NER,-0.0154675301164388,0.5362680103480547,test,0.9,607,674,0.5,/Users/charlottejob/Code/Evaluation_neuron_interpretability/vega_fcn_sweep/fcn_090
REACTOME_CGMP_EFFECTS,-0.0193603411316871,0.2894131195340379,test,0.9,607,674,0.5,/Users/charlottejob/Code/Evaluation_neuron_interpretability/vega_fcn_sweep/fcn_090
REACTOME_REGULATION_OF_SIGNALING_BY_CBL,0.0263513829559087,0.45564931526115,test,0.9,607,674,0.5,/Users/charlottejob/Code/Evaluation_neuron_interpretability/vega_fcn_sweep/fcn_090
REACTOME_AMINO_ACID_SYNTHESIS_AND_INTERCONVERSION_TRANSAMINATION,0.8097951412200928,0.7723853861935669,test,0.9,607,674,0.5,/Users/charlottejob/Code/Evaluation_neuron_interpretability/vega_fcn_sweep/fcn_090
REACTOME_CALNEXIN_CALRETICULIN_CYCLE,,0.3791702656720325,test,0.9,607,674,0.5,/Users/charlottejob/Code/Evaluation_neuron_interpretability/vega_fcn_sweep/fcn_090
REACTOME_SYNTHESIS_SECRETION_AND_INACTIVATION_OF_GIP,,0.37664354578371073,test,0.9,607,674,0.5,/Users/charlottejob/Code/Evaluation_neuron_interpretability/vega_fcn_sweep/fcn_090
REACTOME_PASSIVE_TRANSPORT_BY_AQUAPORINS,-0.0089488001540303,0.5185608483361469,test,0.9,607,674,0.5,/Users/charlottejob/Code/Evaluation_neuron_interpretability/vega_fcn_sweep/fcn_090
REACTOME_NEPHRIN_INTERACTIONS,0.0644877701997757,0.40625701104941386,test,0.9,607,674,0.5,/Users/charlottejob/Code/Evaluation_neuron_interpretability/vega_fcn_sweep/fcn_090
REACTOME_IL_3_5_AND_GM_CSF_SIGNALING,0.0320141948759555,0.6598082181121051,test,0.9,607,674,0.5,/Users/charlottejob/Code/Evaluation_neuron_interpretability/vega_fcn_sweep/fcn_090
REACTOME_NITRIC_OXIDE_STIMULATES_GUANYLATE_CYCLASE,-0.0370239242911338,0.4073247610596857,test,0.9,607,674,0.5,/Users/charlottejob/Code/Evaluation_neuron_interpretability/vega_fcn_sweep/fcn_090
REACTOME_PLATELET_HOMEOSTASIS,0.4544501006603241,0.7841013287174596,test,0.9,607,674,0.5,/Users/charlottejob/Code/Evaluation_neuron_interpretability/vega_fcn_sweep/fcn_090
REACTOME_N_GLYCAN_TRIMMING_IN_THE_ER_AND_CALNEXIN_CALRETICULIN_CYCLE,,0.3968416001395978,test,0.9,607,674,0.5,/Users/charlottejob/Code/Evaluation_neuron_interpretability/vega_fcn_sweep/fcn_090
REACTOME_PLATELET_SENSITIZATION_BY_LDL,0.0206166729331016,0.5070147109708402,test,0.9,607,674,0.5,/Users/charlottejob/Code/Evaluation_neuron_interpretability/vega_fcn_sweep/fcn_090
REACTOME_AQUAPORIN_MEDIATED_TRANSPORT,0.0282127149403095,0.43484730065424226,test,0.9,607,674,0.5,/Users/charlottejob/Code/Evaluation_neuron_interpretability/vega_fcn_sweep/fcn_090
REACTOME_IL_RECEPTOR_SHC_SIGNALING,0.0643312707543373,0.4927031009840119,test,0.9,607,674,0.5,/Users/charlottejob/Code/Evaluation_neuron_interpretability/vega_fcn_sweep/fcn_090
REACTOME_RAP1_SIGNALLING,-0.016180669888854,0.594171623989065,test,0.9,607,674,0.5,/Users/charlottejob/Code/Evaluation_neuron_interpretability/vega_fcn_sweep/fcn_090
REACTOME_PLATELET_CALCIUM_HOMEOSTASIS,-0.0063491868786513,0.3999971914007713,test,0.9,607,674,0.5,/Users/charlottejob/Code/Evaluation_neuron_interpretability/vega_fcn_sweep/fcn_090
REACTOME_SIGNAL_REGULATORY_PROTEIN_SIRP_FAMILY_INTERACTIONS,0.0185343511402606,0.42209233330676527,test,0.9,607,674,0.5,/Users/charlottejob/Code/Evaluation_neuron_interpretability/vega_fcn_sweep/fcn_090
REACTOME_PROSTACYCLIN_SIGNALLING_THROUGH_PROSTACYCLIN_RECEPTOR,0.0040555298328399,0.4437088135956196,test,0.9,607,674,0.5,/Users/charlottejob/Code/Evaluation_neuron_interpretability/vega_fcn_sweep/fcn_090
REACTOME_GABA_SYNTHESIS_RELEASE_REUPTAKE_AND_DEGRADATION,-0.0107602095231413,0.5055338023535902,test,0.9,607,674,0.5,/Users/charlottejob/Code/Evaluation_neuron_interpretability/vega_fcn_sweep/fcn_090
REACTOME_INCRETIN_SYNTHESIS_SECRETION_AND_INACTIVATION,,0.4614369846878681,test,0.9,607,674,0.5,/Users/charlottejob/Code/Evaluation_neuron_interpretability/vega_fcn_sweep/fcn_090
REACTOME_TRANSPORT_OF_ORGANIC_ANIONS,,0.4999624830955808,test,0.9,607,674,0.5,/Users/charlottejob/Code/Evaluation_neuron_interpretability/vega_fcn_sweep/fcn_090
REACTOME_SYNTHESIS_SECRETION_AND_INACTIVATION_OF_GLP1,,0.30505780220739,test,0.9,607,674,0.5,/Users/charlottejob/Code/Evaluation_neuron_interpretability/vega_fcn_sweep/fcn_090
REACTOME_REGULATION_OF_WATER_BALANCE_BY_RENAL_AQUAPORINS,0.5294803977012634,0.7649782838468823,test,0.9,607,674,0.5,/Users/charlottejob/Code/Evaluation_neuron_interpretability/vega_fcn_sweep/fcn_090
REACTOME_DESTABILIZATION_OF_MRNA_BY_BRF1,0.1118306145071983,0.6149337477707363,test,0.9,607,674,0.5,/Users/charlottejob/Code/Evaluation_neuron_interpretability/vega_fcn_sweep/fcn_090
REACTOME_IRAK1_RECRUITS_IKK_COMPLEX,,0.5647184050953191,test,0.9,607,674,0.5,/Users/charlottejob/Code/Evaluation_neuron_interpretability/vega_fcn_sweep/fcn_090
REACTOME_TRAF6_MEDIATED_IRF7_ACTIVATION,-0.013926955871284,0.45240373829154756,test,0.9,607,674,0.5,/Users/charlottejob/Code/Evaluation_neuron_interpretability/vega_fcn_sweep/fcn_090
REACTOME_CIRCADIAN_CLOCK,0.4501010179519653,0.8014521034403953,test,0.9,607,674,0.5,/Users/charlottejob/Code/Evaluation_neuron_interpretability/vega_fcn_sweep/fcn_090
REACTOME_TRAF6_MEDIATED_NFKB_ACTIVATION,0.0513372123241424,0.455540780846326,test,0.9,607,674,0.5,/Users/charlottejob/Code/Evaluation_neuron_interpretability/vega_fcn_sweep/fcn_090
REACTOME_FACTORS_INVOLVED_IN_MEGAKARYOCYTE_DEVELOPMENT_AND_PLATELET_PRODUCTION,0.4525864124298095,0.9934730819982818,test,0.9,607,674,0.5,/Users/charlottejob/Code/Evaluation_neuron_interpretability/vega_fcn_sweep/fcn_090
REACTOME_REGULATION_OF_IFNG_SIGNALING,0.0127584310248494,0.43768085368211956,test,0.9,607,674,0.5,/Users/charlottejob/Code/Evaluation_neuron_interpretability/vega_fcn_sweep/fcn_090
REACTOME_GABA_A_RECEPTOR_ACTIVATION,,0.3904986258343149,test,0.9,607,674,0.5,/Users/charlottejob/Code/Evaluation_neuron_interpretability/vega_fcn_sweep/fcn_090
REACTOME_REGULATION_OF_MRNA_STABILITY_BY_PROTEINS_THAT_BIND_AU_RICH_ELEMENTS,0.0417542904615402,0.4708853080165183,test,0.9,607,674,0.5,/Users/charlottejob/Code/Evaluation_neuron_interpretability/vega_fcn_sweep/fcn_090
REACTOME_INHIBITION_OF_VOLTAGE_GATED_CA2_CHANNELS_VIA_GBETA_GAMMA_SUBUNITS,-0.037535935640335,0.32254702502052324,test,0.9,607,674,0.5,/Users/charlottejob/Code/Evaluation_neuron_interpretability/vega_fcn_sweep/fcn_090
REACTOME_IRAK2_MEDIATED_ACTIVATION_OF_TAK1_COMPLEX_UPON_TLR7_8_OR_9_STIMULATION,,0.4106949352179034,test,0.9,607,674,0.5,/Users/charlottejob/Code/Evaluation_neuron_interpretability/vega_fcn_sweep/fcn_090
REACTOME_TRAF6_MEDIATED_INDUCTION_OF_NFKB_AND_MAP_KINASES_UPON_TLR7_8_OR_9_ACTIVATION,0.0190879255533218,0.7237162715003732,test,0.9,607,674,0.5,/Users/charlottejob/Code/Evaluation_neuron_interpretability/vega_fcn_sweep/fcn_090
REACTOME_TRAF3_DEPENDENT_IRF_ACTIVATION_PATHWAY,-0.0174291208386421,0.4651550844130349,test,0.9,607,674,0.5,/Users/charlottejob/Code/Evaluation_neuron_interpretability/vega_fcn_sweep/fcn_090
REACTOME_GABA_B_RECEPTOR_ACTIVATION,0.0137042952701449,0.6048488417746368,test,0.9,607,674,0.5,/Users/charlottejob/Code/Evaluation_neuron_interpretability/vega_fcn_sweep/fcn_090
REACTOME_NFKB_ACTIVATION_THROUGH_FADD_RIP1_PATHWAY_MEDIATED_BY_CASPASE_8_AND10,,0.453603804039611,test,0.9,607,674,0.5,/Users/charlottejob/Code/Evaluation_neuron_interpretability/vega_fcn_sweep/fcn_090
REACTOME_DESTABILIZATION_OF_MRNA_BY_KSRP,,0.4983553636086028,test,0.9,607,674,0.5,/Users/charlottejob/Code/Evaluation_neuron_interpretability/vega_fcn_sweep/fcn_090
REACTOME_TRANSPORT_TO_THE_GOLGI_AND_SUBSEQUENT_MODIFICATION,,0.3866614317497711,test,0.9,607,674,0.5,/Users/charlottejob/Code/Evaluation_neuron_interpretability/vega_fcn_sweep/fcn_090
REACTOME_IRON_UPTAKE_AND_TRANSPORT,0.0062155686318874,0.5072371557574739,test,0.9,607,674,0.5,/Users/charlottejob/Code/Evaluation_neuron_interpretability/vega_fcn_sweep/fcn_090
REACTOME_DESTABILIZATION_OF_MRNA_BY_TRISTETRAPROLIN_TTP,,0.460611612790647,test,0.9,607,674,0.5,/Users/charlottejob/Code/Evaluation_neuron_interpretability/vega_fcn_sweep/fcn_090
REACTOME_INTERFERON_GAMMA_SIGNALING,0.1015216782689094,0.4638886494872015,test,0.9,607,674,0.5,/Users/charlottejob/Code/Evaluation_neuron_interpretability/vega_fcn_sweep/fcn_090
REACTOME_N_GLYCAN_ANTENNAE_ELONGATION,,0.4243039741744099,test,0.9,607,674,0.5,/Users/charlottejob/Code/Evaluation_neuron_interpretability/vega_fcn_sweep/fcn_090
REACTOME_TRAF6_MEDIATED_IRF7_ACTIVATION_IN_TLR7_8_OR_9_SIGNALING,0.0142867397516965,0.3622889674126424,test,0.9,607,674,0.5,/Users/charlottejob/Code/Evaluation_neuron_interpretability/vega_fcn_sweep/fcn_090
REACTOME_ACTIVATION_OF_IRF3_IRF7_MEDIATED_BY_TBK1_IKK_EPSILON,0.0649200677871704,0.44409408061185157,test,0.9,607,674,0.5,/Users/charlottejob/Code/Evaluation_neuron_interpretability/vega_fcn_sweep/fcn_090
REACTOME_ION_TRANSPORT_BY_P_TYPE_ATPASES,-0.0264015980064868,0.4574055308491591,test,0.9,607,674,0.5,/Users/charlottejob/Code/Evaluation_neuron_interpretability/vega_fcn_sweep/fcn_090
REACTOME_INTERFERON_ALPHA_BETA_SIGNALING,0.1254881173372268,0.46446323533354417,test,0.9,607,674,0.5,/Users/charlottejob/Code/Evaluation_neuron_interpretability/vega_fcn_sweep/fcn_090
REACTOME_ADVANCED_GLYCOSYLATION_ENDPRODUCT_RECEPTOR_SIGNALING,0.0198374837636947,0.4372743246635386,test,0.9,607,674,0.5,/Users/charlottejob/Code/Evaluation_neuron_interpretability/vega_fcn_sweep/fcn_090
REACTOME_GABA_RECEPTOR_ACTIVATION,0.0697200149297714,0.5635810400828069,test,0.9,607,674,0.5,/Users/charlottejob/Code/Evaluation_neuron_interpretability/vega_fcn_sweep/fcn_090
REACTOME_KINESINS,-0.0396319068968296,0.4335682055691283,test,0.9,607,674,0.5,/Users/charlottejob/Code/Evaluation_neuron_interpretability/vega_fcn_sweep/fcn_090
REACTOME_N_GLYCAN_ANTENNAE_ELONGATION_IN_THE_MEDIAL_TRANS_GOLGI,,0.4565545521964838,test,0.9,607,674,0.5,/Users/charlottejob/Code/Evaluation_neuron_interpretability/vega_fcn_sweep/fcn_090
REACTOME_REGULATION_OF_IFNA_SIGNALING,-0.0286521315574646,0.5073941247824482,test,0.9,607,674,0.5,/Users/charlottejob/Code/Evaluation_neuron_interpretability/vega_fcn_sweep/fcn_090
REACTOME_INTERFERON_SIGNALING,0.0495914481580257,0.47511457496266446,test,0.9,607,674,0.5,/Users/charlottejob/Code/Evaluation_neuron_interpretability/vega_fcn_sweep/fcn_090
REACTOME_NEGATIVE_REGULATORS_OF_RIG_I_MDA5_SIGNALING,0.0106584206223487,0.39386954672659213,test,0.9,607,674,0.5,/Users/charlottejob/Code/Evaluation_neuron_interpretability/vega_fcn_sweep/fcn_090
REACTOME_NFKB_AND_MAP_KINASES_ACTIVATION_MEDIATED_BY_TLR4_SIGNALING_REPERTOIRE,0.1969939619302749,0.4035578135657927,test,0.9,607,674,0.5,/Users/charlottejob/Code/Evaluation_neuron_interpretability/vega_fcn_sweep/fcn_090
REACTOME_TRANSFERRIN_ENDOCYTOSIS_AND_RECYCLING,,0.474691794267766,test,0.9,607,674,0.5,/Users/charlottejob/Code/Evaluation_neuron_interpretability/vega_fcn_sweep/fcn_090
REACTOME_DSCAM_INTERACTIONS,,0.47902805042969937,test,0.9,607,674,0.5,/Users/charlottejob/Code/Evaluation_neuron_interpretability/vega_fcn_sweep/fcn_090
REACTOME_ION_CHANNEL_TRANSPORT,-0.032743252813816,0.436092107312685,test,0.9,607,674,0.5,/Users/charlottejob/Code/Evaluation_neuron_interpretability/vega_fcn_sweep/fcn_090
REACTOME_DESTABILIZATION_OF_MRNA_BY_AUF1_HNRNP_D0,,0.5439549797146971,test,0.9,607,674,0.5,/Users/charlottejob/Code/Evaluation_neuron_interpretability/vega_fcn_sweep/fcn_090
REACTOME_TRAF6_MEDIATED_INDUCTION_OF_TAK1_COMPLEX,0.07342030107975,0.51764856413708,test,0.9,607,674,0.5,/Users/charlottejob/Code/Evaluation_neuron_interpretability/vega_fcn_sweep/fcn_090
REACTOME_RIG_I_MDA5_MEDIATED_INDUCTION_OF_IFN_ALPHA_BETA_PATHWAYS,0.0336964540183544,0.5141191292060251,test,0.9,607,674,0.5,/Users/charlottejob/Code/Evaluation_neuron_interpretability/vega_fcn_sweep/fcn_090
REACTOME_IKK_COMPLEX_RECRUITMENT_MEDIATED_BY_RIP1,0.0655590742826461,0.4097011890739807,test,0.9,607,674,0.5,/Users/charlottejob/Code/Evaluation_neuron_interpretability/vega_fcn_sweep/fcn_090
REACTOME_LIGAND_GATED_ION_CHANNEL_TRANSPORT,,0.5418627579287179,test,0.9,607,674,0.5,/Users/charlottejob/Code/Evaluation_neuron_interpretability/vega_fcn_sweep/fcn_090
REACTOME_FORMATION_OF_INCISION_COMPLEX_IN_GG_NER,0.003555528819561,0.3260686999811401,test,0.9,607,674,0.5,/Users/charlottejob/Code/Evaluation_neuron_interpretability/vega_fcn_sweep/fcn_090
REACTOME_TRANSCRIPTIONAL_REGULATION_OF_WHITE_ADIPOCYTE_DIFFERENTIATION,0.1142735928297042,0.5890996662448786,test,0.9,607,674,0.5,/Users/charlottejob/Code/Evaluation_neuron_interpretability/vega_fcn_sweep/fcn_090
REACTOME_ENDOSOMAL_SORTING_COMPLEX_REQUIRED_FOR_TRANSPORT_ESCRT,,0.3564786459014963,test,0.9,607,674,0.5,/Users/charlottejob/Code/Evaluation_neuron_interpretability/vega_fcn_sweep/fcn_090
REACTOME_MEIOTIC_RECOMBINATION,-0.035037524998188,0.5339775123603848,test,0.9,607,674,0.5,/Users/charlottejob/Code/Evaluation_neuron_interpretability/vega_fcn_sweep/fcn_090
REACTOME_IL_2_SIGNALING,0.0570281855762004,0.39051130231469017,test,0.9,607,674,0.5,/Users/charlottejob/Code/Evaluation_neuron_interpretability/vega_fcn_sweep/fcn_090
REACTOME_IL_6_SIGNALING,-0.0345991812646389,0.5177241003463249,test,0.9,607,674,0.5,/Users/charlottejob/Code/Evaluation_neuron_interpretability/vega_fcn_sweep/fcn_090
REACTOME_PLATELET_AGGREGATION_PLUG_FORMATION,-0.0307594127953052,0.3316800448979519,test,0.9,607,674,0.5,/Users/charlottejob/Code/Evaluation_neuron_interpretability/vega_fcn_sweep/fcn_090
REACTOME_SIGNALING_BY_NOTCH,0.0148323830217123,0.4218413234182445,test,0.9,607,674,0.5,/Users/charlottejob/Code/Evaluation_neuron_interpretability/vega_fcn_sweep/fcn_090
REACTOME_LAGGING_STRAND_SYNTHESIS,,0.7329738690398291,test,0.9,607,674,0.5,/Users/charlottejob/Code/Evaluation_neuron_interpretability/vega_fcn_sweep/fcn_090
REACTOME_INTRINSIC_PATHWAY,0.0008620815351605,0.37523561501425506,test,0.9,607,674,0.5,/Users/charlottejob/Code/Evaluation_neuron_interpretability/vega_fcn_sweep/fcn_090
REACTOME_INHIBITION_OF_REPLICATION_INITIATION_OF_DAMAGED_DNA_BY_RB1_E2F1,,0.3711189634864547,test,0.9,607,674,0.5,/Users/charlottejob/Code/Evaluation_neuron_interpretability/vega_fcn_sweep/fcn_090
REACTOME_ETHANOL_OXIDATION,0.0209279432892799,0.48166109194618917,test,0.9,607,674,0.5,/Users/charlottejob/Code/Evaluation_neuron_interpretability/vega_fcn_sweep/fcn_090
REACTOME_SYNTHESIS_OF_VERY_LONG_CHAIN_FATTY_ACYL_COAS,0.0272960234433412,0.4480558349526664,test,0.9,607,674,0.5,/Users/charlottejob/Code/Evaluation_neuron_interpretability/vega_fcn_sweep/fcn_090
REACTOME_DNA_REPLICATION,0.0374758802354335,0.5994353482768231,test,0.9,607,674,0.5,/Users/charlottejob/Code/Evaluation_neuron_interpretability/vega_fcn_sweep/fcn_090
REACTOME_CLEAVAGE_OF_GROWING_TRANSCRIPT_IN_THE_TERMINATION_REGION_,,0.958122409806744,test,0.9,607,674,0.5,/Users/charlottejob/Code/Evaluation_neuron_interpretability/vega_fcn_sweep/fcn_090
REACTOME_PKB_MEDIATED_EVENTS,0.6532291173934937,0.7781780145210344,test,0.9,607,674,0.5,/Users/charlottejob/Code/Evaluation_neuron_interpretability/vega_fcn_sweep/fcn_090
REACTOME_E2F_MEDIATED_REGULATION_OF_DNA_REPLICATION,0.5863723158836365,0.9292479948398676,test,0.9,607,674,0.5,/Users/charlottejob/Code/Evaluation_neuron_interpretability/vega_fcn_sweep/fcn_090
REACTOME_METABOLISM_OF_CARBOHYDRATES,0.0305695980787277,0.3705477668973226,test,0.9,607,674,0.5,/Users/charlottejob/Code/Evaluation_neuron_interpretability/vega_fcn_sweep/fcn_090
REACTOME_HORMONE_SENSITIVE_LIPASE_HSL_MEDIATED_TRIACYLGLYCEROL_HYDROLYSIS,-0.0106164114549756,0.9621283320819705,test,0.9,607,674,0.5,/Users/charlottejob/Code/Evaluation_neuron_interpretability/vega_fcn_sweep/fcn_090
REACTOME_SIGNALING_BY_INSULIN_RECEPTOR,0.3572832345962524,0.6935163540817251,test,0.9,607,674,0.5,/Users/charlottejob/Code/Evaluation_neuron_interpretability/vega_fcn_sweep/fcn_090
REACTOME_SIGNAL_ATTENUATION,0.8575422763824463,0.7335874562679282,test,0.9,607,674,0.5,/Users/charlottejob/Code/Evaluation_neuron_interpretability/vega_fcn_sweep/fcn_090
REACTOME_PURINE_METABOLISM,0.0347817130386829,0.4615128442425262,test,0.9,607,674,0.5,/Users/charlottejob/Code/Evaluation_neuron_interpretability/vega_fcn_sweep/fcn_090
REACTOME_SOS_MEDIATED_SIGNALLING,0.0438992381095886,0.4786874515425017,test,0.9,607,674,0.5,/Users/charlottejob/Code/Evaluation_neuron_interpretability/vega_fcn_sweep/fcn_090
REACTOME_RNA_POL_III_TRANSCRIPTION_INITIATION_FROM_TYPE_3_PROMOTER,,0.5706809754395149,test,0.9,607,674,0.5,/Users/charlottejob/Code/Evaluation_neuron_interpretability/vega_fcn_sweep/fcn_090
REACTOME_APOPTOSIS,0.034038171172142,0.4346610015692889,test,0.9,607,674,0.5,/Users/charlottejob/Code/Evaluation_neuron_interpretability/vega_fcn_sweep/fcn_090
REACTOME_LIPID_DIGESTION_MOBILIZATION_AND_TRANSPORT,0.0106001943349838,0.5792517707458523,test,0.9,607,674,0.5,/Users/charlottejob/Code/Evaluation_neuron_interpretability/vega_fcn_sweep/fcn_090
REACTOME_HEMOSTASIS,0.2833040654659271,0.4847929973687058,test,0.9,607,674,0.5,/Users/charlottejob/Code/Evaluation_neuron_interpretability/vega_fcn_sweep/fcn_090
REACTOME_INFLUENZA_LIFE_CYCLE,0.1496530026197433,0.4846626540308259,test,0.9,607,674,0.5,/Users/charlottejob/Code/Evaluation_neuron_interpretability/vega_fcn_sweep/fcn_090
REACTOME_INFLUENZA_VIRAL_RNA_TRANSCRIPTION_AND_REPLICATION,0.0255949441343545,0.5112978415428499,test,0.9,607,674,0.5,/Users/charlottejob/Code/Evaluation_neuron_interpretability/vega_fcn_sweep/fcn_090
REACTOME_NEP_NS2_INTERACTS_WITH_THE_CELLULAR_EXPORT_MACHINERY,0.0160911250859498,0.3999096681633413,test,0.9,607,674,0.5,/Users/charlottejob/Code/Evaluation_neuron_interpretability/vega_fcn_sweep/fcn_090
REACTOME_HIV_INFECTION,-0.0263513009995222,0.557817905270675,test,0.9,607,674,0.5,/Users/charlottejob/Code/Evaluation_neuron_interpretability/vega_fcn_sweep/fcn_090
REACTOME_TRANSPORT_OF_RIBONUCLEOPROTEINS_INTO_THE_HOST_NUCLEUS,0.0402793399989604,0.500884720635511,test,0.9,607,674,0.5,/Users/charlottejob/Code/Evaluation_neuron_interpretability/vega_fcn_sweep/fcn_090
REACTOME_HIV_LIFE_CYCLE,0.0318829305469989,0.4586932593911531,test,0.9,607,674,0.5,/Users/charlottejob/Code/Evaluation_neuron_interpretability/vega_fcn_sweep/fcn_090
REACTOME_ABORTIVE_ELONGATION_OF_HIV1_TRANSCRIPT_IN_THE_ABSENCE_OF_TAT,,0.4153173668368015,test,0.9,607,674,0.5,/Users/charlottejob/Code/Evaluation_neuron_interpretability/vega_fcn_sweep/fcn_090
REACTOME_EARLY_PHASE_OF_HIV_LIFE_CYCLE,0.0682070553302764,0.4551781727405376,test,0.9,607,674,0.5,/Users/charlottejob/Code/Evaluation_neuron_interpretability/vega_fcn_sweep/fcn_090
REACTOME_HOST_INTERACTIONS_OF_HIV_FACTORS,-0.0050008008256554,0.3863116913477014,test,0.9,607,674,0.5,/Users/charlottejob/Code/Evaluation_neuron_interpretability/vega_fcn_sweep/fcn_090
REACTOME_RNA_POL_III_TRANSCRIPTION_TERMINATION,,0.5856929721240676,test,0.9,607,674,0.5,/Users/charlottejob/Code/Evaluation_neuron_interpretability/vega_fcn_sweep/fcn_090
REACTOME_RESPIRATORY_ELECTRON_TRANSPORT_ATP_SYNTHESIS_BY_CHEMIOSMOTIC_COUPLING_AND_HEAT_PRODUCTION_BY_UNCOUPLING_PROTEINS_,0.0157038699835538,0.5705455536798398,test,0.9,607,674,0.5,/Users/charlottejob/Code/Evaluation_neuron_interpretability/vega_fcn_sweep/fcn_090
REACTOME_FORMATION_OF_THE_HIV1_EARLY_ELONGATION_COMPLEX,0.0008998871780931,0.45505464043356497,test,0.9,607,674,0.5,/Users/charlottejob/Code/Evaluation_neuron_interpretability/vega_fcn_sweep/fcn_090
REACTOME_RAF_MAP_KINASE_CASCADE,,0.3534022597391266,test,0.9,607,674,0.5,/Users/charlottejob/Code/Evaluation_neuron_interpretability/vega_fcn_sweep/fcn_090
REACTOME_VIRAL_MESSENGER_RNA_SYNTHESIS,,0.4477843214238974,test,0.9,607,674,0.5,/Users/charlottejob/Code/Evaluation_neuron_interpretability/vega_fcn_sweep/fcn_090
REACTOME_LATE_PHASE_OF_HIV_LIFE_CYCLE,-0.0313061103224754,0.4617251232386686,test,0.9,607,674,0.5,/Users/charlottejob/Code/Evaluation_neuron_interpretability/vega_fcn_sweep/fcn_090
REACTOME_SHC_MEDIATED_SIGNALLING,,0.5670584129476944,test,0.9,607,674,0.5,/Users/charlottejob/Code/Evaluation_neuron_interpretability/vega_fcn_sweep/fcn_090
REACTOME_INTERACTIONS_OF_VPR_WITH_HOST_CELLULAR_PROTEINS,0.0286548882722854,0.5844735513695901,test,0.9,607,674,0.5,/Users/charlottejob/Code/Evaluation_neuron_interpretability/vega_fcn_sweep/fcn_090
REACTOME_FORMATION_OF_ATP_BY_CHEMIOSMOTIC_COUPLING,,0.6491401648998822,test,0.9,607,674,0.5,/Users/charlottejob/Code/Evaluation_neuron_interpretability/vega_fcn_sweep/fcn_090
REACTOME_APC_C_CDH1_MEDIATED_DEGRADATION_OF_CDC20_AND_OTHER_APC_C_CDH1_TARGETED_PROTEINS_IN_LATE_MITOSIS_EARLY_G1,-0.0132463900372385,0.425569770247066,test,0.9,607,674,0.5,/Users/charlottejob/Code/Evaluation_neuron_interpretability/vega_fcn_sweep/fcn_090
REACTOME_ACTIVATION_OF_ATR_IN_RESPONSE_TO_REPLICATION_STRESS,,0.431917288313048,test,0.9,607,674,0.5,/Users/charlottejob/Code/Evaluation_neuron_interpretability/vega_fcn_sweep/fcn_090
REACTOME_UNWINDING_OF_DNA,,0.4378013349038084,test,0.9,607,674,0.5,/Users/charlottejob/Code/Evaluation_neuron_interpretability/vega_fcn_sweep/fcn_090
REACTOME_APC_C_CDC20_MEDIATED_DEGRADATION_OF_MITOTIC_PROTEINS,-0.0144418757408857,0.5155657967559284,test,0.9,607,674,0.5,/Users/charlottejob/Code/Evaluation_neuron_interpretability/vega_fcn_sweep/fcn_090
REACTOME_GLUCURONIDATION,,0.5279989530166208,test,0.9,607,674,0.5,/Users/charlottejob/Code/Evaluation_neuron_interpretability/vega_fcn_sweep/fcn_090
REACTOME_AUTODEGRADATION_OF_CDH1_BY_CDH1_APC_C,-0.0026336216833442,0.4120155427734379,test,0.9,607,674,0.5,/Users/charlottejob/Code/Evaluation_neuron_interpretability/vega_fcn_sweep/fcn_090
REACTOME_MYD88_MAL_CASCADE_INITIATED_ON_PLASMA_MEMBRANE,0.0565528348088264,0.3818523015384727,test,0.9,607,674,0.5,/Users/charlottejob/Code/Evaluation_neuron_interpretability/vega_fcn_sweep/fcn_090
REACTOME_INNATE_IMMUNE_SYSTEM,0.4283877909183502,0.4127937629704414,test,0.9,607,674,0.5,/Users/charlottejob/Code/Evaluation_neuron_interpretability/vega_fcn_sweep/fcn_090
REACTOME_REGULATION_OF_GLUCOKINASE_BY_GLUCOKINASE_REGULATORY_PROTEIN,0.0336511246860027,0.4630982772741243,test,0.9,607,674,0.5,/Users/charlottejob/Code/Evaluation_neuron_interpretability/vega_fcn_sweep/fcn_090
REACTOME_MITOTIC_PROMETAPHASE,0.5065803527832031,0.7844788251148676,test,0.9,607,674,0.5,/Users/charlottejob/Code/Evaluation_neuron_interpretability/vega_fcn_sweep/fcn_090
REACTOME_APC_C_CDC20_MEDIATED_DEGRADATION_OF_CYCLIN_B,-0.0025726947933435,0.5482211531638923,test,0.9,607,674,0.5,/Users/charlottejob/Code/Evaluation_neuron_interpretability/vega_fcn_sweep/fcn_090
REACTOME_SCF_BETA_TRCP_MEDIATED_DEGRADATION_OF_EMI1,0.0115437358617782,0.5670340875129652,test,0.9,607,674,0.5,/Users/charlottejob/Code/Evaluation_neuron_interpretability/vega_fcn_sweep/fcn_090
REACTOME_LIPOPROTEIN_METABOLISM,-0.0050145364366471,0.4246022760185999,test,0.9,607,674,0.5,/Users/charlottejob/Code/Evaluation_neuron_interpretability/vega_fcn_sweep/fcn_090
REACTOME_G1_S_SPECIFIC_TRANSCRIPTION,0.015072519890964,0.3993949464355825,test,0.9,607,674,0.5,/Users/charlottejob/Code/Evaluation_neuron_interpretability/vega_fcn_sweep/fcn_090
REACTOME_THE_ROLE_OF_NEF_IN_HIV1_REPLICATION_AND_DISEASE_PATHOGENESIS,0.0480201318860054,0.8188202718428771,test,0.9,607,674,0.5,/Users/charlottejob/Code/Evaluation_neuron_interpretability/vega_fcn_sweep/fcn_090
REACTOME_CHYLOMICRON_MEDIATED_LIPID_TRANSPORT,-0.0077272937633097,0.5491134621635507,test,0.9,607,674,0.5,/Users/charlottejob/Code/Evaluation_neuron_interpretability/vega_fcn_sweep/fcn_090
REACTOME_SIGNALING_BY_TGF_BETA_RECEPTOR_COMPLEX,0.010679050348699,0.3685526473554658,test,0.9,607,674,0.5,/Users/charlottejob/Code/Evaluation_neuron_interpretability/vega_fcn_sweep/fcn_090
REACTOME_CONVERSION_FROM_APC_C_CDC20_TO_APC_C_CDH1_IN_LATE_ANAPHASE,0.0767040252685546,0.3373245632707508,test,0.9,607,674,0.5,/Users/charlottejob/Code/Evaluation_neuron_interpretability/vega_fcn_sweep/fcn_090
REACTOME_ACTIVATED_TLR4_SIGNALLING,0.0879640877246856,0.4092430723451739,test,0.9,607,674,0.5,/Users/charlottejob/Code/Evaluation_neuron_interpretability/vega_fcn_sweep/fcn_090
REACTOME_IMMUNE_SYSTEM,0.1146827042102813,0.8438698335945871,test,0.9,607,674,0.5,/Users/charlottejob/Code/Evaluation_neuron_interpretability/vega_fcn_sweep/fcn_090
REACTOME_BINDING_AND_ENTRY_OF_HIV_VIRION,0.020400270819664,0.4575656234225139,test,0.9,607,674,0.5,/Users/charlottejob/Code/Evaluation_neuron_interpretability/vega_fcn_sweep/fcn_090
REACTOME_PHOSPHORYLATION_OF_THE_APC_C,-0.0209446027874946,0.38880525933085797,test,0.9,607,674,0.5,/Users/charlottejob/Code/Evaluation_neuron_interpretability/vega_fcn_sweep/fcn_090
REACTOME_CYTOSOLIC_SULFONATION_OF_SMALL_MOLECULES,0.0004296470433473,0.396221073491942,test,0.9,607,674,0.5,/Users/charlottejob/Code/Evaluation_neuron_interpretability/vega_fcn_sweep/fcn_090
REACTOME_INTEGRATION_OF_PROVIRUS,0.7574245929718018,0.8042900611363509,test,0.9,607,674,0.5,/Users/charlottejob/Code/Evaluation_neuron_interpretability/vega_fcn_sweep/fcn_090
REACTOME_GLUTATHIONE_CONJUGATION,0.0468605980277061,0.3928964589054162,test,0.9,607,674,0.5,/Users/charlottejob/Code/Evaluation_neuron_interpretability/vega_fcn_sweep/fcn_090
REACTOME_COMPLEMENT_CASCADE,0.0441114082932472,0.47443136302094613,test,0.9,607,674,0.5,/Users/charlottejob/Code/Evaluation_neuron_interpretability/vega_fcn_sweep/fcn_090
REACTOME_PHASE_II_CONJUGATION,0.0500437580049037,0.5490089881653486,test,0.9,607,674,0.5,/Users/charlottejob/Code/Evaluation_neuron_interpretability/vega_fcn_sweep/fcn_090
REACTOME_MTORC1_MEDIATED_SIGNALLING,0.0285790860652923,0.3819807237603194,test,0.9,607,674,0.5,/Users/charlottejob/Code/Evaluation_neuron_interpretability/vega_fcn_sweep/fcn_090
REACTOME_TOLL_RECEPTOR_CASCADES,0.0594966523349285,0.5866145044590274,test,0.9,607,674,0.5,/Users/charlottejob/Code/Evaluation_neuron_interpretability/vega_fcn_sweep/fcn_090
REACTOME_ACTIVATION_OF_BH3_ONLY_PROTEINS,-5.227001383900642e-05,0.3510344308573849,test,0.9,607,674,0.5,/Users/charlottejob/Code/Evaluation_neuron_interpretability/vega_fcn_sweep/fcn_090
REACTOME_GLUCOSE_METABOLISM,0.0200806707143783,0.35640246524797303,test,0.9,607,674,0.5,/Users/charlottejob/Code/Evaluation_neuron_interpretability/vega_fcn_sweep/fcn_090
REACTOME_RNA_POL_III_CHAIN_ELONGATION,,0.3540478994895956,test,0.9,607,674,0.5,/Users/charlottejob/Code/Evaluation_neuron_interpretability/vega_fcn_sweep/fcn_090
REACTOME_VOLTAGE_GATED_POTASSIUM_CHANNELS,0.0148931099101901,0.529051458689399,test,0.9,607,674,0.5,/Users/charlottejob/Code/Evaluation_neuron_interpretability/vega_fcn_sweep/fcn_090
REACTOME_ADAPTIVE_IMMUNE_SYSTEM,0.0648769959807396,0.4987270920668144,test,0.9,607,674,0.5,/Users/charlottejob/Code/Evaluation_neuron_interpretability/vega_fcn_sweep/fcn_090
REACTOME_NOD1_2_SIGNALING_PATHWAY,0.0039657386951148,0.462109955423477,test,0.9,607,674,0.5,/Users/charlottejob/Code/Evaluation_neuron_interpretability/vega_fcn_sweep/fcn_090
REACTOME_CYTOKINE_SIGNALING_IN_IMMUNE_SYSTEM,0.0955902636051178,0.3642803751019299,test,0.9,607,674,0.5,/Users/charlottejob/Code/Evaluation_neuron_interpretability/vega_fcn_sweep/fcn_090
REACTOME_MEIOTIC_SYNAPSIS,0.0259407684206962,0.4713062106120939,test,0.9,607,674,0.5,/Users/charlottejob/Code/Evaluation_neuron_interpretability/vega_fcn_sweep/fcn_090
REACTOME_ANTIGEN_PRESENTATION_FOLDING_ASSEMBLY_AND_PEPTIDE_LOADING_OF_CLASS_I_MHC,0.0293113738298416,0.4207018338397589,test,0.9,607,674,0.5,/Users/charlottejob/Code/Evaluation_neuron_interpretability/vega_fcn_sweep/fcn_090
REACTOME_THE_NLRP3_INFLAMMASOME,0.0295745246112346,0.39575095350272027,test,0.9,607,674,0.5,/Users/charlottejob/Code/Evaluation_neuron_interpretability/vega_fcn_sweep/fcn_090
REACTOME_CLASS_I_MHC_MEDIATED_ANTIGEN_PROCESSING_PRESENTATION,0.3039113581180572,1.0,test,0.9,607,674,0.5,/Users/charlottejob/Code/Evaluation_neuron_interpretability/vega_fcn_sweep/fcn_090
REACTOME_NONSENSE_MEDIATED_DECAY_ENHANCED_BY_THE_EXON_JUNCTION_COMPLEX,0.0685096159577369,0.415770857280713,test,0.9,607,674,0.5,/Users/charlottejob/Code/Evaluation_neuron_interpretability/vega_fcn_sweep/fcn_090
REACTOME_PIP3_ACTIVATES_AKT_SIGNALING,0.0076844929717481,0.5668186595007864,test,0.9,607,674,0.5,/Users/charlottejob/Code/Evaluation_neuron_interpretability/vega_fcn_sweep/fcn_090
REACTOME_ANTIGEN_PROCESSING_UBIQUITINATION_PROTEASOME_DEGRADATION,-0.0274795889854431,0.45702247890712017,test,0.9,607,674,0.5,/Users/charlottejob/Code/Evaluation_neuron_interpretability/vega_fcn_sweep/fcn_090
REACTOME_TANDEM_PORE_DOMAIN_POTASSIUM_CHANNELS,,0.5021663831086681,test,0.9,607,674,0.5,/Users/charlottejob/Code/Evaluation_neuron_interpretability/vega_fcn_sweep/fcn_090
REACTOME_INFLAMMASOMES,0.0774393901228904,0.5833337721769628,test,0.9,607,674,0.5,/Users/charlottejob/Code/Evaluation_neuron_interpretability/vega_fcn_sweep/fcn_090
REACTOME_POTASSIUM_CHANNELS,0.0370979383587837,0.5030037125744216,test,0.9,607,674,0.5,/Users/charlottejob/Code/Evaluation_neuron_interpretability/vega_fcn_sweep/fcn_090
REACTOME_NUCLEOTIDE_BINDING_DOMAIN_LEUCINE_RICH_REPEAT_CONTAINING_RECEPTOR_NLR_SIGNALING_PATHWAYS,0.1343336105346679,0.6261248175555169,test,0.9,607,674,0.5,/Users/charlottejob/Code/Evaluation_neuron_interpretability/vega_fcn_sweep/fcn_090
REACTOME_INWARDLY_RECTIFYING_K_CHANNELS,-0.0255738086998462,0.3298158261055787,test,0.9,607,674,0.5,/Users/charlottejob/Code/Evaluation_neuron_interpretability/vega_fcn_sweep/fcn_090
REACTOME_AMYLOIDS,0.2208956032991409,0.4146427258046464,test,0.9,607,674,0.5,/Users/charlottejob/Code/Evaluation_neuron_interpretability/vega_fcn_sweep/fcn_090
REACTOME_PACKAGING_OF_TELOMERE_ENDS,0.0173434447497129,0.4898336611078244,test,0.9,607,674,0.5,/Users/charlottejob/Code/Evaluation_neuron_interpretability/vega_fcn_sweep/fcn_090
REACTOME_TELOMERE_MAINTENANCE,0.0049574198201298,0.46268256328534857,test,0.9,607,674,0.5,/Users/charlottejob/Code/Evaluation_neuron_interpretability/vega_fcn_sweep/fcn_090
REACTOME_PLATELET_ACTIVATION_SIGNALING_AND_AGGREGATION,0.0442431531846523,0.4206897089680886,test,0.9,607,674,0.5,/Users/charlottejob/Code/Evaluation_neuron_interpretability/vega_fcn_sweep/fcn_090
REACTOME_REMOVAL_OF_THE_FLAP_INTERMEDIATE_FROM_THE_C_STRAND,,0.5651145138070933,test,0.9,607,674,0.5,/Users/charlottejob/Code/Evaluation_neuron_interpretability/vega_fcn_sweep/fcn_090
REACTOME_CREATION_OF_C4_AND_C2_ACTIVATORS,-0.0157985389232635,0.5214993830276515,test,0.9,607,674,0.5,/Users/charlottejob/Code/Evaluation_neuron_interpretability/vega_fcn_sweep/fcn_090
REACTOME_APC_CDC20_MEDIATED_DEGRADATION_OF_NEK2A,0.0334653370082378,0.4482701122511247,test,0.9,607,674,0.5,/Users/charlottejob/Code/Evaluation_neuron_interpretability/vega_fcn_sweep/fcn_090
REACTOME_INITIAL_TRIGGERING_OF_COMPLEMENT,0.0146151352673769,0.4481042122384879,test,0.9,607,674,0.5,/Users/charlottejob/Code/Evaluation_neuron_interpretability/vega_fcn_sweep/fcn_090
REACTOME_EXTENSION_OF_TELOMERES,,0.40773022728264197,test,0.9,607,674,0.5,/Users/charlottejob/Code/Evaluation_neuron_interpretability/vega_fcn_sweep/fcn_090
REACTOME_G2_M_CHECKPOINTS,-0.0111820846796035,0.48527329591495627,test,0.9,607,674,0.5,/Users/charlottejob/Code/Evaluation_neuron_interpretability/vega_fcn_sweep/fcn_090
REACTOME_G2_M_DNA_DAMAGE_CHECKPOINT,,0.5903206386598613,test,0.9,607,674,0.5,/Users/charlottejob/Code/Evaluation_neuron_interpretability/vega_fcn_sweep/fcn_090
REACTOME_S_PHASE,0.0196700375527143,0.5896968569834481,test,0.9,607,674,0.5,/Users/charlottejob/Code/Evaluation_neuron_interpretability/vega_fcn_sweep/fcn_090
REACTOME_SCFSKP2_MEDIATED_DEGRADATION_OF_P27_P21,0.0626470670104026,0.4855589175006876,test,0.9,607,674,0.5,/Users/charlottejob/Code/Evaluation_neuron_interpretability/vega_fcn_sweep/fcn_090
REACTOME_TRYPTOPHAN_CATABOLISM,0.0089004859328269,0.4989584534781712,test,0.9,607,674,0.5,/Users/charlottejob/Code/Evaluation_neuron_interpretability/vega_fcn_sweep/fcn_090
REACTOME_DNA_STRAND_ELONGATION,,0.4787505998342276,test,0.9,607,674,0.5,/Users/charlottejob/Code/Evaluation_neuron_interpretability/vega_fcn_sweep/fcn_090
REACTOME_RESOLUTION_OF_AP_SITES_VIA_THE_SINGLE_NUCLEOTIDE_REPLACEMENT_PATHWAY,,0.558464424377263,test,0.9,607,674,0.5,/Users/charlottejob/Code/Evaluation_neuron_interpretability/vega_fcn_sweep/fcn_090
REACTOME_FGFR_LIGAND_BINDING_AND_ACTIVATION,0.0665714740753173,0.44922169794686256,test,0.9,607,674,0.5,/Users/charlottejob/Code/Evaluation_neuron_interpretability/vega_fcn_sweep/fcn_090
REACTOME_CHOLESTEROL_BIOSYNTHESIS,,0.46441041748462253,test,0.9,607,674,0.5,/Users/charlottejob/Code/Evaluation_neuron_interpretability/vega_fcn_sweep/fcn_090
REACTOME_APOBEC3G_MEDIATED_RESISTANCE_TO_HIV1_INFECTION,-0.0049912417307496,0.344229816740961,test,0.9,607,674,0.5,/Users/charlottejob/Code/Evaluation_neuron_interpretability/vega_fcn_sweep/fcn_090
REACTOME_GAP_JUNCTION_TRAFFICKING,-0.0165916047990322,0.9632694350665147,test,0.9,607,674,0.5,/Users/charlottejob/Code/Evaluation_neuron_interpretability/vega_fcn_sweep/fcn_090
REACTOME_FGFR2C_LIGAND_BINDING_AND_ACTIVATION,,0.4458945164245518,test,0.9,607,674,0.5,/Users/charlottejob/Code/Evaluation_neuron_interpretability/vega_fcn_sweep/fcn_090
REACTOME_METABOLISM_OF_PORPHYRINS,-0.0336690619587898,0.4854288340620663,test,0.9,607,674,0.5,/Users/charlottejob/Code/Evaluation_neuron_interpretability/vega_fcn_sweep/fcn_090
REACTOME_FGFR4_LIGAND_BINDING_AND_ACTIVATION,,0.5480469397548314,test,0.9,607,674,0.5,/Users/charlottejob/Code/Evaluation_neuron_interpretability/vega_fcn_sweep/fcn_090
REACTOME_VIF_MEDIATED_DEGRADATION_OF_APOBEC3G,0.0027208961546421,0.4693398579221775,test,0.9,607,674,0.5,/Users/charlottejob/Code/Evaluation_neuron_interpretability/vega_fcn_sweep/fcn_090
REACTOME_SIGNALING_BY_FGFR,0.0083627281710505,0.6435865540914911,test,0.9,607,674,0.5,/Users/charlottejob/Code/Evaluation_neuron_interpretability/vega_fcn_sweep/fcn_090
REACTOME_DIGESTION_OF_DIETARY_CARBOHYDRATE,,0.530953191118091,test,0.9,607,674,0.5,/Users/charlottejob/Code/Evaluation_neuron_interpretability/vega_fcn_sweep/fcn_090
REACTOME_FGFR1_LIGAND_BINDING_AND_ACTIVATION,-0.0219616238027811,0.5171617894952144,test,0.9,607,674,0.5,/Users/charlottejob/Code/Evaluation_neuron_interpretability/vega_fcn_sweep/fcn_090
REACTOME_GAP_JUNCTION_ASSEMBLY,,0.46196745626663177,test,0.9,607,674,0.5,/Users/charlottejob/Code/Evaluation_neuron_interpretability/vega_fcn_sweep/fcn_090
REACTOME_SYNTHESIS_OF_GLYCOSYLPHOSPHATIDYLINOSITOL_GPI,,0.4039645770623392,test,0.9,607,674,0.5,/Users/charlottejob/Code/Evaluation_neuron_interpretability/vega_fcn_sweep/fcn_090
REACTOME_RNA_POL_I_TRANSCRIPTION_INITIATION,0.0243269968777894,0.9515602147897474,test,0.9,607,674,0.5,/Users/charlottejob/Code/Evaluation_neuron_interpretability/vega_fcn_sweep/fcn_090
REACTOME_PYRIMIDINE_METABOLISM,0.0033873398788273,0.5723379568588155,test,0.9,607,674,0.5,/Users/charlottejob/Code/Evaluation_neuron_interpretability/vega_fcn_sweep/fcn_090
REACTOME_INTRINSIC_PATHWAY_FOR_APOPTOSIS,-0.0294417142868042,0.4964884388738356,test,0.9,607,674,0.5,/Users/charlottejob/Code/Evaluation_neuron_interpretability/vega_fcn_sweep/fcn_090
REACTOME_PI3K_CASCADE,-0.001667138421908,0.5490405001359066,test,0.9,607,674,0.5,/Users/charlottejob/Code/Evaluation_neuron_interpretability/vega_fcn_sweep/fcn_090
REACTOME_APOPTOTIC_EXECUTION_PHASE,0.0382742881774902,0.47039861136941297,test,0.9,607,674,0.5,/Users/charlottejob/Code/Evaluation_neuron_interpretability/vega_fcn_sweep/fcn_090
REACTOME_SHC_RELATED_EVENTS,,0.5325620555773677,test,0.9,607,674,0.5,/Users/charlottejob/Code/Evaluation_neuron_interpretability/vega_fcn_sweep/fcn_090
